claim_id,franchise_id,item_category,date_submitted,quantity,unit_price,requested_total,carrier_approved_total,is_approved_fully,submit_month,submit_day_of_week
CLM-26559,Franchise_FL_04,Drywall Repair,2025-12-12,30.0,77.23,2316.9,2316.9,1,12.0,4.0
CLM-95512,Franchise_TX_01,Dehumidifier Rental,,1.0,60.65,60.65,51.29,0,,
CLM-17238,Franchise_NY_12,Baseboard Replacement,,21.0,99.38,2086.98,1823.07,0,,
CLM-90068,Franchise_TX_01,Dehumidifier Rental,,41.0,100.63,4125.83,4125.83,1,,
CLM-47333,Franchise_TX_01,Antimicrobial Treatment,,18.0,136.96,2465.28,2465.28,1,,
CLM-42011,Franchise_TX_01,Baseboard Replacement,,13.0,35.38,459.94,269.86,0,,
CLM-57921,Franchise_NY_12,Dehumidifier Rental,,16.0,47.26,756.16,756.16,1,,
CLM-17570,Franchise_FL_04,Dehumidifier Rental,2025-12-05,49.0,89.94,4407.06,2142.76,0,12.0,4.0
CLM-64522,Franchise_TX_01,Dehumidifier Rental,,11.0,83.39,917.29,531.03,0,,
CLM-71854,Franchise_FL_04,Water Extraction,2025-08-04,15.0,117.52,1762.8,1281.25,0,8.0,0.0
CLM-99654,Franchise_TX_01,Antimicrobial Treatment,,28.0,22.65,634.2,634.2,1,,
CLM-28940,Franchise_NY_12,Dehumidifier Rental,,50.0,24.75,1237.5,1237.5,1,,
CLM-36411,Franchise_FL_04,Antimicrobial Treatment,2025-06-16,45.0,52.76,2374.2,2374.2,1,6.0,0.0
CLM-67162,Franchise_FL_04,Antimicrobial Treatment,2025-06-24,39.0,96.57,3766.23,3766.23,1,6.0,1.0
CLM-63961,Franchise_FL_04,Water Extraction,2025-02-13,34.0,102.3,3478.2,1471.44,0,2.0,3.0
CLM-63742,Franchise_TX_01,Dehumidifier Rental,,1.0,23.0,23.0,23.0,1,,
CLM-92929,Franchise_FL_04,Baseboard Replacement,2025-12-09,44.0,38.15,1678.6,896.56,0,12.0,1.0
CLM-66128,Franchise_FL_04,Dehumidifier Rental,2025-01-28,23.0,37.22,856.06,856.06,1,1.0,1.0
CLM-73828,Franchise_NY_12,Baseboard Replacement,,10.0,124.42,1244.2,1050.2,0,,
CLM-35261,Franchise_TX_01,Antimicrobial Treatment - MISC,,24.0,67.26,1614.24,1614.24,1,,
CLM-90039,Franchise_NY_12,Drywall Repair,,8.0,84.73,677.84,460.3,0,,
CLM-87933,Franchise_FL_04,Water Extraction,2025-07-03,25.0,72.45,1811.25,1811.25,1,7.0,3.0
CLM-81917,Franchise_NY_12,Water Extraction,,27.0,22.68,612.36,612.36,1,,
CLM-59741,Franchise_TX_01,Dehumidifier Rental - MISC,,21.0,123.3,2589.3,1170.75,0,,
CLM-19376,Franchise_TX_01,Dehumidifier Rental,,41.0,91.86,3766.26,2139.61,0,,
CLM-56973,Franchise_TX_01,Water Extraction,,1.0,119.08,119.08,119.08,1,,
CLM-48129,Franchise_NY_12,Water Extraction,,49.0,145.51,7129.99,7129.99,1,,
CLM-47757,Franchise_TX_01,Baseboard Replacement,,25.0,71.78,1794.5,1414.58,0,,
CLM-63145,Franchise_FL_04,Baseboard Replacement,2025-11-27,12.0,38.57,462.84,462.84,1,11.0,3.0
CLM-43716,Franchise_TX_01,Dehumidifier Rental,,3.0,44.93,134.79,98.17,0,,
CLM-65283,Franchise_NY_12,Water Extraction,,23.0,51.15,1176.45,728.49,0,,
CLM-86547,Franchise_TX_01,Water Extraction,,11.0,126.3,1389.3,1389.3,1,,
CLM-98002,Franchise_FL_04,Baseboard Replacement,2025-02-06,34.0,130.75,4445.5,4445.5,1,2.0,3.0
CLM-79344,Franchise_NY_12,Drywall Repair,,23.0,36.25,833.75,833.75,1,,
CLM-47851,Franchise_FL_04,Baseboard Replacement,2025-12-22,33.0,79.91,2637.03,2637.03,1,12.0,0.0
CLM-91513,Franchise_FL_04,Antimicrobial Treatment,2025-09-27,49.0,83.72,4102.28,4102.28,1,9.0,5.0
CLM-87454,Franchise_FL_04,Dehumidifier Rental,2025-06-29,33.0,71.71,2366.43,2366.43,1,6.0,6.0
CLM-32335,Franchise_TX_01,Baseboard Replacement - MISC,,33.0,87.47,2886.51,2886.51,1,,
CLM-32644,Franchise_NY_12,Drywall Repair,,25.0,61.0,1525.0,1525.0,1,,
CLM-52588,Franchise_FL_04,Antimicrobial Treatment,2025-12-22,43.0,142.6,6131.8,5035.92,0,12.0,0.0
CLM-68484,Franchise_NY_12,Drywall Repair,,14.0,110.46,1546.44,997.94,0,,
CLM-27906,Franchise_TX_01,Antimicrobial Treatment - MISC,,37.0,18.55,686.35,686.35,1,,
CLM-23394,Franchise_NY_12,Drywall Repair,,1.0,136.73,136.73,136.73,1,,
CLM-73135,Franchise_TX_01,Dehumidifier Rental - MISC,,5.0,131.38,656.9,656.9,1,,
CLM-38191,Franchise_TX_01,Water Extraction,,19.0,53.13,1009.47,484.79,0,,
CLM-97498,Franchise_NY_12,Dehumidifier Rental,,36.0,40.86,1470.96,1315.31,0,,
CLM-32043,Franchise_NY_12,Baseboard Replacement,,9.0,17.77,159.93,159.93,1,,
CLM-77124,Franchise_FL_04,Water Extraction,2025-12-18,1.0,108.41,108.41,108.41,1,12.0,3.0
CLM-36710,Franchise_FL_04,Dehumidifier Rental,2025-01-05,5.0,16.34,81.7,50.96,0,1.0,6.0
CLM-57159,Franchise_TX_01,Antimicrobial Treatment,,13.0,26.13,339.69,254.89,0,,
CLM-27446,Franchise_TX_01,Water Extraction,,4.0,132.31,529.24,222.52,0,,
CLM-83913,Franchise_FL_04,Antimicrobial Treatment,2025-09-27,4.0,17.52,70.08,42.49,0,9.0,5.0
CLM-27631,Franchise_NY_12,Baseboard Replacement,,41.0,102.38,4197.58,1782.62,0,,
CLM-42116,Franchise_NY_12,Dehumidifier Rental,,6.0,43.79,262.74,262.74,1,,
CLM-38647,Franchise_FL_04,Antimicrobial Treatment,2025-11-10,37.0,139.63,5166.31,5166.31,1,11.0,0.0
CLM-50281,Franchise_NY_12,Water Extraction,,28.0,72.07,2017.96,2017.96,1,,
CLM-52331,Franchise_TX_01,Water Extraction,,48.0,38.15,1831.2,1006.46,0,,
CLM-24220,Franchise_FL_04,Dehumidifier Rental,2025-05-16,46.0,91.14,4192.44,4192.44,1,5.0,4.0
CLM-82290,Franchise_NY_12,Drywall Repair,,10.0,61.6,616.0,616.0,1,,
CLM-26589,Franchise_TX_01,Antimicrobial Treatment,,21.0,127.98,2687.58,2687.58,1,,
CLM-40582,Franchise_TX_01,Antimicrobial Treatment,,9.0,87.08,783.72,351.04,0,,
CLM-66403,Franchise_FL_04,Baseboard Replacement,2025-03-21,2.0,147.41,294.82,294.82,1,3.0,4.0
CLM-37335,Franchise_NY_12,Water Extraction,,29.0,79.47,2304.63,2304.63,1,,
CLM-21727,Franchise_NY_12,Water Extraction,,49.0,112.29,5502.21,5502.21,1,,
CLM-19477,Franchise_FL_04,Antimicrobial Treatment,2025-08-21,40.0,111.49,4459.6,4459.6,1,8.0,3.0
CLM-88072,Franchise_NY_12,Dehumidifier Rental,,15.0,101.1,1516.5,1133.22,0,,
CLM-77764,Franchise_NY_12,Baseboard Replacement,,14.0,52.85,739.9,389.29,0,,
CLM-17018,Franchise_TX_01,Drywall Repair,,5.0,137.87,689.35,592.18,0,,
CLM-84474,Franchise_TX_01,Water Extraction,,48.0,130.18,6248.64,6248.64,1,,
CLM-42272,Franchise_TX_01,Dehumidifier Rental,,35.0,125.71,4399.85,4399.85,1,,
CLM-95932,Franchise_FL_04,Dehumidifier Rental,2025-06-25,38.0,58.01,2204.38,990.02,0,6.0,2.0
CLM-93027,Franchise_TX_01,Antimicrobial Treatment,,45.0,108.49,4882.05,4882.05,1,,
CLM-18908,Franchise_NY_12,Dehumidifier Rental,,4.0,78.89,315.56,315.56,1,,
CLM-48997,Franchise_FL_04,Baseboard Replacement,2025-11-12,31.0,115.02,3565.62,2406.91,0,11.0,2.0
CLM-84032,Franchise_TX_01,Dehumidifier Rental,,12.0,49.62,595.44,504.67,0,,
CLM-32786,Franchise_FL_04,Water Extraction,2025-07-21,45.0,121.28,5457.6,3308.92,0,7.0,0.0
CLM-59358,Franchise_FL_04,Drywall Repair,2025-09-01,38.0,101.26,3847.88,3847.88,1,9.0,0.0
CLM-64427,Franchise_NY_12,Antimicrobial Treatment,,47.0,123.89,5822.83,5822.83,1,,
CLM-45548,Franchise_TX_01,Antimicrobial Treatment,,42.0,31.4,1318.8,1318.8,1,,
CLM-98439,Franchise_NY_12,Dehumidifier Rental,,44.0,149.77,6589.88,6589.88,1,,
CLM-24041,Franchise_NY_12,Baseboard Replacement,,39.0,22.5,877.5,877.5,1,,
CLM-92862,Franchise_TX_01,Baseboard Replacement,,26.0,70.44,1831.44,1831.44,1,,
CLM-11809,Franchise_FL_04,Water Extraction,2025-02-14,7.0,16.43,115.01,115.01,1,2.0,4.0
CLM-43104,Franchise_FL_04,Dehumidifier Rental,2025-11-07,14.0,22.93,321.02,321.02,1,11.0,4.0
CLM-18974,Franchise_NY_12,Antimicrobial Treatment,,38.0,126.54,4808.52,4065.67,0,,
CLM-66571,Franchise_NY_12,Antimicrobial Treatment,,20.0,78.78,1575.6,878.64,0,,
CLM-54643,Franchise_NY_12,Water Extraction,,50.0,135.02,6751.0,5241.75,0,,
CLM-96542,Franchise_TX_01,Antimicrobial Treatment,,10.0,73.97,739.7,739.7,1,,
CLM-94450,Franchise_NY_12,Antimicrobial Treatment,,3.0,131.42,394.26,394.26,1,,
CLM-11350,Franchise_TX_01,Water Extraction,,14.0,79.02,1106.28,619.51,0,,
CLM-77155,Franchise_FL_04,Water Extraction,2025-02-20,49.0,143.41,7027.09,7027.09,1,2.0,3.0
CLM-33065,Franchise_FL_04,Dehumidifier Rental,2025-11-11,18.0,111.24,2002.32,924.87,0,11.0,1.0
CLM-31750,Franchise_TX_01,Dehumidifier Rental,,44.0,36.75,1617.0,1617.0,1,,
CLM-82529,Franchise_TX_01,Baseboard Replacement,,40.0,131.83,5273.2,5273.2,1,,
CLM-65205,Franchise_FL_04,Water Extraction,2025-08-01,30.0,80.41,2412.3,2412.3,1,8.0,4.0
CLM-89902,Franchise_NY_12,Drywall Repair,,18.0,136.77,2461.86,1039.04,0,,
CLM-11802,Franchise_NY_12,Water Extraction,,13.0,92.18,1198.34,563.95,0,,
CLM-46677,Franchise_NY_12,Drywall Repair,,13.0,50.04,650.52,650.52,1,,
CLM-50143,Franchise_NY_12,Antimicrobial Treatment,,26.0,107.89,2805.14,2805.14,1,,
CLM-80934,Franchise_NY_12,Antimicrobial Treatment,,10.0,124.29,1242.9,1010.93,0,,
CLM-73139,Franchise_TX_01,Drywall Repair,,14.0,42.83,599.62,421.27,0,,
CLM-64975,Franchise_NY_12,Dehumidifier Rental,,30.0,24.64,739.2,635.06,0,,
CLM-32493,Franchise_FL_04,Water Extraction,2025-01-02,20.0,34.59,691.8,691.8,1,1.0,3.0
CLM-57144,Franchise_TX_01,Baseboard Replacement - MISC,,31.0,60.03,1860.93,1545.94,0,,
CLM-88463,Franchise_TX_01,Baseboard Replacement - MISC,,29.0,117.33,3402.57,3402.57,1,,
CLM-65396,Franchise_NY_12,Dehumidifier Rental,,10.0,123.44,1234.4,1234.4,1,,
CLM-28287,Franchise_FL_04,Water Extraction,2025-04-26,43.0,81.85,3519.55,3519.55,1,4.0,5.0
CLM-68193,Franchise_TX_01,Baseboard Replacement,,9.0,25.19,226.71,110.4,0,,
CLM-44199,Franchise_TX_01,Water Extraction,,19.0,46.6,885.4,885.4,1,,
CLM-42001,Franchise_NY_12,Dehumidifier Rental,,41.0,46.88,1922.08,1922.08,1,,
CLM-51338,Franchise_FL_04,Baseboard Replacement,2025-09-22,28.0,61.95,1734.6,1734.6,1,9.0,0.0
CLM-57556,Franchise_NY_12,Baseboard Replacement,,26.0,147.03,3822.78,3822.78,1,,
CLM-96756,Franchise_NY_12,Drywall Repair,,7.0,29.31,205.17,205.17,1,,
CLM-50147,Franchise_NY_12,Antimicrobial Treatment,,22.0,109.49,2408.78,1705.86,0,,
CLM-47102,Franchise_TX_01,Dehumidifier Rental,,45.0,84.7,3811.5,3811.5,1,,
CLM-56576,Franchise_FL_04,Water Extraction,2025-12-23,49.0,110.98,5438.02,5438.02,1,12.0,1.0
CLM-48512,Franchise_TX_01,Dehumidifier Rental,,6.0,105.78,634.68,634.68,1,,
CLM-11792,Franchise_FL_04,Dehumidifier Rental,2025-03-07,15.0,67.45,1011.75,1011.75,1,3.0,4.0
CLM-85660,Franchise_NY_12,Dehumidifier Rental,,13.0,70.18,912.34,912.34,1,,
CLM-17586,Franchise_FL_04,Dehumidifier Rental,2025-05-10,39.0,86.57,3376.23,3376.23,1,5.0,5.0
CLM-89386,Franchise_FL_04,Drywall Repair,2025-01-13,5.0,46.28,231.4,231.4,1,1.0,0.0
CLM-80043,Franchise_TX_01,Baseboard Replacement - MISC,,50.0,97.52,4876.0,4876.0,1,,
CLM-42560,Franchise_TX_01,Water Extraction,,11.0,66.55,732.05,402.49,0,,
CLM-50578,Franchise_TX_01,Drywall Repair,,41.0,68.61,2813.01,2813.01,1,,
CLM-61265,Franchise_TX_01,Drywall Repair,,9.0,134.03,1206.27,1206.27,1,,
CLM-32828,Franchise_TX_01,Drywall Repair,,14.0,95.39,1335.46,974.55,0,,
CLM-92258,Franchise_TX_01,Baseboard Replacement,,10.0,75.44,754.4,754.4,1,,
CLM-46467,Franchise_TX_01,Antimicrobial Treatment,,32.0,119.29,3817.28,3817.28,1,,
CLM-94459,Franchise_TX_01,Antimicrobial Treatment,,4.0,42.47,169.88,169.88,1,,
CLM-85085,Franchise_TX_01,Dehumidifier Rental,,35.0,58.52,2048.2,2048.2,1,,
CLM-70624,Franchise_TX_01,Baseboard Replacement,,5.0,123.43,617.15,344.22,0,,
CLM-16735,Franchise_FL_04,Water Extraction,2025-07-18,31.0,64.03,1984.93,1984.93,1,7.0,4.0
CLM-33333,Franchise_NY_12,Dehumidifier Rental,,38.0,67.43,2562.34,1711.17,0,,
CLM-64768,Franchise_TX_01,Antimicrobial Treatment,,3.0,44.01,132.03,132.03,1,,
CLM-26051,Franchise_FL_04,Drywall Repair,2025-07-12,34.0,131.71,4478.14,3481.97,0,7.0,5.0
CLM-82677,Franchise_TX_01,Dehumidifier Rental - MISC,,40.0,143.68,5747.2,5747.2,1,,
CLM-97577,Franchise_NY_12,Antimicrobial Treatment,,40.0,29.39,1175.6,1175.6,1,,
CLM-84253,Franchise_NY_12,Water Extraction,,22.0,106.07,2333.54,2333.54,1,,
CLM-44674,Franchise_NY_12,Antimicrobial Treatment,,12.0,78.77,945.24,945.24,1,,
CLM-60903,Franchise_TX_01,Drywall Repair,,32.0,89.92,2877.44,2877.44,1,,
CLM-76947,Franchise_NY_12,Baseboard Replacement,,18.0,79.91,1438.38,1438.38,1,,
CLM-11514,Franchise_TX_01,Baseboard Replacement,,20.0,84.83,1696.6,1186.59,0,,
CLM-82456,Franchise_FL_04,Dehumidifier Rental,2025-07-15,49.0,48.99,2400.51,2400.51,1,7.0,1.0
CLM-73350,Franchise_TX_01,Dehumidifier Rental,,26.0,71.59,1861.34,1861.34,1,,
CLM-50299,Franchise_FL_04,Drywall Repair,2025-12-21,15.0,98.35,1475.25,591.88,0,12.0,6.0
CLM-41146,Franchise_FL_04,Water Extraction,2025-11-03,29.0,130.42,3782.18,2427.84,0,11.0,0.0
CLM-76694,Franchise_TX_01,Baseboard Replacement,,25.0,111.64,2791.0,2791.0,1,,
CLM-20870,Franchise_NY_12,Water Extraction,,34.0,19.64,667.76,272.76,0,,
CLM-33305,Franchise_NY_12,Drywall Repair,,25.0,83.08,2077.0,2077.0,1,,
CLM-80422,Franchise_TX_01,Antimicrobial Treatment - MISC,,24.0,68.52,1644.48,1644.48,1,,
CLM-74375,Franchise_TX_01,Baseboard Replacement - MISC,,12.0,99.31,1191.72,924.05,0,,
CLM-35120,Franchise_NY_12,Baseboard Replacement,,19.0,141.73,2692.87,2692.87,1,,
CLM-37382,Franchise_NY_12,Baseboard Replacement,,45.0,31.46,1415.7,1415.7,1,,
CLM-62353,Franchise_TX_01,Drywall Repair,,47.0,119.47,5615.09,5615.09,1,,
CLM-78066,Franchise_NY_12,Dehumidifier Rental,,13.0,42.95,558.35,492.11,0,,
CLM-68886,Franchise_TX_01,Baseboard Replacement,,27.0,92.83,2506.41,2506.41,1,,
CLM-23370,Franchise_NY_12,Water Extraction,,29.0,22.71,658.59,530.31,0,,
CLM-21325,Franchise_NY_12,Antimicrobial Treatment,,29.0,48.69,1412.01,1412.01,1,,
CLM-52718,Franchise_TX_01,Antimicrobial Treatment,,4.0,89.82,359.28,291.57,0,,
CLM-87438,Franchise_FL_04,Baseboard Replacement,2025-08-25,43.0,143.21,6158.03,6158.03,1,8.0,0.0
CLM-26691,Franchise_NY_12,Antimicrobial Treatment,,18.0,118.86,2139.48,2139.48,1,,
CLM-67972,Franchise_NY_12,Dehumidifier Rental,,43.0,123.78,5322.54,3492.09,0,,
CLM-92563,Franchise_TX_01,Water Extraction,,3.0,15.86,47.58,47.58,1,,
CLM-59278,Franchise_TX_01,Dehumidifier Rental - MISC,,34.0,144.96,4928.64,4928.64,1,,
CLM-18820,Franchise_TX_01,Drywall Repair,,43.0,117.68,5060.24,5060.24,1,,
CLM-78204,Franchise_TX_01,Antimicrobial Treatment,,36.0,103.5,3726.0,2046.6,0,,
CLM-13348,Franchise_TX_01,Drywall Repair,,35.0,32.24,1128.4,1128.4,1,,
CLM-77949,Franchise_FL_04,Antimicrobial Treatment,2025-09-03,25.0,63.21,1580.25,1580.25,1,9.0,2.0
CLM-57168,Franchise_TX_01,Baseboard Replacement,,19.0,101.38,1926.22,1926.22,1,,
CLM-43786,Franchise_TX_01,Water Extraction,,45.0,32.7,1471.5,1471.5,1,,
CLM-87474,Franchise_FL_04,Antimicrobial Treatment,2025-05-20,6.0,102.74,616.44,616.44,1,5.0,1.0
CLM-21403,Franchise_NY_12,Antimicrobial Treatment,,50.0,75.81,3790.5,3790.5,1,,
CLM-38507,Franchise_FL_04,Antimicrobial Treatment,2025-07-30,12.0,17.08,204.96,128.3,0,7.0,2.0
CLM-88004,Franchise_NY_12,Water Extraction,,22.0,21.12,464.64,464.64,1,,
CLM-99342,Franchise_TX_01,Drywall Repair,,5.0,116.52,582.6,582.6,1,,
CLM-94598,Franchise_NY_12,Dehumidifier Rental,,5.0,24.38,121.9,121.9,1,,
CLM-39917,Franchise_NY_12,Baseboard Replacement,,18.0,22.19,399.42,399.42,1,,
CLM-24330,Franchise_NY_12,Water Extraction,,12.0,19.64,235.68,235.68,1,,
CLM-63048,Franchise_NY_12,Dehumidifier Rental,,33.0,119.72,3950.76,3950.76,1,,
CLM-42976,Franchise_TX_01,Water Extraction,,49.0,146.22,7164.78,5347.34,0,,
CLM-45981,Franchise_NY_12,Water Extraction,,36.0,137.47,4948.92,4948.92,1,,
CLM-83217,Franchise_NY_12,Drywall Repair,,41.0,128.81,5281.21,5281.21,1,,
CLM-47203,Franchise_TX_01,Drywall Repair - MISC,,14.0,104.38,1461.32,1212.37,0,,
CLM-84405,Franchise_TX_01,Antimicrobial Treatment - MISC,,11.0,134.09,1474.99,1474.99,1,,
CLM-42879,Franchise_TX_01,Baseboard Replacement - MISC,,21.0,32.09,673.89,532.11,0,,
CLM-39804,Franchise_NY_12,Drywall Repair,,2.0,125.54,251.08,251.08,1,,
CLM-97168,Franchise_FL_04,Antimicrobial Treatment,2025-12-26,21.0,119.08,2500.68,2500.68,1,12.0,4.0
CLM-27181,Franchise_FL_04,Dehumidifier Rental,2025-03-13,29.0,127.28,3691.12,3691.12,1,3.0,3.0
CLM-29922,Franchise_FL_04,Antimicrobial Treatment,2025-12-23,5.0,41.94,209.7,209.7,1,12.0,1.0
CLM-73250,Franchise_FL_04,Antimicrobial Treatment,2025-06-13,13.0,59.51,773.63,773.63,1,6.0,4.0
CLM-19195,Franchise_FL_04,Water Extraction,2025-03-23,20.0,68.35,1367.0,1094.63,0,3.0,6.0
CLM-60983,Franchise_NY_12,Water Extraction,,34.0,98.61,3352.74,3352.74,1,,
CLM-18095,Franchise_FL_04,Dehumidifier Rental,2025-04-23,46.0,94.69,4355.74,4355.74,1,4.0,2.0
CLM-28361,Franchise_NY_12,Drywall Repair,,30.0,25.04,751.2,751.2,1,,
CLM-90772,Franchise_TX_01,Baseboard Replacement,,43.0,91.68,3942.24,3104.11,0,,
CLM-91149,Franchise_NY_12,Dehumidifier Rental,,9.0,132.21,1189.89,1053.6,0,,
CLM-49064,Franchise_FL_04,Antimicrobial Treatment,2025-06-10,45.0,99.99,4499.55,4499.55,1,6.0,1.0
CLM-94977,Franchise_FL_04,Drywall Repair,2025-08-07,42.0,136.46,5731.32,5731.32,1,8.0,3.0
CLM-21410,Franchise_TX_01,Baseboard Replacement - MISC,,2.0,68.68,137.36,73.68,0,,
CLM-41302,Franchise_FL_04,Dehumidifier Rental,2025-07-03,36.0,143.83,5177.88,5177.88,1,7.0,3.0
CLM-30053,Franchise_TX_01,Water Extraction,,43.0,50.26,2161.18,2161.18,1,,
CLM-80839,Franchise_NY_12,Drywall Repair,,29.0,123.5,3581.5,1663.8,0,,
CLM-93826,Franchise_NY_12,Baseboard Replacement,,47.0,92.32,4339.04,4339.04,1,,
CLM-56949,Franchise_TX_01,Drywall Repair,,36.0,148.32,5339.52,4637.67,0,,
CLM-16635,Franchise_FL_04,Water Extraction,2025-05-24,28.0,129.93,3638.04,2534.99,0,5.0,5.0
CLM-61272,Franchise_FL_04,Drywall Repair,2025-03-08,28.0,91.89,2572.92,2572.92,1,3.0,5.0
CLM-18650,Franchise_TX_01,Antimicrobial Treatment,,37.0,85.05,3146.85,3146.85,1,,
CLM-66732,Franchise_TX_01,Drywall Repair - MISC,,1.0,135.07,135.07,80.91,0,,
CLM-65873,Franchise_NY_12,Water Extraction,,3.0,57.39,172.17,147.18,0,,
CLM-58567,Franchise_NY_12,Antimicrobial Treatment,,43.0,27.74,1192.82,1192.82,1,,
CLM-10929,Franchise_NY_12,Water Extraction,,28.0,106.67,2986.76,2986.76,1,,
CLM-77843,Franchise_TX_01,Antimicrobial Treatment,,23.0,137.15,3154.45,1607.58,0,,
CLM-98233,Franchise_NY_12,Baseboard Replacement,,13.0,68.06,884.78,682.23,0,,
CLM-55317,Franchise_NY_12,Baseboard Replacement,,29.0,45.6,1322.4,1097.78,0,,
CLM-12651,Franchise_FL_04,Baseboard Replacement,2025-11-07,1.0,17.89,17.89,15.95,0,11.0,4.0
CLM-89037,Franchise_FL_04,Antimicrobial Treatment,2025-06-30,5.0,117.66,588.3,588.3,1,6.0,0.0
CLM-12085,Franchise_TX_01,Dehumidifier Rental,,17.0,42.08,715.36,347.24,0,,
CLM-96670,Franchise_FL_04,Drywall Repair,2025-01-26,13.0,89.63,1165.19,941.81,0,1.0,6.0
CLM-93942,Franchise_FL_04,Drywall Repair,2025-08-26,49.0,69.96,3428.04,3428.04,1,8.0,1.0
CLM-56281,Franchise_FL_04,Baseboard Replacement,2025-07-01,46.0,55.98,2575.08,2575.08,1,7.0,1.0
CLM-91700,Franchise_FL_04,Water Extraction,2025-04-02,6.0,98.21,589.26,589.26,1,4.0,2.0
CLM-42376,Franchise_NY_12,Baseboard Replacement,,32.0,79.88,2556.16,1701.31,0,,
CLM-27769,Franchise_FL_04,Dehumidifier Rental,2025-11-01,11.0,123.28,1356.08,994.51,0,11.0,5.0
CLM-45077,Franchise_TX_01,Dehumidifier Rental,,18.0,147.28,2651.04,2651.04,1,,
CLM-84017,Franchise_TX_01,Antimicrobial Treatment,,45.0,24.4,1098.0,577.15,0,,
CLM-46932,Franchise_FL_04,Baseboard Replacement,2025-11-21,25.0,74.75,1868.75,759.91,0,11.0,4.0
CLM-96305,Franchise_NY_12,Baseboard Replacement,,49.0,77.78,3811.22,2126.43,0,,
CLM-94781,Franchise_NY_12,Dehumidifier Rental,,23.0,65.87,1515.01,1515.01,1,,
CLM-24305,Franchise_NY_12,Baseboard Replacement,,29.0,134.31,3894.99,2855.17,0,,
CLM-42604,Franchise_NY_12,Dehumidifier Rental,,28.0,30.04,841.12,403.79,0,,
CLM-53998,Franchise_NY_12,Baseboard Replacement,,24.0,47.2,1132.8,1132.8,1,,
CLM-16651,Franchise_FL_04,Drywall Repair,2025-10-23,22.0,45.06,991.32,859.54,0,10.0,3.0
CLM-91710,Franchise_FL_04,Water Extraction,2025-10-06,6.0,70.87,425.22,425.22,1,10.0,0.0
CLM-97077,Franchise_NY_12,Dehumidifier Rental,,32.0,66.67,2133.44,1446.51,0,,
CLM-38085,Franchise_TX_01,Water Extraction,,23.0,46.07,1059.61,1059.61,1,,
CLM-18203,Franchise_FL_04,Baseboard Replacement,2025-07-19,2.0,48.75,97.5,97.5,1,7.0,5.0
CLM-23352,Franchise_NY_12,Water Extraction,,33.0,83.18,2744.94,2744.94,1,,
CLM-68982,Franchise_NY_12,Antimicrobial Treatment,,8.0,135.14,1081.12,661.33,0,,
CLM-44269,Franchise_NY_12,Antimicrobial Treatment,,28.0,56.91,1593.48,659.83,0,,
CLM-30357,Franchise_TX_01,Water Extraction,,50.0,80.53,4026.5,3580.55,0,,
CLM-51101,Franchise_FL_04,Baseboard Replacement,2025-11-27,7.0,35.91,251.37,251.37,1,11.0,3.0
CLM-40552,Franchise_FL_04,Drywall Repair,2025-08-09,15.0,90.45,1356.75,579.41,0,8.0,5.0
CLM-97894,Franchise_NY_12,Drywall Repair,,19.0,72.05,1368.95,1368.95,1,,
CLM-26773,Franchise_TX_01,Water Extraction,,4.0,106.11,424.44,369.49,0,,
CLM-96550,Franchise_NY_12,Drywall Repair,,38.0,129.27,4912.26,4095.32,0,,
CLM-77529,Franchise_NY_12,Drywall Repair,,12.0,75.66,907.92,907.92,1,,
CLM-48246,Franchise_TX_01,Antimicrobial Treatment,,48.0,106.19,5097.12,5097.12,1,,
CLM-43730,Franchise_NY_12,Water Extraction,,50.0,121.95,6097.5,6097.5,1,,
CLM-72014,Franchise_NY_12,Antimicrobial Treatment,,43.0,143.34,6163.62,6163.62,1,,
CLM-30044,Franchise_FL_04,Dehumidifier Rental,2025-10-14,47.0,34.62,1627.14,1627.14,1,10.0,1.0
CLM-62654,Franchise_TX_01,Antimicrobial Treatment,,29.0,103.35,2997.15,2997.15,1,,
CLM-11569,Franchise_TX_01,Antimicrobial Treatment,,4.0,66.92,267.68,267.68,1,,
CLM-93521,Franchise_FL_04,Baseboard Replacement,2025-10-31,10.0,132.65,1326.5,1326.5,1,10.0,4.0
CLM-17553,Franchise_TX_01,Antimicrobial Treatment,,26.0,109.68,2851.68,1642.44,0,,
CLM-46469,Franchise_TX_01,Water Extraction,,29.0,37.41,1084.89,1084.89,1,,
CLM-79538,Franchise_TX_01,Antimicrobial Treatment,,18.0,95.02,1710.36,1275.11,0,,
CLM-49657,Franchise_FL_04,Dehumidifier Rental,2025-10-02,38.0,58.22,2212.36,2212.36,1,10.0,3.0
CLM-42406,Franchise_FL_04,Water Extraction,2025-08-30,6.0,36.29,217.74,217.74,1,8.0,5.0
CLM-99174,Franchise_TX_01,Drywall Repair,,39.0,88.75,3461.25,3461.25,1,,
CLM-41204,Franchise_NY_12,Water Extraction,,19.0,75.44,1433.36,1433.36,1,,
CLM-20827,Franchise_FL_04,Drywall Repair,2025-09-13,25.0,128.98,3224.5,2825.0,0,9.0,5.0
CLM-33621,Franchise_NY_12,Water Extraction,,10.0,42.8,428.0,428.0,1,,
CLM-80270,Franchise_NY_12,Baseboard Replacement,,39.0,109.64,4275.96,4275.96,1,,
CLM-90565,Franchise_TX_01,Antimicrobial Treatment,,44.0,140.94,6201.36,6201.36,1,,
CLM-10344,Franchise_TX_01,Drywall Repair,,19.0,78.61,1493.59,1493.59,1,,
CLM-19477,Franchise_FL_04,Drywall Repair,2025-06-01,29.0,35.08,1017.32,1017.32,1,6.0,6.0
CLM-12830,Franchise_TX_01,Antimicrobial Treatment,,37.0,64.69,2393.53,1222.22,0,,
CLM-74961,Franchise_TX_01,Dehumidifier Rental,,35.0,120.79,4227.65,4227.65,1,,
CLM-91199,Franchise_NY_12,Dehumidifier Rental,,20.0,132.07,2641.4,2641.4,1,,
CLM-73515,Franchise_FL_04,Water Extraction,2025-05-09,34.0,65.76,2235.84,2235.84,1,5.0,4.0
CLM-21924,Franchise_NY_12,Baseboard Replacement,,30.0,95.36,2860.8,2860.8,1,,
CLM-86841,Franchise_NY_12,Antimicrobial Treatment,,42.0,131.2,5510.4,4748.28,0,,
CLM-23280,Franchise_NY_12,Dehumidifier Rental,,7.0,30.78,215.46,215.46,1,,
CLM-25591,Franchise_NY_12,Dehumidifier Rental,,22.0,146.92,3232.24,3232.24,1,,
CLM-48107,Franchise_FL_04,Antimicrobial Treatment,2025-07-01,46.0,22.92,1054.32,922.07,0,7.0,1.0
CLM-40855,Franchise_NY_12,Water Extraction,,40.0,34.58,1383.2,758.73,0,,
CLM-99472,Franchise_NY_12,Baseboard Replacement,,35.0,119.11,4168.85,3745.81,0,,
CLM-38613,Franchise_NY_12,Drywall Repair,,20.0,79.66,1593.2,1593.2,1,,
CLM-31242,Franchise_FL_04,Water Extraction,2025-01-03,6.0,109.59,657.54,657.54,1,1.0,4.0
CLM-62506,Franchise_TX_01,Dehumidifier Rental - MISC,,35.0,110.69,3874.15,3874.15,1,,
CLM-48382,Franchise_NY_12,Dehumidifier Rental,,49.0,108.22,5302.78,3865.42,0,,
CLM-30744,Franchise_NY_12,Antimicrobial Treatment,,23.0,65.15,1498.45,1498.45,1,,
CLM-81957,Franchise_NY_12,Drywall Repair,,16.0,37.92,606.72,606.72,1,,
CLM-15843,Franchise_NY_12,Antimicrobial Treatment,,40.0,35.16,1406.4,832.75,0,,
CLM-62888,Franchise_NY_12,Antimicrobial Treatment,,18.0,145.11,2611.98,2611.98,1,,
CLM-88731,Franchise_FL_04,Dehumidifier Rental,2025-09-26,41.0,43.96,1802.36,1802.36,1,9.0,4.0
CLM-33150,Franchise_TX_01,Antimicrobial Treatment,,29.0,96.18,2789.22,2789.22,1,,
CLM-28385,Franchise_TX_01,Dehumidifier Rental,,15.0,137.93,2068.95,2068.95,1,,
CLM-30567,Franchise_NY_12,Water Extraction,,32.0,95.38,3052.16,1544.38,0,,
CLM-38516,Franchise_NY_12,Antimicrobial Treatment,,8.0,30.3,242.4,242.4,1,,
CLM-69394,Franchise_NY_12,Dehumidifier Rental,,40.0,125.81,5032.4,2455.96,0,,
CLM-79529,Franchise_FL_04,Drywall Repair,2025-01-31,13.0,43.97,571.61,411.61,0,1.0,4.0
CLM-83165,Franchise_TX_01,Baseboard Replacement - MISC,,31.0,21.22,657.82,657.82,1,,
CLM-91149,Franchise_TX_01,Antimicrobial Treatment,,27.0,74.22,2003.94,2003.94,1,,
CLM-71323,Franchise_FL_04,Drywall Repair,2025-02-02,3.0,97.95,293.85,293.85,1,2.0,6.0
CLM-14936,Franchise_NY_12,Water Extraction,,24.0,83.18,1996.32,1996.32,1,,
CLM-78539,Franchise_NY_12,Antimicrobial Treatment,,2.0,61.44,122.88,122.88,1,,
CLM-39866,Franchise_FL_04,Water Extraction,2025-10-18,34.0,138.86,4721.24,4721.24,1,10.0,5.0
CLM-61023,Franchise_NY_12,Baseboard Replacement,,27.0,140.33,3788.91,3788.91,1,,
CLM-91255,Franchise_FL_04,Dehumidifier Rental,2025-01-31,30.0,50.72,1521.6,1521.6,1,1.0,4.0
CLM-24739,Franchise_TX_01,Baseboard Replacement,,39.0,104.35,4069.65,3526.12,0,,
CLM-65328,Franchise_TX_01,Water Extraction - MISC,,20.0,105.92,2118.4,2118.4,1,,
CLM-19508,Franchise_TX_01,Baseboard Replacement,,45.0,23.54,1059.3,1059.3,1,,
CLM-87062,Franchise_FL_04,Baseboard Replacement,2025-12-16,34.0,72.11,2451.74,2451.74,1,12.0,1.0
CLM-89014,Franchise_TX_01,Antimicrobial Treatment - MISC,,22.0,28.0,616.0,616.0,1,,
CLM-24626,Franchise_NY_12,Baseboard Replacement,,11.0,121.7,1338.7,1021.15,0,,
CLM-88974,Franchise_FL_04,Baseboard Replacement,2025-04-23,4.0,61.8,247.2,247.2,1,4.0,2.0
CLM-84533,Franchise_NY_12,Drywall Repair,,19.0,30.45,578.55,578.55,1,,
CLM-52735,Franchise_FL_04,Water Extraction,2025-03-01,36.0,69.16,2489.76,1157.88,0,3.0,5.0
CLM-43098,Franchise_NY_12,Antimicrobial Treatment,,19.0,97.44,1851.36,850.34,0,,
CLM-59581,Franchise_FL_04,Antimicrobial Treatment,2025-05-07,16.0,136.21,2179.36,1257.51,0,5.0,2.0
CLM-85920,Franchise_NY_12,Antimicrobial Treatment,,27.0,76.78,2073.06,2073.06,1,,
CLM-50463,Franchise_NY_12,Drywall Repair,,43.0,129.68,5576.24,5576.24,1,,
CLM-70082,Franchise_FL_04,Baseboard Replacement,2025-01-04,37.0,46.55,1722.35,1722.35,1,1.0,5.0
CLM-92133,Franchise_TX_01,Antimicrobial Treatment,,41.0,24.86,1019.26,1019.26,1,,
CLM-43853,Franchise_TX_01,Antimicrobial Treatment,,44.0,143.35,6307.4,3474.05,0,,
CLM-65370,Franchise_FL_04,Dehumidifier Rental,2025-04-07,8.0,111.52,892.16,892.16,1,4.0,0.0
CLM-91595,Franchise_FL_04,Drywall Repair,2025-12-14,50.0,102.2,5110.0,3081.63,0,12.0,6.0
CLM-88238,Franchise_TX_01,Antimicrobial Treatment - MISC,,25.0,98.54,2463.5,2463.5,1,,
CLM-77771,Franchise_FL_04,Water Extraction,2025-08-01,44.0,122.57,5393.08,5393.08,1,8.0,4.0
CLM-21347,Franchise_NY_12,Dehumidifier Rental,,3.0,149.23,447.69,447.69,1,,
CLM-58903,Franchise_TX_01,Water Extraction,,30.0,139.03,4170.9,4170.9,1,,
CLM-21435,Franchise_TX_01,Drywall Repair,,34.0,108.36,3684.24,3684.24,1,,
CLM-12082,Franchise_TX_01,Baseboard Replacement,,5.0,47.25,236.25,180.67,0,,
CLM-66425,Franchise_NY_12,Drywall Repair,,13.0,98.19,1276.47,1276.47,1,,
CLM-88276,Franchise_NY_12,Baseboard Replacement,,23.0,83.37,1917.51,1467.64,0,,
CLM-20048,Franchise_FL_04,Drywall Repair,2025-05-08,25.0,40.24,1006.0,697.36,0,5.0,3.0
CLM-46078,Franchise_NY_12,Antimicrobial Treatment,,43.0,87.48,3761.64,3761.64,1,,
CLM-41120,Franchise_TX_01,Water Extraction,,45.0,128.19,5768.55,3517.93,0,,
CLM-33358,Franchise_NY_12,Drywall Repair,,49.0,107.21,5253.29,5253.29,1,,
CLM-78503,Franchise_NY_12,Baseboard Replacement,,3.0,43.77,131.31,131.31,1,,
CLM-89243,Franchise_FL_04,Baseboard Replacement,2025-10-30,6.0,95.48,572.88,572.88,1,10.0,3.0
CLM-87241,Franchise_FL_04,Dehumidifier Rental,2025-11-28,42.0,60.99,2561.58,1362.91,0,11.0,4.0
CLM-56121,Franchise_FL_04,Water Extraction,2025-03-31,42.0,97.09,4077.78,2308.46,0,3.0,0.0
CLM-64337,Franchise_NY_12,Antimicrobial Treatment,,2.0,142.99,285.98,285.98,1,,
CLM-44904,Franchise_NY_12,Baseboard Replacement,,48.0,126.41,6067.68,3714.34,0,,
CLM-21079,Franchise_FL_04,Drywall Repair,2025-04-29,13.0,108.28,1407.64,1407.64,1,4.0,1.0
CLM-88146,Franchise_TX_01,Water Extraction - MISC,,49.0,19.4,950.6,698.44,0,,
CLM-88799,Franchise_NY_12,Antimicrobial Treatment,,2.0,71.52,143.04,143.04,1,,
CLM-26782,Franchise_NY_12,Dehumidifier Rental,,18.0,54.62,983.16,744.65,0,,
CLM-66370,Franchise_TX_01,Dehumidifier Rental,,47.0,18.53,870.91,388.76,0,,
CLM-34969,Franchise_NY_12,Antimicrobial Treatment,,45.0,70.84,3187.8,2838.7,0,,
CLM-16671,Franchise_FL_04,Antimicrobial Treatment,2025-10-12,18.0,100.19,1803.42,1803.42,1,10.0,6.0
CLM-49460,Franchise_NY_12,Antimicrobial Treatment,,12.0,120.85,1450.2,1450.2,1,,
CLM-57312,Franchise_TX_01,Baseboard Replacement,,34.0,116.22,3951.48,3951.48,1,,
CLM-28021,Franchise_NY_12,Baseboard Replacement,,50.0,77.23,3861.5,2551.99,0,,
CLM-30551,Franchise_NY_12,Antimicrobial Treatment,,22.0,68.68,1510.96,1510.96,1,,
CLM-31705,Franchise_TX_01,Dehumidifier Rental - MISC,,39.0,113.94,4443.66,4443.66,1,,
CLM-47935,Franchise_FL_04,Water Extraction,2025-01-12,15.0,33.17,497.55,497.55,1,1.0,6.0
CLM-93081,Franchise_NY_12,Antimicrobial Treatment,,27.0,48.65,1313.55,1313.55,1,,
CLM-10513,Franchise_NY_12,Dehumidifier Rental,,40.0,141.42,5656.8,3555.99,0,,
CLM-58960,Franchise_TX_01,Water Extraction - MISC,,15.0,130.76,1961.4,1961.4,1,,
CLM-34477,Franchise_TX_01,Baseboard Replacement,,29.0,35.47,1028.63,438.1,0,,
CLM-63916,Franchise_NY_12,Baseboard Replacement,,47.0,80.25,3771.75,3771.75,1,,
CLM-86268,Franchise_TX_01,Water Extraction,,15.0,44.35,665.25,665.25,1,,
CLM-46477,Franchise_NY_12,Drywall Repair,,49.0,57.73,2828.77,2828.77,1,,
CLM-28261,Franchise_FL_04,Drywall Repair,2025-02-15,49.0,54.08,2649.92,1151.96,0,2.0,5.0
CLM-40358,Franchise_TX_01,Dehumidifier Rental,,38.0,37.64,1430.32,1430.32,1,,
CLM-99023,Franchise_TX_01,Baseboard Replacement,,16.0,129.28,2068.48,2068.48,1,,
CLM-87327,Franchise_TX_01,Dehumidifier Rental,,10.0,117.7,1177.0,495.8,0,,
CLM-98476,Franchise_FL_04,Water Extraction,2025-04-13,21.0,45.93,964.53,964.53,1,4.0,6.0
CLM-74544,Franchise_FL_04,Baseboard Replacement,2025-01-12,22.0,127.73,2810.06,2157.01,0,1.0,6.0
CLM-29535,Franchise_TX_01,Dehumidifier Rental,,14.0,91.9,1286.6,1286.6,1,,
CLM-26386,Franchise_TX_01,Dehumidifier Rental - MISC,,49.0,134.28,6579.72,6579.72,1,,
CLM-94813,Franchise_NY_12,Baseboard Replacement,,38.0,84.74,3220.12,3220.12,1,,
CLM-51695,Franchise_NY_12,Water Extraction,,7.0,149.61,1047.27,756.17,0,,
CLM-69669,Franchise_FL_04,Baseboard Replacement,2025-08-21,16.0,104.65,1674.4,1055.04,0,8.0,3.0
CLM-25103,Franchise_NY_12,Baseboard Replacement,,23.0,19.58,450.34,450.34,1,,
CLM-86700,Franchise_FL_04,Drywall Repair,2025-03-23,26.0,91.5,2379.0,1101.56,0,3.0,6.0
CLM-17512,Franchise_FL_04,Baseboard Replacement,2025-02-20,45.0,23.93,1076.85,1076.85,1,2.0,3.0
CLM-98396,Franchise_NY_12,Baseboard Replacement,,31.0,102.04,3163.24,3163.24,1,,
CLM-97989,Franchise_TX_01,Drywall Repair - MISC,,33.0,81.06,2674.98,2368.32,0,,
CLM-83181,Franchise_TX_01,Antimicrobial Treatment,,6.0,92.01,552.06,552.06,1,,
CLM-38298,Franchise_TX_01,Drywall Repair,,47.0,95.07,4468.29,4468.29,1,,
CLM-86084,Franchise_TX_01,Dehumidifier Rental,,49.0,43.82,2147.18,2147.18,1,,
CLM-51711,Franchise_NY_12,Dehumidifier Rental,,37.0,95.3,3526.1,3526.1,1,,
CLM-42160,Franchise_TX_01,Antimicrobial Treatment,,38.0,123.55,4694.9,4694.9,1,,
CLM-63127,Franchise_TX_01,Baseboard Replacement,,42.0,45.38,1905.96,1682.74,0,,
CLM-14321,Franchise_FL_04,Dehumidifier Rental,2025-12-20,22.0,43.05,947.1,947.1,1,12.0,5.0
CLM-10667,Franchise_TX_01,Dehumidifier Rental,,30.0,22.23,666.9,666.9,1,,
CLM-85804,Franchise_NY_12,Drywall Repair,,5.0,60.83,304.15,126.92,0,,
CLM-20697,Franchise_FL_04,Antimicrobial Treatment,2025-11-21,18.0,90.64,1631.52,1631.52,1,11.0,4.0
CLM-17666,Franchise_TX_01,Dehumidifier Rental,,12.0,95.43,1145.16,1145.16,1,,
CLM-14841,Franchise_TX_01,Baseboard Replacement,,40.0,136.18,5447.2,2581.08,0,,
CLM-72306,Franchise_NY_12,Water Extraction,,16.0,145.36,2325.76,2325.76,1,,
CLM-95328,Franchise_TX_01,Antimicrobial Treatment,,43.0,122.9,5284.7,5284.7,1,,
CLM-45878,Franchise_FL_04,Baseboard Replacement,2025-10-02,47.0,58.24,2737.28,2737.28,1,10.0,3.0
CLM-91506,Franchise_NY_12,Water Extraction,,46.0,25.47,1171.62,1171.62,1,,
CLM-53084,Franchise_TX_01,Baseboard Replacement,,30.0,54.21,1626.3,1626.3,1,,
CLM-62789,Franchise_NY_12,Baseboard Replacement,,20.0,16.77,335.4,185.77,0,,
CLM-98894,Franchise_TX_01,Antimicrobial Treatment,,14.0,125.89,1762.46,788.62,0,,
CLM-89109,Franchise_TX_01,Dehumidifier Rental,,35.0,44.47,1556.45,1556.45,1,,
CLM-85170,Franchise_TX_01,Baseboard Replacement,,47.0,57.88,2720.36,2720.36,1,,
CLM-90064,Franchise_TX_01,Antimicrobial Treatment,,24.0,46.2,1108.8,1108.8,1,,
CLM-16854,Franchise_FL_04,Baseboard Replacement,2025-05-23,1.0,92.76,92.76,92.76,1,5.0,4.0
CLM-20035,Franchise_TX_01,Drywall Repair - MISC,,37.0,33.98,1257.26,1257.26,1,,
CLM-94961,Franchise_TX_01,Dehumidifier Rental,,33.0,40.04,1321.32,1078.41,0,,
CLM-94179,Franchise_TX_01,Drywall Repair,,49.0,78.46,3844.54,3844.54,1,,
CLM-87267,Franchise_FL_04,Dehumidifier Rental,2025-07-11,29.0,83.02,2407.58,2407.58,1,7.0,4.0
CLM-47689,Franchise_NY_12,Antimicrobial Treatment,,19.0,57.36,1089.84,781.92,0,,
CLM-99535,Franchise_NY_12,Drywall Repair,,14.0,52.03,728.42,728.42,1,,
CLM-85641,Franchise_NY_12,Antimicrobial Treatment,,28.0,123.02,3444.56,3444.56,1,,
CLM-23103,Franchise_NY_12,Water Extraction,,32.0,128.04,4097.28,1999.33,0,,
CLM-10177,Franchise_FL_04,Antimicrobial Treatment,2025-01-08,12.0,17.46,209.52,113.89,0,1.0,2.0
CLM-76646,Franchise_NY_12,Dehumidifier Rental,,1.0,142.28,142.28,142.28,1,,
CLM-12004,Franchise_FL_04,Drywall Repair,2025-06-08,25.0,59.06,1476.5,1142.75,0,6.0,6.0
CLM-64082,Franchise_NY_12,Antimicrobial Treatment,,18.0,124.91,2248.38,1309.11,0,,
CLM-94452,Franchise_FL_04,Drywall Repair,2025-08-27,30.0,114.95,3448.5,2865.01,0,8.0,2.0
CLM-35450,Franchise_FL_04,Drywall Repair,2025-03-29,45.0,35.07,1578.15,1578.15,1,3.0,5.0
CLM-82526,Franchise_TX_01,Water Extraction,,26.0,18.3,475.8,475.8,1,,
CLM-86683,Franchise_FL_04,Dehumidifier Rental,2025-12-11,36.0,97.3,3502.8,3502.8,1,12.0,3.0
CLM-51477,Franchise_NY_12,Drywall Repair,,26.0,68.22,1773.72,1773.72,1,,
CLM-62882,Franchise_TX_01,Water Extraction,,37.0,140.07,5182.59,2889.14,0,,
CLM-86368,Franchise_FL_04,Dehumidifier Rental,2025-10-07,17.0,110.98,1886.66,1886.66,1,10.0,1.0
CLM-63177,Franchise_FL_04,Baseboard Replacement,2025-01-29,16.0,112.14,1794.24,1794.24,1,1.0,2.0
CLM-13285,Franchise_NY_12,Baseboard Replacement,,27.0,141.39,3817.53,1546.34,0,,
CLM-51326,Franchise_NY_12,Antimicrobial Treatment,,39.0,102.84,4010.76,4010.76,1,,
CLM-79175,Franchise_NY_12,Drywall Repair,,3.0,120.05,360.15,222.1,0,,
CLM-87533,Franchise_FL_04,Dehumidifier Rental,2025-10-31,43.0,78.37,3369.91,1576.47,0,10.0,4.0
CLM-71547,Franchise_NY_12,Dehumidifier Rental,,49.0,104.39,5115.11,5115.11,1,,
CLM-11849,Franchise_NY_12,Dehumidifier Rental,,5.0,37.03,185.15,158.88,0,,
CLM-33278,Franchise_NY_12,Drywall Repair,,38.0,86.05,3269.9,3269.9,1,,
CLM-87246,Franchise_NY_12,Water Extraction,,50.0,26.79,1339.5,1339.5,1,,
CLM-74244,Franchise_NY_12,Baseboard Replacement,,9.0,57.63,518.67,518.67,1,,
CLM-79784,Franchise_NY_12,Baseboard Replacement,,5.0,144.22,721.1,721.1,1,,
CLM-14123,Franchise_TX_01,Antimicrobial Treatment,,46.0,76.7,3528.2,3528.2,1,,
CLM-33919,Franchise_NY_12,Baseboard Replacement,,36.0,89.49,3221.64,3221.64,1,,
CLM-61810,Franchise_TX_01,Baseboard Replacement,,40.0,21.11,844.4,513.13,0,,
CLM-78494,Franchise_FL_04,Drywall Repair,2025-04-21,45.0,80.04,3601.8,3601.8,1,4.0,0.0
CLM-91956,Franchise_TX_01,Baseboard Replacement,,13.0,134.57,1749.41,895.48,0,,
CLM-81635,Franchise_NY_12,Baseboard Replacement,,10.0,145.3,1453.0,1453.0,1,,
CLM-28669,Franchise_FL_04,Dehumidifier Rental,2025-12-22,36.0,142.86,5142.96,5142.96,1,12.0,0.0
CLM-77527,Franchise_NY_12,Baseboard Replacement,,22.0,108.01,2376.22,2091.13,0,,
CLM-13677,Franchise_NY_12,Drywall Repair,,50.0,82.83,4141.5,2854.64,0,,
CLM-69712,Franchise_NY_12,Drywall Repair,,41.0,135.78,5566.98,3901.16,0,,
CLM-24890,Franchise_NY_12,Dehumidifier Rental,,32.0,147.65,4724.8,4724.8,1,,
CLM-91117,Franchise_FL_04,Drywall Repair,2025-03-15,47.0,127.56,5995.32,5995.32,1,3.0,5.0
CLM-12278,Franchise_FL_04,Baseboard Replacement,2025-10-02,38.0,91.46,3475.48,1934.33,0,10.0,3.0
CLM-95370,Franchise_NY_12,Antimicrobial Treatment,,22.0,23.14,509.08,509.08,1,,
CLM-44504,Franchise_FL_04,Baseboard Replacement,2025-09-13,26.0,131.89,3429.14,1821.14,0,9.0,5.0
CLM-92123,Franchise_TX_01,Antimicrobial Treatment,,49.0,41.14,2015.86,1789.59,0,,
CLM-14307,Franchise_TX_01,Baseboard Replacement,,29.0,67.64,1961.56,1961.56,1,,
CLM-74256,Franchise_FL_04,Drywall Repair,2025-03-27,32.0,28.37,907.84,506.81,0,3.0,3.0
CLM-19133,Franchise_TX_01,Antimicrobial Treatment,,15.0,42.21,633.15,633.15,1,,
CLM-83356,Franchise_FL_04,Dehumidifier Rental,2025-10-30,7.0,37.73,264.11,264.11,1,10.0,3.0
CLM-90283,Franchise_FL_04,Dehumidifier Rental,2025-01-20,36.0,106.44,3831.84,3831.84,1,1.0,0.0
CLM-88590,Franchise_NY_12,Baseboard Replacement,,8.0,130.26,1042.08,704.54,0,,
CLM-22189,Franchise_TX_01,Antimicrobial Treatment,,32.0,137.26,4392.32,2648.05,0,,
CLM-85636,Franchise_FL_04,Antimicrobial Treatment,2025-07-20,20.0,80.33,1606.6,1606.6,1,7.0,6.0
CLM-54982,Franchise_FL_04,Water Extraction,2025-01-17,10.0,94.91,949.1,671.44,0,1.0,4.0
CLM-73439,Franchise_NY_12,Baseboard Replacement,,35.0,77.56,2714.6,2714.6,1,,
CLM-52015,Franchise_TX_01,Drywall Repair,,37.0,142.43,5269.91,5269.91,1,,
CLM-61495,Franchise_NY_12,Antimicrobial Treatment,,25.0,91.98,2299.5,2299.5,1,,
CLM-98231,Franchise_FL_04,Baseboard Replacement,2025-10-15,14.0,83.19,1164.66,1164.66,1,10.0,2.0
CLM-80055,Franchise_FL_04,Water Extraction,2025-06-13,2.0,15.78,31.56,31.56,1,6.0,4.0
CLM-88873,Franchise_NY_12,Antimicrobial Treatment,,41.0,115.05,4717.05,3739.68,0,,
CLM-98774,Franchise_NY_12,Dehumidifier Rental,,2.0,132.01,264.02,264.02,1,,
CLM-27512,Franchise_NY_12,Dehumidifier Rental,,29.0,60.78,1762.62,1762.62,1,,
CLM-40264,Franchise_NY_12,Drywall Repair,,10.0,55.35,553.5,553.5,1,,
CLM-80564,Franchise_NY_12,Drywall Repair,,17.0,51.34,872.78,371.04,0,,
CLM-20907,Franchise_NY_12,Dehumidifier Rental,,19.0,88.77,1686.63,1686.63,1,,
CLM-37197,Franchise_TX_01,Dehumidifier Rental - MISC,,50.0,31.04,1552.0,1552.0,1,,
CLM-44776,Franchise_FL_04,Antimicrobial Treatment,2025-08-23,35.0,61.65,2157.75,1489.5,0,8.0,5.0
CLM-92844,Franchise_FL_04,Antimicrobial Treatment,2025-12-05,37.0,117.28,4339.36,2892.65,0,12.0,4.0
CLM-79442,Franchise_TX_01,Drywall Repair,,13.0,19.71,256.23,256.23,1,,
CLM-93133,Franchise_FL_04,Antimicrobial Treatment,2025-04-28,41.0,31.52,1292.32,1292.32,1,4.0,0.0
CLM-45665,Franchise_TX_01,Baseboard Replacement,,39.0,119.17,4647.63,4647.63,1,,
CLM-65013,Franchise_NY_12,Dehumidifier Rental,,34.0,34.8,1183.2,1183.2,1,,
CLM-73316,Franchise_FL_04,Drywall Repair,2025-09-09,4.0,97.35,389.4,389.4,1,9.0,1.0
CLM-31183,Franchise_NY_12,Antimicrobial Treatment,,16.0,111.06,1776.96,1776.96,1,,
CLM-46256,Franchise_FL_04,Antimicrobial Treatment,2025-05-31,11.0,60.9,669.9,669.9,1,5.0,5.0
CLM-95799,Franchise_NY_12,Baseboard Replacement,,48.0,118.02,5664.96,2457.16,0,,
CLM-49670,Franchise_FL_04,Water Extraction,2025-02-20,38.0,135.24,5139.12,3101.05,0,2.0,3.0
CLM-23125,Franchise_FL_04,Water Extraction,2025-04-05,41.0,77.75,3187.75,3187.75,1,4.0,5.0
CLM-46208,Franchise_TX_01,Baseboard Replacement,,36.0,76.94,2769.84,1535.14,0,,
CLM-13952,Franchise_NY_12,Baseboard Replacement,,29.0,119.3,3459.7,3459.7,1,,
CLM-98354,Franchise_TX_01,Baseboard Replacement,,39.0,32.86,1281.54,1281.54,1,,
CLM-84894,Franchise_TX_01,Baseboard Replacement,,50.0,85.95,4297.5,2963.98,0,,
CLM-69530,Franchise_NY_12,Drywall Repair,,30.0,131.97,3959.1,3959.1,1,,
CLM-79769,Franchise_TX_01,Drywall Repair - MISC,,44.0,108.47,4772.68,4772.68,1,,
CLM-69418,Franchise_FL_04,Dehumidifier Rental,2025-01-12,9.0,117.58,1058.22,1058.22,1,1.0,6.0
CLM-31326,Franchise_NY_12,Baseboard Replacement,,12.0,120.64,1447.68,1447.68,1,,
CLM-11426,Franchise_TX_01,Water Extraction,,16.0,38.0,608.0,344.82,0,,
CLM-22159,Franchise_TX_01,Antimicrobial Treatment,,2.0,75.85,151.7,92.18,0,,
CLM-46625,Franchise_TX_01,Dehumidifier Rental,,40.0,149.77,5990.8,3662.32,0,,
CLM-19661,Franchise_NY_12,Water Extraction,,36.0,47.29,1702.44,1702.44,1,,
CLM-87474,Franchise_TX_01,Drywall Repair,,44.0,64.84,2852.96,2852.96,1,,
CLM-64588,Franchise_TX_01,Dehumidifier Rental,,10.0,142.42,1424.2,1424.2,1,,
CLM-40397,Franchise_NY_12,Water Extraction,,20.0,114.31,2286.2,1686.9,0,,
CLM-58802,Franchise_NY_12,Antimicrobial Treatment,,34.0,79.86,2715.24,2715.24,1,,
CLM-64960,Franchise_NY_12,Water Extraction,,31.0,34.19,1059.89,1059.89,1,,
CLM-34009,Franchise_FL_04,Baseboard Replacement,2025-02-15,37.0,87.27,3228.99,3228.99,1,2.0,5.0
CLM-14434,Franchise_FL_04,Drywall Repair,2025-03-09,11.0,49.19,541.09,321.89,0,3.0,6.0
CLM-78628,Franchise_TX_01,Dehumidifier Rental,,23.0,134.16,3085.68,2253.58,0,,
CLM-87965,Franchise_FL_04,Baseboard Replacement,2025-05-21,18.0,94.98,1709.64,1527.87,0,5.0,2.0
CLM-88993,Franchise_FL_04,Dehumidifier Rental,2025-08-27,48.0,142.6,6844.8,6844.8,1,8.0,2.0
CLM-84134,Franchise_TX_01,Drywall Repair,,33.0,68.53,2261.49,1234.14,0,,
CLM-16022,Franchise_TX_01,Baseboard Replacement,,31.0,66.13,2050.03,2050.03,1,,
CLM-45693,Franchise_FL_04,Baseboard Replacement,2025-09-13,27.0,71.07,1918.89,1918.89,1,9.0,5.0
CLM-91813,Franchise_TX_01,Dehumidifier Rental - MISC,,43.0,116.03,4989.29,2970.69,0,,
CLM-38489,Franchise_FL_04,Antimicrobial Treatment,2025-03-01,4.0,138.86,555.44,375.27,0,3.0,5.0
CLM-86278,Franchise_NY_12,Antimicrobial Treatment,,10.0,76.53,765.3,765.3,1,,
CLM-30059,Franchise_TX_01,Dehumidifier Rental,,21.0,112.97,2372.37,2372.37,1,,
CLM-44526,Franchise_TX_01,Drywall Repair,,4.0,28.01,112.04,112.04,1,,
CLM-22818,Franchise_NY_12,Water Extraction,,25.0,141.9,3547.5,2575.28,0,,
CLM-48770,Franchise_TX_01,Drywall Repair,,36.0,17.52,630.72,630.72,1,,
CLM-35859,Franchise_NY_12,Drywall Repair,,17.0,24.68,419.56,419.56,1,,
CLM-22133,Franchise_FL_04,Dehumidifier Rental,2025-02-21,29.0,136.41,3955.89,3955.89,1,2.0,4.0
CLM-32872,Franchise_TX_01,Baseboard Replacement,,32.0,114.03,3648.96,3648.96,1,,
CLM-49110,Franchise_TX_01,Drywall Repair,,6.0,133.3,799.8,799.8,1,,
CLM-34797,Franchise_NY_12,Baseboard Replacement,,19.0,41.18,782.42,782.42,1,,
CLM-60073,Franchise_FL_04,Dehumidifier Rental,2025-06-28,49.0,54.53,2671.97,1097.07,0,6.0,5.0
CLM-27270,Franchise_TX_01,Water Extraction,,19.0,90.89,1726.91,1726.91,1,,
CLM-71788,Franchise_NY_12,Drywall Repair,,34.0,121.72,4138.48,2687.81,0,,
CLM-23174,Franchise_FL_04,Water Extraction,2025-03-25,9.0,23.1,207.9,207.9,1,3.0,1.0
CLM-52037,Franchise_NY_12,Dehumidifier Rental,,14.0,47.56,665.84,665.84,1,,
CLM-95173,Franchise_TX_01,Baseboard Replacement - MISC,,1.0,58.01,58.01,47.88,0,,
CLM-17995,Franchise_FL_04,Dehumidifier Rental,2025-11-21,40.0,31.02,1240.8,1240.8,1,11.0,4.0
CLM-48365,Franchise_NY_12,Dehumidifier Rental,,8.0,52.52,420.16,191.02,0,,
CLM-23570,Franchise_FL_04,Dehumidifier Rental,2025-03-31,40.0,51.61,2064.4,1590.31,0,3.0,0.0
CLM-31237,Franchise_NY_12,Baseboard Replacement,,19.0,75.93,1442.67,1442.67,1,,
CLM-34474,Franchise_TX_01,Dehumidifier Rental - MISC,,23.0,37.79,869.17,453.21,0,,
CLM-11799,Franchise_TX_01,Antimicrobial Treatment - MISC,,9.0,105.67,951.03,650.0,0,,
CLM-73270,Franchise_TX_01,Antimicrobial Treatment,,24.0,130.47,3131.28,3131.28,1,,
CLM-64940,Franchise_FL_04,Baseboard Replacement,2025-06-24,11.0,17.79,195.69,98.11,0,6.0,1.0
CLM-36518,Franchise_NY_12,Baseboard Replacement,,9.0,128.77,1158.93,1158.93,1,,
CLM-53594,Franchise_TX_01,Dehumidifier Rental,,25.0,35.22,880.5,880.5,1,,
CLM-91590,Franchise_NY_12,Dehumidifier Rental,,15.0,89.36,1340.4,979.75,0,,
CLM-83542,Franchise_NY_12,Dehumidifier Rental,,14.0,146.13,2045.82,2045.82,1,,
CLM-59214,Franchise_FL_04,Water Extraction,2025-10-22,11.0,38.73,426.03,426.03,1,10.0,2.0
CLM-81265,Franchise_TX_01,Water Extraction - MISC,,50.0,111.4,5570.0,5570.0,1,,
CLM-24631,Franchise_FL_04,Water Extraction,2025-11-07,19.0,87.36,1659.84,1028.7,0,11.0,4.0
CLM-45187,Franchise_FL_04,Antimicrobial Treatment,2025-05-24,7.0,82.63,578.41,578.41,1,5.0,5.0
CLM-95801,Franchise_TX_01,Antimicrobial Treatment,,23.0,34.32,789.36,789.36,1,,
CLM-44956,Franchise_FL_04,Antimicrobial Treatment,2025-11-13,50.0,144.87,7243.5,7243.5,1,11.0,3.0
CLM-40060,Franchise_TX_01,Baseboard Replacement - MISC,,43.0,125.44,5393.92,5393.92,1,,
CLM-92780,Franchise_TX_01,Dehumidifier Rental,,7.0,139.05,973.35,973.35,1,,
CLM-76717,Franchise_TX_01,Dehumidifier Rental,,27.0,93.54,2525.58,2525.58,1,,
CLM-40974,Franchise_TX_01,Baseboard Replacement,,38.0,149.59,5684.42,5684.42,1,,
CLM-70609,Franchise_NY_12,Baseboard Replacement,,12.0,94.75,1137.0,1137.0,1,,
CLM-83023,Franchise_NY_12,Water Extraction,,6.0,53.06,318.36,221.91,0,,
CLM-89286,Franchise_FL_04,Antimicrobial Treatment,2025-04-18,44.0,40.33,1774.52,1774.52,1,4.0,4.0
CLM-23813,Franchise_TX_01,Drywall Repair - MISC,,34.0,54.65,1858.1,1858.1,1,,
CLM-53492,Franchise_FL_04,Antimicrobial Treatment,2025-01-08,27.0,124.28,3355.56,3355.56,1,1.0,2.0
CLM-42489,Franchise_NY_12,Water Extraction,,13.0,124.64,1620.32,1156.45,0,,
CLM-12203,Franchise_FL_04,Water Extraction,2025-07-21,32.0,145.86,4667.52,4667.52,1,7.0,0.0
CLM-50390,Franchise_NY_12,Water Extraction,,44.0,83.73,3684.12,3684.12,1,,
CLM-52190,Franchise_FL_04,Drywall Repair,2025-03-19,49.0,72.39,3547.11,1860.25,0,3.0,2.0
CLM-81371,Franchise_FL_04,Baseboard Replacement,2025-04-03,50.0,69.98,3499.0,3499.0,1,4.0,3.0
CLM-35471,Franchise_TX_01,Antimicrobial Treatment - MISC,,12.0,107.49,1289.88,1289.88,1,,
CLM-45220,Franchise_TX_01,Dehumidifier Rental - MISC,,44.0,57.7,2538.8,2538.8,1,,
CLM-66650,Franchise_TX_01,Baseboard Replacement - MISC,,34.0,145.33,4941.22,2410.06,0,,
CLM-70749,Franchise_TX_01,Water Extraction,,11.0,137.79,1515.69,1107.39,0,,
CLM-70369,Franchise_NY_12,Water Extraction,,40.0,135.84,5433.6,5433.6,1,,
CLM-44584,Franchise_FL_04,Drywall Repair,2025-06-06,34.0,134.91,4586.94,4586.94,1,6.0,4.0
CLM-52120,Franchise_TX_01,Antimicrobial Treatment - MISC,,37.0,23.37,864.69,420.64,0,,
CLM-76537,Franchise_TX_01,Baseboard Replacement,,7.0,57.85,404.95,404.95,1,,
CLM-35780,Franchise_FL_04,Baseboard Replacement,2025-04-20,49.0,122.19,5987.31,5987.31,1,4.0,6.0
CLM-76252,Franchise_TX_01,Drywall Repair,,18.0,52.11,937.98,937.98,1,,
CLM-52228,Franchise_TX_01,Antimicrobial Treatment,,2.0,19.24,38.48,22.04,0,,
CLM-54983,Franchise_FL_04,Water Extraction,2025-09-14,35.0,62.77,2196.95,2196.95,1,9.0,6.0
CLM-49819,Franchise_FL_04,Dehumidifier Rental,2025-11-24,7.0,120.32,842.24,842.24,1,11.0,0.0
CLM-55988,Franchise_TX_01,Dehumidifier Rental,,10.0,45.85,458.5,409.94,0,,
CLM-19348,Franchise_FL_04,Drywall Repair,2025-06-16,38.0,78.42,2979.96,2979.96,1,6.0,0.0
CLM-18451,Franchise_TX_01,Baseboard Replacement,,27.0,141.06,3808.62,2559.3,0,,
CLM-24511,Franchise_FL_04,Antimicrobial Treatment,2025-01-22,16.0,127.07,2033.12,2033.12,1,1.0,2.0
CLM-73008,Franchise_TX_01,Baseboard Replacement - MISC,,24.0,94.13,2259.12,2259.12,1,,
CLM-52560,Franchise_FL_04,Baseboard Replacement,2025-10-13,5.0,78.2,391.0,391.0,1,10.0,0.0
CLM-25655,Franchise_FL_04,Dehumidifier Rental,2025-05-06,43.0,128.38,5520.34,4040.19,0,5.0,1.0
CLM-97345,Franchise_TX_01,Dehumidifier Rental,,46.0,20.96,964.16,964.16,1,,
CLM-84480,Franchise_NY_12,Water Extraction,,14.0,99.84,1397.76,799.16,0,,
CLM-81828,Franchise_TX_01,Baseboard Replacement,,7.0,22.32,156.24,156.24,1,,
CLM-84701,Franchise_TX_01,Drywall Repair,,20.0,148.69,2973.8,2624.44,0,,
CLM-44106,Franchise_FL_04,Antimicrobial Treatment,2025-05-17,39.0,136.03,5305.17,5305.17,1,5.0,5.0
CLM-69963,Franchise_FL_04,Baseboard Replacement,2025-01-10,46.0,130.16,5987.36,5987.36,1,1.0,4.0
CLM-11361,Franchise_TX_01,Water Extraction,,42.0,143.11,6010.62,6010.62,1,,
CLM-27346,Franchise_NY_12,Baseboard Replacement,,41.0,71.42,2928.22,2928.22,1,,
CLM-99748,Franchise_NY_12,Baseboard Replacement,,42.0,62.29,2616.18,2616.18,1,,
CLM-25686,Franchise_FL_04,Drywall Repair,2025-11-04,22.0,20.9,459.8,459.8,1,11.0,1.0
CLM-63665,Franchise_FL_04,Dehumidifier Rental,2025-03-20,27.0,149.7,4041.9,4041.9,1,3.0,3.0
CLM-98537,Franchise_TX_01,Water Extraction - MISC,,2.0,132.06,264.12,264.12,1,,
CLM-87318,Franchise_TX_01,Drywall Repair,,49.0,19.4,950.6,834.81,0,,
CLM-27004,Franchise_NY_12,Drywall Repair,,30.0,25.75,772.5,772.5,1,,
CLM-66573,Franchise_FL_04,Dehumidifier Rental,2025-01-11,17.0,83.97,1427.49,1427.49,1,1.0,5.0
CLM-15061,Franchise_TX_01,Antimicrobial Treatment,,50.0,34.59,1729.5,1729.5,1,,
CLM-20219,Franchise_NY_12,Water Extraction,,45.0,132.98,5984.1,5984.1,1,,
CLM-14862,Franchise_TX_01,Water Extraction,,41.0,17.11,701.51,701.51,1,,
CLM-35257,Franchise_FL_04,Dehumidifier Rental,2025-01-04,30.0,67.98,2039.4,1509.92,0,1.0,5.0
CLM-64467,Franchise_TX_01,Dehumidifier Rental,,24.0,75.98,1823.52,1035.58,0,,
CLM-60269,Franchise_NY_12,Baseboard Replacement,,40.0,29.82,1192.8,1192.8,1,,
CLM-72619,Franchise_TX_01,Drywall Repair,,12.0,123.22,1478.64,772.14,0,,
CLM-58396,Franchise_TX_01,Water Extraction,,15.0,146.4,2196.0,2196.0,1,,
CLM-76553,Franchise_NY_12,Water Extraction,,35.0,106.11,3713.85,2083.16,0,,
CLM-75602,Franchise_TX_01,Drywall Repair - MISC,,36.0,43.23,1556.28,712.2,0,,
CLM-97975,Franchise_FL_04,Drywall Repair,2025-08-28,14.0,78.18,1094.52,1094.52,1,8.0,3.0
CLM-47467,Franchise_NY_12,Water Extraction,,44.0,18.91,832.04,688.32,0,,
CLM-91856,Franchise_NY_12,Water Extraction,,19.0,139.84,2656.96,2656.96,1,,
CLM-33186,Franchise_FL_04,Dehumidifier Rental,2025-01-04,45.0,76.56,3445.2,3445.2,1,1.0,5.0
CLM-15911,Franchise_FL_04,Drywall Repair,2025-02-03,32.0,57.18,1829.76,1107.52,0,2.0,0.0
CLM-83262,Franchise_NY_12,Drywall Repair,,29.0,100.47,2913.63,2913.63,1,,
CLM-32885,Franchise_FL_04,Baseboard Replacement,2025-05-13,4.0,99.01,396.04,396.04,1,5.0,1.0
CLM-42735,Franchise_NY_12,Baseboard Replacement,,40.0,90.2,3608.0,3608.0,1,,
CLM-27106,Franchise_FL_04,Dehumidifier Rental,2025-08-10,10.0,88.69,886.9,886.9,1,8.0,6.0
CLM-36882,Franchise_NY_12,Drywall Repair,,8.0,121.61,972.88,972.88,1,,
CLM-26925,Franchise_NY_12,Water Extraction,,24.0,23.35,560.4,560.4,1,,
CLM-55706,Franchise_TX_01,Drywall Repair,,47.0,94.07,4421.29,4421.29,1,,
CLM-56863,Franchise_TX_01,Dehumidifier Rental,,28.0,21.2,593.6,593.6,1,,
CLM-51223,Franchise_FL_04,Water Extraction,2025-03-12,49.0,146.3,7168.7,7168.7,1,3.0,2.0
CLM-15475,Franchise_TX_01,Baseboard Replacement - MISC,,7.0,116.95,818.65,818.65,1,,
CLM-58677,Franchise_FL_04,Antimicrobial Treatment,2025-08-06,17.0,71.38,1213.46,1031.29,0,8.0,2.0
CLM-43930,Franchise_FL_04,Dehumidifier Rental,2025-07-05,22.0,78.75,1732.5,1732.5,1,7.0,5.0
CLM-19474,Franchise_TX_01,Dehumidifier Rental,,29.0,132.83,3852.07,3023.22,0,,
CLM-12465,Franchise_NY_12,Drywall Repair,,2.0,105.45,210.9,210.9,1,,
CLM-98189,Franchise_NY_12,Drywall Repair,,23.0,109.13,2509.99,2509.99,1,,
CLM-94872,Franchise_NY_12,Dehumidifier Rental,,42.0,121.74,5113.08,2114.58,0,,
CLM-83570,Franchise_FL_04,Baseboard Replacement,2025-04-25,2.0,143.04,286.08,126.39,0,4.0,4.0
CLM-81434,Franchise_TX_01,Antimicrobial Treatment,,28.0,19.41,543.48,367.6,0,,
CLM-52888,Franchise_TX_01,Water Extraction,,4.0,141.24,564.96,564.96,1,,
CLM-19449,Franchise_NY_12,Antimicrobial Treatment,,1.0,67.32,67.32,32.15,0,,
CLM-44784,Franchise_NY_12,Baseboard Replacement,,27.0,91.79,2478.33,2478.33,1,,
CLM-81387,Franchise_FL_04,Dehumidifier Rental,2025-11-10,16.0,53.67,858.72,610.54,0,11.0,0.0
CLM-73235,Franchise_FL_04,Drywall Repair,2025-12-30,32.0,135.1,4323.2,4323.2,1,12.0,1.0
CLM-23531,Franchise_TX_01,Dehumidifier Rental,,2.0,111.09,222.18,222.18,1,,
CLM-32092,Franchise_NY_12,Baseboard Replacement,,11.0,53.25,585.75,245.6,0,,
CLM-18088,Franchise_TX_01,Drywall Repair - MISC,,24.0,18.83,451.92,451.92,1,,
CLM-51176,Franchise_TX_01,Dehumidifier Rental,,1.0,66.95,66.95,66.95,1,,
CLM-10763,Franchise_TX_01,Baseboard Replacement,,23.0,100.59,2313.57,1426.66,0,,
CLM-51104,Franchise_TX_01,Antimicrobial Treatment,,11.0,50.7,557.7,557.7,1,,
CLM-55896,Franchise_FL_04,Baseboard Replacement,2025-05-14,39.0,65.31,2547.09,1072.61,0,5.0,2.0
CLM-36022,Franchise_NY_12,Baseboard Replacement,,25.0,49.48,1237.0,883.55,0,,
CLM-71615,Franchise_FL_04,Baseboard Replacement,2025-02-03,15.0,94.27,1414.05,1414.05,1,2.0,0.0
CLM-43827,Franchise_FL_04,Water Extraction,2025-02-20,47.0,142.19,6682.93,6682.93,1,2.0,3.0
CLM-69979,Franchise_NY_12,Antimicrobial Treatment,,45.0,121.38,5462.1,2605.33,0,,
CLM-18166,Franchise_TX_01,Water Extraction,,41.0,36.11,1480.51,1480.51,1,,
CLM-21270,Franchise_FL_04,Water Extraction,2025-10-23,34.0,62.84,2136.56,2136.56,1,10.0,3.0
CLM-69080,Franchise_TX_01,Water Extraction,,26.0,146.49,3808.74,3808.74,1,,
CLM-14785,Franchise_NY_12,Drywall Repair,,38.0,103.82,3945.16,3945.16,1,,
CLM-40769,Franchise_NY_12,Drywall Repair,,46.0,107.45,4942.7,2675.98,0,,
CLM-78988,Franchise_NY_12,Baseboard Replacement,,48.0,29.84,1432.32,1432.32,1,,
CLM-26965,Franchise_TX_01,Drywall Repair,,6.0,87.63,525.78,525.78,1,,
CLM-42341,Franchise_FL_04,Antimicrobial Treatment,2025-05-24,47.0,121.1,5691.7,5691.7,1,5.0,5.0
CLM-56745,Franchise_TX_01,Drywall Repair,,6.0,59.72,358.32,207.78,0,,
CLM-77799,Franchise_FL_04,Water Extraction,2025-01-26,34.0,18.6,632.4,632.4,1,1.0,6.0
CLM-12496,Franchise_FL_04,Antimicrobial Treatment,2025-11-03,34.0,77.32,2628.88,2628.88,1,11.0,0.0
CLM-58671,Franchise_FL_04,Water Extraction,2025-08-30,6.0,36.72,220.32,161.57,0,8.0,5.0
CLM-26429,Franchise_TX_01,Water Extraction,,27.0,115.52,3119.04,2272.56,0,,
CLM-39014,Franchise_TX_01,Antimicrobial Treatment,,18.0,109.31,1967.58,1967.58,1,,
CLM-95114,Franchise_FL_04,Dehumidifier Rental,2025-01-22,25.0,70.55,1763.75,790.49,0,1.0,2.0
CLM-40150,Franchise_FL_04,Antimicrobial Treatment,2025-10-08,11.0,66.52,731.72,731.72,1,10.0,2.0
CLM-54952,Franchise_NY_12,Drywall Repair,,47.0,84.42,3967.74,3117.93,0,,
CLM-92635,Franchise_FL_04,Baseboard Replacement,2025-06-13,38.0,40.51,1539.38,1539.38,1,6.0,4.0
CLM-42592,Franchise_NY_12,Baseboard Replacement,,13.0,93.71,1218.23,1218.23,1,,
CLM-70044,Franchise_TX_01,Antimicrobial Treatment - MISC,,49.0,138.19,6771.31,6771.31,1,,
CLM-70032,Franchise_FL_04,Dehumidifier Rental,2025-03-30,24.0,35.0,840.0,655.58,0,3.0,6.0
CLM-20405,Franchise_NY_12,Baseboard Replacement,,9.0,40.83,367.47,367.47,1,,
CLM-46924,Franchise_FL_04,Antimicrobial Treatment,2025-09-13,41.0,65.68,2692.88,2692.88,1,9.0,5.0
CLM-88310,Franchise_TX_01,Drywall Repair,,50.0,31.2,1560.0,1560.0,1,,
CLM-33638,Franchise_NY_12,Water Extraction,,36.0,64.49,2321.64,1476.66,0,,
CLM-10953,Franchise_FL_04,Baseboard Replacement,2025-04-22,38.0,31.0,1178.0,893.91,0,4.0,1.0
CLM-93704,Franchise_TX_01,Dehumidifier Rental,,17.0,31.98,543.66,407.27,0,,
CLM-56663,Franchise_FL_04,Drywall Repair,2025-04-29,28.0,45.92,1285.76,1285.76,1,4.0,1.0
CLM-77359,Franchise_TX_01,Drywall Repair,,44.0,146.05,6426.2,3687.3,0,,
CLM-32753,Franchise_NY_12,Dehumidifier Rental,,18.0,84.42,1519.56,1519.56,1,,
CLM-40357,Franchise_TX_01,Drywall Repair,,27.0,103.66,2798.82,2798.82,1,,
CLM-85728,Franchise_TX_01,Water Extraction,,34.0,109.62,3727.08,3727.08,1,,
CLM-23924,Franchise_NY_12,Baseboard Replacement,,36.0,48.09,1731.24,1731.24,1,,
CLM-49294,Franchise_FL_04,Baseboard Replacement,2025-07-13,47.0,125.85,5914.95,5914.95,1,7.0,6.0
CLM-68384,Franchise_FL_04,Antimicrobial Treatment,2025-02-08,34.0,62.55,2126.7,2126.7,1,2.0,5.0
CLM-23919,Franchise_NY_12,Antimicrobial Treatment,,20.0,40.32,806.4,674.83,0,,
CLM-50766,Franchise_FL_04,Dehumidifier Rental,2025-06-29,23.0,129.1,2969.3,2969.3,1,6.0,6.0
CLM-29016,Franchise_FL_04,Drywall Repair,2025-01-18,3.0,114.85,344.55,344.55,1,1.0,5.0
CLM-23538,Franchise_NY_12,Antimicrobial Treatment,,12.0,39.41,472.92,472.92,1,,
CLM-94021,Franchise_NY_12,Dehumidifier Rental,,16.0,51.7,827.2,827.2,1,,
CLM-59233,Franchise_FL_04,Dehumidifier Rental,2025-10-18,15.0,43.46,651.9,651.9,1,10.0,5.0
CLM-68157,Franchise_TX_01,Water Extraction,,29.0,136.27,3951.83,2277.16,0,,
CLM-46526,Franchise_FL_04,Baseboard Replacement,2025-10-12,22.0,71.03,1562.66,1562.66,1,10.0,6.0
CLM-52349,Franchise_NY_12,Drywall Repair,,37.0,101.89,3769.93,3769.93,1,,
CLM-72666,Franchise_TX_01,Dehumidifier Rental,,33.0,29.87,985.71,985.71,1,,
CLM-20666,Franchise_TX_01,Baseboard Replacement,,38.0,79.21,3009.98,3009.98,1,,
CLM-87780,Franchise_FL_04,Dehumidifier Rental,2025-04-01,2.0,52.76,105.52,92.37,0,4.0,1.0
CLM-62197,Franchise_FL_04,Dehumidifier Rental,2025-02-07,7.0,33.96,237.72,166.0,0,2.0,4.0
CLM-64010,Franchise_NY_12,Drywall Repair,,35.0,49.72,1740.2,1740.2,1,,
CLM-89012,Franchise_FL_04,Baseboard Replacement,2025-08-26,39.0,87.63,3417.57,1494.04,0,8.0,1.0
CLM-21868,Franchise_FL_04,Baseboard Replacement,2025-12-20,36.0,132.19,4758.84,2584.91,0,12.0,5.0
CLM-48532,Franchise_TX_01,Drywall Repair,,8.0,70.23,561.84,561.84,1,,
CLM-65300,Franchise_NY_12,Antimicrobial Treatment,,16.0,21.03,336.48,288.6,0,,
CLM-45341,Franchise_FL_04,Baseboard Replacement,2025-09-01,38.0,145.45,5527.1,5527.1,1,9.0,0.0
CLM-27659,Franchise_NY_12,Drywall Repair,,45.0,106.28,4782.6,3428.37,0,,
CLM-94174,Franchise_TX_01,Dehumidifier Rental - MISC,,21.0,27.19,570.99,472.01,0,,
CLM-28659,Franchise_NY_12,Drywall Repair,,14.0,38.43,538.02,478.71,0,,
CLM-65835,Franchise_FL_04,Drywall Repair,2025-02-14,4.0,117.26,469.04,216.25,0,2.0,4.0
CLM-16675,Franchise_NY_12,Dehumidifier Rental,,20.0,131.45,2629.0,1311.88,0,,
CLM-76236,Franchise_NY_12,Antimicrobial Treatment,,11.0,137.89,1516.79,1182.65,0,,
CLM-77661,Franchise_FL_04,Drywall Repair,2025-08-02,7.0,127.97,895.79,387.95,0,8.0,5.0
CLM-75197,Franchise_NY_12,Water Extraction,,7.0,135.71,949.97,949.97,1,,
CLM-74103,Franchise_NY_12,Water Extraction,,39.0,102.88,4012.32,4012.32,1,,
CLM-73581,Franchise_FL_04,Baseboard Replacement,2025-10-06,32.0,95.18,3045.76,3045.76,1,10.0,0.0
CLM-68881,Franchise_FL_04,Baseboard Replacement,2025-02-06,17.0,66.92,1137.64,1137.64,1,2.0,3.0
CLM-23114,Franchise_NY_12,Drywall Repair,,36.0,104.5,3762.0,3762.0,1,,
CLM-37228,Franchise_FL_04,Antimicrobial Treatment,2025-10-31,33.0,42.3,1395.9,868.54,0,10.0,4.0
CLM-53894,Franchise_TX_01,Antimicrobial Treatment,,28.0,130.89,3664.92,3664.92,1,,
CLM-79189,Franchise_NY_12,Baseboard Replacement,,35.0,80.37,2812.95,2812.95,1,,
CLM-66571,Franchise_FL_04,Dehumidifier Rental,2025-06-08,47.0,54.02,2538.94,2538.94,1,6.0,6.0
CLM-69329,Franchise_FL_04,Dehumidifier Rental,2025-02-19,20.0,107.7,2154.0,2154.0,1,2.0,2.0
CLM-28338,Franchise_FL_04,Water Extraction,2025-02-05,24.0,65.32,1567.68,1080.55,0,2.0,2.0
CLM-32117,Franchise_TX_01,Baseboard Replacement,,25.0,25.78,644.5,644.5,1,,
CLM-15881,Franchise_TX_01,Water Extraction,,6.0,36.03,216.18,112.57,0,,
CLM-42202,Franchise_TX_01,Dehumidifier Rental - MISC,,9.0,130.64,1175.76,561.25,0,,
CLM-96011,Franchise_NY_12,Dehumidifier Rental,,5.0,95.77,478.85,478.85,1,,
CLM-45721,Franchise_NY_12,Antimicrobial Treatment,,19.0,28.69,545.11,545.11,1,,
CLM-23705,Franchise_TX_01,Antimicrobial Treatment,,43.0,62.46,2685.78,2685.78,1,,
CLM-29091,Franchise_TX_01,Dehumidifier Rental,,12.0,27.1,325.2,272.3,0,,
CLM-55608,Franchise_NY_12,Antimicrobial Treatment,,3.0,75.51,226.53,226.53,1,,
CLM-55537,Franchise_TX_01,Baseboard Replacement,,27.0,65.39,1765.53,768.11,0,,
CLM-32598,Franchise_FL_04,Drywall Repair,2025-03-30,31.0,136.61,4234.91,3505.78,0,3.0,6.0
CLM-24792,Franchise_TX_01,Baseboard Replacement - MISC,,26.0,147.66,3839.16,3839.16,1,,
CLM-49519,Franchise_NY_12,Baseboard Replacement,,34.0,42.14,1432.76,1432.76,1,,
CLM-61034,Franchise_FL_04,Baseboard Replacement,2025-07-26,46.0,50.61,2328.06,1334.48,0,7.0,5.0
CLM-60705,Franchise_NY_12,Antimicrobial Treatment,,48.0,91.19,4377.12,4377.12,1,,
CLM-38859,Franchise_FL_04,Baseboard Replacement,2025-10-17,1.0,91.43,91.43,64.81,0,10.0,4.0
CLM-41428,Franchise_TX_01,Drywall Repair,,36.0,21.46,772.56,522.84,0,,
CLM-76692,Franchise_NY_12,Drywall Repair,,34.0,112.84,3836.56,3836.56,1,,
CLM-75900,Franchise_NY_12,Antimicrobial Treatment,,5.0,72.1,360.5,360.5,1,,
CLM-74627,Franchise_NY_12,Antimicrobial Treatment,,6.0,67.66,405.96,405.96,1,,
CLM-45066,Franchise_NY_12,Dehumidifier Rental,,45.0,132.98,5984.1,5984.1,1,,
CLM-35497,Franchise_NY_12,Baseboard Replacement,,37.0,130.59,4831.83,4831.83,1,,
CLM-19815,Franchise_FL_04,Drywall Repair,2025-10-29,41.0,44.83,1838.03,772.78,0,10.0,2.0
CLM-37632,Franchise_NY_12,Water Extraction,,39.0,81.2,3166.8,3166.8,1,,
CLM-44973,Franchise_NY_12,Baseboard Replacement,,33.0,102.1,3369.3,2018.07,0,,
CLM-19831,Franchise_NY_12,Drywall Repair,,21.0,110.94,2329.74,1394.22,0,,
CLM-26029,Franchise_NY_12,Antimicrobial Treatment,,14.0,52.42,733.88,733.88,1,,
CLM-93255,Franchise_FL_04,Antimicrobial Treatment,2025-09-29,44.0,85.92,3780.48,1820.26,0,9.0,0.0
CLM-36976,Franchise_TX_01,Antimicrobial Treatment,,24.0,91.71,2201.04,2201.04,1,,
CLM-12227,Franchise_FL_04,Antimicrobial Treatment,2025-07-12,7.0,76.67,536.69,303.05,0,7.0,5.0
CLM-16454,Franchise_TX_01,Drywall Repair,,13.0,48.03,624.39,624.39,1,,
CLM-97567,Franchise_TX_01,Water Extraction,,35.0,144.82,5068.7,2376.9,0,,
CLM-40637,Franchise_TX_01,Baseboard Replacement,,41.0,107.88,4423.08,4423.08,1,,
CLM-33012,Franchise_FL_04,Antimicrobial Treatment,2025-09-15,10.0,41.65,416.5,300.95,0,9.0,0.0
CLM-95702,Franchise_NY_12,Baseboard Replacement,,40.0,56.36,2254.4,2254.4,1,,
CLM-34339,Franchise_TX_01,Drywall Repair,,46.0,102.47,4713.62,3108.87,0,,
CLM-85267,Franchise_TX_01,Water Extraction,,26.0,87.55,2276.3,1917.29,0,,
CLM-86997,Franchise_TX_01,Antimicrobial Treatment,,36.0,84.92,3057.12,1875.88,0,,
CLM-18836,Franchise_NY_12,Drywall Repair,,17.0,136.91,2327.47,2327.47,1,,
CLM-58435,Franchise_TX_01,Water Extraction,,32.0,75.05,2401.6,2401.6,1,,
CLM-97660,Franchise_NY_12,Dehumidifier Rental,,20.0,121.37,2427.4,2427.4,1,,
CLM-60048,Franchise_NY_12,Antimicrobial Treatment,,6.0,44.05,264.3,264.3,1,,
CLM-40047,Franchise_TX_01,Antimicrobial Treatment,,24.0,17.67,424.08,225.28,0,,
CLM-74040,Franchise_NY_12,Drywall Repair,,25.0,138.16,3454.0,1983.97,0,,
CLM-38053,Franchise_FL_04,Baseboard Replacement,2025-05-01,2.0,125.6,251.2,124.2,0,5.0,3.0
CLM-92495,Franchise_NY_12,Drywall Repair,,18.0,92.48,1664.64,1141.09,0,,
CLM-77661,Franchise_TX_01,Dehumidifier Rental,,19.0,128.44,2440.36,2440.36,1,,
CLM-47082,Franchise_FL_04,Dehumidifier Rental,2025-05-26,8.0,85.71,685.68,462.65,0,5.0,0.0
CLM-21470,Franchise_FL_04,Dehumidifier Rental,2025-01-03,5.0,99.48,497.4,270.3,0,1.0,4.0
CLM-45921,Franchise_TX_01,Water Extraction - MISC,,14.0,104.54,1463.56,1463.56,1,,
CLM-44731,Franchise_NY_12,Drywall Repair,,41.0,86.99,3566.59,1497.49,0,,
CLM-79018,Franchise_NY_12,Antimicrobial Treatment,,4.0,82.39,329.56,329.56,1,,
CLM-55334,Franchise_NY_12,Dehumidifier Rental,,34.0,45.94,1561.96,1561.96,1,,
CLM-99868,Franchise_FL_04,Drywall Repair,2025-09-20,33.0,15.34,506.22,506.22,1,9.0,5.0
CLM-28353,Franchise_NY_12,Baseboard Replacement,,31.0,148.9,4615.9,3452.9,0,,
CLM-65597,Franchise_NY_12,Drywall Repair,,46.0,43.98,2023.08,2023.08,1,,
CLM-47443,Franchise_TX_01,Water Extraction,,40.0,58.83,2353.2,2353.2,1,,
CLM-45617,Franchise_FL_04,Antimicrobial Treatment,2025-10-02,39.0,114.0,4446.0,2934.93,0,10.0,3.0
CLM-52616,Franchise_TX_01,Dehumidifier Rental - MISC,,38.0,149.68,5687.84,5687.84,1,,
CLM-92089,Franchise_NY_12,Antimicrobial Treatment,,35.0,37.35,1307.25,1307.25,1,,
CLM-46699,Franchise_NY_12,Drywall Repair,,37.0,52.2,1931.4,1931.4,1,,
CLM-99693,Franchise_FL_04,Water Extraction,2025-10-05,12.0,149.77,1797.24,735.58,0,10.0,6.0
CLM-97083,Franchise_TX_01,Drywall Repair,,11.0,40.55,446.05,446.05,1,,
CLM-43468,Franchise_NY_12,Dehumidifier Rental,,19.0,44.27,841.13,841.13,1,,
CLM-11246,Franchise_NY_12,Baseboard Replacement,,48.0,110.44,5301.12,3960.95,0,,
CLM-55947,Franchise_TX_01,Dehumidifier Rental - MISC,,46.0,55.34,2545.64,2545.64,1,,
CLM-22497,Franchise_NY_12,Drywall Repair,,43.0,127.66,5489.38,5489.38,1,,
CLM-94196,Franchise_TX_01,Antimicrobial Treatment,,23.0,118.15,2717.45,2717.45,1,,
CLM-17638,Franchise_TX_01,Dehumidifier Rental,,36.0,40.91,1472.76,613.36,0,,
CLM-35638,Franchise_NY_12,Water Extraction,,24.0,97.98,2351.52,2351.52,1,,
CLM-73411,Franchise_FL_04,Antimicrobial Treatment,2025-11-25,25.0,124.48,3112.0,3112.0,1,11.0,1.0
CLM-65036,Franchise_NY_12,Water Extraction,,23.0,101.78,2340.94,2078.5,0,,
CLM-20288,Franchise_FL_04,Baseboard Replacement,2025-06-17,27.0,28.3,764.1,764.1,1,6.0,1.0
CLM-23911,Franchise_TX_01,Dehumidifier Rental,,24.0,15.8,379.2,379.2,1,,
CLM-69618,Franchise_TX_01,Dehumidifier Rental,,11.0,46.75,514.25,514.25,1,,
CLM-41184,Franchise_TX_01,Baseboard Replacement,,20.0,138.52,2770.4,2770.4,1,,
CLM-84484,Franchise_TX_01,Dehumidifier Rental,,7.0,70.25,491.75,290.82,0,,
CLM-16023,Franchise_NY_12,Antimicrobial Treatment,,40.0,134.9,5396.0,5396.0,1,,
CLM-60437,Franchise_TX_01,Baseboard Replacement,,41.0,65.15,2671.15,2671.15,1,,
CLM-79036,Franchise_FL_04,Drywall Repair,2025-05-06,41.0,65.01,2665.41,2665.41,1,5.0,1.0
CLM-12218,Franchise_TX_01,Baseboard Replacement,,41.0,142.13,5827.33,4619.88,0,,
CLM-41351,Franchise_TX_01,Dehumidifier Rental,,45.0,136.09,6124.05,6124.05,1,,
CLM-97993,Franchise_NY_12,Drywall Repair,,33.0,103.85,3427.05,3427.05,1,,
CLM-98894,Franchise_FL_04,Antimicrobial Treatment,2025-10-17,12.0,36.39,436.68,205.52,0,10.0,4.0
CLM-78592,Franchise_NY_12,Baseboard Replacement,,19.0,61.52,1168.88,993.62,0,,
CLM-70738,Franchise_NY_12,Drywall Repair,,10.0,144.91,1449.1,1449.1,1,,
CLM-51276,Franchise_FL_04,Dehumidifier Rental,2025-03-25,33.0,121.72,4016.76,4016.76,1,3.0,1.0
CLM-76899,Franchise_NY_12,Baseboard Replacement,,35.0,64.39,2253.65,1475.03,0,,
CLM-99398,Franchise_TX_01,Dehumidifier Rental,,12.0,122.05,1464.6,1005.81,0,,
CLM-41521,Franchise_NY_12,Dehumidifier Rental,,2.0,65.75,131.5,131.5,1,,
CLM-51652,Franchise_NY_12,Dehumidifier Rental,,22.0,55.76,1226.72,850.59,0,,
CLM-13670,Franchise_TX_01,Dehumidifier Rental - MISC,,20.0,105.91,2118.2,1418.09,0,,
CLM-33124,Franchise_TX_01,Antimicrobial Treatment,,24.0,128.53,3084.72,3084.72,1,,
CLM-78310,Franchise_FL_04,Baseboard Replacement,2025-08-20,19.0,68.13,1294.47,1294.47,1,8.0,2.0
CLM-41689,Franchise_TX_01,Drywall Repair,,3.0,26.11,78.33,78.33,1,,
CLM-63227,Franchise_NY_12,Water Extraction,,30.0,115.17,3455.1,3455.1,1,,
CLM-66027,Franchise_FL_04,Water Extraction,2025-02-11,39.0,91.56,3570.84,3570.84,1,2.0,1.0
CLM-57359,Franchise_FL_04,Antimicrobial Treatment,2025-12-22,36.0,120.84,4350.24,4350.24,1,12.0,0.0
CLM-39272,Franchise_TX_01,Antimicrobial Treatment - MISC,,15.0,31.12,466.8,466.8,1,,
CLM-80560,Franchise_TX_01,Baseboard Replacement,,37.0,23.98,887.26,497.9,0,,
CLM-24844,Franchise_TX_01,Dehumidifier Rental,,46.0,119.41,5492.86,4034.9,0,,
CLM-98509,Franchise_NY_12,Water Extraction,,5.0,104.91,524.55,524.55,1,,
CLM-88060,Franchise_TX_01,Water Extraction - MISC,,7.0,144.96,1014.72,726.61,0,,
CLM-16291,Franchise_FL_04,Water Extraction,2025-04-23,23.0,16.79,386.17,183.8,0,4.0,2.0
CLM-54485,Franchise_FL_04,Antimicrobial Treatment,2025-09-26,21.0,26.71,560.91,297.09,0,9.0,4.0
CLM-97921,Franchise_NY_12,Baseboard Replacement,,29.0,124.06,3597.74,3597.74,1,,
CLM-75626,Franchise_TX_01,Antimicrobial Treatment,,40.0,94.09,3763.6,3763.6,1,,
CLM-96014,Franchise_TX_01,Antimicrobial Treatment,,38.0,93.98,3571.24,3571.24,1,,
CLM-92483,Franchise_TX_01,Antimicrobial Treatment,,3.0,33.21,99.63,79.01,0,,
CLM-62521,Franchise_TX_01,Water Extraction - MISC,,41.0,33.12,1357.92,1357.92,1,,
CLM-77412,Franchise_FL_04,Antimicrobial Treatment,2025-08-08,39.0,91.53,3569.67,3569.67,1,8.0,4.0
CLM-40437,Franchise_TX_01,Dehumidifier Rental,,42.0,31.04,1303.68,1036.58,0,,
CLM-56998,Franchise_TX_01,Antimicrobial Treatment,,10.0,102.31,1023.1,1023.1,1,,
CLM-32890,Franchise_NY_12,Drywall Repair,,29.0,49.88,1446.52,1446.52,1,,
CLM-42735,Franchise_FL_04,Baseboard Replacement,2025-05-03,40.0,27.14,1085.6,467.08,0,5.0,5.0
CLM-41033,Franchise_FL_04,Antimicrobial Treatment,2025-05-02,5.0,97.08,485.4,298.85,0,5.0,4.0
CLM-43553,Franchise_TX_01,Water Extraction,,2.0,46.25,92.5,38.63,0,,
CLM-39196,Franchise_NY_12,Antimicrobial Treatment,,19.0,106.51,2023.69,1558.55,0,,
CLM-28605,Franchise_NY_12,Antimicrobial Treatment,,34.0,19.63,667.42,667.42,1,,
CLM-86656,Franchise_NY_12,Water Extraction,,32.0,52.32,1674.24,1181.0,0,,
CLM-56326,Franchise_NY_12,Dehumidifier Rental,,33.0,92.02,3036.66,2380.73,0,,
CLM-46403,Franchise_NY_12,Baseboard Replacement,,45.0,98.01,4410.45,2837.2,0,,
CLM-80369,Franchise_TX_01,Drywall Repair,,9.0,46.33,416.97,416.97,1,,
CLM-24928,Franchise_TX_01,Dehumidifier Rental,,19.0,24.5,465.5,465.5,1,,
CLM-64721,Franchise_TX_01,Antimicrobial Treatment - MISC,,50.0,103.51,5175.5,4161.05,0,,
CLM-15129,Franchise_TX_01,Dehumidifier Rental,,10.0,70.56,705.6,705.6,1,,
CLM-68048,Franchise_FL_04,Antimicrobial Treatment,2025-04-20,45.0,63.97,2878.65,2878.65,1,4.0,6.0
CLM-88603,Franchise_TX_01,Baseboard Replacement,,32.0,80.36,2571.52,2236.31,0,,
CLM-74039,Franchise_TX_01,Dehumidifier Rental - MISC,,26.0,116.28,3023.28,2303.66,0,,
CLM-94612,Franchise_FL_04,Water Extraction,2025-06-18,41.0,47.11,1931.51,1931.51,1,6.0,2.0
CLM-75126,Franchise_FL_04,Drywall Repair,2025-10-24,42.0,65.89,2767.38,2244.38,0,10.0,4.0
CLM-48290,Franchise_NY_12,Baseboard Replacement,,46.0,94.17,4331.82,4331.82,1,,
CLM-27271,Franchise_FL_04,Dehumidifier Rental,2025-02-18,36.0,91.1,3279.6,1347.71,0,2.0,1.0
CLM-65982,Franchise_FL_04,Dehumidifier Rental,2025-08-02,44.0,108.58,4777.52,4777.52,1,8.0,5.0
CLM-82822,Franchise_FL_04,Water Extraction,2025-06-29,2.0,124.19,248.38,248.38,1,6.0,6.0
CLM-21219,Franchise_TX_01,Dehumidifier Rental - MISC,,45.0,109.25,4916.25,4916.25,1,,
CLM-64988,Franchise_NY_12,Dehumidifier Rental,,15.0,42.69,640.35,490.79,0,,
CLM-53214,Franchise_FL_04,Drywall Repair,2025-01-28,31.0,60.16,1864.96,1129.14,0,1.0,1.0
CLM-55561,Franchise_FL_04,Antimicrobial Treatment,2025-09-21,7.0,98.37,688.59,688.59,1,9.0,6.0
CLM-53178,Franchise_NY_12,Dehumidifier Rental,,50.0,143.04,7152.0,4364.34,0,,
CLM-51686,Franchise_FL_04,Drywall Repair,2025-04-24,15.0,15.82,237.3,140.49,0,4.0,3.0
CLM-43220,Franchise_FL_04,Baseboard Replacement,2025-09-26,3.0,42.55,127.65,127.65,1,9.0,4.0
CLM-19470,Franchise_NY_12,Baseboard Replacement,,45.0,125.88,5664.6,5664.6,1,,
CLM-54082,Franchise_TX_01,Baseboard Replacement,,47.0,88.56,4162.32,4162.32,1,,
CLM-83789,Franchise_TX_01,Water Extraction,,29.0,100.03,2900.87,1256.46,0,,
CLM-79344,Franchise_NY_12,Antimicrobial Treatment,,3.0,64.71,194.13,194.13,1,,
CLM-58265,Franchise_FL_04,Drywall Repair,2025-09-13,7.0,117.49,822.43,585.23,0,9.0,5.0
CLM-49830,Franchise_NY_12,Baseboard Replacement,,11.0,143.98,1583.78,1583.78,1,,
CLM-53570,Franchise_NY_12,Dehumidifier Rental,,40.0,102.75,4110.0,4110.0,1,,
CLM-48623,Franchise_NY_12,Baseboard Replacement,,7.0,77.79,544.53,411.32,0,,
CLM-37070,Franchise_NY_12,Dehumidifier Rental,,15.0,30.03,450.45,450.45,1,,
CLM-60697,Franchise_FL_04,Water Extraction,2025-11-10,26.0,21.56,560.56,560.56,1,11.0,0.0
CLM-31880,Franchise_NY_12,Water Extraction,,23.0,125.71,2891.33,1583.16,0,,
CLM-70430,Franchise_FL_04,Antimicrobial Treatment,2025-11-23,11.0,40.45,444.95,444.95,1,11.0,6.0
CLM-17953,Franchise_NY_12,Antimicrobial Treatment,,6.0,83.54,501.24,501.24,1,,
CLM-71962,Franchise_FL_04,Antimicrobial Treatment,2025-09-24,45.0,72.94,3282.3,3282.3,1,9.0,2.0
CLM-90544,Franchise_TX_01,Water Extraction,,26.0,86.0,2236.0,2236.0,1,,
CLM-31221,Franchise_NY_12,Antimicrobial Treatment,,16.0,95.82,1533.12,997.18,0,,
CLM-59395,Franchise_TX_01,Baseboard Replacement,,42.0,59.57,2501.94,1772.69,0,,
CLM-77352,Franchise_FL_04,Drywall Repair,2025-04-01,7.0,82.91,580.37,580.37,1,4.0,1.0
CLM-70193,Franchise_FL_04,Water Extraction,2025-12-14,47.0,106.14,4988.58,4988.58,1,12.0,6.0
CLM-18083,Franchise_FL_04,Drywall Repair,2025-10-20,32.0,25.42,813.44,535.7,0,10.0,0.0
CLM-94457,Franchise_FL_04,Antimicrobial Treatment,2025-03-01,8.0,42.89,343.12,281.91,0,3.0,5.0
CLM-80991,Franchise_FL_04,Baseboard Replacement,2025-03-24,38.0,91.83,3489.54,2418.92,0,3.0,0.0
CLM-33115,Franchise_TX_01,Water Extraction,,31.0,70.81,2195.11,2195.11,1,,
CLM-85595,Franchise_TX_01,Drywall Repair,,38.0,16.65,632.7,632.7,1,,
CLM-93050,Franchise_TX_01,Dehumidifier Rental,,7.0,92.27,645.89,407.39,0,,
CLM-86937,Franchise_TX_01,Dehumidifier Rental,,12.0,118.15,1417.8,1417.8,1,,
CLM-79548,Franchise_FL_04,Water Extraction,2025-08-11,9.0,34.55,310.95,310.95,1,8.0,0.0
CLM-61243,Franchise_NY_12,Drywall Repair,,42.0,81.01,3402.42,1450.73,0,,
CLM-22923,Franchise_TX_01,Baseboard Replacement - MISC,,26.0,51.03,1326.78,1121.08,0,,
CLM-90746,Franchise_NY_12,Antimicrobial Treatment,,40.0,135.05,5402.0,5402.0,1,,
CLM-17039,Franchise_TX_01,Drywall Repair - MISC,,47.0,139.07,6536.29,5516.82,0,,
CLM-46474,Franchise_TX_01,Antimicrobial Treatment,,17.0,87.46,1486.82,684.38,0,,
CLM-51001,Franchise_TX_01,Baseboard Replacement - MISC,,15.0,65.39,980.85,657.87,0,,
CLM-34593,Franchise_NY_12,Baseboard Replacement,,48.0,52.78,2533.44,1131.38,0,,
CLM-82556,Franchise_NY_12,Water Extraction,,12.0,48.9,586.8,586.8,1,,
CLM-78946,Franchise_TX_01,Dehumidifier Rental,,15.0,66.2,993.0,993.0,1,,
CLM-92641,Franchise_TX_01,Drywall Repair,,18.0,93.58,1684.44,1684.44,1,,
CLM-11510,Franchise_NY_12,Drywall Repair,,45.0,122.05,5492.25,5492.25,1,,
CLM-25562,Franchise_FL_04,Drywall Repair,2025-10-19,39.0,77.7,3030.3,2300.7,0,10.0,6.0
CLM-71595,Franchise_TX_01,Dehumidifier Rental,,12.0,93.13,1117.56,508.4,0,,
CLM-39028,Franchise_TX_01,Drywall Repair,,17.0,40.8,693.6,693.6,1,,
CLM-29075,Franchise_FL_04,Antimicrobial Treatment,2025-03-18,9.0,44.71,402.39,402.39,1,3.0,1.0
CLM-96011,Franchise_TX_01,Antimicrobial Treatment,,42.0,79.61,3343.62,2672.76,0,,
CLM-76139,Franchise_NY_12,Baseboard Replacement,,42.0,27.42,1151.64,633.65,0,,
CLM-21759,Franchise_NY_12,Drywall Repair,,32.0,38.7,1238.4,1062.2,0,,
CLM-11914,Franchise_NY_12,Antimicrobial Treatment,,27.0,84.17,2272.59,973.47,0,,
CLM-28642,Franchise_NY_12,Baseboard Replacement,,25.0,36.98,924.5,924.5,1,,
CLM-63594,Franchise_NY_12,Antimicrobial Treatment,,5.0,91.17,455.85,455.85,1,,
CLM-84404,Franchise_NY_12,Water Extraction,,30.0,30.11,903.3,524.57,0,,
CLM-51254,Franchise_FL_04,Antimicrobial Treatment,2025-03-07,41.0,102.43,4199.63,1831.6,0,3.0,4.0
CLM-17054,Franchise_NY_12,Antimicrobial Treatment,,35.0,63.38,2218.3,2218.3,1,,
CLM-61516,Franchise_FL_04,Baseboard Replacement,2025-09-02,35.0,30.0,1050.0,1050.0,1,9.0,1.0
CLM-36414,Franchise_NY_12,Drywall Repair,,1.0,109.17,109.17,109.17,1,,
CLM-42968,Franchise_TX_01,Baseboard Replacement - MISC,,23.0,131.66,3028.18,3028.18,1,,
CLM-70469,Franchise_TX_01,Drywall Repair - MISC,,2.0,135.32,270.64,211.93,0,,
CLM-88832,Franchise_TX_01,Baseboard Replacement - MISC,,22.0,127.79,2811.38,2811.38,1,,
CLM-55096,Franchise_NY_12,Baseboard Replacement,,38.0,128.68,4889.84,2284.49,0,,
CLM-73907,Franchise_TX_01,Water Extraction,,9.0,47.77,429.93,429.93,1,,
CLM-27136,Franchise_NY_12,Dehumidifier Rental,,2.0,47.47,94.94,49.17,0,,
CLM-49950,Franchise_TX_01,Drywall Repair - MISC,,27.0,95.89,2589.03,2068.94,0,,
CLM-74186,Franchise_TX_01,Drywall Repair,,6.0,47.31,283.86,283.86,1,,
CLM-87648,Franchise_FL_04,Water Extraction,2025-09-11,32.0,120.93,3869.76,1642.33,0,9.0,3.0
CLM-54333,Franchise_TX_01,Water Extraction - MISC,,7.0,125.11,875.77,875.77,1,,
CLM-12744,Franchise_NY_12,Dehumidifier Rental,,32.0,71.22,2279.04,1937.46,0,,
CLM-57196,Franchise_NY_12,Baseboard Replacement,,18.0,127.88,2301.84,1627.35,0,,
CLM-30542,Franchise_NY_12,Dehumidifier Rental,,2.0,86.44,172.88,96.18,0,,
CLM-75964,Franchise_TX_01,Dehumidifier Rental,,36.0,80.17,2886.12,1884.35,0,,
CLM-89514,Franchise_NY_12,Water Extraction,,50.0,70.75,3537.5,3537.5,1,,
CLM-18114,Franchise_TX_01,Baseboard Replacement,,48.0,22.28,1069.44,555.71,0,,
CLM-20545,Franchise_FL_04,Antimicrobial Treatment,2025-02-16,21.0,32.97,692.37,692.37,1,2.0,6.0
CLM-46806,Franchise_FL_04,Antimicrobial Treatment,2025-01-08,38.0,98.28,3734.64,3734.64,1,1.0,2.0
CLM-59901,Franchise_TX_01,Antimicrobial Treatment,,10.0,145.2,1452.0,1452.0,1,,
CLM-48886,Franchise_NY_12,Dehumidifier Rental,,1.0,102.91,102.91,77.44,0,,
CLM-64536,Franchise_FL_04,Water Extraction,2025-10-01,48.0,60.88,2922.24,2922.24,1,10.0,2.0
CLM-42643,Franchise_FL_04,Antimicrobial Treatment,2025-09-29,29.0,26.25,761.25,680.29,0,9.0,0.0
CLM-35187,Franchise_FL_04,Drywall Repair,2025-02-26,1.0,39.24,39.24,34.39,0,2.0,2.0
CLM-57650,Franchise_TX_01,Antimicrobial Treatment,,30.0,45.55,1366.5,1366.5,1,,
CLM-34564,Franchise_TX_01,Baseboard Replacement,,45.0,45.14,2031.3,1733.56,0,,
CLM-95444,Franchise_TX_01,Water Extraction,,2.0,131.28,262.56,262.56,1,,
CLM-36004,Franchise_TX_01,Water Extraction,,11.0,104.62,1150.82,1150.82,1,,
CLM-92118,Franchise_NY_12,Dehumidifier Rental,,8.0,146.4,1171.2,1171.2,1,,
CLM-72222,Franchise_NY_12,Dehumidifier Rental,,26.0,92.91,2415.66,1774.6,0,,
CLM-45475,Franchise_NY_12,Drywall Repair,,9.0,87.42,786.78,786.78,1,,
CLM-51194,Franchise_FL_04,Antimicrobial Treatment,2025-07-02,47.0,110.38,5187.86,3677.03,0,7.0,2.0
CLM-66260,Franchise_TX_01,Water Extraction,,40.0,34.01,1360.4,1360.4,1,,
CLM-34477,Franchise_FL_04,Antimicrobial Treatment,2025-08-29,14.0,23.16,324.24,255.39,0,8.0,4.0
CLM-75946,Franchise_NY_12,Drywall Repair,,24.0,119.0,2856.0,2021.44,0,,
CLM-83316,Franchise_FL_04,Water Extraction,2025-03-24,4.0,127.71,510.84,510.84,1,3.0,0.0
CLM-85321,Franchise_NY_12,Antimicrobial Treatment,,46.0,49.82,2291.72,2291.72,1,,
CLM-74963,Franchise_FL_04,Drywall Repair,2025-07-23,45.0,26.36,1186.2,1186.2,1,7.0,2.0
CLM-52488,Franchise_TX_01,Baseboard Replacement,,12.0,93.13,1117.56,1117.56,1,,
CLM-41891,Franchise_NY_12,Antimicrobial Treatment,,35.0,100.04,3501.4,3501.4,1,,
CLM-74282,Franchise_TX_01,Baseboard Replacement,,31.0,55.41,1717.71,1136.96,0,,
CLM-69605,Franchise_NY_12,Drywall Repair,,50.0,56.15,2807.5,2807.5,1,,
CLM-38401,Franchise_FL_04,Drywall Repair,2025-03-03,16.0,137.53,2200.48,1823.98,0,3.0,0.0
CLM-59907,Franchise_TX_01,Antimicrobial Treatment,,15.0,124.25,1863.75,1863.75,1,,
CLM-49911,Franchise_TX_01,Dehumidifier Rental,,42.0,102.79,4317.18,3005.86,0,,
CLM-93550,Franchise_NY_12,Baseboard Replacement,,37.0,109.76,4061.12,4061.12,1,,
CLM-37414,Franchise_TX_01,Water Extraction,,32.0,91.17,2917.44,1616.99,0,,
CLM-37538,Franchise_NY_12,Antimicrobial Treatment,,16.0,144.88,2318.08,2318.08,1,,
CLM-68094,Franchise_FL_04,Dehumidifier Rental,2025-02-18,24.0,120.46,2891.04,2891.04,1,2.0,1.0
CLM-35385,Franchise_NY_12,Water Extraction,,2.0,77.7,155.4,155.4,1,,
CLM-38710,Franchise_NY_12,Dehumidifier Rental,,41.0,45.12,1849.92,1238.81,0,,
CLM-72039,Franchise_FL_04,Water Extraction,2025-10-01,24.0,38.84,932.16,932.16,1,10.0,2.0
CLM-12990,Franchise_FL_04,Drywall Repair,2025-10-19,6.0,78.36,470.16,470.16,1,10.0,6.0
CLM-79444,Franchise_FL_04,Water Extraction,2025-12-23,37.0,131.94,4881.78,3072.33,0,12.0,1.0
CLM-53148,Franchise_TX_01,Baseboard Replacement,,18.0,109.41,1969.38,1969.38,1,,
CLM-58036,Franchise_TX_01,Water Extraction,,3.0,59.28,177.84,177.84,1,,
CLM-65258,Franchise_TX_01,Baseboard Replacement,,43.0,34.14,1468.02,1468.02,1,,
CLM-85715,Franchise_TX_01,Water Extraction,,4.0,142.22,568.88,568.88,1,,
CLM-32295,Franchise_NY_12,Water Extraction,,18.0,103.56,1864.08,1864.08,1,,
CLM-57080,Franchise_FL_04,Drywall Repair,2025-12-21,7.0,76.98,538.86,538.86,1,12.0,6.0
CLM-99588,Franchise_NY_12,Dehumidifier Rental,,29.0,101.55,2944.95,2252.13,0,,
CLM-78642,Franchise_TX_01,Baseboard Replacement,,47.0,86.71,4075.37,4075.37,1,,
CLM-50265,Franchise_NY_12,Drywall Repair,,15.0,123.81,1857.15,1857.15,1,,
CLM-90893,Franchise_FL_04,Baseboard Replacement,2025-06-18,49.0,47.76,2340.24,2340.24,1,6.0,2.0
CLM-22962,Franchise_TX_01,Drywall Repair,,37.0,16.01,592.37,592.37,1,,
CLM-49379,Franchise_FL_04,Baseboard Replacement,2025-08-20,4.0,30.46,121.84,121.84,1,8.0,2.0
CLM-89736,Franchise_TX_01,Baseboard Replacement,,46.0,108.45,4988.7,4988.7,1,,
CLM-30615,Franchise_NY_12,Drywall Repair,,32.0,50.35,1611.2,1611.2,1,,
CLM-66143,Franchise_TX_01,Antimicrobial Treatment,,5.0,74.95,374.75,320.69,0,,
CLM-52348,Franchise_NY_12,Water Extraction,,10.0,39.01,390.1,237.27,0,,
CLM-37653,Franchise_TX_01,Dehumidifier Rental,,23.0,26.87,618.01,518.27,0,,
CLM-75841,Franchise_FL_04,Baseboard Replacement,2025-05-10,39.0,135.67,5291.13,5291.13,1,5.0,5.0
CLM-99231,Franchise_FL_04,Dehumidifier Rental,2025-09-27,28.0,117.01,3276.28,2293.76,0,9.0,5.0
CLM-58062,Franchise_NY_12,Water Extraction,,25.0,119.95,2998.75,2187.39,0,,
CLM-89714,Franchise_TX_01,Drywall Repair - MISC,,1.0,128.18,128.18,91.43,0,,
CLM-49069,Franchise_FL_04,Baseboard Replacement,2025-11-14,41.0,103.78,4254.98,4254.98,1,11.0,4.0
CLM-72629,Franchise_NY_12,Antimicrobial Treatment,,3.0,146.08,438.24,438.24,1,,
CLM-76663,Franchise_NY_12,Antimicrobial Treatment,,19.0,115.29,2190.51,1589.54,0,,
CLM-99272,Franchise_FL_04,Drywall Repair,2025-12-04,14.0,43.64,610.96,545.68,0,12.0,3.0
CLM-16816,Franchise_TX_01,Dehumidifier Rental,,19.0,138.7,2635.3,2635.3,1,,
CLM-76468,Franchise_NY_12,Water Extraction,,9.0,16.35,147.15,99.66,0,,
CLM-48997,Franchise_FL_04,Baseboard Replacement,2025-06-22,2.0,20.63,41.26,41.26,1,6.0,6.0
CLM-13400,Franchise_TX_01,Water Extraction,,32.0,129.98,4159.36,4159.36,1,,
CLM-85098,Franchise_NY_12,Antimicrobial Treatment,,11.0,23.6,259.6,259.6,1,,
CLM-60222,Franchise_FL_04,Dehumidifier Rental,2025-10-18,26.0,116.62,3032.12,1641.67,0,10.0,5.0
CLM-13984,Franchise_FL_04,Dehumidifier Rental,2025-04-28,13.0,32.63,424.19,424.19,1,4.0,0.0
CLM-23866,Franchise_TX_01,Drywall Repair - MISC,,48.0,146.02,7008.96,7008.96,1,,
CLM-14220,Franchise_NY_12,Baseboard Replacement,,50.0,103.85,5192.5,3895.78,0,,
CLM-34851,Franchise_NY_12,Antimicrobial Treatment,,9.0,128.26,1154.34,733.88,0,,
CLM-97058,Franchise_FL_04,Antimicrobial Treatment,2025-02-02,40.0,29.78,1191.2,608.17,0,2.0,6.0
CLM-11724,Franchise_FL_04,Dehumidifier Rental,2025-01-10,37.0,50.84,1881.08,1385.81,0,1.0,4.0
CLM-26666,Franchise_FL_04,Baseboard Replacement,2025-02-10,21.0,81.97,1721.37,1721.37,1,2.0,0.0
CLM-64864,Franchise_TX_01,Drywall Repair,,48.0,93.75,4500.0,2523.21,0,,
CLM-95921,Franchise_NY_12,Drywall Repair,,5.0,53.0,265.0,265.0,1,,
CLM-80593,Franchise_FL_04,Drywall Repair,2025-08-14,15.0,31.7,475.5,230.51,0,8.0,3.0
CLM-84407,Franchise_TX_01,Baseboard Replacement,,12.0,146.69,1760.28,806.4,0,,
CLM-30733,Franchise_TX_01,Water Extraction - MISC,,43.0,78.65,3381.95,3381.95,1,,
CLM-66829,Franchise_NY_12,Water Extraction,,33.0,125.74,4149.42,4149.42,1,,
CLM-17630,Franchise_NY_12,Antimicrobial Treatment,,39.0,147.56,5754.84,5754.84,1,,
CLM-83521,Franchise_TX_01,Dehumidifier Rental,,33.0,46.63,1538.79,1538.79,1,,
CLM-46198,Franchise_TX_01,Drywall Repair,,25.0,19.32,483.0,424.88,0,,
CLM-39882,Franchise_TX_01,Water Extraction,,3.0,112.3,336.9,193.8,0,,
CLM-61932,Franchise_FL_04,Antimicrobial Treatment,2025-07-22,47.0,17.8,836.6,678.16,0,7.0,1.0
CLM-33183,Franchise_TX_01,Dehumidifier Rental - MISC,,43.0,88.59,3809.37,3809.37,1,,
CLM-13592,Franchise_TX_01,Baseboard Replacement - MISC,,29.0,59.08,1713.32,1713.32,1,,
CLM-99551,Franchise_TX_01,Water Extraction - MISC,,20.0,44.83,896.6,896.6,1,,
CLM-61535,Franchise_FL_04,Antimicrobial Treatment,2025-01-20,48.0,142.51,6840.48,6840.48,1,1.0,0.0
CLM-18612,Franchise_TX_01,Antimicrobial Treatment - MISC,,14.0,83.68,1171.52,1171.52,1,,
CLM-78860,Franchise_FL_04,Water Extraction,2025-02-19,50.0,115.35,5767.5,5767.5,1,2.0,2.0
CLM-58039,Franchise_NY_12,Dehumidifier Rental,,6.0,145.51,873.06,666.01,0,,
CLM-52761,Franchise_NY_12,Drywall Repair,,8.0,113.65,909.2,909.2,1,,
CLM-82474,Franchise_TX_01,Water Extraction,,18.0,123.32,2219.76,2219.76,1,,
CLM-51129,Franchise_NY_12,Baseboard Replacement,,11.0,111.46,1226.06,525.26,0,,
CLM-99892,Franchise_FL_04,Drywall Repair,2025-09-30,48.0,120.63,5790.24,5790.24,1,9.0,1.0
CLM-57652,Franchise_TX_01,Dehumidifier Rental - MISC,,49.0,77.73,3808.77,3808.77,1,,
CLM-91691,Franchise_FL_04,Baseboard Replacement,2025-06-19,14.0,27.42,383.88,383.88,1,6.0,3.0
CLM-17126,Franchise_FL_04,Drywall Repair,2025-04-16,5.0,57.73,288.65,288.65,1,4.0,2.0
CLM-55175,Franchise_NY_12,Drywall Repair,,35.0,71.2,2492.0,2492.0,1,,
CLM-12755,Franchise_FL_04,Drywall Repair,2025-02-10,11.0,132.59,1458.49,1458.49,1,2.0,0.0
CLM-41714,Franchise_FL_04,Drywall Repair,2025-02-11,10.0,73.72,737.2,737.2,1,2.0,1.0
CLM-78980,Franchise_NY_12,Water Extraction,,29.0,89.15,2585.35,1393.48,0,,
CLM-52905,Franchise_FL_04,Drywall Repair,2025-11-28,8.0,17.82,142.56,142.56,1,11.0,4.0
CLM-38602,Franchise_FL_04,Water Extraction,2025-07-19,34.0,147.37,5010.58,4402.08,0,7.0,5.0
CLM-16171,Franchise_NY_12,Water Extraction,,45.0,147.54,6639.3,6639.3,1,,
CLM-95491,Franchise_FL_04,Drywall Repair,2025-01-10,6.0,35.2,211.2,115.92,0,1.0,4.0
CLM-73437,Franchise_TX_01,Antimicrobial Treatment,,36.0,46.66,1679.76,1270.02,0,,
CLM-96366,Franchise_FL_04,Dehumidifier Rental,2025-03-24,46.0,20.85,959.1,438.96,0,3.0,0.0
CLM-41323,Franchise_TX_01,Antimicrobial Treatment,,38.0,114.11,4336.18,2288.82,0,,
CLM-49951,Franchise_NY_12,Baseboard Replacement,,4.0,88.48,353.92,353.92,1,,
CLM-90180,Franchise_NY_12,Drywall Repair,,11.0,80.42,884.62,884.62,1,,
CLM-21828,Franchise_TX_01,Antimicrobial Treatment - MISC,,4.0,85.62,342.48,300.76,0,,
CLM-22631,Franchise_NY_12,Drywall Repair,,21.0,125.63,2638.23,2638.23,1,,
CLM-44011,Franchise_FL_04,Antimicrobial Treatment,2025-04-29,42.0,18.19,763.98,763.98,1,4.0,1.0
CLM-26247,Franchise_TX_01,Drywall Repair,,6.0,105.0,630.0,308.86,0,,
CLM-29041,Franchise_NY_12,Dehumidifier Rental,,11.0,108.92,1198.12,1057.9,0,,
CLM-51718,Franchise_TX_01,Baseboard Replacement,,48.0,63.22,3034.56,3034.56,1,,
CLM-53759,Franchise_TX_01,Water Extraction,,40.0,144.48,5779.2,2911.0,0,,
CLM-34967,Franchise_TX_01,Dehumidifier Rental,,38.0,142.98,5433.24,5433.24,1,,
CLM-84431,Franchise_TX_01,Antimicrobial Treatment,,19.0,76.85,1460.15,1460.15,1,,
CLM-49229,Franchise_TX_01,Baseboard Replacement - MISC,,8.0,148.45,1187.6,589.91,0,,
CLM-91019,Franchise_TX_01,Drywall Repair,,27.0,20.19,545.13,545.13,1,,
CLM-11691,Franchise_NY_12,Water Extraction,,2.0,106.96,213.92,213.92,1,,
CLM-58170,Franchise_NY_12,Antimicrobial Treatment,,1.0,44.69,44.69,44.69,1,,
CLM-89922,Franchise_FL_04,Antimicrobial Treatment,2025-04-24,39.0,56.79,2214.81,1760.2,0,4.0,3.0
CLM-46932,Franchise_TX_01,Drywall Repair,,48.0,127.43,6116.64,6116.64,1,,
CLM-92639,Franchise_TX_01,Baseboard Replacement,,37.0,99.61,3685.57,3685.57,1,,
CLM-11230,Franchise_TX_01,Dehumidifier Rental,,8.0,132.07,1056.56,1056.56,1,,
CLM-23319,Franchise_TX_01,Drywall Repair,,23.0,123.87,2849.01,2849.01,1,,
CLM-45958,Franchise_TX_01,Antimicrobial Treatment,,4.0,139.85,559.4,411.69,0,,
CLM-75432,Franchise_FL_04,Antimicrobial Treatment,2025-12-12,3.0,112.08,336.24,336.24,1,12.0,4.0
CLM-87397,Franchise_FL_04,Antimicrobial Treatment,2025-12-08,35.0,87.33,3056.55,1771.4,0,12.0,0.0
CLM-93596,Franchise_FL_04,Baseboard Replacement,2025-11-09,2.0,37.59,75.18,75.18,1,11.0,6.0
CLM-24483,Franchise_TX_01,Drywall Repair,,9.0,93.68,843.12,843.12,1,,
CLM-25095,Franchise_NY_12,Drywall Repair,,16.0,126.5,2024.0,2024.0,1,,
CLM-79791,Franchise_TX_01,Drywall Repair,,47.0,75.82,3563.54,2714.85,0,,
CLM-66893,Franchise_NY_12,Dehumidifier Rental,,16.0,72.07,1153.12,1153.12,1,,
CLM-57254,Franchise_TX_01,Baseboard Replacement,,46.0,31.45,1446.7,1134.57,0,,
CLM-57261,Franchise_NY_12,Drywall Repair,,6.0,50.52,303.12,176.6,0,,
CLM-36302,Franchise_TX_01,Water Extraction,,21.0,112.51,2362.71,2362.71,1,,
CLM-90403,Franchise_NY_12,Drywall Repair,,48.0,87.93,4220.64,4220.64,1,,
CLM-54803,Franchise_NY_12,Antimicrobial Treatment,,42.0,125.34,5264.28,4409.73,0,,
CLM-50847,Franchise_TX_01,Antimicrobial Treatment,,46.0,32.11,1477.06,1048.61,0,,
CLM-43367,Franchise_NY_12,Water Extraction,,28.0,44.01,1232.28,1232.28,1,,
CLM-69820,Franchise_NY_12,Dehumidifier Rental,,15.0,125.4,1881.0,1881.0,1,,
CLM-36225,Franchise_NY_12,Water Extraction,,27.0,84.71,2287.17,2287.17,1,,
CLM-29466,Franchise_NY_12,Dehumidifier Rental,,22.0,84.49,1858.78,787.47,0,,
CLM-97560,Franchise_NY_12,Baseboard Replacement,,22.0,85.18,1873.96,1873.96,1,,
CLM-49985,Franchise_NY_12,Antimicrobial Treatment,,25.0,34.8,870.0,870.0,1,,
CLM-94522,Franchise_NY_12,Antimicrobial Treatment,,6.0,62.72,376.32,334.39,0,,
CLM-64565,Franchise_FL_04,Antimicrobial Treatment,2025-08-13,32.0,71.63,2292.16,2292.16,1,8.0,2.0
CLM-31176,Franchise_FL_04,Baseboard Replacement,2025-04-25,18.0,30.21,543.78,543.78,1,4.0,4.0
CLM-37451,Franchise_FL_04,Drywall Repair,2025-07-23,33.0,137.46,4536.18,4536.18,1,7.0,2.0
CLM-19196,Franchise_FL_04,Drywall Repair,2025-12-13,48.0,46.31,2222.88,1093.68,0,12.0,5.0
CLM-85481,Franchise_FL_04,Drywall Repair,2025-03-05,38.0,61.5,2337.0,2337.0,1,3.0,2.0
CLM-71799,Franchise_FL_04,Drywall Repair,2025-02-15,49.0,110.88,5433.12,5433.12,1,2.0,5.0
CLM-70534,Franchise_FL_04,Baseboard Replacement,2025-08-13,10.0,42.76,427.6,229.29,0,8.0,2.0
CLM-37100,Franchise_FL_04,Antimicrobial Treatment,2025-04-20,42.0,147.67,6202.14,6202.14,1,4.0,6.0
CLM-72512,Franchise_TX_01,Water Extraction,,17.0,67.97,1155.49,1155.49,1,,
CLM-42827,Franchise_NY_12,Antimicrobial Treatment,,29.0,129.56,3757.24,1840.2,0,,
CLM-26231,Franchise_TX_01,Drywall Repair,,3.0,41.57,124.71,124.71,1,,
CLM-13753,Franchise_TX_01,Baseboard Replacement,,35.0,75.26,2634.1,2634.1,1,,
CLM-98377,Franchise_TX_01,Baseboard Replacement,,33.0,43.6,1438.8,1196.84,0,,
CLM-89947,Franchise_FL_04,Water Extraction,2025-02-24,42.0,37.62,1580.04,1311.18,0,2.0,0.0
CLM-87923,Franchise_NY_12,Dehumidifier Rental,,29.0,78.13,2265.77,2265.77,1,,
CLM-62860,Franchise_NY_12,Dehumidifier Rental,,39.0,71.23,2777.97,2777.97,1,,
CLM-14431,Franchise_NY_12,Antimicrobial Treatment,,5.0,24.55,122.75,122.75,1,,
CLM-17734,Franchise_NY_12,Water Extraction,,11.0,148.02,1628.22,1628.22,1,,
CLM-89520,Franchise_TX_01,Baseboard Replacement,,49.0,145.87,7147.63,7147.63,1,,
CLM-88184,Franchise_TX_01,Baseboard Replacement,,50.0,66.74,3337.0,3337.0,1,,
CLM-87684,Franchise_TX_01,Drywall Repair,,41.0,20.57,843.37,843.37,1,,
CLM-76986,Franchise_TX_01,Dehumidifier Rental,,43.0,104.19,4480.17,2215.53,0,,
CLM-32304,Franchise_NY_12,Antimicrobial Treatment,,12.0,17.74,212.88,212.88,1,,
CLM-82051,Franchise_FL_04,Antimicrobial Treatment,2025-11-28,36.0,128.7,4633.2,4003.7,0,11.0,4.0
CLM-26569,Franchise_FL_04,Baseboard Replacement,2025-09-29,47.0,61.23,2877.81,1460.39,0,9.0,0.0
CLM-29572,Franchise_NY_12,Antimicrobial Treatment,,30.0,57.31,1719.3,1407.12,0,,
CLM-38680,Franchise_TX_01,Water Extraction,,30.0,105.65,3169.5,3169.5,1,,
CLM-54708,Franchise_TX_01,Baseboard Replacement,,34.0,132.94,4519.96,2107.6,0,,
CLM-50677,Franchise_FL_04,Antimicrobial Treatment,2025-09-27,23.0,87.84,2020.32,1757.49,0,9.0,5.0
CLM-13812,Franchise_TX_01,Drywall Repair - MISC,,5.0,87.41,437.05,437.05,1,,
CLM-59391,Franchise_NY_12,Baseboard Replacement,,13.0,23.26,302.38,302.38,1,,
CLM-62667,Franchise_TX_01,Dehumidifier Rental - MISC,,43.0,34.93,1501.99,1501.99,1,,
CLM-55420,Franchise_NY_12,Water Extraction,,22.0,100.27,2205.94,2205.94,1,,
CLM-38741,Franchise_NY_12,Water Extraction,,13.0,132.87,1727.31,698.37,0,,
CLM-73916,Franchise_NY_12,Baseboard Replacement,,37.0,54.22,2006.14,2006.14,1,,
CLM-99838,Franchise_NY_12,Antimicrobial Treatment,,26.0,138.37,3597.62,3597.62,1,,
CLM-23210,Franchise_NY_12,Drywall Repair,,6.0,136.82,820.92,572.43,0,,
CLM-16033,Franchise_NY_12,Baseboard Replacement,,6.0,26.12,156.72,114.3,0,,
CLM-56111,Franchise_FL_04,Baseboard Replacement,2025-04-19,2.0,87.17,174.34,77.83,0,4.0,5.0
CLM-99606,Franchise_TX_01,Water Extraction,,45.0,88.95,4002.75,4002.75,1,,
CLM-83141,Franchise_TX_01,Antimicrobial Treatment,,25.0,126.56,3164.0,2731.12,0,,
CLM-29201,Franchise_TX_01,Water Extraction,,12.0,45.59,547.08,547.08,1,,
CLM-55723,Franchise_NY_12,Baseboard Replacement,,22.0,79.41,1747.02,739.88,0,,
CLM-85269,Franchise_NY_12,Water Extraction,,9.0,25.78,232.02,114.75,0,,
CLM-70257,Franchise_NY_12,Dehumidifier Rental,,29.0,27.11,786.19,367.4,0,,
CLM-85040,Franchise_TX_01,Baseboard Replacement,,4.0,133.54,534.16,534.16,1,,
CLM-77050,Franchise_NY_12,Antimicrobial Treatment,,47.0,25.28,1188.16,631.31,0,,
CLM-12498,Franchise_NY_12,Antimicrobial Treatment,,18.0,78.86,1419.48,1419.48,1,,
CLM-89663,Franchise_FL_04,Baseboard Replacement,2025-02-11,36.0,17.27,621.72,492.78,0,2.0,1.0
CLM-66705,Franchise_TX_01,Antimicrobial Treatment,,4.0,109.11,436.44,436.44,1,,
CLM-74078,Franchise_FL_04,Baseboard Replacement,2025-11-27,18.0,64.25,1156.5,580.31,0,11.0,3.0
CLM-98089,Franchise_FL_04,Water Extraction,2025-09-23,49.0,36.25,1776.25,1358.66,0,9.0,1.0
CLM-71877,Franchise_NY_12,Baseboard Replacement,,44.0,22.97,1010.68,641.59,0,,
CLM-31733,Franchise_NY_12,Antimicrobial Treatment,,2.0,36.88,73.76,57.06,0,,
CLM-92854,Franchise_TX_01,Drywall Repair,,17.0,17.31,294.27,294.27,1,,
CLM-29052,Franchise_FL_04,Water Extraction,2025-05-31,32.0,39.79,1273.28,600.24,0,5.0,5.0
CLM-35116,Franchise_FL_04,Dehumidifier Rental,2025-10-10,46.0,64.5,2967.0,2967.0,1,10.0,4.0
CLM-65871,Franchise_TX_01,Baseboard Replacement,,1.0,47.81,47.81,47.81,1,,
CLM-81893,Franchise_TX_01,Dehumidifier Rental,,25.0,87.8,2195.0,1973.47,0,,
CLM-81180,Franchise_NY_12,Antimicrobial Treatment,,38.0,92.34,3508.92,3508.92,1,,
CLM-20184,Franchise_TX_01,Drywall Repair,,46.0,131.18,6034.28,4108.73,0,,
CLM-92472,Franchise_TX_01,Water Extraction - MISC,,6.0,50.1,300.6,300.6,1,,
CLM-16451,Franchise_TX_01,Antimicrobial Treatment,,5.0,108.25,541.25,541.25,1,,
CLM-42387,Franchise_FL_04,Antimicrobial Treatment,2025-08-08,28.0,63.72,1784.16,1234.04,0,8.0,4.0
CLM-19871,Franchise_NY_12,Baseboard Replacement,,7.0,135.08,945.56,945.56,1,,
CLM-66012,Franchise_FL_04,Dehumidifier Rental,2025-09-27,22.0,116.96,2573.12,2573.12,1,9.0,5.0
CLM-52233,Franchise_TX_01,Baseboard Replacement,,41.0,52.84,2166.44,1002.57,0,,
CLM-60150,Franchise_NY_12,Dehumidifier Rental,,50.0,86.73,4336.5,2788.19,0,,
CLM-46467,Franchise_NY_12,Antimicrobial Treatment,,44.0,59.82,2632.08,2632.08,1,,
CLM-78823,Franchise_TX_01,Dehumidifier Rental,,1.0,140.67,140.67,140.67,1,,
CLM-87643,Franchise_FL_04,Dehumidifier Rental,2025-10-29,48.0,41.67,2000.16,1652.59,0,10.0,2.0
CLM-77971,Franchise_NY_12,Water Extraction,,30.0,111.08,3332.4,3332.4,1,,
CLM-28279,Franchise_FL_04,Drywall Repair,2025-03-18,40.0,44.17,1766.8,1766.8,1,3.0,1.0
CLM-17064,Franchise_NY_12,Baseboard Replacement,,34.0,118.87,4041.58,2203.66,0,,
CLM-77803,Franchise_NY_12,Baseboard Replacement,,5.0,120.87,604.35,353.72,0,,
CLM-76946,Franchise_NY_12,Drywall Repair,,31.0,97.13,3011.03,3011.03,1,,
CLM-76880,Franchise_FL_04,Antimicrobial Treatment,2025-06-15,13.0,127.11,1652.43,1652.43,1,6.0,6.0
CLM-83768,Franchise_FL_04,Drywall Repair,2025-09-22,48.0,84.81,4070.88,2008.41,0,9.0,0.0
CLM-66196,Franchise_FL_04,Water Extraction,2025-07-29,7.0,42.75,299.25,299.25,1,7.0,1.0
CLM-72537,Franchise_FL_04,Dehumidifier Rental,2025-09-06,49.0,45.44,2226.56,2226.56,1,9.0,5.0
CLM-96575,Franchise_TX_01,Dehumidifier Rental,,37.0,143.36,5304.32,5304.32,1,,
CLM-45455,Franchise_TX_01,Drywall Repair - MISC,,25.0,79.07,1976.75,1619.63,0,,
CLM-33340,Franchise_NY_12,Dehumidifier Rental,,1.0,117.01,117.01,117.01,1,,
CLM-40838,Franchise_FL_04,Drywall Repair,2025-01-24,49.0,61.98,3037.02,3037.02,1,1.0,4.0
CLM-23257,Franchise_NY_12,Dehumidifier Rental,,16.0,67.61,1081.76,1081.76,1,,
CLM-78791,Franchise_NY_12,Drywall Repair,,47.0,145.48,6837.56,6837.56,1,,
CLM-10659,Franchise_NY_12,Dehumidifier Rental,,39.0,99.04,3862.56,3862.56,1,,
CLM-67164,Franchise_FL_04,Dehumidifier Rental,2025-03-12,36.0,119.94,4317.84,4317.84,1,3.0,2.0
CLM-32251,Franchise_NY_12,Antimicrobial Treatment,,49.0,119.45,5853.05,5853.05,1,,
CLM-96030,Franchise_TX_01,Drywall Repair,,13.0,141.61,1840.93,1840.93,1,,
CLM-59737,Franchise_NY_12,Drywall Repair,,48.0,125.12,6005.76,2698.76,0,,
CLM-80151,Franchise_TX_01,Baseboard Replacement,,5.0,114.86,574.3,574.3,1,,
CLM-77884,Franchise_FL_04,Dehumidifier Rental,2025-02-12,8.0,34.46,275.68,275.68,1,2.0,2.0
CLM-12605,Franchise_NY_12,Drywall Repair,,23.0,101.04,2323.92,2323.92,1,,
CLM-89242,Franchise_NY_12,Baseboard Replacement,,9.0,110.43,993.87,573.18,0,,
CLM-25173,Franchise_TX_01,Dehumidifier Rental,,33.0,48.7,1607.1,1607.1,1,,
CLM-57167,Franchise_FL_04,Water Extraction,2025-03-19,13.0,30.54,397.02,397.02,1,3.0,2.0
CLM-70439,Franchise_NY_12,Water Extraction,,40.0,104.14,4165.6,4165.6,1,,
CLM-54622,Franchise_TX_01,Baseboard Replacement - MISC,,6.0,131.79,790.74,537.08,0,,
CLM-39418,Franchise_FL_04,Dehumidifier Rental,2025-12-04,32.0,96.97,3103.04,2452.53,0,12.0,3.0
CLM-21474,Franchise_FL_04,Antimicrobial Treatment,2025-07-21,43.0,46.65,2005.95,2005.95,1,7.0,0.0
CLM-87133,Franchise_FL_04,Dehumidifier Rental,2025-12-16,29.0,142.89,4143.81,3070.63,0,12.0,1.0
CLM-48304,Franchise_FL_04,Water Extraction,2025-09-10,5.0,67.93,339.65,339.65,1,9.0,2.0
CLM-59749,Franchise_NY_12,Drywall Repair,,8.0,21.52,172.16,172.16,1,,
CLM-44579,Franchise_TX_01,Antimicrobial Treatment,,27.0,16.92,456.84,378.68,0,,
CLM-19790,Franchise_FL_04,Water Extraction,2025-09-18,17.0,141.23,2400.91,1492.75,0,9.0,3.0
CLM-15747,Franchise_NY_12,Dehumidifier Rental,,22.0,22.84,502.48,502.48,1,,
CLM-59881,Franchise_NY_12,Drywall Repair,,18.0,58.63,1055.34,1055.34,1,,
CLM-56750,Franchise_NY_12,Water Extraction,,13.0,76.0,988.0,988.0,1,,
CLM-30881,Franchise_NY_12,Drywall Repair,,5.0,50.25,251.25,251.25,1,,
CLM-19166,Franchise_TX_01,Drywall Repair,,29.0,54.38,1577.02,1577.02,1,,
CLM-65874,Franchise_NY_12,Water Extraction,,17.0,99.85,1697.45,1697.45,1,,
CLM-46461,Franchise_NY_12,Antimicrobial Treatment,,7.0,35.48,248.36,248.36,1,,
CLM-61468,Franchise_NY_12,Dehumidifier Rental,,49.0,94.93,4651.57,4651.57,1,,
CLM-64162,Franchise_FL_04,Antimicrobial Treatment,2025-10-12,2.0,38.72,77.44,77.44,1,10.0,6.0
CLM-11488,Franchise_NY_12,Dehumidifier Rental,,22.0,59.95,1318.9,1318.9,1,,
CLM-71368,Franchise_FL_04,Water Extraction,2025-09-11,12.0,42.21,506.52,506.52,1,9.0,3.0
CLM-72709,Franchise_TX_01,Dehumidifier Rental,,10.0,76.21,762.1,762.1,1,,
CLM-46180,Franchise_FL_04,Drywall Repair,2025-11-08,4.0,95.28,381.12,381.12,1,11.0,5.0
CLM-38634,Franchise_NY_12,Water Extraction,,5.0,143.44,717.2,717.2,1,,
CLM-70501,Franchise_FL_04,Antimicrobial Treatment,2025-05-29,9.0,39.88,358.92,275.53,0,5.0,3.0
CLM-69475,Franchise_FL_04,Drywall Repair,2025-10-23,24.0,73.93,1774.32,886.61,0,10.0,3.0
CLM-66237,Franchise_NY_12,Antimicrobial Treatment,,10.0,59.22,592.2,379.19,0,,
CLM-17977,Franchise_TX_01,Water Extraction,,40.0,84.3,3372.0,3372.0,1,,
CLM-57843,Franchise_NY_12,Baseboard Replacement,,38.0,53.32,2026.16,981.95,0,,
CLM-15770,Franchise_TX_01,Water Extraction - MISC,,6.0,60.34,362.04,286.23,0,,
CLM-98503,Franchise_FL_04,Water Extraction,2025-01-06,46.0,113.65,5227.9,5227.9,1,1.0,0.0
CLM-33744,Franchise_TX_01,Baseboard Replacement,,24.0,92.52,2220.48,1040.73,0,,
CLM-15819,Franchise_FL_04,Antimicrobial Treatment,2025-04-02,32.0,80.92,2589.44,2300.59,0,4.0,2.0
CLM-35282,Franchise_TX_01,Antimicrobial Treatment,,15.0,39.55,593.25,593.25,1,,
CLM-95480,Franchise_FL_04,Baseboard Replacement,2025-08-06,4.0,89.42,357.68,183.22,0,8.0,2.0
CLM-35386,Franchise_FL_04,Drywall Repair,2025-12-17,18.0,117.03,2106.54,2106.54,1,12.0,2.0
CLM-54702,Franchise_NY_12,Antimicrobial Treatment,,47.0,47.96,2254.12,959.18,0,,
CLM-50372,Franchise_TX_01,Antimicrobial Treatment,,46.0,63.03,2899.38,1242.02,0,,
CLM-10870,Franchise_FL_04,Water Extraction,2025-06-14,20.0,101.35,2027.0,2027.0,1,6.0,5.0
CLM-59012,Franchise_NY_12,Water Extraction,,14.0,85.49,1196.86,1196.86,1,,
CLM-44538,Franchise_TX_01,Dehumidifier Rental - MISC,,49.0,74.22,3636.78,3636.78,1,,
CLM-52303,Franchise_FL_04,Drywall Repair,2025-07-11,43.0,31.94,1373.42,1373.42,1,7.0,4.0
CLM-76559,Franchise_NY_12,Dehumidifier Rental,,39.0,48.86,1905.54,1258.48,0,,
CLM-10969,Franchise_TX_01,Drywall Repair,,6.0,15.7,94.2,94.2,1,,
CLM-66694,Franchise_FL_04,Water Extraction,2025-06-27,42.0,71.19,2989.98,1664.76,0,6.0,4.0
CLM-48901,Franchise_NY_12,Antimicrobial Treatment,,12.0,70.87,850.44,479.92,0,,
CLM-98471,Franchise_TX_01,Water Extraction,,16.0,128.4,2054.4,2054.4,1,,
CLM-55959,Franchise_NY_12,Water Extraction,,34.0,137.88,4687.92,4687.92,1,,
CLM-87424,Franchise_FL_04,Dehumidifier Rental,2025-07-12,50.0,73.89,3694.5,2124.1,0,7.0,5.0
CLM-14133,Franchise_FL_04,Baseboard Replacement,2025-07-07,44.0,46.6,2050.4,2050.4,1,7.0,0.0
CLM-99269,Franchise_TX_01,Dehumidifier Rental,,32.0,138.57,4434.24,4434.24,1,,
CLM-64191,Franchise_NY_12,Drywall Repair,,35.0,15.74,550.9,289.54,0,,
CLM-18157,Franchise_NY_12,Baseboard Replacement,,33.0,48.43,1598.19,1598.19,1,,
CLM-61119,Franchise_FL_04,Water Extraction,2025-01-28,21.0,125.55,2636.55,2636.55,1,1.0,1.0
CLM-81815,Franchise_NY_12,Antimicrobial Treatment,,41.0,96.3,3948.3,3948.3,1,,
CLM-92290,Franchise_TX_01,Drywall Repair - MISC,,34.0,137.11,4661.74,4661.74,1,,
CLM-84139,Franchise_FL_04,Drywall Repair,2025-06-04,28.0,115.11,3223.08,3223.08,1,6.0,2.0
CLM-65844,Franchise_TX_01,Water Extraction,,47.0,76.16,3579.52,3149.77,0,,
CLM-35653,Franchise_TX_01,Baseboard Replacement,,25.0,35.61,890.25,381.72,0,,
CLM-19384,Franchise_FL_04,Drywall Repair,2025-08-28,31.0,52.61,1630.91,1630.91,1,8.0,3.0
CLM-22926,Franchise_TX_01,Dehumidifier Rental - MISC,,42.0,126.77,5324.34,5324.34,1,,
CLM-40733,Franchise_TX_01,Baseboard Replacement,,16.0,35.5,568.0,304.89,0,,
CLM-14756,Franchise_NY_12,Antimicrobial Treatment,,41.0,116.87,4791.67,4791.67,1,,
CLM-56762,Franchise_TX_01,Water Extraction - MISC,,31.0,22.2,688.2,688.2,1,,
CLM-25511,Franchise_NY_12,Dehumidifier Rental,,39.0,82.72,3226.08,2168.79,0,,
CLM-92631,Franchise_FL_04,Dehumidifier Rental,2025-04-19,47.0,30.17,1417.99,826.07,0,4.0,5.0
CLM-99990,Franchise_FL_04,Antimicrobial Treatment,2025-10-04,6.0,29.97,179.82,179.82,1,10.0,5.0
CLM-81439,Franchise_FL_04,Water Extraction,2025-06-09,1.0,98.81,98.81,87.28,0,6.0,0.0
CLM-15366,Franchise_TX_01,Antimicrobial Treatment,,15.0,139.65,2094.75,2094.75,1,,
CLM-66727,Franchise_TX_01,Antimicrobial Treatment - MISC,,28.0,92.83,2599.24,2599.24,1,,
CLM-12126,Franchise_TX_01,Drywall Repair - MISC,,12.0,128.48,1541.76,1075.61,0,,
CLM-48672,Franchise_TX_01,Baseboard Replacement - MISC,,29.0,122.24,3544.96,2117.16,0,,
CLM-31108,Franchise_FL_04,Antimicrobial Treatment,2025-06-25,18.0,23.67,426.06,426.06,1,6.0,2.0
CLM-43970,Franchise_FL_04,Dehumidifier Rental,2025-07-03,23.0,49.07,1128.61,573.29,0,7.0,3.0
CLM-66664,Franchise_NY_12,Antimicrobial Treatment,,36.0,31.41,1130.76,1130.76,1,,
CLM-82313,Franchise_FL_04,Drywall Repair,2025-05-14,18.0,46.48,836.64,836.64,1,5.0,2.0
CLM-35631,Franchise_NY_12,Dehumidifier Rental,,11.0,95.79,1053.69,1053.69,1,,
CLM-74469,Franchise_FL_04,Drywall Repair,2025-03-09,28.0,72.71,2035.88,2035.88,1,3.0,6.0
CLM-95458,Franchise_NY_12,Drywall Repair,,22.0,106.36,2339.92,2339.92,1,,
CLM-39774,Franchise_NY_12,Water Extraction,,11.0,64.9,713.9,713.9,1,,
CLM-97663,Franchise_FL_04,Dehumidifier Rental,2025-01-12,30.0,127.55,3826.5,3826.5,1,1.0,6.0
CLM-70601,Franchise_FL_04,Antimicrobial Treatment,2025-11-29,5.0,126.66,633.3,537.85,0,11.0,5.0
CLM-58183,Franchise_NY_12,Baseboard Replacement,,47.0,22.5,1057.5,1057.5,1,,
CLM-49620,Franchise_NY_12,Dehumidifier Rental,,10.0,36.99,369.9,243.25,0,,
CLM-81282,Franchise_NY_12,Drywall Repair,,38.0,65.22,2478.36,2478.36,1,,
CLM-44782,Franchise_TX_01,Dehumidifier Rental,,32.0,65.96,2110.72,2110.72,1,,
CLM-30782,Franchise_NY_12,Drywall Repair,,39.0,120.77,4710.03,4710.03,1,,
CLM-58594,Franchise_TX_01,Water Extraction,,17.0,33.67,572.39,477.13,0,,
CLM-30574,Franchise_FL_04,Water Extraction,2025-04-18,40.0,32.74,1309.6,1070.73,0,4.0,4.0
CLM-91746,Franchise_NY_12,Drywall Repair,,8.0,120.23,961.84,961.84,1,,
CLM-13799,Franchise_NY_12,Dehumidifier Rental,,8.0,40.9,327.2,327.2,1,,
CLM-15523,Franchise_NY_12,Antimicrobial Treatment,,44.0,69.9,3075.6,1834.94,0,,
CLM-18087,Franchise_FL_04,Baseboard Replacement,2025-12-14,19.0,92.74,1762.06,1237.98,0,12.0,6.0
CLM-37185,Franchise_FL_04,Antimicrobial Treatment,2025-01-01,15.0,67.08,1006.2,1006.2,1,1.0,2.0
CLM-89442,Franchise_FL_04,Antimicrobial Treatment,2025-12-26,31.0,146.26,4534.06,4534.06,1,12.0,4.0
CLM-16771,Franchise_FL_04,Baseboard Replacement,2025-10-24,1.0,64.82,64.82,47.37,0,10.0,4.0
CLM-59602,Franchise_FL_04,Dehumidifier Rental,2025-04-05,24.0,86.67,2080.08,2080.08,1,4.0,5.0
CLM-67134,Franchise_FL_04,Dehumidifier Rental,2025-06-14,43.0,15.36,660.48,307.06,0,6.0,5.0
CLM-67904,Franchise_NY_12,Water Extraction,,38.0,83.25,3163.5,3163.5,1,,
CLM-30503,Franchise_NY_12,Drywall Repair,,26.0,133.76,3477.76,2327.03,0,,
CLM-41595,Franchise_NY_12,Baseboard Replacement,,17.0,83.48,1419.16,1419.16,1,,
CLM-95173,Franchise_NY_12,Antimicrobial Treatment,,14.0,102.16,1430.24,1117.03,0,,
CLM-12070,Franchise_FL_04,Dehumidifier Rental,2025-04-12,25.0,90.59,2264.75,959.58,0,4.0,5.0
CLM-39667,Franchise_TX_01,Baseboard Replacement,,8.0,95.6,764.8,764.8,1,,
CLM-11955,Franchise_NY_12,Dehumidifier Rental,,23.0,53.47,1229.81,1229.81,1,,
CLM-84597,Franchise_NY_12,Baseboard Replacement,,6.0,109.89,659.34,659.34,1,,
CLM-11219,Franchise_FL_04,Drywall Repair,2025-04-13,7.0,121.94,853.58,441.71,0,4.0,6.0
CLM-79687,Franchise_NY_12,Baseboard Replacement,,18.0,67.43,1213.74,1213.74,1,,
CLM-80670,Franchise_FL_04,Antimicrobial Treatment,2025-01-28,12.0,91.49,1097.88,1097.88,1,1.0,1.0
CLM-27579,Franchise_NY_12,Antimicrobial Treatment,,43.0,81.51,3504.93,3504.93,1,,
CLM-12019,Franchise_FL_04,Water Extraction,2025-03-25,7.0,145.62,1019.34,841.72,0,3.0,1.0
CLM-31472,Franchise_NY_12,Drywall Repair,,11.0,132.85,1461.35,1461.35,1,,
CLM-57854,Franchise_TX_01,Water Extraction,,2.0,86.24,172.48,118.78,0,,
CLM-15087,Franchise_FL_04,Water Extraction,2025-12-14,27.0,120.99,3266.73,3266.73,1,12.0,6.0
CLM-88892,Franchise_FL_04,Dehumidifier Rental,2025-11-07,1.0,67.76,67.76,57.22,0,11.0,4.0
CLM-98930,Franchise_FL_04,Dehumidifier Rental,2025-09-20,43.0,52.3,2248.9,1396.99,0,9.0,5.0
CLM-82341,Franchise_NY_12,Dehumidifier Rental,,16.0,49.87,797.92,517.91,0,,
CLM-68258,Franchise_FL_04,Water Extraction,2025-07-06,31.0,20.55,637.05,561.85,0,7.0,6.0
CLM-55801,Franchise_FL_04,Baseboard Replacement,2025-09-11,8.0,40.59,324.72,324.72,1,9.0,3.0
CLM-60795,Franchise_FL_04,Dehumidifier Rental,2025-04-28,4.0,50.07,200.28,168.73,0,4.0,0.0
CLM-38734,Franchise_NY_12,Baseboard Replacement,,31.0,127.38,3948.78,2585.81,0,,
CLM-59556,Franchise_TX_01,Water Extraction - MISC,,50.0,79.39,3969.5,3969.5,1,,
CLM-32182,Franchise_TX_01,Water Extraction,,12.0,24.32,291.84,291.84,1,,
CLM-94600,Franchise_TX_01,Antimicrobial Treatment,,20.0,36.46,729.2,299.45,0,,
CLM-84264,Franchise_FL_04,Water Extraction,2025-03-24,28.0,85.94,2406.32,1032.91,0,3.0,0.0
CLM-35458,Franchise_NY_12,Dehumidifier Rental,,42.0,95.04,3991.68,1733.88,0,,
CLM-64974,Franchise_FL_04,Baseboard Replacement,2025-12-21,20.0,67.65,1353.0,1353.0,1,12.0,6.0
CLM-34006,Franchise_TX_01,Antimicrobial Treatment - MISC,,36.0,127.01,4572.36,2551.46,0,,
CLM-94672,Franchise_NY_12,Baseboard Replacement,,4.0,37.11,148.44,128.03,0,,
CLM-37018,Franchise_NY_12,Dehumidifier Rental,,26.0,110.63,2876.38,2876.38,1,,
CLM-33685,Franchise_TX_01,Water Extraction - MISC,,36.0,97.34,3504.24,1669.23,0,,
CLM-23881,Franchise_NY_12,Antimicrobial Treatment,,14.0,57.42,803.88,803.88,1,,
CLM-87802,Franchise_NY_12,Baseboard Replacement,,27.0,104.55,2822.85,2274.0,0,,
CLM-27598,Franchise_NY_12,Antimicrobial Treatment,,14.0,47.24,661.36,333.67,0,,
CLM-61627,Franchise_FL_04,Drywall Repair,2025-09-20,47.0,27.68,1300.96,1300.96,1,9.0,5.0
CLM-36050,Franchise_TX_01,Water Extraction,,16.0,83.77,1340.32,1340.32,1,,
CLM-57608,Franchise_NY_12,Antimicrobial Treatment,,23.0,91.98,2115.54,2115.54,1,,
CLM-31501,Franchise_NY_12,Antimicrobial Treatment,,41.0,134.06,5496.46,5496.46,1,,
CLM-84324,Franchise_NY_12,Water Extraction,,38.0,95.15,3615.7,3615.7,1,,
CLM-60316,Franchise_FL_04,Antimicrobial Treatment,2025-10-19,14.0,23.15,324.1,324.1,1,10.0,6.0
CLM-77633,Franchise_TX_01,Antimicrobial Treatment,,25.0,93.56,2339.0,1263.03,0,,
CLM-61407,Franchise_TX_01,Antimicrobial Treatment,,16.0,118.25,1892.0,1892.0,1,,
CLM-66508,Franchise_NY_12,Drywall Repair,,8.0,67.1,536.8,536.8,1,,
CLM-66279,Franchise_FL_04,Water Extraction,2025-05-03,32.0,43.84,1402.88,1402.88,1,5.0,5.0
CLM-31132,Franchise_FL_04,Water Extraction,2025-11-11,45.0,133.74,6018.3,4868.27,0,11.0,1.0
CLM-84986,Franchise_TX_01,Baseboard Replacement,,8.0,43.19,345.52,345.52,1,,
CLM-92685,Franchise_TX_01,Dehumidifier Rental,,33.0,126.53,4175.49,4175.49,1,,
CLM-58250,Franchise_TX_01,Baseboard Replacement,,38.0,72.18,2742.84,2742.84,1,,
CLM-33025,Franchise_NY_12,Baseboard Replacement,,4.0,143.45,573.8,281.94,0,,
CLM-92774,Franchise_TX_01,Antimicrobial Treatment - MISC,,20.0,45.55,911.0,911.0,1,,
CLM-76130,Franchise_TX_01,Drywall Repair,,3.0,24.78,74.34,74.34,1,,
CLM-34342,Franchise_TX_01,Antimicrobial Treatment - MISC,,39.0,44.02,1716.78,1716.78,1,,
CLM-83896,Franchise_TX_01,Antimicrobial Treatment - MISC,,48.0,85.19,4089.12,4089.12,1,,
CLM-59689,Franchise_FL_04,Water Extraction,2025-06-29,24.0,94.86,2276.64,1069.63,0,6.0,6.0
CLM-11332,Franchise_TX_01,Antimicrobial Treatment,,35.0,46.18,1616.3,1149.04,0,,
CLM-34915,Franchise_FL_04,Dehumidifier Rental,2025-04-17,32.0,41.14,1316.48,929.16,0,4.0,3.0
CLM-27693,Franchise_TX_01,Antimicrobial Treatment,,28.0,147.54,4131.12,4131.12,1,,
CLM-40447,Franchise_FL_04,Antimicrobial Treatment,2025-09-20,4.0,61.24,244.96,244.96,1,9.0,5.0
CLM-81909,Franchise_NY_12,Water Extraction,,42.0,104.32,4381.44,4381.44,1,,
CLM-42894,Franchise_FL_04,Baseboard Replacement,2025-08-12,23.0,121.33,2790.59,1670.48,0,8.0,1.0
CLM-15540,Franchise_TX_01,Antimicrobial Treatment,,27.0,30.62,826.74,826.74,1,,
CLM-59651,Franchise_NY_12,Baseboard Replacement,,28.0,50.82,1422.96,1422.96,1,,
CLM-53047,Franchise_TX_01,Antimicrobial Treatment,,10.0,145.2,1452.0,757.46,0,,
CLM-15677,Franchise_FL_04,Dehumidifier Rental,2025-12-10,17.0,51.81,880.77,660.72,0,12.0,2.0
CLM-86250,Franchise_FL_04,Antimicrobial Treatment,2025-04-26,28.0,98.27,2751.56,2751.56,1,4.0,5.0
CLM-97598,Franchise_TX_01,Drywall Repair,,31.0,129.65,4019.15,1608.63,0,,
CLM-14964,Franchise_TX_01,Water Extraction,,36.0,26.64,959.04,959.04,1,,
CLM-29496,Franchise_FL_04,Baseboard Replacement,2025-02-04,28.0,145.03,4060.84,3420.55,0,2.0,1.0
CLM-63456,Franchise_NY_12,Water Extraction,,45.0,75.87,3414.15,3414.15,1,,
CLM-85305,Franchise_TX_01,Drywall Repair,,1.0,95.32,95.32,82.98,0,,
CLM-74449,Franchise_NY_12,Drywall Repair,,1.0,88.36,88.36,88.36,1,,
CLM-53995,Franchise_FL_04,Dehumidifier Rental,2025-09-20,18.0,144.38,2598.84,2598.84,1,9.0,5.0
CLM-22079,Franchise_FL_04,Water Extraction,2025-01-20,42.0,118.05,4958.1,4958.1,1,1.0,0.0
CLM-37332,Franchise_FL_04,Antimicrobial Treatment,2025-01-28,7.0,76.87,538.09,538.09,1,1.0,1.0
CLM-77633,Franchise_NY_12,Water Extraction,,38.0,51.73,1965.74,1965.74,1,,
CLM-19643,Franchise_NY_12,Antimicrobial Treatment,,2.0,149.33,298.66,298.66,1,,
CLM-71083,Franchise_NY_12,Baseboard Replacement,,13.0,146.19,1900.47,1900.47,1,,
CLM-47023,Franchise_FL_04,Antimicrobial Treatment,2025-07-20,18.0,16.39,295.02,295.02,1,7.0,6.0
CLM-94829,Franchise_FL_04,Water Extraction,2025-01-24,24.0,85.12,2042.88,1608.5,0,1.0,4.0
CLM-91638,Franchise_TX_01,Antimicrobial Treatment,,47.0,138.96,6531.12,3863.56,0,,
CLM-67979,Franchise_NY_12,Water Extraction,,36.0,149.3,5374.8,5374.8,1,,
CLM-77572,Franchise_NY_12,Drywall Repair,,33.0,94.0,3102.0,1942.29,0,,
CLM-98896,Franchise_NY_12,Baseboard Replacement,,40.0,107.61,4304.4,2144.02,0,,
CLM-78039,Franchise_TX_01,Baseboard Replacement,,36.0,73.01,2628.36,2628.36,1,,
CLM-79666,Franchise_FL_04,Antimicrobial Treatment,2025-09-04,25.0,65.43,1635.75,686.93,0,9.0,3.0
CLM-34183,Franchise_TX_01,Antimicrobial Treatment,,4.0,99.19,396.76,193.06,0,,
CLM-69291,Franchise_TX_01,Antimicrobial Treatment,,14.0,78.08,1093.12,892.48,0,,
CLM-82246,Franchise_FL_04,Water Extraction,2025-03-11,30.0,25.3,759.0,759.0,1,3.0,1.0
CLM-86386,Franchise_FL_04,Drywall Repair,2025-03-15,44.0,48.81,2147.64,2147.64,1,3.0,5.0
CLM-52613,Franchise_FL_04,Antimicrobial Treatment,2025-03-16,12.0,129.87,1558.44,895.78,0,3.0,6.0
CLM-80811,Franchise_NY_12,Water Extraction,,27.0,44.49,1201.23,1201.23,1,,
CLM-42730,Franchise_NY_12,Water Extraction,,31.0,92.15,2856.65,1381.63,0,,
CLM-55560,Franchise_FL_04,Baseboard Replacement,2025-01-13,15.0,118.62,1779.3,1779.3,1,1.0,0.0
CLM-72325,Franchise_TX_01,Baseboard Replacement,,43.0,92.89,3994.27,3994.27,1,,
CLM-56159,Franchise_FL_04,Dehumidifier Rental,2025-01-07,38.0,96.45,3665.1,3665.1,1,1.0,1.0
CLM-47871,Franchise_FL_04,Baseboard Replacement,2025-02-04,50.0,128.95,6447.5,6447.5,1,2.0,1.0
CLM-35076,Franchise_TX_01,Dehumidifier Rental,,11.0,82.36,905.96,905.96,1,,
CLM-28642,Franchise_FL_04,Antimicrobial Treatment,2025-10-23,28.0,35.18,985.04,985.04,1,10.0,3.0
CLM-89776,Franchise_NY_12,Drywall Repair,,50.0,20.59,1029.5,622.19,0,,
CLM-87087,Franchise_NY_12,Baseboard Replacement,,36.0,54.18,1950.48,1950.48,1,,
CLM-91880,Franchise_FL_04,Water Extraction,2025-10-05,17.0,133.63,2271.71,2271.71,1,10.0,6.0
CLM-60005,Franchise_NY_12,Antimicrobial Treatment,,23.0,88.29,2030.67,2030.67,1,,
CLM-24712,Franchise_FL_04,Drywall Repair,2025-12-12,13.0,74.95,974.35,974.35,1,12.0,4.0
CLM-21089,Franchise_FL_04,Water Extraction,2025-02-15,11.0,81.51,896.61,896.61,1,2.0,5.0
CLM-72583,Franchise_FL_04,Dehumidifier Rental,2025-04-30,13.0,70.69,918.97,918.97,1,4.0,2.0
CLM-46684,Franchise_NY_12,Antimicrobial Treatment,,29.0,57.01,1653.29,1433.14,0,,
CLM-15927,Franchise_TX_01,Antimicrobial Treatment,,48.0,57.02,2736.96,2736.96,1,,
CLM-76086,Franchise_NY_12,Dehumidifier Rental,,24.0,67.94,1630.56,1630.56,1,,
CLM-87136,Franchise_TX_01,Baseboard Replacement,,44.0,45.65,2008.6,2008.6,1,,
CLM-69064,Franchise_TX_01,Antimicrobial Treatment,,25.0,88.5,2212.5,2212.5,1,,
CLM-10289,Franchise_TX_01,Baseboard Replacement,,18.0,111.15,2000.7,2000.7,1,,
CLM-59343,Franchise_FL_04,Antimicrobial Treatment,2025-04-06,31.0,64.96,2013.76,1014.37,0,4.0,6.0
CLM-95012,Franchise_FL_04,Antimicrobial Treatment,2025-02-02,41.0,15.9,651.9,651.9,1,2.0,6.0
CLM-91074,Franchise_TX_01,Antimicrobial Treatment,,37.0,117.45,4345.65,2300.05,0,,
CLM-33411,Franchise_FL_04,Water Extraction,2025-03-29,2.0,138.22,276.44,276.44,1,3.0,5.0
CLM-14927,Franchise_FL_04,Baseboard Replacement,2025-04-10,13.0,25.09,326.17,326.17,1,4.0,3.0
CLM-87939,Franchise_FL_04,Dehumidifier Rental,2025-02-08,3.0,114.13,342.39,226.61,0,2.0,5.0
CLM-75750,Franchise_FL_04,Dehumidifier Rental,2025-07-28,32.0,90.08,2882.56,1678.01,0,7.0,0.0
CLM-36913,Franchise_NY_12,Baseboard Replacement,,29.0,92.44,2680.76,2680.76,1,,
CLM-56986,Franchise_TX_01,Water Extraction,,25.0,39.08,977.0,677.8,0,,
CLM-56003,Franchise_NY_12,Baseboard Replacement,,46.0,18.33,843.18,843.18,1,,
CLM-11598,Franchise_FL_04,Antimicrobial Treatment,2025-08-11,21.0,101.48,2131.08,1420.67,0,8.0,0.0
CLM-61463,Franchise_TX_01,Water Extraction,,5.0,61.89,309.45,262.04,0,,
CLM-25529,Franchise_FL_04,Baseboard Replacement,2025-04-27,34.0,76.23,2591.82,2591.82,1,4.0,6.0
CLM-43140,Franchise_NY_12,Antimicrobial Treatment,,24.0,107.46,2579.04,1972.17,0,,
CLM-11275,Franchise_TX_01,Antimicrobial Treatment,,6.0,55.16,330.96,194.14,0,,
CLM-42362,Franchise_NY_12,Dehumidifier Rental,,24.0,21.51,516.24,516.24,1,,
CLM-23525,Franchise_FL_04,Water Extraction,2025-09-20,3.0,134.0,402.0,402.0,1,9.0,5.0
CLM-67582,Franchise_TX_01,Water Extraction,,20.0,103.17,2063.4,2063.4,1,,
CLM-86898,Franchise_FL_04,Baseboard Replacement,2025-04-23,22.0,44.86,986.92,986.92,1,4.0,2.0
CLM-39981,Franchise_NY_12,Baseboard Replacement,,30.0,53.67,1610.1,1610.1,1,,
CLM-36364,Franchise_TX_01,Dehumidifier Rental,,17.0,71.71,1219.07,1068.29,0,,
CLM-78820,Franchise_FL_04,Water Extraction,2025-10-23,18.0,34.4,619.2,619.2,1,10.0,3.0
CLM-66945,Franchise_TX_01,Antimicrobial Treatment,,24.0,88.91,2133.84,2133.84,1,,
CLM-83850,Franchise_TX_01,Antimicrobial Treatment,,27.0,28.18,760.86,760.86,1,,
CLM-78921,Franchise_TX_01,Drywall Repair,,2.0,68.69,137.38,106.31,0,,
CLM-64092,Franchise_TX_01,Antimicrobial Treatment - MISC,,15.0,98.31,1474.65,1018.91,0,,
CLM-63064,Franchise_FL_04,Water Extraction,2025-11-10,10.0,22.54,225.4,123.86,0,11.0,0.0
CLM-98775,Franchise_NY_12,Antimicrobial Treatment,,13.0,130.89,1701.57,919.02,0,,
CLM-30197,Franchise_TX_01,Antimicrobial Treatment - MISC,,27.0,140.56,3795.12,3795.12,1,,
CLM-77721,Franchise_NY_12,Drywall Repair,,40.0,97.72,3908.8,3908.8,1,,
CLM-87166,Franchise_TX_01,Dehumidifier Rental,,7.0,20.45,143.15,143.15,1,,
CLM-68027,Franchise_FL_04,Baseboard Replacement,2025-01-21,2.0,45.06,90.12,90.12,1,1.0,1.0
CLM-22003,Franchise_NY_12,Antimicrobial Treatment,,38.0,95.36,3623.68,1495.92,0,,
CLM-78688,Franchise_FL_04,Drywall Repair,2025-10-10,44.0,95.37,4196.28,4196.28,1,10.0,4.0
CLM-18568,Franchise_TX_01,Baseboard Replacement,,3.0,109.91,329.73,329.73,1,,
CLM-14173,Franchise_FL_04,Drywall Repair,2025-12-04,34.0,130.88,4449.92,2367.68,0,12.0,3.0
CLM-57022,Franchise_FL_04,Drywall Repair,2025-02-24,43.0,127.31,5474.33,3533.3,0,2.0,0.0
CLM-51735,Franchise_FL_04,Antimicrobial Treatment,2025-04-28,32.0,91.95,2942.4,2942.4,1,4.0,0.0
CLM-34350,Franchise_TX_01,Water Extraction,,20.0,50.21,1004.2,404.98,0,,
CLM-66468,Franchise_NY_12,Antimicrobial Treatment,,3.0,26.91,80.73,64.57,0,,
CLM-19895,Franchise_FL_04,Drywall Repair,2025-12-26,37.0,96.37,3565.69,1900.8,0,12.0,4.0
CLM-52548,Franchise_NY_12,Water Extraction,,50.0,21.2,1060.0,637.04,0,,
CLM-93170,Franchise_TX_01,Antimicrobial Treatment,,46.0,123.23,5668.58,2358.36,0,,
CLM-16418,Franchise_NY_12,Drywall Repair,,39.0,148.64,5796.96,5796.96,1,,
CLM-16113,Franchise_TX_01,Dehumidifier Rental,,17.0,52.93,899.81,899.81,1,,
CLM-49049,Franchise_FL_04,Water Extraction,2025-08-31,5.0,140.16,700.8,296.07,0,8.0,6.0
CLM-48313,Franchise_NY_12,Antimicrobial Treatment,,40.0,133.34,5333.6,2961.34,0,,
CLM-62234,Franchise_FL_04,Baseboard Replacement,2025-01-02,27.0,138.78,3747.06,3244.37,0,1.0,3.0
CLM-64535,Franchise_FL_04,Baseboard Replacement,2025-07-03,20.0,39.66,793.2,793.2,1,7.0,3.0
CLM-91041,Franchise_NY_12,Baseboard Replacement,,32.0,33.04,1057.28,1057.28,1,,
CLM-22971,Franchise_NY_12,Baseboard Replacement,,5.0,67.84,339.2,257.2,0,,
CLM-48582,Franchise_TX_01,Dehumidifier Rental - MISC,,17.0,44.72,760.24,372.71,0,,
CLM-45571,Franchise_FL_04,Water Extraction,2025-09-08,40.0,66.83,2673.2,2673.2,1,9.0,0.0
CLM-56412,Franchise_FL_04,Water Extraction,2025-03-11,39.0,53.28,2077.92,2077.92,1,3.0,1.0
CLM-65731,Franchise_NY_12,Baseboard Replacement,,19.0,123.16,2340.04,2340.04,1,,
CLM-48100,Franchise_NY_12,Dehumidifier Rental,,11.0,138.88,1527.68,1307.53,0,,
CLM-74130,Franchise_TX_01,Dehumidifier Rental,,26.0,97.71,2540.46,2540.46,1,,
CLM-42014,Franchise_FL_04,Dehumidifier Rental,2025-02-23,48.0,144.43,6932.64,6932.64,1,2.0,6.0
CLM-63317,Franchise_TX_01,Drywall Repair - MISC,,4.0,99.41,397.64,173.78,0,,
CLM-72958,Franchise_FL_04,Antimicrobial Treatment,2025-07-23,34.0,65.37,2222.58,2222.58,1,7.0,2.0
CLM-97767,Franchise_FL_04,Baseboard Replacement,2025-10-18,23.0,144.33,3319.59,3319.59,1,10.0,5.0
CLM-73240,Franchise_FL_04,Baseboard Replacement,2025-08-29,43.0,79.02,3397.86,2881.78,0,8.0,4.0
CLM-94876,Franchise_FL_04,Water Extraction,2025-10-26,38.0,135.04,5131.52,5131.52,1,10.0,6.0
CLM-69343,Franchise_TX_01,Baseboard Replacement,,36.0,47.3,1702.8,1702.8,1,,
CLM-53730,Franchise_TX_01,Baseboard Replacement,,10.0,79.36,793.6,663.73,0,,
CLM-39575,Franchise_NY_12,Antimicrobial Treatment,,6.0,78.33,469.98,257.61,0,,
CLM-73376,Franchise_FL_04,Antimicrobial Treatment,2025-06-05,19.0,142.89,2714.91,2714.91,1,6.0,3.0
CLM-98104,Franchise_FL_04,Antimicrobial Treatment,2025-10-31,9.0,141.38,1272.42,1272.42,1,10.0,4.0
CLM-34230,Franchise_FL_04,Dehumidifier Rental,2025-10-02,2.0,145.53,291.06,144.02,0,10.0,3.0
CLM-44964,Franchise_NY_12,Antimicrobial Treatment,,10.0,83.52,835.2,671.55,0,,
CLM-20028,Franchise_NY_12,Water Extraction,,44.0,117.46,5168.24,5168.24,1,,
CLM-33616,Franchise_FL_04,Drywall Repair,2025-04-11,11.0,113.77,1251.47,954.63,0,4.0,4.0
CLM-89167,Franchise_TX_01,Water Extraction,,6.0,41.43,248.58,248.58,1,,
CLM-36613,Franchise_TX_01,Antimicrobial Treatment,,34.0,45.41,1543.94,1543.94,1,,
CLM-39936,Franchise_NY_12,Dehumidifier Rental,,20.0,36.53,730.6,730.6,1,,
CLM-17557,Franchise_TX_01,Antimicrobial Treatment,,2.0,140.73,281.46,281.46,1,,
CLM-25868,Franchise_NY_12,Baseboard Replacement,,26.0,97.49,2534.74,2534.74,1,,
CLM-28440,Franchise_TX_01,Drywall Repair,,24.0,120.87,2900.88,2900.88,1,,
CLM-26288,Franchise_TX_01,Drywall Repair,,18.0,114.87,2067.66,2067.66,1,,
CLM-13522,Franchise_NY_12,Antimicrobial Treatment,,35.0,71.1,2488.5,2488.5,1,,
CLM-24362,Franchise_FL_04,Baseboard Replacement,2025-09-24,11.0,121.47,1336.17,1336.17,1,9.0,2.0
CLM-15216,Franchise_FL_04,Water Extraction,2025-10-21,47.0,111.15,5224.05,5224.05,1,10.0,1.0
CLM-41643,Franchise_NY_12,Drywall Repair,,49.0,67.08,3286.92,1330.87,0,,
CLM-62984,Franchise_FL_04,Dehumidifier Rental,2025-02-18,5.0,149.19,745.95,745.95,1,2.0,1.0
CLM-32693,Franchise_TX_01,Baseboard Replacement - MISC,,24.0,145.74,3497.76,3497.76,1,,
CLM-90274,Franchise_NY_12,Baseboard Replacement,,14.0,148.19,2074.66,2074.66,1,,
CLM-44392,Franchise_FL_04,Drywall Repair,2025-05-23,49.0,70.57,3457.93,2765.73,0,5.0,4.0
CLM-25729,Franchise_FL_04,Antimicrobial Treatment,2025-01-10,7.0,113.25,792.75,792.75,1,1.0,4.0
CLM-43526,Franchise_NY_12,Water Extraction,,22.0,103.43,2275.46,2275.46,1,,
CLM-45640,Franchise_TX_01,Antimicrobial Treatment - MISC,,28.0,24.71,691.88,560.35,0,,
CLM-41824,Franchise_NY_12,Water Extraction,,6.0,54.95,329.7,329.7,1,,
CLM-84847,Franchise_TX_01,Dehumidifier Rental,,35.0,89.53,3133.55,3133.55,1,,
CLM-72401,Franchise_TX_01,Water Extraction,,42.0,25.15,1056.3,807.24,0,,
CLM-56263,Franchise_NY_12,Baseboard Replacement,,8.0,126.91,1015.28,1015.28,1,,
CLM-16232,Franchise_FL_04,Drywall Repair,2025-03-05,37.0,141.53,5236.61,5236.61,1,3.0,2.0
CLM-97590,Franchise_NY_12,Dehumidifier Rental,,30.0,79.29,2378.7,2378.7,1,,
CLM-20708,Franchise_TX_01,Water Extraction - MISC,,43.0,148.25,6374.75,6374.75,1,,
CLM-86420,Franchise_TX_01,Drywall Repair,,20.0,65.59,1311.8,1311.8,1,,
CLM-32999,Franchise_TX_01,Baseboard Replacement,,22.0,135.58,2982.76,2121.26,0,,
CLM-57026,Franchise_FL_04,Baseboard Replacement,2025-02-10,16.0,34.28,548.48,548.48,1,2.0,0.0
CLM-85490,Franchise_FL_04,Dehumidifier Rental,2025-11-07,1.0,103.53,103.53,87.18,0,11.0,4.0
CLM-53305,Franchise_TX_01,Drywall Repair,,2.0,88.57,177.14,177.14,1,,
CLM-97923,Franchise_TX_01,Drywall Repair,,35.0,26.16,915.6,600.88,0,,
CLM-73804,Franchise_NY_12,Water Extraction,,5.0,146.61,733.05,733.05,1,,
CLM-55890,Franchise_NY_12,Drywall Repair,,5.0,61.07,305.35,123.86,0,,
CLM-93607,Franchise_FL_04,Dehumidifier Rental,2025-09-05,19.0,60.04,1140.76,972.3,0,9.0,4.0
CLM-48992,Franchise_FL_04,Drywall Repair,2025-04-11,49.0,86.94,4260.06,3246.38,0,4.0,4.0
CLM-50512,Franchise_FL_04,Antimicrobial Treatment,2025-10-17,8.0,88.93,711.44,496.25,0,10.0,4.0
CLM-15363,Franchise_NY_12,Dehumidifier Rental,,11.0,137.33,1510.63,1510.63,1,,
CLM-38684,Franchise_NY_12,Antimicrobial Treatment,,4.0,91.88,367.52,367.52,1,,
CLM-34653,Franchise_TX_01,Antimicrobial Treatment - MISC,,26.0,62.19,1616.94,1616.94,1,,
CLM-27853,Franchise_FL_04,Drywall Repair,2025-07-09,26.0,80.04,2081.04,2081.04,1,7.0,2.0
CLM-85316,Franchise_TX_01,Antimicrobial Treatment,,15.0,56.46,846.9,846.9,1,,
CLM-84644,Franchise_NY_12,Drywall Repair,,22.0,82.84,1822.48,1356.25,0,,
CLM-89064,Franchise_TX_01,Baseboard Replacement,,32.0,45.31,1449.92,1449.92,1,,
CLM-84169,Franchise_TX_01,Baseboard Replacement,,50.0,67.52,3376.0,3376.0,1,,
CLM-67974,Franchise_NY_12,Dehumidifier Rental,,41.0,107.27,4398.07,4398.07,1,,
CLM-47138,Franchise_TX_01,Water Extraction - MISC,,23.0,144.03,3312.69,3312.69,1,,
CLM-26646,Franchise_NY_12,Antimicrobial Treatment,,36.0,33.8,1216.8,1216.8,1,,
CLM-31207,Franchise_FL_04,Baseboard Replacement,2025-09-10,48.0,125.68,6032.64,3766.45,0,9.0,2.0
CLM-21963,Franchise_NY_12,Baseboard Replacement,,26.0,54.25,1410.5,712.62,0,,
CLM-31092,Franchise_FL_04,Water Extraction,2025-02-21,22.0,45.64,1004.08,1004.08,1,2.0,4.0
CLM-70492,Franchise_FL_04,Antimicrobial Treatment,2025-11-25,1.0,114.62,114.62,114.62,1,11.0,1.0
CLM-20467,Franchise_NY_12,Dehumidifier Rental,,13.0,27.42,356.46,203.91,0,,
CLM-47265,Franchise_NY_12,Antimicrobial Treatment,,34.0,145.31,4940.54,4940.54,1,,
CLM-93932,Franchise_NY_12,Drywall Repair,,9.0,57.42,516.78,385.57,0,,
CLM-11756,Franchise_NY_12,Dehumidifier Rental,,49.0,31.96,1566.04,1071.64,0,,
CLM-83260,Franchise_TX_01,Drywall Repair,,49.0,30.93,1515.57,1515.57,1,,
CLM-65517,Franchise_TX_01,Baseboard Replacement,,29.0,85.17,2469.93,2014.33,0,,
CLM-66070,Franchise_NY_12,Antimicrobial Treatment,,42.0,99.47,4177.74,4177.74,1,,
CLM-76575,Franchise_TX_01,Dehumidifier Rental,,14.0,99.59,1394.26,559.97,0,,
CLM-72121,Franchise_FL_04,Water Extraction,2025-01-22,11.0,144.79,1592.69,1592.69,1,1.0,2.0
CLM-32107,Franchise_FL_04,Antimicrobial Treatment,2025-12-18,26.0,107.12,2785.12,1919.21,0,12.0,3.0
CLM-21617,Franchise_FL_04,Dehumidifier Rental,2025-05-18,35.0,144.21,5047.35,4364.46,0,5.0,6.0
CLM-31946,Franchise_TX_01,Water Extraction - MISC,,33.0,72.66,2397.78,2397.78,1,,
CLM-44182,Franchise_FL_04,Dehumidifier Rental,2025-01-06,19.0,52.83,1003.77,893.7,0,1.0,0.0
CLM-38034,Franchise_NY_12,Water Extraction,,24.0,61.14,1467.36,841.13,0,,
CLM-26536,Franchise_NY_12,Dehumidifier Rental,,29.0,132.28,3836.12,3836.12,1,,
CLM-21847,Franchise_TX_01,Dehumidifier Rental,,48.0,42.04,2017.92,2017.92,1,,
CLM-71772,Franchise_FL_04,Drywall Repair,2025-10-08,35.0,146.97,5143.95,2838.97,0,10.0,2.0
CLM-70761,Franchise_FL_04,Water Extraction,2025-11-24,38.0,53.94,2049.72,1821.96,0,11.0,0.0
CLM-21926,Franchise_FL_04,Drywall Repair,2025-02-09,48.0,16.51,792.48,321.2,0,2.0,6.0
CLM-26325,Franchise_TX_01,Water Extraction,,39.0,77.48,3021.72,3021.72,1,,
CLM-26526,Franchise_NY_12,Dehumidifier Rental,,43.0,137.96,5932.28,5932.28,1,,
CLM-54238,Franchise_FL_04,Water Extraction,2025-08-25,18.0,42.04,756.72,433.41,0,8.0,0.0
CLM-68743,Franchise_NY_12,Dehumidifier Rental,,48.0,144.43,6932.64,6932.64,1,,
CLM-22559,Franchise_FL_04,Water Extraction,2025-09-23,22.0,87.44,1923.68,1475.93,0,9.0,1.0
CLM-56956,Franchise_TX_01,Antimicrobial Treatment,,26.0,70.23,1825.98,1641.46,0,,
CLM-47421,Franchise_TX_01,Baseboard Replacement,,42.0,53.2,2234.4,1713.9,0,,
CLM-36064,Franchise_FL_04,Drywall Repair,2025-09-08,35.0,72.58,2540.3,1874.96,0,9.0,0.0
CLM-24400,Franchise_NY_12,Dehumidifier Rental,,47.0,26.93,1265.71,1265.71,1,,
CLM-84073,Franchise_FL_04,Dehumidifier Rental,2025-01-19,43.0,53.65,2306.95,2306.95,1,1.0,6.0
CLM-81620,Franchise_NY_12,Drywall Repair,,27.0,33.97,917.19,538.73,0,,
CLM-25862,Franchise_NY_12,Antimicrobial Treatment,,28.0,42.91,1201.48,1201.48,1,,
CLM-32311,Franchise_TX_01,Water Extraction,,16.0,83.82,1341.12,1341.12,1,,
CLM-45984,Franchise_FL_04,Antimicrobial Treatment,2025-02-11,41.0,124.47,5103.27,5103.27,1,2.0,1.0
CLM-65278,Franchise_NY_12,Dehumidifier Rental,,7.0,111.32,779.24,779.24,1,,
CLM-28326,Franchise_NY_12,Antimicrobial Treatment,,18.0,120.28,2165.04,2165.04,1,,
CLM-17315,Franchise_TX_01,Baseboard Replacement,,22.0,61.0,1342.0,1034.37,0,,
CLM-79858,Franchise_FL_04,Water Extraction,2025-04-25,17.0,108.44,1843.48,1843.48,1,4.0,4.0
CLM-60740,Franchise_TX_01,Drywall Repair,,7.0,46.54,325.78,141.29,0,,
CLM-92833,Franchise_NY_12,Antimicrobial Treatment,,31.0,124.2,3850.2,3850.2,1,,
CLM-58800,Franchise_TX_01,Antimicrobial Treatment,,37.0,52.32,1935.84,1010.36,0,,
CLM-97280,Franchise_NY_12,Drywall Repair,,37.0,49.49,1831.13,1831.13,1,,
CLM-90162,Franchise_NY_12,Antimicrobial Treatment,,32.0,40.87,1307.84,1307.84,1,,
CLM-73591,Franchise_FL_04,Drywall Repair,2025-05-27,30.0,85.42,2562.6,1846.77,0,5.0,1.0
CLM-49466,Franchise_NY_12,Baseboard Replacement,,32.0,88.63,2836.16,1917.37,0,,
CLM-29262,Franchise_NY_12,Baseboard Replacement,,11.0,43.13,474.43,313.66,0,,
CLM-29280,Franchise_FL_04,Dehumidifier Rental,2025-10-24,26.0,110.99,2885.74,2885.74,1,10.0,4.0
CLM-11849,Franchise_NY_12,Baseboard Replacement,,24.0,125.75,3018.0,3018.0,1,,
CLM-51915,Franchise_NY_12,Dehumidifier Rental,,36.0,130.27,4689.72,4689.72,1,,
CLM-11248,Franchise_NY_12,Antimicrobial Treatment,,7.0,115.84,810.88,453.2,0,,
CLM-79088,Franchise_NY_12,Antimicrobial Treatment,,15.0,54.85,822.75,822.75,1,,
CLM-11692,Franchise_TX_01,Dehumidifier Rental - MISC,,18.0,99.54,1791.72,971.73,0,,
CLM-55317,Franchise_FL_04,Water Extraction,2025-12-08,20.0,29.33,586.6,586.6,1,12.0,0.0
CLM-41160,Franchise_FL_04,Drywall Repair,2025-05-14,41.0,76.94,3154.54,2383.81,0,5.0,2.0
CLM-48694,Franchise_FL_04,Antimicrobial Treatment,2025-11-13,29.0,19.67,570.43,346.84,0,11.0,3.0
CLM-88897,Franchise_NY_12,Antimicrobial Treatment,,22.0,101.62,2235.64,2235.64,1,,
CLM-56470,Franchise_TX_01,Water Extraction - MISC,,7.0,116.73,817.11,403.49,0,,
CLM-44407,Franchise_FL_04,Baseboard Replacement,2025-06-14,23.0,107.47,2471.81,2471.81,1,6.0,5.0
CLM-16068,Franchise_TX_01,Drywall Repair,,43.0,141.76,6095.68,2645.28,0,,
CLM-45219,Franchise_TX_01,Dehumidifier Rental,,26.0,81.87,2128.62,2128.62,1,,
CLM-27701,Franchise_FL_04,Baseboard Replacement,2025-10-21,12.0,111.39,1336.68,1336.68,1,10.0,1.0
CLM-94482,Franchise_NY_12,Drywall Repair,,27.0,32.21,869.67,707.52,0,,
CLM-76086,Franchise_NY_12,Baseboard Replacement,,16.0,117.44,1879.04,914.21,0,,
CLM-48808,Franchise_NY_12,Dehumidifier Rental,,23.0,37.97,873.31,735.1,0,,
CLM-92718,Franchise_NY_12,Baseboard Replacement,,32.0,135.63,4340.16,4340.16,1,,
CLM-65676,Franchise_FL_04,Baseboard Replacement,2025-10-11,35.0,52.67,1843.45,1843.45,1,10.0,5.0
CLM-65781,Franchise_FL_04,Antimicrobial Treatment,2025-09-06,35.0,85.21,2982.35,2682.99,0,9.0,5.0
CLM-32830,Franchise_FL_04,Drywall Repair,2025-09-15,47.0,58.09,2730.23,2050.4,0,9.0,0.0
CLM-29716,Franchise_NY_12,Antimicrobial Treatment,,39.0,41.06,1601.34,1151.68,0,,
CLM-67530,Franchise_TX_01,Dehumidifier Rental,,13.0,76.95,1000.35,515.02,0,,
CLM-26114,Franchise_TX_01,Water Extraction,,19.0,121.29,2304.51,1687.86,0,,
CLM-87074,Franchise_TX_01,Baseboard Replacement,,37.0,52.57,1945.09,1945.09,1,,
CLM-87732,Franchise_FL_04,Water Extraction,2025-09-25,50.0,142.82,7141.0,7141.0,1,9.0,3.0
CLM-82002,Franchise_TX_01,Baseboard Replacement,,33.0,124.03,4092.99,4092.99,1,,
CLM-99310,Franchise_TX_01,Antimicrobial Treatment,,26.0,84.07,2185.82,1827.06,0,,
CLM-26779,Franchise_FL_04,Water Extraction,2025-07-23,3.0,81.31,243.93,103.5,0,7.0,2.0
CLM-36386,Franchise_FL_04,Baseboard Replacement,2025-07-02,31.0,90.86,2816.66,1960.35,0,7.0,2.0
CLM-34303,Franchise_FL_04,Water Extraction,2025-09-08,47.0,67.08,3152.76,3152.76,1,9.0,0.0
CLM-64112,Franchise_NY_12,Water Extraction,,41.0,124.96,5123.36,5123.36,1,,
CLM-90185,Franchise_NY_12,Water Extraction,,44.0,41.36,1819.84,1637.06,0,,
CLM-92250,Franchise_TX_01,Dehumidifier Rental,,25.0,35.23,880.75,450.61,0,,
CLM-49195,Franchise_FL_04,Water Extraction,2025-05-11,21.0,17.21,361.41,361.41,1,5.0,6.0
CLM-86353,Franchise_NY_12,Water Extraction,,10.0,127.14,1271.4,1043.32,0,,
CLM-43187,Franchise_TX_01,Water Extraction - MISC,,23.0,121.81,2801.63,2801.63,1,,
CLM-93259,Franchise_FL_04,Dehumidifier Rental,2025-07-01,17.0,146.44,2489.48,1065.59,0,7.0,1.0
CLM-84105,Franchise_TX_01,Antimicrobial Treatment,,16.0,31.89,510.24,510.24,1,,
CLM-68862,Franchise_TX_01,Dehumidifier Rental,,31.0,88.68,2749.08,2749.08,1,,
CLM-13535,Franchise_NY_12,Dehumidifier Rental,,19.0,134.52,2555.88,1437.84,0,,
CLM-26831,Franchise_NY_12,Baseboard Replacement,,4.0,45.72,182.88,75.86,0,,
CLM-15806,Franchise_TX_01,Water Extraction,,22.0,29.24,643.28,555.41,0,,
CLM-32516,Franchise_NY_12,Dehumidifier Rental,,3.0,128.57,385.71,385.71,1,,
CLM-66013,Franchise_NY_12,Drywall Repair,,34.0,118.08,4014.72,3494.12,0,,
CLM-51191,Franchise_NY_12,Antimicrobial Treatment,,9.0,98.14,883.26,670.25,0,,
CLM-10759,Franchise_FL_04,Antimicrobial Treatment,2025-04-12,35.0,97.28,3404.8,3404.8,1,4.0,5.0
CLM-45873,Franchise_NY_12,Baseboard Replacement,,1.0,133.97,133.97,133.97,1,,
CLM-59675,Franchise_TX_01,Antimicrobial Treatment,,24.0,87.31,2095.44,2095.44,1,,
CLM-24991,Franchise_TX_01,Dehumidifier Rental,,33.0,22.0,726.0,545.59,0,,
CLM-21756,Franchise_NY_12,Baseboard Replacement,,31.0,112.43,3485.33,3485.33,1,,
CLM-59361,Franchise_FL_04,Antimicrobial Treatment,2025-06-23,50.0,48.04,2402.0,2402.0,1,6.0,0.0
CLM-88946,Franchise_TX_01,Antimicrobial Treatment,,13.0,123.73,1608.49,1608.49,1,,
CLM-85771,Franchise_FL_04,Antimicrobial Treatment,2025-06-08,36.0,15.32,551.52,551.52,1,6.0,6.0
CLM-23713,Franchise_TX_01,Baseboard Replacement - MISC,,2.0,146.32,292.64,254.85,0,,
CLM-92515,Franchise_TX_01,Water Extraction,,8.0,51.25,410.0,183.2,0,,
CLM-81579,Franchise_NY_12,Water Extraction,,43.0,146.92,6317.56,6317.56,1,,
CLM-49421,Franchise_FL_04,Baseboard Replacement,2025-01-26,17.0,79.31,1348.27,1348.27,1,1.0,6.0
CLM-18821,Franchise_FL_04,Antimicrobial Treatment,2025-09-21,1.0,41.89,41.89,41.89,1,9.0,6.0
CLM-58723,Franchise_FL_04,Dehumidifier Rental,2025-10-04,46.0,125.64,5779.44,3672.67,0,10.0,5.0
CLM-42969,Franchise_FL_04,Dehumidifier Rental,2025-03-21,43.0,135.55,5828.65,5828.65,1,3.0,4.0
CLM-16660,Franchise_FL_04,Drywall Repair,2025-09-05,42.0,111.95,4701.9,4701.9,1,9.0,4.0
CLM-28384,Franchise_FL_04,Dehumidifier Rental,2025-09-07,13.0,140.39,1825.07,1370.43,0,9.0,6.0
CLM-13306,Franchise_NY_12,Antimicrobial Treatment,,15.0,62.24,933.6,933.6,1,,
CLM-46920,Franchise_FL_04,Antimicrobial Treatment,2025-10-08,13.0,46.42,603.46,513.75,0,10.0,2.0
CLM-41690,Franchise_NY_12,Water Extraction,,27.0,34.54,932.58,932.58,1,,
CLM-65707,Franchise_NY_12,Antimicrobial Treatment,,31.0,30.16,934.96,441.05,0,,
CLM-89132,Franchise_TX_01,Drywall Repair,,37.0,99.99,3699.63,2438.55,0,,
CLM-29398,Franchise_FL_04,Drywall Repair,2025-06-16,3.0,147.18,441.54,441.54,1,6.0,0.0
CLM-72645,Franchise_TX_01,Drywall Repair - MISC,,43.0,117.28,5043.04,5043.04,1,,
CLM-67652,Franchise_NY_12,Antimicrobial Treatment,,32.0,48.73,1559.36,713.83,0,,
CLM-71420,Franchise_FL_04,Dehumidifier Rental,2025-02-23,37.0,19.75,730.75,543.55,0,2.0,6.0
CLM-68181,Franchise_NY_12,Water Extraction,,50.0,84.96,4248.0,2653.25,0,,
CLM-98935,Franchise_FL_04,Drywall Repair,2025-02-23,14.0,75.79,1061.06,914.11,0,2.0,6.0
CLM-76718,Franchise_TX_01,Baseboard Replacement,,11.0,111.61,1227.71,1227.71,1,,
CLM-95125,Franchise_FL_04,Drywall Repair,2025-10-07,27.0,43.89,1185.03,756.06,0,10.0,1.0
CLM-10030,Franchise_TX_01,Baseboard Replacement,,49.0,20.12,985.88,985.88,1,,
CLM-64430,Franchise_NY_12,Antimicrobial Treatment,,43.0,64.67,2780.81,2780.81,1,,
CLM-79857,Franchise_NY_12,Drywall Repair,,33.0,46.67,1540.11,1540.11,1,,
CLM-20826,Franchise_FL_04,Drywall Repair,2025-01-09,9.0,27.82,250.38,207.78,0,1.0,3.0
CLM-13017,Franchise_TX_01,Water Extraction,,4.0,140.28,561.12,561.12,1,,
CLM-28328,Franchise_FL_04,Water Extraction,2025-10-27,2.0,71.92,143.84,124.1,0,10.0,0.0
CLM-91436,Franchise_NY_12,Dehumidifier Rental,,47.0,97.75,4594.25,4594.25,1,,
CLM-85230,Franchise_NY_12,Dehumidifier Rental,,32.0,93.86,3003.52,1352.61,0,,
CLM-57540,Franchise_FL_04,Baseboard Replacement,2025-08-20,17.0,86.87,1476.79,1322.01,0,8.0,2.0
CLM-91368,Franchise_TX_01,Baseboard Replacement,,5.0,68.88,344.4,344.4,1,,
CLM-65183,Franchise_FL_04,Baseboard Replacement,2025-09-01,14.0,21.8,305.2,305.2,1,9.0,0.0
CLM-64033,Franchise_NY_12,Antimicrobial Treatment,,44.0,139.93,6156.92,3616.83,0,,
CLM-46861,Franchise_FL_04,Water Extraction,2025-05-27,43.0,44.01,1892.43,1409.5,0,5.0,1.0
CLM-64065,Franchise_FL_04,Water Extraction,2025-10-08,30.0,32.39,971.7,694.67,0,10.0,2.0
CLM-82703,Franchise_FL_04,Drywall Repair,2025-11-14,9.0,43.35,390.15,180.27,0,11.0,4.0
CLM-61006,Franchise_TX_01,Dehumidifier Rental - MISC,,1.0,83.04,83.04,83.04,1,,
CLM-21729,Franchise_FL_04,Drywall Repair,2025-08-08,14.0,18.89,264.46,264.46,1,8.0,4.0
CLM-28300,Franchise_NY_12,Baseboard Replacement,,38.0,139.28,5292.64,4761.92,0,,
CLM-36796,Franchise_NY_12,Drywall Repair,,21.0,105.11,2207.31,1435.53,0,,
CLM-17077,Franchise_FL_04,Baseboard Replacement,2025-11-07,1.0,27.87,27.87,22.4,0,11.0,4.0
CLM-66347,Franchise_TX_01,Dehumidifier Rental,,36.0,121.55,4375.8,3788.56,0,,
CLM-77337,Franchise_NY_12,Dehumidifier Rental,,7.0,132.93,930.51,930.51,1,,
CLM-30372,Franchise_FL_04,Water Extraction,2025-02-28,8.0,41.05,328.4,328.4,1,2.0,4.0
CLM-94345,Franchise_TX_01,Water Extraction,,2.0,62.04,124.08,124.08,1,,
CLM-60212,Franchise_NY_12,Antimicrobial Treatment,,36.0,123.29,4438.44,2973.9,0,,
CLM-84017,Franchise_TX_01,Drywall Repair,,45.0,85.46,3845.7,3845.7,1,,
CLM-68808,Franchise_TX_01,Drywall Repair - MISC,,28.0,81.24,2274.72,2274.72,1,,
CLM-50426,Franchise_TX_01,Antimicrobial Treatment,,38.0,106.43,4044.34,3301.9,0,,
CLM-70995,Franchise_FL_04,Antimicrobial Treatment,2025-08-01,47.0,130.96,6155.12,6155.12,1,8.0,4.0
CLM-52787,Franchise_TX_01,Baseboard Replacement,,18.0,136.54,2457.72,2457.72,1,,
CLM-55941,Franchise_TX_01,Drywall Repair,,49.0,33.54,1643.46,727.13,0,,
CLM-30019,Franchise_TX_01,Drywall Repair,,43.0,89.08,3830.44,3830.44,1,,
CLM-97666,Franchise_FL_04,Antimicrobial Treatment,2025-03-31,27.0,118.7,3204.9,3204.9,1,3.0,0.0
CLM-69129,Franchise_NY_12,Drywall Repair,,31.0,21.2,657.2,513.72,0,,
CLM-36819,Franchise_NY_12,Dehumidifier Rental,,49.0,97.9,4797.1,4797.1,1,,
CLM-29011,Franchise_FL_04,Baseboard Replacement,2025-09-13,23.0,36.68,843.64,367.59,0,9.0,5.0
CLM-43941,Franchise_TX_01,Drywall Repair,,18.0,60.92,1096.56,1096.56,1,,
CLM-84217,Franchise_FL_04,Drywall Repair,2025-08-01,42.0,57.62,2420.04,2420.04,1,8.0,4.0
CLM-57216,Franchise_TX_01,Baseboard Replacement,,20.0,100.28,2005.6,2005.6,1,,
CLM-16561,Franchise_FL_04,Antimicrobial Treatment,2025-11-07,43.0,53.47,2299.21,1690.67,0,11.0,4.0
CLM-67606,Franchise_FL_04,Drywall Repair,2025-06-26,46.0,84.93,3906.78,2884.13,0,6.0,3.0
CLM-67016,Franchise_NY_12,Antimicrobial Treatment,,45.0,63.05,2837.25,2837.25,1,,
CLM-43072,Franchise_NY_12,Antimicrobial Treatment,,3.0,95.4,286.2,286.2,1,,
CLM-53612,Franchise_NY_12,Water Extraction,,31.0,64.33,1994.23,1414.26,0,,
CLM-27424,Franchise_TX_01,Drywall Repair,,26.0,15.25,396.5,396.5,1,,
CLM-16381,Franchise_TX_01,Baseboard Replacement,,7.0,17.65,123.55,86.49,0,,
CLM-56805,Franchise_NY_12,Dehumidifier Rental,,27.0,105.42,2846.34,2030.31,0,,
CLM-98163,Franchise_NY_12,Dehumidifier Rental,,26.0,15.03,390.78,307.14,0,,
CLM-27956,Franchise_NY_12,Water Extraction,,44.0,44.22,1945.68,1945.68,1,,
CLM-62691,Franchise_TX_01,Water Extraction,,43.0,59.79,2570.97,1790.68,0,,
CLM-53123,Franchise_TX_01,Antimicrobial Treatment,,34.0,80.23,2727.82,2050.54,0,,
CLM-27232,Franchise_TX_01,Baseboard Replacement,,46.0,118.02,5428.92,5428.92,1,,
CLM-79985,Franchise_NY_12,Antimicrobial Treatment,,46.0,58.43,2687.78,2687.78,1,,
CLM-67627,Franchise_NY_12,Antimicrobial Treatment,,44.0,48.95,2153.8,874.61,0,,
CLM-80756,Franchise_FL_04,Antimicrobial Treatment,2025-01-24,13.0,67.3,874.9,456.4,0,1.0,4.0
CLM-57256,Franchise_FL_04,Dehumidifier Rental,2025-11-04,49.0,98.23,4813.27,4813.27,1,11.0,1.0
CLM-26337,Franchise_NY_12,Water Extraction,,4.0,56.99,227.96,183.04,0,,
CLM-94575,Franchise_FL_04,Water Extraction,2025-09-28,40.0,32.79,1311.6,1142.19,0,9.0,6.0
CLM-82228,Franchise_FL_04,Baseboard Replacement,2025-07-24,27.0,148.44,4007.88,4007.88,1,7.0,3.0
CLM-22102,Franchise_TX_01,Baseboard Replacement,,10.0,90.51,905.1,905.1,1,,
CLM-13547,Franchise_TX_01,Water Extraction,,40.0,107.17,4286.8,4286.8,1,,
CLM-14706,Franchise_FL_04,Antimicrobial Treatment,2025-09-09,35.0,47.12,1649.2,1217.8,0,9.0,1.0
CLM-90223,Franchise_FL_04,Water Extraction,2025-10-15,22.0,18.14,399.08,271.98,0,10.0,2.0
CLM-98324,Franchise_NY_12,Dehumidifier Rental,,6.0,78.27,469.62,469.62,1,,
CLM-61613,Franchise_NY_12,Water Extraction,,32.0,135.02,4320.64,4320.64,1,,
CLM-73973,Franchise_FL_04,Antimicrobial Treatment,2025-10-29,38.0,131.22,4986.36,3579.65,0,10.0,2.0
CLM-82327,Franchise_FL_04,Water Extraction,2025-05-18,11.0,77.49,852.39,852.39,1,5.0,6.0
CLM-54595,Franchise_TX_01,Antimicrobial Treatment,,26.0,73.58,1913.08,1913.08,1,,
CLM-11415,Franchise_FL_04,Drywall Repair,2025-09-19,5.0,27.7,138.5,91.45,0,9.0,4.0
CLM-61315,Franchise_TX_01,Dehumidifier Rental - MISC,,32.0,127.72,4087.04,3270.69,0,,
CLM-48065,Franchise_NY_12,Drywall Repair,,28.0,49.91,1397.48,1397.48,1,,
CLM-72765,Franchise_FL_04,Water Extraction,2025-11-02,2.0,75.52,151.04,151.04,1,11.0,6.0
CLM-49109,Franchise_FL_04,Baseboard Replacement,2025-10-06,6.0,55.82,334.92,284.66,0,10.0,0.0
CLM-42959,Franchise_FL_04,Antimicrobial Treatment,2025-08-16,29.0,21.01,609.29,473.24,0,8.0,5.0
CLM-77484,Franchise_FL_04,Water Extraction,2025-04-07,21.0,49.34,1036.14,1036.14,1,4.0,0.0
CLM-95212,Franchise_TX_01,Drywall Repair,,48.0,87.94,4221.12,4221.12,1,,
CLM-20824,Franchise_FL_04,Antimicrobial Treatment,2025-03-10,32.0,134.98,4319.36,2048.94,0,3.0,0.0
CLM-31356,Franchise_NY_12,Drywall Repair,,33.0,27.14,895.62,543.66,0,,
CLM-95197,Franchise_FL_04,Water Extraction,2025-11-04,3.0,126.45,379.35,379.35,1,11.0,1.0
CLM-37140,Franchise_TX_01,Baseboard Replacement,,9.0,42.85,385.65,208.12,0,,
CLM-74835,Franchise_NY_12,Baseboard Replacement,,48.0,41.2,1977.6,1977.6,1,,
CLM-29942,Franchise_FL_04,Antimicrobial Treatment,2025-01-12,44.0,89.08,3919.52,3919.52,1,1.0,6.0
CLM-36172,Franchise_TX_01,Antimicrobial Treatment,,25.0,129.12,3228.0,2420.51,0,,
CLM-91178,Franchise_FL_04,Baseboard Replacement,2025-05-29,3.0,18.88,56.64,39.72,0,5.0,3.0
CLM-67289,Franchise_NY_12,Water Extraction,,31.0,73.35,2273.85,1427.17,0,,
CLM-91491,Franchise_NY_12,Dehumidifier Rental,,42.0,137.26,5764.92,3220.73,0,,
CLM-35148,Franchise_TX_01,Water Extraction,,16.0,109.81,1756.96,977.8,0,,
CLM-13664,Franchise_FL_04,Baseboard Replacement,2025-03-31,11.0,77.99,857.89,857.89,1,3.0,0.0
CLM-14139,Franchise_FL_04,Water Extraction,2025-05-11,22.0,128.03,2816.66,2816.66,1,5.0,6.0
CLM-50949,Franchise_FL_04,Antimicrobial Treatment,2025-12-09,37.0,85.61,3167.57,3167.57,1,12.0,1.0
CLM-84192,Franchise_NY_12,Water Extraction,,46.0,17.84,820.64,820.64,1,,
CLM-60632,Franchise_FL_04,Baseboard Replacement,2025-10-02,48.0,39.69,1905.12,1713.77,0,10.0,3.0
CLM-72018,Franchise_NY_12,Dehumidifier Rental,,22.0,110.27,2425.94,1325.33,0,,
CLM-79667,Franchise_FL_04,Dehumidifier Rental,2025-04-05,10.0,73.13,731.3,336.37,0,4.0,5.0
CLM-94831,Franchise_NY_12,Dehumidifier Rental,,4.0,147.19,588.76,588.76,1,,
CLM-17032,Franchise_NY_12,Baseboard Replacement,,39.0,142.6,5561.4,5561.4,1,,
CLM-96756,Franchise_NY_12,Antimicrobial Treatment,,43.0,63.95,2749.85,2074.08,0,,
CLM-79293,Franchise_FL_04,Antimicrobial Treatment,2025-10-28,48.0,130.01,6240.48,6240.48,1,10.0,1.0
CLM-47749,Franchise_TX_01,Water Extraction - MISC,,7.0,141.03,987.21,987.21,1,,
CLM-72836,Franchise_FL_04,Antimicrobial Treatment,2025-08-21,18.0,118.77,2137.86,2137.86,1,8.0,3.0
CLM-48428,Franchise_FL_04,Drywall Repair,2025-03-18,36.0,115.84,4170.24,4170.24,1,3.0,1.0
CLM-97275,Franchise_NY_12,Dehumidifier Rental,,42.0,110.42,4637.64,3777.11,0,,
CLM-15660,Franchise_NY_12,Water Extraction,,26.0,75.71,1968.46,1553.03,0,,
CLM-78258,Franchise_TX_01,Water Extraction,,44.0,136.37,6000.28,6000.28,1,,
CLM-93926,Franchise_TX_01,Water Extraction,,22.0,32.02,704.44,704.44,1,,
CLM-56688,Franchise_TX_01,Water Extraction,,13.0,64.69,840.97,840.97,1,,
CLM-66828,Franchise_TX_01,Antimicrobial Treatment - MISC,,24.0,60.27,1446.48,1446.48,1,,
CLM-23953,Franchise_TX_01,Antimicrobial Treatment,,49.0,69.69,3414.81,3414.81,1,,
CLM-40706,Franchise_NY_12,Antimicrobial Treatment,,28.0,105.7,2959.6,2959.6,1,,
CLM-61218,Franchise_NY_12,Antimicrobial Treatment,,17.0,80.61,1370.37,1370.37,1,,
CLM-10242,Franchise_FL_04,Water Extraction,2025-05-26,23.0,135.27,3111.21,3111.21,1,5.0,0.0
CLM-65674,Franchise_TX_01,Dehumidifier Rental,,27.0,149.63,4040.01,4040.01,1,,
CLM-70952,Franchise_NY_12,Drywall Repair,,3.0,54.75,164.25,164.25,1,,
CLM-99904,Franchise_NY_12,Drywall Repair,,11.0,123.98,1363.78,847.67,0,,
CLM-63162,Franchise_TX_01,Water Extraction,,26.0,111.03,2886.78,2886.78,1,,
CLM-19860,Franchise_FL_04,Antimicrobial Treatment,2025-12-18,21.0,69.86,1467.06,1467.06,1,12.0,3.0
CLM-35107,Franchise_NY_12,Dehumidifier Rental,,15.0,141.56,2123.4,2123.4,1,,
CLM-52228,Franchise_FL_04,Dehumidifier Rental,2025-05-03,39.0,41.3,1610.7,1610.7,1,5.0,5.0
CLM-41916,Franchise_TX_01,Drywall Repair,,5.0,57.36,286.8,140.31,0,,
CLM-75609,Franchise_FL_04,Drywall Repair,2025-11-29,18.0,119.78,2156.04,2156.04,1,11.0,5.0
CLM-30885,Franchise_TX_01,Antimicrobial Treatment,,18.0,144.41,2599.38,2599.38,1,,
CLM-53550,Franchise_FL_04,Dehumidifier Rental,2025-02-06,38.0,111.39,4232.82,4232.82,1,2.0,3.0
CLM-50141,Franchise_NY_12,Dehumidifier Rental,,45.0,88.68,3990.6,3122.06,0,,
CLM-97337,Franchise_TX_01,Dehumidifier Rental,,23.0,48.48,1115.04,870.5,0,,
CLM-32891,Franchise_FL_04,Drywall Repair,2025-03-11,39.0,125.65,4900.35,4900.35,1,3.0,1.0
CLM-38615,Franchise_NY_12,Dehumidifier Rental,,40.0,60.37,2414.8,2414.8,1,,
CLM-71508,Franchise_FL_04,Water Extraction,2025-09-27,36.0,143.12,5152.32,5152.32,1,9.0,5.0
CLM-92423,Franchise_FL_04,Water Extraction,2025-04-03,34.0,43.97,1494.98,1494.98,1,4.0,3.0
CLM-71980,Franchise_FL_04,Drywall Repair,2025-11-28,48.0,71.46,3430.08,2831.17,0,11.0,4.0
CLM-76611,Franchise_FL_04,Water Extraction,2025-01-14,35.0,22.11,773.85,773.85,1,1.0,1.0
CLM-24083,Franchise_TX_01,Dehumidifier Rental,,44.0,147.95,6509.8,3636.41,0,,
CLM-15322,Franchise_TX_01,Drywall Repair,,34.0,50.57,1719.38,1719.38,1,,
CLM-39402,Franchise_FL_04,Baseboard Replacement,2025-02-23,36.0,44.45,1600.2,668.79,0,2.0,6.0
CLM-53131,Franchise_NY_12,Baseboard Replacement,,16.0,28.17,450.72,450.72,1,,
CLM-96018,Franchise_TX_01,Dehumidifier Rental,,26.0,69.24,1800.24,866.99,0,,
CLM-17737,Franchise_NY_12,Dehumidifier Rental,,47.0,48.6,2284.2,1254.82,0,,
CLM-47401,Franchise_NY_12,Water Extraction,,2.0,26.4,52.8,30.18,0,,
CLM-34029,Franchise_TX_01,Water Extraction,,50.0,50.79,2539.5,1416.06,0,,
CLM-60246,Franchise_TX_01,Drywall Repair,,10.0,61.27,612.7,323.36,0,,
CLM-95148,Franchise_NY_12,Baseboard Replacement,,28.0,85.58,2396.24,2396.24,1,,
CLM-79182,Franchise_FL_04,Drywall Repair,2025-06-04,19.0,123.68,2349.92,2349.92,1,6.0,2.0
CLM-18213,Franchise_NY_12,Antimicrobial Treatment,,5.0,103.38,516.9,516.9,1,,
CLM-65924,Franchise_NY_12,Dehumidifier Rental,,6.0,36.56,219.36,219.36,1,,
CLM-78973,Franchise_FL_04,Antimicrobial Treatment,2025-10-15,31.0,79.95,2478.45,1231.14,0,10.0,2.0
CLM-62820,Franchise_NY_12,Drywall Repair,,36.0,119.24,4292.64,4292.64,1,,
CLM-33988,Franchise_TX_01,Water Extraction - MISC,,37.0,120.65,4464.05,4464.05,1,,
CLM-62298,Franchise_NY_12,Antimicrobial Treatment,,27.0,131.73,3556.71,3556.71,1,,
CLM-45888,Franchise_NY_12,Baseboard Replacement,,10.0,75.69,756.9,634.61,0,,
CLM-79508,Franchise_FL_04,Baseboard Replacement,2025-12-01,17.0,128.16,2178.72,2178.72,1,12.0,0.0
CLM-22007,Franchise_NY_12,Drywall Repair,,15.0,78.74,1181.1,1181.1,1,,
CLM-61603,Franchise_NY_12,Baseboard Replacement,,3.0,107.2,321.6,321.6,1,,
CLM-23672,Franchise_TX_01,Baseboard Replacement,,33.0,83.26,2747.58,2747.58,1,,
CLM-10225,Franchise_FL_04,Drywall Repair,2025-09-11,41.0,133.13,5458.33,5458.33,1,9.0,3.0
CLM-67743,Franchise_NY_12,Water Extraction,,28.0,120.91,3385.48,1564.54,0,,
CLM-57180,Franchise_TX_01,Drywall Repair - MISC,,16.0,21.0,336.0,241.52,0,,
CLM-85427,Franchise_TX_01,Baseboard Replacement,,43.0,135.24,5815.32,5815.32,1,,
CLM-91867,Franchise_TX_01,Water Extraction,,26.0,25.29,657.54,580.99,0,,
CLM-39539,Franchise_FL_04,Baseboard Replacement,2025-08-21,2.0,80.95,161.9,161.9,1,8.0,3.0
CLM-73146,Franchise_FL_04,Water Extraction,2025-08-07,47.0,46.52,2186.44,2186.44,1,8.0,3.0
CLM-19022,Franchise_FL_04,Baseboard Replacement,2025-01-16,26.0,63.63,1654.38,1654.38,1,1.0,3.0
CLM-86764,Franchise_TX_01,Dehumidifier Rental,,8.0,74.82,598.56,598.56,1,,
CLM-59616,Franchise_NY_12,Drywall Repair,,16.0,92.45,1479.2,1479.2,1,,
CLM-58814,Franchise_FL_04,Baseboard Replacement,2025-11-24,1.0,110.11,110.11,110.11,1,11.0,0.0
CLM-64197,Franchise_TX_01,Antimicrobial Treatment,,42.0,19.04,799.68,799.68,1,,
CLM-97677,Franchise_FL_04,Antimicrobial Treatment,2025-06-28,26.0,38.63,1004.38,1004.38,1,6.0,5.0
CLM-69028,Franchise_NY_12,Dehumidifier Rental,,22.0,44.49,978.78,978.78,1,,
CLM-40288,Franchise_NY_12,Antimicrobial Treatment,,29.0,89.34,2590.86,1609.7,0,,
CLM-57310,Franchise_TX_01,Water Extraction,,30.0,109.04,3271.2,1328.54,0,,
CLM-75022,Franchise_TX_01,Water Extraction,,49.0,18.54,908.46,908.46,1,,
CLM-92494,Franchise_TX_01,Antimicrobial Treatment,,37.0,114.17,4224.29,4224.29,1,,
CLM-16544,Franchise_FL_04,Drywall Repair,2025-10-17,25.0,103.62,2590.5,2590.5,1,10.0,4.0
CLM-14811,Franchise_TX_01,Baseboard Replacement,,16.0,93.62,1497.92,1497.92,1,,
CLM-24032,Franchise_FL_04,Water Extraction,2025-10-10,49.0,78.63,3852.87,3852.87,1,10.0,4.0
CLM-64871,Franchise_FL_04,Drywall Repair,2025-06-15,28.0,146.52,4102.56,4102.56,1,6.0,6.0
CLM-98150,Franchise_NY_12,Baseboard Replacement,,9.0,24.77,222.93,122.79,0,,
CLM-91991,Franchise_FL_04,Water Extraction,2025-09-01,6.0,50.34,302.04,302.04,1,9.0,0.0
CLM-84493,Franchise_NY_12,Antimicrobial Treatment,,5.0,94.55,472.75,472.75,1,,
CLM-53666,Franchise_FL_04,Drywall Repair,2025-09-15,18.0,28.03,504.54,504.54,1,9.0,0.0
CLM-54077,Franchise_FL_04,Dehumidifier Rental,2025-04-02,2.0,119.57,239.14,239.14,1,4.0,2.0
CLM-37046,Franchise_FL_04,Antimicrobial Treatment,2025-10-05,36.0,55.33,1991.88,1477.08,0,10.0,6.0
CLM-39039,Franchise_TX_01,Dehumidifier Rental,,45.0,70.82,3186.9,3186.9,1,,
CLM-41100,Franchise_FL_04,Drywall Repair,2025-02-08,27.0,127.65,3446.55,1534.81,0,2.0,5.0
CLM-48682,Franchise_TX_01,Dehumidifier Rental,,46.0,100.09,4604.14,3651.69,0,,
CLM-59707,Franchise_FL_04,Antimicrobial Treatment,2025-12-25,48.0,142.68,6848.64,6848.64,1,12.0,3.0
CLM-17610,Franchise_FL_04,Water Extraction,2025-12-02,30.0,130.1,3903.0,2147.99,0,12.0,1.0
CLM-99870,Franchise_FL_04,Dehumidifier Rental,2025-10-09,49.0,49.98,2449.02,2449.02,1,10.0,3.0
CLM-25397,Franchise_NY_12,Drywall Repair,,10.0,38.04,380.4,380.4,1,,
CLM-59328,Franchise_TX_01,Water Extraction - MISC,,18.0,87.92,1582.56,1582.56,1,,
CLM-39182,Franchise_FL_04,Baseboard Replacement,2025-12-13,19.0,88.78,1686.82,828.21,0,12.0,5.0
CLM-66678,Franchise_TX_01,Dehumidifier Rental - MISC,,12.0,78.3,939.6,715.93,0,,
CLM-86529,Franchise_NY_12,Water Extraction,,20.0,42.45,849.0,359.02,0,,
CLM-43634,Franchise_NY_12,Baseboard Replacement,,13.0,89.86,1168.18,1168.18,1,,
CLM-62620,Franchise_FL_04,Baseboard Replacement,2025-07-19,21.0,126.19,2649.99,2649.99,1,7.0,5.0
CLM-19619,Franchise_NY_12,Water Extraction,,40.0,85.32,3412.8,2494.59,0,,
CLM-43371,Franchise_NY_12,Water Extraction,,17.0,60.72,1032.24,743.48,0,,
CLM-78435,Franchise_NY_12,Baseboard Replacement,,10.0,76.48,764.8,764.8,1,,
CLM-57662,Franchise_NY_12,Drywall Repair,,43.0,123.14,5295.02,5295.02,1,,
CLM-34294,Franchise_NY_12,Water Extraction,,13.0,41.14,534.82,534.82,1,,
CLM-22845,Franchise_TX_01,Dehumidifier Rental,,17.0,94.23,1601.91,1601.91,1,,
CLM-96385,Franchise_FL_04,Water Extraction,2025-12-23,48.0,101.52,4872.96,2768.84,0,12.0,1.0
CLM-24286,Franchise_FL_04,Water Extraction,2025-10-06,3.0,103.73,311.19,311.19,1,10.0,0.0
CLM-88231,Franchise_TX_01,Water Extraction,,35.0,143.99,5039.65,5039.65,1,,
CLM-47071,Franchise_NY_12,Antimicrobial Treatment,,44.0,56.23,2474.12,2474.12,1,,
CLM-55248,Franchise_NY_12,Antimicrobial Treatment,,9.0,115.08,1035.72,838.14,0,,
CLM-66142,Franchise_TX_01,Water Extraction - MISC,,23.0,112.8,2594.4,2117.35,0,,
CLM-11070,Franchise_TX_01,Dehumidifier Rental,,8.0,149.11,1192.88,1192.88,1,,
CLM-83573,Franchise_NY_12,Dehumidifier Rental,,30.0,79.39,2381.7,1089.96,0,,
CLM-32317,Franchise_FL_04,Drywall Repair,2025-11-27,31.0,100.88,3127.28,2411.23,0,11.0,3.0
CLM-31470,Franchise_TX_01,Dehumidifier Rental,,39.0,72.85,2841.15,1721.27,0,,
CLM-33617,Franchise_NY_12,Antimicrobial Treatment,,26.0,88.33,2296.58,1946.95,0,,
CLM-75181,Franchise_TX_01,Antimicrobial Treatment,,39.0,21.36,833.04,563.71,0,,
CLM-10433,Franchise_NY_12,Dehumidifier Rental,,13.0,100.93,1312.09,1312.09,1,,
CLM-85635,Franchise_FL_04,Dehumidifier Rental,2025-10-09,33.0,25.03,825.99,825.99,1,10.0,3.0
CLM-40488,Franchise_TX_01,Drywall Repair,,25.0,47.11,1177.75,1177.75,1,,
CLM-47715,Franchise_NY_12,Baseboard Replacement,,14.0,93.96,1315.44,907.7,0,,
CLM-88762,Franchise_TX_01,Antimicrobial Treatment - MISC,,38.0,98.99,3761.62,3761.62,1,,
CLM-90958,Franchise_FL_04,Water Extraction,2025-06-06,36.0,144.91,5216.76,2131.93,0,6.0,4.0
CLM-12457,Franchise_TX_01,Dehumidifier Rental,,14.0,33.89,474.46,410.6,0,,
CLM-69889,Franchise_FL_04,Antimicrobial Treatment,2025-08-09,43.0,119.7,5147.1,5147.1,1,8.0,5.0
CLM-78568,Franchise_FL_04,Antimicrobial Treatment,2025-03-13,27.0,111.45,3009.15,3009.15,1,3.0,3.0
CLM-10169,Franchise_FL_04,Baseboard Replacement,2025-12-19,29.0,108.24,3138.96,3138.96,1,12.0,4.0
CLM-81158,Franchise_NY_12,Dehumidifier Rental,,17.0,17.28,293.76,293.76,1,,
CLM-45259,Franchise_TX_01,Baseboard Replacement - MISC,,26.0,85.6,2225.6,2225.6,1,,
CLM-18984,Franchise_FL_04,Baseboard Replacement,2025-12-13,41.0,145.42,5962.22,3309.21,0,12.0,5.0
CLM-86810,Franchise_NY_12,Baseboard Replacement,,28.0,84.52,2366.56,2366.56,1,,
CLM-70257,Franchise_FL_04,Baseboard Replacement,2025-06-10,13.0,19.79,257.27,257.27,1,6.0,1.0
CLM-60401,Franchise_NY_12,Water Extraction,,22.0,103.34,2273.48,1300.84,0,,
CLM-56869,Franchise_TX_01,Water Extraction,,45.0,44.26,1991.7,1991.7,1,,
CLM-17385,Franchise_FL_04,Water Extraction,2025-09-09,36.0,120.09,4323.24,4323.24,1,9.0,1.0
CLM-86206,Franchise_TX_01,Antimicrobial Treatment - MISC,,37.0,92.47,3421.39,3421.39,1,,
CLM-64431,Franchise_NY_12,Drywall Repair,,24.0,140.63,3375.12,3375.12,1,,
CLM-75228,Franchise_FL_04,Drywall Repair,2025-01-05,10.0,68.35,683.5,683.5,1,1.0,6.0
CLM-37958,Franchise_TX_01,Water Extraction - MISC,,30.0,101.59,3047.7,3047.7,1,,
CLM-64593,Franchise_TX_01,Water Extraction,,39.0,107.54,4194.06,4194.06,1,,
CLM-63137,Franchise_TX_01,Water Extraction - MISC,,36.0,36.58,1316.88,1316.88,1,,
CLM-52120,Franchise_NY_12,Dehumidifier Rental,,44.0,37.62,1655.28,1281.3,0,,
CLM-44275,Franchise_FL_04,Baseboard Replacement,2025-09-17,26.0,57.19,1486.94,1486.94,1,9.0,2.0
CLM-37827,Franchise_TX_01,Water Extraction - MISC,,7.0,100.66,704.62,523.0,0,,
CLM-59876,Franchise_FL_04,Drywall Repair,2025-04-09,20.0,33.96,679.2,679.2,1,4.0,2.0
CLM-23875,Franchise_FL_04,Antimicrobial Treatment,2025-09-04,48.0,96.33,4623.84,4623.84,1,9.0,3.0
CLM-42838,Franchise_NY_12,Antimicrobial Treatment,,15.0,126.91,1903.65,1091.34,0,,
CLM-60339,Franchise_FL_04,Drywall Repair,2025-02-01,50.0,32.01,1600.5,1600.5,1,2.0,5.0
CLM-90766,Franchise_NY_12,Baseboard Replacement,,6.0,120.72,724.32,609.26,0,,
CLM-28732,Franchise_NY_12,Water Extraction,,31.0,130.67,4050.77,4050.77,1,,
CLM-81947,Franchise_FL_04,Baseboard Replacement,2025-10-15,21.0,88.47,1857.87,1857.87,1,10.0,2.0
CLM-22588,Franchise_TX_01,Water Extraction,,6.0,81.17,487.02,487.02,1,,
CLM-57865,Franchise_TX_01,Dehumidifier Rental,,29.0,23.4,678.6,678.6,1,,
CLM-49695,Franchise_FL_04,Drywall Repair,2025-02-25,4.0,80.42,321.68,321.68,1,2.0,1.0
CLM-85931,Franchise_TX_01,Antimicrobial Treatment,,13.0,117.94,1533.22,760.99,0,,
CLM-23228,Franchise_TX_01,Dehumidifier Rental,,43.0,96.42,4146.06,4146.06,1,,
CLM-42996,Franchise_TX_01,Dehumidifier Rental,,26.0,84.95,2208.7,1656.23,0,,
CLM-30256,Franchise_NY_12,Antimicrobial Treatment,,47.0,36.14,1698.58,1469.5,0,,
CLM-45616,Franchise_TX_01,Drywall Repair,,40.0,90.25,3610.0,3610.0,1,,
CLM-14839,Franchise_FL_04,Baseboard Replacement,2025-12-18,18.0,60.58,1090.44,1090.44,1,12.0,3.0
CLM-37447,Franchise_NY_12,Dehumidifier Rental,,15.0,116.39,1745.85,1364.09,0,,
CLM-36341,Franchise_TX_01,Drywall Repair,,23.0,25.61,589.03,589.03,1,,
CLM-52547,Franchise_NY_12,Dehumidifier Rental,,38.0,84.82,3223.16,3223.16,1,,
CLM-14745,Franchise_TX_01,Water Extraction,,24.0,73.59,1766.16,1766.16,1,,
CLM-56982,Franchise_FL_04,Baseboard Replacement,2025-10-16,1.0,66.22,66.22,58.27,0,10.0,3.0
CLM-18648,Franchise_TX_01,Water Extraction,,49.0,61.79,3027.71,2228.25,0,,
CLM-46273,Franchise_FL_04,Baseboard Replacement,2025-07-28,15.0,132.16,1982.4,1982.4,1,7.0,0.0
CLM-28067,Franchise_NY_12,Drywall Repair,,35.0,68.01,2380.35,1353.94,0,,
CLM-76207,Franchise_TX_01,Baseboard Replacement,,39.0,137.56,5364.84,5364.84,1,,
CLM-23570,Franchise_NY_12,Drywall Repair,,18.0,118.81,2138.58,2138.58,1,,
CLM-27353,Franchise_NY_12,Dehumidifier Rental,,43.0,82.8,3560.4,3560.4,1,,
CLM-42910,Franchise_NY_12,Drywall Repair,,44.0,93.34,4106.96,2171.68,0,,
CLM-75416,Franchise_NY_12,Drywall Repair,,7.0,57.49,402.43,318.8,0,,
CLM-49694,Franchise_NY_12,Dehumidifier Rental,,22.0,30.84,678.48,678.48,1,,
CLM-44393,Franchise_TX_01,Water Extraction,,8.0,19.66,157.28,72.84,0,,
CLM-53601,Franchise_TX_01,Drywall Repair - MISC,,20.0,122.09,2441.8,2441.8,1,,
CLM-52501,Franchise_TX_01,Dehumidifier Rental,,17.0,68.52,1164.84,1164.84,1,,
CLM-13667,Franchise_TX_01,Dehumidifier Rental,,7.0,67.52,472.64,472.64,1,,
CLM-97142,Franchise_NY_12,Water Extraction,,42.0,131.51,5523.42,4117.89,0,,
CLM-47215,Franchise_NY_12,Dehumidifier Rental,,43.0,99.36,4272.48,4272.48,1,,
CLM-72671,Franchise_FL_04,Drywall Repair,2025-06-29,31.0,130.63,4049.53,2944.07,0,6.0,6.0
CLM-22071,Franchise_NY_12,Baseboard Replacement,,40.0,47.55,1902.0,1902.0,1,,
CLM-72221,Franchise_NY_12,Drywall Repair,,8.0,73.43,587.44,410.35,0,,
CLM-92312,Franchise_NY_12,Baseboard Replacement,,11.0,87.56,963.16,963.16,1,,
CLM-83208,Franchise_FL_04,Dehumidifier Rental,2025-04-18,38.0,105.66,4015.08,4015.08,1,4.0,4.0
CLM-86237,Franchise_NY_12,Antimicrobial Treatment,,4.0,25.8,103.2,103.2,1,,
CLM-11615,Franchise_TX_01,Dehumidifier Rental,,48.0,57.85,2776.8,2776.8,1,,
CLM-12776,Franchise_TX_01,Dehumidifier Rental,,12.0,40.48,485.76,485.76,1,,
CLM-75624,Franchise_NY_12,Baseboard Replacement,,19.0,49.17,934.23,934.23,1,,
CLM-13073,Franchise_TX_01,Baseboard Replacement - MISC,,20.0,61.72,1234.4,1234.4,1,,
CLM-87886,Franchise_TX_01,Drywall Repair,,27.0,37.32,1007.64,521.62,0,,
CLM-79155,Franchise_NY_12,Baseboard Replacement,,30.0,146.22,4386.6,4386.6,1,,
CLM-74051,Franchise_TX_01,Drywall Repair,,2.0,102.64,205.28,157.29,0,,
CLM-28371,Franchise_TX_01,Antimicrobial Treatment,,36.0,50.85,1830.6,984.39,0,,
CLM-38694,Franchise_TX_01,Dehumidifier Rental - MISC,,33.0,137.44,4535.52,4535.52,1,,
CLM-10151,Franchise_FL_04,Antimicrobial Treatment,2025-10-24,27.0,96.71,2611.17,2611.17,1,10.0,4.0
CLM-49100,Franchise_TX_01,Dehumidifier Rental,,23.0,80.91,1860.93,1860.93,1,,
CLM-64868,Franchise_FL_04,Antimicrobial Treatment,2025-09-29,29.0,67.51,1957.79,1957.79,1,9.0,0.0
CLM-84304,Franchise_FL_04,Baseboard Replacement,2025-03-15,48.0,85.54,4105.92,3273.85,0,3.0,5.0
CLM-75966,Franchise_TX_01,Baseboard Replacement,,14.0,90.49,1266.86,1083.99,0,,
CLM-95193,Franchise_FL_04,Drywall Repair,2025-08-12,7.0,46.12,322.84,262.22,0,8.0,1.0
CLM-81145,Franchise_FL_04,Water Extraction,2025-09-07,15.0,103.36,1550.4,1378.33,0,9.0,6.0
CLM-90661,Franchise_FL_04,Antimicrobial Treatment,2025-03-03,36.0,43.21,1555.56,1223.88,0,3.0,0.0
CLM-95335,Franchise_NY_12,Drywall Repair,,17.0,106.7,1813.9,1813.9,1,,
CLM-86130,Franchise_TX_01,Drywall Repair,,37.0,81.31,3008.47,3008.47,1,,
CLM-44873,Franchise_TX_01,Drywall Repair - MISC,,10.0,116.75,1167.5,788.44,0,,
CLM-93870,Franchise_FL_04,Drywall Repair,2025-10-04,6.0,49.82,298.92,298.92,1,10.0,5.0
CLM-23126,Franchise_FL_04,Drywall Repair,2025-08-26,14.0,47.63,666.82,464.61,0,8.0,1.0
CLM-21057,Franchise_TX_01,Antimicrobial Treatment,,47.0,100.91,4742.77,4742.77,1,,
CLM-33688,Franchise_FL_04,Water Extraction,2025-09-08,10.0,74.48,744.8,378.44,0,9.0,0.0
CLM-80103,Franchise_NY_12,Drywall Repair,,45.0,15.34,690.3,690.3,1,,
CLM-42273,Franchise_NY_12,Dehumidifier Rental,,10.0,124.98,1249.8,1249.8,1,,
CLM-82473,Franchise_NY_12,Antimicrobial Treatment,,15.0,96.73,1450.95,844.25,0,,
CLM-18553,Franchise_NY_12,Dehumidifier Rental,,26.0,123.17,3202.42,2479.54,0,,
CLM-50184,Franchise_NY_12,Water Extraction,,25.0,112.68,2817.0,2817.0,1,,
CLM-93731,Franchise_NY_12,Dehumidifier Rental,,23.0,42.84,985.32,690.05,0,,
CLM-65484,Franchise_FL_04,Antimicrobial Treatment,2025-12-03,11.0,78.04,858.44,370.17,0,12.0,2.0
CLM-74681,Franchise_FL_04,Antimicrobial Treatment,2025-07-15,14.0,85.07,1190.98,1190.98,1,7.0,1.0
CLM-54151,Franchise_TX_01,Water Extraction - MISC,,22.0,114.33,2515.26,1335.94,0,,
CLM-24430,Franchise_TX_01,Antimicrobial Treatment,,10.0,19.61,196.1,196.1,1,,
CLM-26257,Franchise_TX_01,Baseboard Replacement - MISC,,1.0,111.13,111.13,111.13,1,,
CLM-92613,Franchise_FL_04,Dehumidifier Rental,2025-08-05,9.0,112.52,1012.68,527.4,0,8.0,1.0
CLM-45721,Franchise_NY_12,Dehumidifier Rental,,27.0,15.95,430.65,430.65,1,,
CLM-63279,Franchise_FL_04,Antimicrobial Treatment,2025-09-28,14.0,86.62,1212.68,1212.68,1,9.0,6.0
CLM-60489,Franchise_TX_01,Dehumidifier Rental - MISC,,49.0,59.03,2892.47,1234.44,0,,
CLM-18148,Franchise_TX_01,Baseboard Replacement,,46.0,84.97,3908.62,3908.62,1,,
CLM-39185,Franchise_TX_01,Antimicrobial Treatment - MISC,,43.0,72.93,3135.99,3135.99,1,,
CLM-45103,Franchise_NY_12,Baseboard Replacement,,26.0,44.57,1158.82,1029.73,0,,
CLM-44506,Franchise_NY_12,Water Extraction,,25.0,128.94,3223.5,3223.5,1,,
CLM-17124,Franchise_FL_04,Dehumidifier Rental,2025-05-08,47.0,69.81,3281.07,3281.07,1,5.0,3.0
CLM-77426,Franchise_TX_01,Drywall Repair,,16.0,118.69,1899.04,1899.04,1,,
CLM-46383,Franchise_TX_01,Dehumidifier Rental - MISC,,20.0,98.08,1961.6,1396.22,0,,
CLM-57971,Franchise_TX_01,Drywall Repair,,18.0,140.9,2536.2,2536.2,1,,
CLM-61373,Franchise_FL_04,Baseboard Replacement,2025-12-11,34.0,114.76,3901.84,3901.84,1,12.0,3.0
CLM-67223,Franchise_TX_01,Drywall Repair,,47.0,60.67,2851.49,2851.49,1,,
CLM-76724,Franchise_TX_01,Drywall Repair,,2.0,74.79,149.58,115.97,0,,
CLM-32366,Franchise_TX_01,Baseboard Replacement - MISC,,24.0,97.53,2340.72,1368.86,0,,
CLM-88080,Franchise_TX_01,Baseboard Replacement,,29.0,97.85,2837.65,2837.65,1,,
CLM-46463,Franchise_NY_12,Baseboard Replacement,,49.0,57.1,2797.9,2797.9,1,,
CLM-33910,Franchise_NY_12,Drywall Repair,,45.0,26.49,1192.05,1192.05,1,,
CLM-80318,Franchise_TX_01,Antimicrobial Treatment,,6.0,143.7,862.2,862.2,1,,
CLM-89560,Franchise_FL_04,Drywall Repair,2025-12-18,48.0,85.15,4087.2,2067.75,0,12.0,3.0
CLM-99929,Franchise_FL_04,Antimicrobial Treatment,2025-09-21,32.0,90.19,2886.08,2886.08,1,9.0,6.0
CLM-45962,Franchise_NY_12,Water Extraction,,33.0,44.06,1453.98,805.16,0,,
CLM-66356,Franchise_TX_01,Baseboard Replacement,,18.0,75.35,1356.3,565.46,0,,
CLM-40845,Franchise_FL_04,Water Extraction,2025-09-02,1.0,59.83,59.83,28.75,0,9.0,1.0
CLM-53046,Franchise_NY_12,Antimicrobial Treatment,,23.0,41.09,945.07,437.15,0,,
CLM-69001,Franchise_TX_01,Baseboard Replacement,,22.0,122.86,2702.92,1258.41,0,,
CLM-57717,Franchise_FL_04,Drywall Repair,2025-03-12,24.0,24.44,586.56,586.56,1,3.0,2.0
CLM-50622,Franchise_FL_04,Water Extraction,2025-11-07,11.0,97.9,1076.9,822.33,0,11.0,4.0
CLM-27462,Franchise_TX_01,Antimicrobial Treatment,,10.0,21.0,210.0,210.0,1,,
CLM-75950,Franchise_TX_01,Water Extraction,,45.0,34.33,1544.85,1166.92,0,,
CLM-20200,Franchise_FL_04,Dehumidifier Rental,2025-12-04,13.0,40.99,532.87,378.79,0,12.0,3.0
CLM-70216,Franchise_FL_04,Baseboard Replacement,2025-09-19,37.0,130.95,4845.15,3320.82,0,9.0,4.0
CLM-83167,Franchise_FL_04,Dehumidifier Rental,2025-12-12,37.0,74.99,2774.63,1850.44,0,12.0,4.0
CLM-18749,Franchise_TX_01,Drywall Repair - MISC,,47.0,68.91,3238.77,2621.26,0,,
CLM-30083,Franchise_TX_01,Dehumidifier Rental,,16.0,19.08,305.28,305.28,1,,
CLM-99886,Franchise_NY_12,Baseboard Replacement,,25.0,99.82,2495.5,1224.11,0,,
CLM-30559,Franchise_FL_04,Baseboard Replacement,2025-02-07,39.0,114.06,4448.34,4448.34,1,2.0,4.0
CLM-65890,Franchise_FL_04,Water Extraction,2025-03-22,25.0,100.42,2510.5,2510.5,1,3.0,5.0
CLM-32896,Franchise_NY_12,Dehumidifier Rental,,5.0,93.14,465.7,465.7,1,,
CLM-49880,Franchise_NY_12,Water Extraction,,27.0,59.38,1603.26,872.75,0,,
CLM-45768,Franchise_TX_01,Water Extraction,,8.0,139.34,1114.72,1114.72,1,,
CLM-93319,Franchise_TX_01,Baseboard Replacement,,8.0,86.73,693.84,693.84,1,,
CLM-31369,Franchise_TX_01,Antimicrobial Treatment,,15.0,127.46,1911.9,1161.81,0,,
CLM-17061,Franchise_TX_01,Antimicrobial Treatment,,38.0,61.87,2351.06,2351.06,1,,
CLM-83692,Franchise_TX_01,Drywall Repair,,11.0,88.61,974.71,808.85,0,,
CLM-78311,Franchise_FL_04,Water Extraction,2025-05-17,16.0,95.52,1528.32,1098.28,0,5.0,5.0
CLM-36351,Franchise_TX_01,Dehumidifier Rental - MISC,,19.0,68.68,1304.92,1304.92,1,,
CLM-62255,Franchise_TX_01,Drywall Repair,,14.0,31.05,434.7,231.64,0,,
CLM-91582,Franchise_NY_12,Dehumidifier Rental,,4.0,84.6,338.4,255.31,0,,
CLM-14645,Franchise_TX_01,Water Extraction,,8.0,18.87,150.96,150.96,1,,
CLM-66976,Franchise_NY_12,Water Extraction,,45.0,49.79,2240.55,2240.55,1,,
CLM-59257,Franchise_NY_12,Baseboard Replacement,,14.0,45.0,630.0,630.0,1,,
CLM-38174,Franchise_NY_12,Drywall Repair,,32.0,94.08,3010.56,3010.56,1,,
CLM-94980,Franchise_NY_12,Drywall Repair,,49.0,39.57,1938.93,1295.99,0,,
CLM-96852,Franchise_FL_04,Drywall Repair,2025-12-11,43.0,97.42,4189.06,2311.27,0,12.0,3.0
CLM-89459,Franchise_NY_12,Water Extraction,,44.0,102.1,4492.4,4492.4,1,,
CLM-75173,Franchise_TX_01,Drywall Repair,,48.0,60.13,2886.24,2886.24,1,,
CLM-38979,Franchise_NY_12,Antimicrobial Treatment,,24.0,38.06,913.44,913.44,1,,
CLM-78045,Franchise_FL_04,Baseboard Replacement,2025-10-26,35.0,45.82,1603.7,1603.7,1,10.0,6.0
CLM-86583,Franchise_FL_04,Antimicrobial Treatment,2025-07-15,31.0,45.59,1413.29,934.18,0,7.0,1.0
CLM-10170,Franchise_TX_01,Antimicrobial Treatment,,38.0,33.78,1283.64,766.29,0,,
CLM-26991,Franchise_TX_01,Baseboard Replacement,,46.0,43.44,1998.24,1998.24,1,,
CLM-63414,Franchise_FL_04,Dehumidifier Rental,2025-07-20,41.0,72.36,2966.76,2966.76,1,7.0,6.0
CLM-62612,Franchise_TX_01,Drywall Repair,,11.0,60.58,666.38,303.75,0,,
CLM-48171,Franchise_NY_12,Antimicrobial Treatment,,5.0,117.56,587.8,587.8,1,,
CLM-13034,Franchise_TX_01,Dehumidifier Rental,,41.0,78.83,3232.03,3232.03,1,,
CLM-72857,Franchise_NY_12,Water Extraction,,49.0,49.48,2424.52,2424.52,1,,
CLM-11716,Franchise_TX_01,Baseboard Replacement - MISC,,15.0,49.26,738.9,738.9,1,,
CLM-93607,Franchise_NY_12,Baseboard Replacement,,21.0,138.73,2913.33,2913.33,1,,
CLM-51941,Franchise_NY_12,Water Extraction,,5.0,79.96,399.8,229.82,0,,
CLM-34336,Franchise_FL_04,Water Extraction,2025-07-26,29.0,90.57,2626.53,2626.53,1,7.0,5.0
CLM-42632,Franchise_NY_12,Baseboard Replacement,,27.0,87.01,2349.27,2349.27,1,,
CLM-90630,Franchise_FL_04,Baseboard Replacement,2025-10-22,4.0,47.61,190.44,190.44,1,10.0,2.0
CLM-11068,Franchise_FL_04,Baseboard Replacement,2025-01-26,10.0,145.31,1453.1,1008.29,0,1.0,6.0
CLM-27985,Franchise_TX_01,Dehumidifier Rental,,12.0,16.62,199.44,199.44,1,,
CLM-14683,Franchise_FL_04,Water Extraction,2025-03-27,8.0,17.27,138.16,138.16,1,3.0,3.0
CLM-85956,Franchise_NY_12,Antimicrobial Treatment,,13.0,80.03,1040.39,1040.39,1,,
CLM-61335,Franchise_FL_04,Antimicrobial Treatment,2025-06-23,13.0,114.95,1494.35,839.68,0,6.0,0.0
CLM-25894,Franchise_TX_01,Antimicrobial Treatment,,49.0,29.37,1439.13,1439.13,1,,
CLM-42554,Franchise_TX_01,Antimicrobial Treatment,,36.0,45.62,1642.32,1642.32,1,,
CLM-99868,Franchise_TX_01,Water Extraction,,36.0,35.66,1283.76,775.58,0,,
CLM-31192,Franchise_NY_12,Baseboard Replacement,,14.0,70.79,991.06,991.06,1,,
CLM-76925,Franchise_TX_01,Drywall Repair,,39.0,54.05,2107.95,2107.95,1,,
CLM-82816,Franchise_FL_04,Baseboard Replacement,2025-05-25,3.0,146.58,439.74,439.74,1,5.0,6.0
CLM-81914,Franchise_TX_01,Water Extraction,,16.0,95.03,1520.48,1520.48,1,,
CLM-12301,Franchise_FL_04,Baseboard Replacement,2025-06-14,37.0,33.19,1228.03,916.99,0,6.0,5.0
CLM-90251,Franchise_FL_04,Antimicrobial Treatment,2025-02-08,36.0,18.04,649.44,540.07,0,2.0,5.0
CLM-61688,Franchise_FL_04,Antimicrobial Treatment,2025-12-22,19.0,83.23,1581.37,1294.9,0,12.0,0.0
CLM-81428,Franchise_TX_01,Drywall Repair,,35.0,66.51,2327.85,2060.55,0,,
CLM-79235,Franchise_FL_04,Water Extraction,2025-01-03,28.0,136.16,3812.48,3812.48,1,1.0,4.0
CLM-70365,Franchise_FL_04,Baseboard Replacement,2025-03-19,8.0,64.13,513.04,423.97,0,3.0,2.0
CLM-69764,Franchise_FL_04,Dehumidifier Rental,2025-05-23,40.0,22.55,902.0,902.0,1,5.0,4.0
CLM-12829,Franchise_TX_01,Baseboard Replacement,,4.0,102.16,408.64,408.64,1,,
CLM-51559,Franchise_NY_12,Baseboard Replacement,,36.0,94.07,3386.52,1428.54,0,,
CLM-59482,Franchise_NY_12,Water Extraction,,35.0,124.08,4342.8,1771.0,0,,
CLM-66247,Franchise_NY_12,Baseboard Replacement,,30.0,61.74,1852.2,1852.2,1,,
CLM-15188,Franchise_NY_12,Water Extraction,,34.0,30.04,1021.36,1021.36,1,,
CLM-36705,Franchise_FL_04,Antimicrobial Treatment,2025-06-23,45.0,66.03,2971.35,2971.35,1,6.0,0.0
CLM-27550,Franchise_FL_04,Drywall Repair,2025-04-10,11.0,35.52,390.72,390.72,1,4.0,3.0
CLM-54496,Franchise_NY_12,Dehumidifier Rental,,16.0,41.09,657.44,657.44,1,,
CLM-25226,Franchise_NY_12,Antimicrobial Treatment,,11.0,149.26,1641.86,1641.86,1,,
CLM-14717,Franchise_FL_04,Water Extraction,2025-05-04,37.0,39.39,1457.43,1457.43,1,5.0,6.0
CLM-18613,Franchise_TX_01,Drywall Repair,,45.0,123.01,5535.45,5535.45,1,,
CLM-14281,Franchise_NY_12,Drywall Repair,,23.0,135.2,3109.6,1861.23,0,,
CLM-72003,Franchise_FL_04,Antimicrobial Treatment,2025-09-07,37.0,80.66,2984.42,1279.79,0,9.0,6.0
CLM-51657,Franchise_NY_12,Water Extraction,,15.0,83.13,1246.95,1246.95,1,,
CLM-45109,Franchise_NY_12,Water Extraction,,43.0,90.3,3882.9,3882.9,1,,
CLM-62211,Franchise_TX_01,Baseboard Replacement,,12.0,55.84,670.08,334.57,0,,
CLM-14621,Franchise_NY_12,Dehumidifier Rental,,13.0,77.51,1007.63,1007.63,1,,
CLM-22253,Franchise_NY_12,Water Extraction,,47.0,107.61,5057.67,5057.67,1,,
CLM-89562,Franchise_TX_01,Dehumidifier Rental,,28.0,115.79,3242.12,3242.12,1,,
CLM-45038,Franchise_NY_12,Baseboard Replacement,,46.0,94.71,4356.66,4356.66,1,,
CLM-23498,Franchise_FL_04,Antimicrobial Treatment,2025-11-17,33.0,145.02,4785.66,4785.66,1,11.0,0.0
CLM-51068,Franchise_NY_12,Water Extraction,,5.0,145.31,726.55,445.2,0,,
CLM-78516,Franchise_FL_04,Drywall Repair,2025-10-26,27.0,63.86,1724.22,1087.74,0,10.0,6.0
CLM-23140,Franchise_TX_01,Antimicrobial Treatment - MISC,,1.0,31.03,31.03,14.91,0,,
CLM-86678,Franchise_FL_04,Antimicrobial Treatment,2025-10-15,18.0,56.78,1022.04,824.85,0,10.0,2.0
CLM-64198,Franchise_FL_04,Water Extraction,2025-07-30,40.0,68.84,2753.6,2753.6,1,7.0,2.0
CLM-50163,Franchise_TX_01,Baseboard Replacement,,20.0,120.9,2418.0,1038.27,0,,
CLM-53130,Franchise_TX_01,Baseboard Replacement,,50.0,118.29,5914.5,5914.5,1,,
CLM-25182,Franchise_FL_04,Drywall Repair,2025-08-07,31.0,114.42,3547.02,3547.02,1,8.0,3.0
CLM-58499,Franchise_NY_12,Drywall Repair,,15.0,49.5,742.5,335.09,0,,
CLM-93246,Franchise_FL_04,Dehumidifier Rental,2025-08-18,38.0,79.37,3016.06,2350.85,0,8.0,0.0
CLM-26606,Franchise_FL_04,Baseboard Replacement,2025-10-28,29.0,116.38,3375.02,3375.02,1,10.0,1.0
CLM-15490,Franchise_TX_01,Water Extraction - MISC,,24.0,22.9,549.6,549.6,1,,
CLM-17205,Franchise_TX_01,Dehumidifier Rental,,46.0,55.87,2570.02,1600.88,0,,
CLM-93550,Franchise_NY_12,Water Extraction,,11.0,59.41,653.51,653.51,1,,
CLM-39961,Franchise_NY_12,Baseboard Replacement,,1.0,96.52,96.52,50.63,0,,
CLM-84276,Franchise_NY_12,Antimicrobial Treatment,,40.0,53.99,2159.6,2159.6,1,,
CLM-94708,Franchise_NY_12,Water Extraction,,12.0,119.68,1436.16,1250.77,0,,
CLM-56936,Franchise_NY_12,Antimicrobial Treatment,,16.0,149.65,2394.4,1819.11,0,,
CLM-65755,Franchise_NY_12,Dehumidifier Rental,,29.0,131.19,3804.51,3804.51,1,,
CLM-38293,Franchise_TX_01,Drywall Repair - MISC,,43.0,61.84,2659.12,2659.12,1,,
CLM-11687,Franchise_NY_12,Antimicrobial Treatment,,21.0,72.52,1522.92,1112.92,0,,
CLM-98591,Franchise_TX_01,Baseboard Replacement,,19.0,90.45,1718.55,792.35,0,,
CLM-94371,Franchise_NY_12,Dehumidifier Rental,,34.0,44.57,1515.38,1515.38,1,,
CLM-77459,Franchise_FL_04,Baseboard Replacement,2025-02-04,20.0,114.69,2293.8,1877.36,0,2.0,1.0
CLM-54401,Franchise_NY_12,Drywall Repair,,18.0,78.89,1420.02,1420.02,1,,
CLM-67987,Franchise_FL_04,Drywall Repair,2025-07-12,20.0,82.15,1643.0,1643.0,1,7.0,5.0
CLM-26077,Franchise_TX_01,Baseboard Replacement,,5.0,68.5,342.5,146.15,0,,
CLM-64865,Franchise_FL_04,Drywall Repair,2025-09-27,12.0,148.1,1777.2,1777.2,1,9.0,5.0
CLM-13185,Franchise_FL_04,Baseboard Replacement,2025-09-03,6.0,74.36,446.16,446.16,1,9.0,2.0
CLM-96109,Franchise_FL_04,Drywall Repair,2025-03-05,11.0,121.81,1339.91,1339.91,1,3.0,2.0
CLM-83278,Franchise_FL_04,Water Extraction,2025-01-26,7.0,143.82,1006.74,1006.74,1,1.0,6.0
CLM-47354,Franchise_FL_04,Water Extraction,2025-11-03,34.0,52.42,1782.28,1782.28,1,11.0,0.0
CLM-73135,Franchise_NY_12,Water Extraction,,17.0,46.69,793.73,793.73,1,,
CLM-69956,Franchise_TX_01,Water Extraction,,27.0,43.45,1173.15,942.28,0,,
CLM-33445,Franchise_FL_04,Dehumidifier Rental,2025-09-12,43.0,88.66,3812.38,3812.38,1,9.0,4.0
CLM-56006,Franchise_TX_01,Baseboard Replacement,,17.0,100.35,1705.95,1403.32,0,,
CLM-76727,Franchise_FL_04,Dehumidifier Rental,2025-05-17,25.0,16.26,406.5,192.7,0,5.0,5.0
CLM-93359,Franchise_NY_12,Water Extraction,,22.0,36.1,794.2,794.2,1,,
CLM-10181,Franchise_TX_01,Baseboard Replacement,,17.0,37.34,634.78,410.33,0,,
CLM-52501,Franchise_TX_01,Dehumidifier Rental,,47.0,145.21,6824.87,6824.87,1,,
CLM-82677,Franchise_NY_12,Drywall Repair,,27.0,111.99,3023.73,1277.0,0,,
CLM-88437,Franchise_NY_12,Drywall Repair,,44.0,59.48,2617.12,1829.43,0,,
CLM-19724,Franchise_FL_04,Antimicrobial Treatment,2025-07-03,6.0,112.99,677.94,677.94,1,7.0,3.0
CLM-34665,Franchise_TX_01,Baseboard Replacement,,40.0,34.44,1377.6,1377.6,1,,
CLM-29738,Franchise_NY_12,Water Extraction,,29.0,15.96,462.84,411.3,0,,
CLM-24493,Franchise_NY_12,Baseboard Replacement,,39.0,117.03,4564.17,4564.17,1,,
CLM-45026,Franchise_FL_04,Water Extraction,2025-03-25,38.0,72.75,2764.5,2764.5,1,3.0,1.0
CLM-98670,Franchise_FL_04,Baseboard Replacement,2025-10-26,20.0,19.75,395.0,395.0,1,10.0,6.0
CLM-54961,Franchise_NY_12,Water Extraction,,18.0,96.71,1740.78,1740.78,1,,
CLM-93960,Franchise_FL_04,Water Extraction,2025-02-02,48.0,135.33,6495.84,6495.84,1,2.0,6.0
CLM-43023,Franchise_NY_12,Drywall Repair,,13.0,54.18,704.34,704.34,1,,
CLM-99210,Franchise_TX_01,Baseboard Replacement - MISC,,15.0,115.03,1725.45,728.18,0,,
CLM-84981,Franchise_FL_04,Dehumidifier Rental,2025-06-16,42.0,137.5,5775.0,5775.0,1,6.0,0.0
CLM-57713,Franchise_FL_04,Antimicrobial Treatment,2025-08-27,38.0,104.21,3959.98,2527.91,0,8.0,2.0
CLM-50119,Franchise_FL_04,Antimicrobial Treatment,2025-02-13,22.0,105.88,2329.36,2329.36,1,2.0,3.0
CLM-72139,Franchise_TX_01,Water Extraction,,28.0,135.62,3797.36,3797.36,1,,
CLM-34155,Franchise_FL_04,Baseboard Replacement,2025-07-29,40.0,23.91,956.4,956.4,1,7.0,1.0
CLM-37874,Franchise_FL_04,Dehumidifier Rental,2025-10-09,48.0,31.94,1533.12,1533.12,1,10.0,3.0
CLM-62102,Franchise_FL_04,Drywall Repair,2025-07-31,42.0,144.82,6082.44,6082.44,1,7.0,3.0
CLM-97325,Franchise_TX_01,Water Extraction,,23.0,77.11,1773.53,1773.53,1,,
CLM-18535,Franchise_FL_04,Dehumidifier Rental,2025-01-25,50.0,142.89,7144.5,7144.5,1,1.0,5.0
CLM-24015,Franchise_NY_12,Drywall Repair,,35.0,20.48,716.8,716.8,1,,
CLM-72401,Franchise_TX_01,Water Extraction,,24.0,146.61,3518.64,1470.93,0,,
CLM-47670,Franchise_NY_12,Water Extraction,,21.0,136.68,2870.28,2517.93,0,,
CLM-29892,Franchise_TX_01,Dehumidifier Rental,,41.0,71.97,2950.77,2950.77,1,,
CLM-45100,Franchise_TX_01,Dehumidifier Rental - MISC,,15.0,23.24,348.6,348.6,1,,
CLM-65861,Franchise_NY_12,Antimicrobial Treatment,,21.0,124.97,2624.37,1808.2,0,,
CLM-95068,Franchise_TX_01,Drywall Repair,,10.0,88.33,883.3,883.3,1,,
CLM-85432,Franchise_TX_01,Dehumidifier Rental - MISC,,4.0,123.76,495.04,495.04,1,,
CLM-30212,Franchise_TX_01,Antimicrobial Treatment,,32.0,125.42,4013.44,3073.92,0,,
CLM-22530,Franchise_TX_01,Antimicrobial Treatment - MISC,,27.0,127.2,3434.4,1550.04,0,,
CLM-41118,Franchise_NY_12,Drywall Repair,,28.0,36.55,1023.4,1023.4,1,,
CLM-82545,Franchise_NY_12,Dehumidifier Rental,,46.0,80.68,3711.28,3711.28,1,,
CLM-40255,Franchise_FL_04,Drywall Repair,2025-11-21,25.0,116.17,2904.25,1467.56,0,11.0,4.0
CLM-85220,Franchise_NY_12,Antimicrobial Treatment,,49.0,79.29,3885.21,2988.19,0,,
CLM-89218,Franchise_TX_01,Water Extraction,,50.0,140.27,7013.5,3220.34,0,,
CLM-48609,Franchise_FL_04,Baseboard Replacement,2025-08-24,36.0,148.61,5349.96,5349.96,1,8.0,6.0
CLM-48744,Franchise_NY_12,Water Extraction,,9.0,145.28,1307.52,619.31,0,,
CLM-69289,Franchise_NY_12,Dehumidifier Rental,,9.0,61.7,555.3,369.63,0,,
CLM-54444,Franchise_TX_01,Water Extraction,,26.0,113.88,2960.88,2960.88,1,,
CLM-49160,Franchise_FL_04,Water Extraction,2025-11-04,20.0,138.1,2762.0,2762.0,1,11.0,1.0
CLM-12610,Franchise_NY_12,Drywall Repair,,14.0,92.14,1289.96,727.86,0,,
CLM-32473,Franchise_FL_04,Antimicrobial Treatment,2025-02-02,5.0,45.45,227.25,185.68,0,2.0,6.0
CLM-78567,Franchise_TX_01,Baseboard Replacement,,4.0,76.67,306.68,143.4,0,,
CLM-50717,Franchise_TX_01,Drywall Repair,,26.0,27.01,702.26,418.76,0,,
CLM-16122,Franchise_NY_12,Baseboard Replacement,,31.0,60.0,1860.0,1860.0,1,,
CLM-97815,Franchise_FL_04,Drywall Repair,2025-05-12,37.0,15.98,591.26,591.26,1,5.0,0.0
CLM-11220,Franchise_NY_12,Water Extraction,,46.0,69.93,3216.78,2576.45,0,,
CLM-54199,Franchise_TX_01,Antimicrobial Treatment - MISC,,42.0,17.92,752.64,752.64,1,,
CLM-71798,Franchise_TX_01,Drywall Repair,,14.0,93.16,1304.24,1304.24,1,,
CLM-97678,Franchise_FL_04,Water Extraction,2025-03-31,12.0,113.16,1357.92,1357.92,1,3.0,0.0
CLM-79272,Franchise_FL_04,Antimicrobial Treatment,2025-04-22,23.0,63.78,1466.94,1466.94,1,4.0,1.0
CLM-69312,Franchise_NY_12,Drywall Repair,,17.0,39.61,673.37,673.37,1,,
CLM-78258,Franchise_FL_04,Baseboard Replacement,2025-04-29,35.0,131.13,4589.55,1899.94,0,4.0,1.0
CLM-84736,Franchise_FL_04,Dehumidifier Rental,2025-11-29,25.0,143.67,3591.75,1999.63,0,11.0,5.0
CLM-91510,Franchise_TX_01,Drywall Repair,,20.0,57.37,1147.4,1147.4,1,,
CLM-57468,Franchise_TX_01,Water Extraction - MISC,,12.0,58.75,705.0,705.0,1,,
CLM-25636,Franchise_NY_12,Water Extraction,,26.0,41.36,1075.36,1075.36,1,,
CLM-46670,Franchise_FL_04,Antimicrobial Treatment,2025-12-04,9.0,16.8,151.2,151.2,1,12.0,3.0
CLM-20493,Franchise_NY_12,Dehumidifier Rental,,48.0,133.03,6385.44,6385.44,1,,
CLM-82992,Franchise_NY_12,Drywall Repair,,33.0,49.76,1642.08,912.86,0,,
CLM-25088,Franchise_NY_12,Antimicrobial Treatment,,15.0,102.92,1543.8,704.3,0,,
CLM-31930,Franchise_FL_04,Antimicrobial Treatment,2025-04-13,1.0,145.17,145.17,118.77,0,4.0,6.0
CLM-24615,Franchise_FL_04,Antimicrobial Treatment,2025-08-12,38.0,48.85,1856.3,1856.3,1,8.0,1.0
CLM-73416,Franchise_FL_04,Drywall Repair,2025-09-06,40.0,74.28,2971.2,1649.37,0,9.0,5.0
CLM-28445,Franchise_FL_04,Drywall Repair,2025-11-05,40.0,111.33,4453.2,2291.55,0,11.0,2.0
CLM-86522,Franchise_FL_04,Drywall Repair,2025-08-09,5.0,142.61,713.05,713.05,1,8.0,5.0
CLM-39181,Franchise_TX_01,Drywall Repair - MISC,,28.0,123.11,3447.08,3447.08,1,,
CLM-80057,Franchise_FL_04,Baseboard Replacement,2025-06-11,1.0,89.34,89.34,89.34,1,6.0,2.0
CLM-57256,Franchise_TX_01,Dehumidifier Rental,,13.0,133.0,1729.0,1177.55,0,,
CLM-56161,Franchise_TX_01,Drywall Repair,,21.0,62.14,1304.94,1304.94,1,,
CLM-97878,Franchise_NY_12,Baseboard Replacement,,3.0,55.67,167.01,96.2,0,,
CLM-21749,Franchise_NY_12,Drywall Repair,,24.0,57.39,1377.36,1377.36,1,,
CLM-87939,Franchise_TX_01,Baseboard Replacement,,31.0,48.62,1507.22,1507.22,1,,
CLM-42201,Franchise_NY_12,Baseboard Replacement,,12.0,45.92,551.04,551.04,1,,
CLM-13174,Franchise_NY_12,Baseboard Replacement,,24.0,91.67,2200.08,2200.08,1,,
CLM-33781,Franchise_FL_04,Water Extraction,2025-05-18,46.0,48.15,2214.9,2214.9,1,5.0,6.0
CLM-34015,Franchise_FL_04,Baseboard Replacement,2025-04-12,50.0,74.21,3710.5,3710.5,1,4.0,5.0
CLM-96869,Franchise_FL_04,Water Extraction,2025-02-18,30.0,79.54,2386.2,1544.9,0,2.0,1.0
CLM-31123,Franchise_TX_01,Baseboard Replacement,,5.0,89.33,446.65,446.65,1,,
CLM-35623,Franchise_NY_12,Drywall Repair,,33.0,42.91,1416.03,1078.04,0,,
CLM-83029,Franchise_TX_01,Water Extraction,,37.0,146.19,5409.03,5409.03,1,,
CLM-64897,Franchise_FL_04,Drywall Repair,2025-03-11,43.0,146.36,6293.48,6293.48,1,3.0,1.0
CLM-47439,Franchise_TX_01,Water Extraction,,40.0,60.83,2433.2,1955.16,0,,
CLM-90407,Franchise_TX_01,Dehumidifier Rental,,12.0,85.64,1027.68,779.18,0,,
CLM-44772,Franchise_NY_12,Drywall Repair,,33.0,124.57,4110.81,4110.81,1,,
CLM-55333,Franchise_NY_12,Antimicrobial Treatment,,47.0,125.61,5903.67,5903.67,1,,
CLM-24221,Franchise_NY_12,Antimicrobial Treatment,,47.0,112.48,5286.56,5286.56,1,,
CLM-61143,Franchise_NY_12,Antimicrobial Treatment,,34.0,137.66,4680.44,4680.44,1,,
CLM-26355,Franchise_TX_01,Water Extraction,,5.0,21.75,108.75,72.17,0,,
CLM-73906,Franchise_NY_12,Drywall Repair,,47.0,17.81,837.07,623.06,0,,
CLM-92316,Franchise_TX_01,Dehumidifier Rental,,36.0,145.27,5229.72,5229.72,1,,
CLM-69666,Franchise_FL_04,Baseboard Replacement,2025-08-26,13.0,64.76,841.88,841.88,1,8.0,1.0
CLM-32754,Franchise_TX_01,Antimicrobial Treatment - MISC,,10.0,131.99,1319.9,869.67,0,,
CLM-99202,Franchise_NY_12,Drywall Repair,,43.0,68.18,2931.74,2931.74,1,,
CLM-25230,Franchise_NY_12,Water Extraction,,8.0,145.09,1160.72,959.74,0,,
CLM-55078,Franchise_TX_01,Water Extraction - MISC,,34.0,114.95,3908.3,3908.3,1,,
CLM-15037,Franchise_TX_01,Antimicrobial Treatment,,9.0,66.7,600.3,522.77,0,,
CLM-24762,Franchise_NY_12,Water Extraction,,23.0,61.04,1403.92,671.41,0,,
CLM-48439,Franchise_FL_04,Baseboard Replacement,2025-07-08,19.0,17.51,332.69,144.05,0,7.0,1.0
CLM-78874,Franchise_TX_01,Water Extraction,,35.0,95.35,3337.25,3337.25,1,,
CLM-96279,Franchise_NY_12,Baseboard Replacement,,12.0,35.18,422.16,275.04,0,,
CLM-67194,Franchise_NY_12,Water Extraction,,18.0,27.63,497.34,497.34,1,,
CLM-51055,Franchise_NY_12,Dehumidifier Rental,,44.0,108.8,4787.2,4787.2,1,,
CLM-99411,Franchise_TX_01,Antimicrobial Treatment,,34.0,41.92,1425.28,1425.28,1,,
CLM-81525,Franchise_FL_04,Drywall Repair,2025-07-04,16.0,59.01,944.16,739.49,0,7.0,4.0
CLM-79357,Franchise_FL_04,Drywall Repair,2025-01-03,3.0,50.9,152.7,152.7,1,1.0,4.0
CLM-13984,Franchise_NY_12,Baseboard Replacement,,19.0,101.38,1926.22,1926.22,1,,
CLM-98670,Franchise_FL_04,Dehumidifier Rental,2025-06-11,1.0,57.25,57.25,57.25,1,6.0,2.0
CLM-39149,Franchise_TX_01,Drywall Repair,,2.0,33.55,67.1,53.53,0,,
CLM-33344,Franchise_NY_12,Antimicrobial Treatment,,17.0,64.3,1093.1,1093.1,1,,
CLM-67789,Franchise_FL_04,Drywall Repair,2025-07-23,28.0,85.47,2393.16,1929.63,0,7.0,2.0
CLM-36522,Franchise_TX_01,Water Extraction - MISC,,34.0,70.76,2405.84,2405.84,1,,
CLM-89366,Franchise_NY_12,Dehumidifier Rental,,30.0,91.37,2741.1,2741.1,1,,
CLM-28677,Franchise_TX_01,Water Extraction - MISC,,10.0,127.74,1277.4,515.9,0,,
CLM-90776,Franchise_NY_12,Antimicrobial Treatment,,40.0,41.22,1648.8,1119.65,0,,
CLM-66542,Franchise_TX_01,Antimicrobial Treatment,,4.0,126.87,507.48,272.24,0,,
CLM-98952,Franchise_NY_12,Dehumidifier Rental,,2.0,61.13,122.26,122.26,1,,
CLM-20986,Franchise_TX_01,Water Extraction,,47.0,19.94,937.18,937.18,1,,
CLM-70377,Franchise_NY_12,Antimicrobial Treatment,,21.0,61.03,1281.63,1281.63,1,,
CLM-69751,Franchise_TX_01,Water Extraction - MISC,,33.0,41.01,1353.33,1353.33,1,,
CLM-22438,Franchise_FL_04,Drywall Repair,2025-09-02,7.0,27.53,192.71,192.71,1,9.0,1.0
CLM-24239,Franchise_FL_04,Antimicrobial Treatment,2025-01-18,24.0,87.42,2098.08,2098.08,1,1.0,5.0
CLM-28406,Franchise_FL_04,Antimicrobial Treatment,2025-11-22,34.0,57.97,1970.98,1970.98,1,11.0,5.0
CLM-38447,Franchise_NY_12,Baseboard Replacement,,24.0,127.82,3067.68,3067.68,1,,
CLM-44308,Franchise_FL_04,Water Extraction,2025-07-23,31.0,149.66,4639.46,4639.46,1,7.0,2.0
CLM-18944,Franchise_NY_12,Water Extraction,,23.0,36.8,846.4,736.24,0,,
CLM-94244,Franchise_NY_12,Water Extraction,,34.0,112.77,3834.18,3834.18,1,,
CLM-54785,Franchise_FL_04,Water Extraction,2025-10-13,47.0,47.3,2223.1,2223.1,1,10.0,0.0
CLM-45709,Franchise_TX_01,Baseboard Replacement,,47.0,15.78,741.66,741.66,1,,
CLM-33266,Franchise_FL_04,Drywall Repair,2025-06-20,3.0,100.49,301.47,301.47,1,6.0,4.0
CLM-47573,Franchise_NY_12,Antimicrobial Treatment,,32.0,99.12,3171.84,3171.84,1,,
CLM-50911,Franchise_TX_01,Dehumidifier Rental - MISC,,10.0,37.01,370.1,183.07,0,,
CLM-61870,Franchise_TX_01,Drywall Repair,,23.0,63.1,1451.3,1451.3,1,,
CLM-32824,Franchise_FL_04,Baseboard Replacement,2025-08-12,14.0,132.26,1851.64,1494.69,0,8.0,1.0
CLM-64265,Franchise_FL_04,Baseboard Replacement,2025-12-27,41.0,134.05,5496.05,4169.0,0,12.0,5.0
CLM-37213,Franchise_FL_04,Baseboard Replacement,2025-02-14,19.0,95.8,1820.2,1820.2,1,2.0,4.0
CLM-20009,Franchise_TX_01,Drywall Repair,,12.0,98.26,1179.12,1179.12,1,,
CLM-35735,Franchise_FL_04,Dehumidifier Rental,2025-06-03,10.0,27.19,271.9,115.58,0,6.0,1.0
CLM-91990,Franchise_FL_04,Dehumidifier Rental,2025-04-14,10.0,71.18,711.8,711.8,1,4.0,0.0
CLM-21426,Franchise_TX_01,Dehumidifier Rental,,17.0,65.95,1121.15,1121.15,1,,
CLM-65016,Franchise_FL_04,Water Extraction,2025-03-28,15.0,71.54,1073.1,1073.1,1,3.0,4.0
CLM-65607,Franchise_NY_12,Dehumidifier Rental,,42.0,35.52,1491.84,1491.84,1,,
CLM-24874,Franchise_NY_12,Antimicrobial Treatment,,28.0,143.78,4025.84,1726.79,0,,
CLM-27384,Franchise_FL_04,Baseboard Replacement,2025-10-12,18.0,19.86,357.48,357.48,1,10.0,6.0
CLM-86091,Franchise_TX_01,Drywall Repair - MISC,,22.0,96.3,2118.6,2118.6,1,,
CLM-35822,Franchise_FL_04,Antimicrobial Treatment,2025-03-25,16.0,36.28,580.48,276.7,0,3.0,1.0
CLM-23691,Franchise_FL_04,Drywall Repair,2025-01-05,25.0,128.85,3221.25,2449.09,0,1.0,6.0
CLM-11989,Franchise_FL_04,Water Extraction,2025-06-16,10.0,122.57,1225.7,1225.7,1,6.0,0.0
CLM-72887,Franchise_TX_01,Drywall Repair - MISC,,3.0,27.52,82.56,48.35,0,,
CLM-40601,Franchise_FL_04,Drywall Repair,2025-12-10,18.0,126.95,2285.1,2285.1,1,12.0,2.0
CLM-99325,Franchise_NY_12,Baseboard Replacement,,4.0,55.34,221.36,221.36,1,,
CLM-32722,Franchise_FL_04,Baseboard Replacement,2025-07-03,31.0,41.67,1291.77,1067.24,0,7.0,3.0
CLM-67886,Franchise_NY_12,Dehumidifier Rental,,2.0,35.89,71.78,71.78,1,,
CLM-57473,Franchise_TX_01,Water Extraction,,48.0,45.86,2201.28,1872.41,0,,
CLM-73608,Franchise_FL_04,Baseboard Replacement,2025-05-06,40.0,22.73,909.2,523.77,0,5.0,1.0
CLM-69674,Franchise_TX_01,Antimicrobial Treatment,,14.0,70.64,988.96,988.96,1,,
CLM-71836,Franchise_NY_12,Baseboard Replacement,,38.0,140.03,5321.14,2572.35,0,,
CLM-43326,Franchise_TX_01,Baseboard Replacement - MISC,,48.0,40.05,1922.4,1922.4,1,,
CLM-16613,Franchise_NY_12,Drywall Repair,,16.0,78.77,1260.32,681.24,0,,
CLM-48023,Franchise_TX_01,Dehumidifier Rental,,40.0,45.43,1817.2,1817.2,1,,
CLM-23121,Franchise_TX_01,Drywall Repair - MISC,,44.0,32.95,1449.8,1449.8,1,,
CLM-72443,Franchise_FL_04,Antimicrobial Treatment,2025-06-17,7.0,87.19,610.33,610.33,1,6.0,1.0
CLM-45697,Franchise_NY_12,Antimicrobial Treatment,,4.0,71.64,286.56,286.56,1,,
CLM-84007,Franchise_TX_01,Baseboard Replacement - MISC,,42.0,42.1,1768.2,1008.79,0,,
CLM-68375,Franchise_FL_04,Antimicrobial Treatment,2025-02-14,41.0,41.56,1703.96,1703.96,1,2.0,4.0
CLM-93869,Franchise_NY_12,Dehumidifier Rental,,41.0,37.47,1536.27,841.14,0,,
CLM-24047,Franchise_FL_04,Water Extraction,2025-03-06,6.0,44.75,268.5,268.5,1,3.0,3.0
CLM-55956,Franchise_NY_12,Antimicrobial Treatment,,43.0,40.74,1751.82,921.58,0,,
CLM-35088,Franchise_FL_04,Baseboard Replacement,2025-09-09,26.0,130.26,3386.76,2118.1,0,9.0,1.0
CLM-83424,Franchise_FL_04,Drywall Repair,2025-10-23,18.0,144.38,2598.84,2598.84,1,10.0,3.0
CLM-99962,Franchise_TX_01,Water Extraction,,29.0,62.22,1804.38,1804.38,1,,
CLM-91055,Franchise_NY_12,Baseboard Replacement,,17.0,141.9,2412.3,2412.3,1,,
CLM-70332,Franchise_TX_01,Water Extraction,,12.0,91.53,1098.36,1098.36,1,,
CLM-81580,Franchise_FL_04,Dehumidifier Rental,2025-07-16,7.0,88.41,618.87,331.25,0,7.0,2.0
CLM-97494,Franchise_TX_01,Drywall Repair,,37.0,144.15,5333.55,4789.73,0,,
CLM-70001,Franchise_NY_12,Baseboard Replacement,,14.0,59.62,834.68,834.68,1,,
CLM-20839,Franchise_TX_01,Antimicrobial Treatment - MISC,,3.0,67.18,201.54,201.54,1,,
CLM-14672,Franchise_TX_01,Baseboard Replacement,,29.0,35.36,1025.44,644.53,0,,
CLM-67643,Franchise_TX_01,Drywall Repair - MISC,,28.0,104.03,2912.84,2912.84,1,,
CLM-85154,Franchise_NY_12,Dehumidifier Rental,,14.0,49.44,692.16,412.43,0,,
CLM-33442,Franchise_TX_01,Baseboard Replacement - MISC,,28.0,55.61,1557.08,1093.02,0,,
CLM-23487,Franchise_TX_01,Dehumidifier Rental,,13.0,38.66,502.58,379.96,0,,
CLM-35296,Franchise_TX_01,Dehumidifier Rental,,50.0,76.7,3835.0,3835.0,1,,
CLM-71446,Franchise_FL_04,Drywall Repair,2025-06-08,28.0,37.08,1038.24,931.29,0,6.0,6.0
CLM-96776,Franchise_TX_01,Dehumidifier Rental,,26.0,74.64,1940.64,925.66,0,,
CLM-62331,Franchise_FL_04,Drywall Repair,2025-09-02,43.0,132.45,5695.35,4511.58,0,9.0,1.0
CLM-43124,Franchise_FL_04,Antimicrobial Treatment,2025-06-24,4.0,64.81,259.24,259.24,1,6.0,1.0
CLM-73037,Franchise_TX_01,Drywall Repair,,15.0,16.87,253.05,221.98,0,,
CLM-85063,Franchise_NY_12,Dehumidifier Rental,,24.0,106.06,2545.44,2545.44,1,,
CLM-64504,Franchise_FL_04,Antimicrobial Treatment,2025-09-06,40.0,107.58,4303.2,4303.2,1,9.0,5.0
CLM-67817,Franchise_TX_01,Antimicrobial Treatment,,8.0,98.82,790.56,790.56,1,,
CLM-27757,Franchise_TX_01,Drywall Repair,,31.0,65.68,2036.08,2036.08,1,,
CLM-35230,Franchise_NY_12,Water Extraction,,11.0,44.32,487.52,256.89,0,,
CLM-42670,Franchise_TX_01,Drywall Repair - MISC,,28.0,73.47,2057.16,2057.16,1,,
CLM-46758,Franchise_TX_01,Dehumidifier Rental,,46.0,96.57,4442.22,2875.04,0,,
CLM-51436,Franchise_TX_01,Antimicrobial Treatment,,37.0,20.43,755.91,755.91,1,,
CLM-70472,Franchise_NY_12,Water Extraction,,12.0,29.42,353.04,353.04,1,,
CLM-31228,Franchise_FL_04,Water Extraction,2025-07-25,29.0,119.77,3473.33,3473.33,1,7.0,4.0
CLM-58798,Franchise_TX_01,Dehumidifier Rental - MISC,,23.0,64.54,1484.42,705.37,0,,
CLM-81657,Franchise_FL_04,Water Extraction,2025-10-11,39.0,88.33,3444.87,3444.87,1,10.0,5.0
CLM-43157,Franchise_FL_04,Baseboard Replacement,2025-11-15,32.0,57.64,1844.48,1844.48,1,11.0,5.0
CLM-72063,Franchise_NY_12,Antimicrobial Treatment,,7.0,91.07,637.49,385.72,0,,
CLM-11310,Franchise_NY_12,Dehumidifier Rental,,15.0,62.04,930.6,930.6,1,,
CLM-28326,Franchise_NY_12,Antimicrobial Treatment,,2.0,88.82,177.64,177.64,1,,
CLM-97944,Franchise_TX_01,Dehumidifier Rental,,19.0,26.35,500.65,500.65,1,,
CLM-37887,Franchise_NY_12,Antimicrobial Treatment,,9.0,56.51,508.59,508.59,1,,
CLM-91781,Franchise_TX_01,Antimicrobial Treatment - MISC,,41.0,25.5,1045.5,1045.5,1,,
CLM-38294,Franchise_TX_01,Drywall Repair,,41.0,70.39,2885.99,2885.99,1,,
CLM-44897,Franchise_TX_01,Drywall Repair - MISC,,37.0,140.76,5208.12,3708.8,0,,
CLM-26288,Franchise_FL_04,Water Extraction,2025-03-15,46.0,63.55,2923.3,2923.3,1,3.0,5.0
CLM-74927,Franchise_TX_01,Water Extraction - MISC,,42.0,60.29,2532.18,2532.18,1,,
CLM-27659,Franchise_TX_01,Antimicrobial Treatment,,16.0,93.73,1499.68,1499.68,1,,
CLM-68505,Franchise_NY_12,Antimicrobial Treatment,,42.0,33.03,1387.26,691.67,0,,
CLM-19279,Franchise_TX_01,Antimicrobial Treatment - MISC,,19.0,60.61,1151.59,482.54,0,,
CLM-51228,Franchise_TX_01,Baseboard Replacement,,18.0,129.44,2329.92,1579.69,0,,
CLM-74359,Franchise_TX_01,Dehumidifier Rental,,34.0,75.45,2565.3,2565.3,1,,
CLM-36572,Franchise_FL_04,Baseboard Replacement,2025-09-08,5.0,65.13,325.65,325.65,1,9.0,0.0
CLM-49478,Franchise_NY_12,Antimicrobial Treatment,,40.0,40.94,1637.6,1637.6,1,,
CLM-56924,Franchise_NY_12,Baseboard Replacement,,18.0,73.7,1326.6,1326.6,1,,
CLM-97640,Franchise_FL_04,Water Extraction,2025-01-19,49.0,82.71,4052.79,3555.95,0,1.0,6.0
CLM-81204,Franchise_TX_01,Baseboard Replacement,,46.0,112.44,5172.24,3599.45,0,,
CLM-63965,Franchise_TX_01,Water Extraction - MISC,,21.0,57.87,1215.27,1215.27,1,,
CLM-81667,Franchise_NY_12,Baseboard Replacement,,38.0,38.6,1466.8,1015.06,0,,
CLM-45036,Franchise_FL_04,Drywall Repair,2025-08-29,3.0,134.95,404.85,404.85,1,8.0,4.0
CLM-88533,Franchise_NY_12,Baseboard Replacement,,35.0,144.76,5066.6,5066.6,1,,
CLM-52716,Franchise_NY_12,Dehumidifier Rental,,38.0,54.42,2067.96,1604.82,0,,
CLM-65021,Franchise_FL_04,Drywall Repair,2025-10-02,42.0,73.5,3087.0,3087.0,1,10.0,3.0
CLM-24530,Franchise_FL_04,Antimicrobial Treatment,2025-06-17,45.0,68.23,3070.35,1242.17,0,6.0,1.0
CLM-14437,Franchise_FL_04,Water Extraction,2025-12-20,1.0,27.1,27.1,27.1,1,12.0,5.0
CLM-11518,Franchise_NY_12,Antimicrobial Treatment,,47.0,117.1,5503.7,4551.46,0,,
CLM-33927,Franchise_NY_12,Dehumidifier Rental,,8.0,85.06,680.48,680.48,1,,
CLM-90039,Franchise_TX_01,Baseboard Replacement,,42.0,121.24,5092.08,5092.08,1,,
CLM-60140,Franchise_TX_01,Baseboard Replacement,,18.0,117.97,2123.46,2123.46,1,,
CLM-89862,Franchise_FL_04,Water Extraction,2025-09-02,29.0,21.93,635.97,295.95,0,9.0,1.0
CLM-45000,Franchise_FL_04,Antimicrobial Treatment,2025-09-04,35.0,115.29,4035.15,4035.15,1,9.0,3.0
CLM-94829,Franchise_NY_12,Antimicrobial Treatment,,8.0,144.94,1159.52,1159.52,1,,
CLM-41103,Franchise_TX_01,Baseboard Replacement,,11.0,133.02,1463.22,1217.2,0,,
CLM-65459,Franchise_TX_01,Dehumidifier Rental,,50.0,26.37,1318.5,1091.6,0,,
CLM-30247,Franchise_NY_12,Baseboard Replacement,,45.0,119.81,5391.45,2618.67,0,,
CLM-96006,Franchise_TX_01,Water Extraction,,46.0,89.92,4136.32,3021.4,0,,
CLM-73324,Franchise_NY_12,Dehumidifier Rental,,24.0,43.35,1040.4,612.71,0,,
CLM-41880,Franchise_FL_04,Drywall Repair,2025-05-06,47.0,80.61,3788.67,3788.67,1,5.0,1.0
CLM-76251,Franchise_TX_01,Dehumidifier Rental - MISC,,22.0,69.92,1538.24,1538.24,1,,
CLM-80571,Franchise_NY_12,Dehumidifier Rental,,48.0,62.7,3009.6,2349.96,0,,
CLM-59457,Franchise_NY_12,Drywall Repair,,28.0,108.35,3033.8,3033.8,1,,
CLM-99503,Franchise_NY_12,Dehumidifier Rental,,39.0,30.17,1176.63,1176.63,1,,
CLM-69078,Franchise_TX_01,Drywall Repair,,8.0,146.04,1168.32,647.06,0,,
CLM-66807,Franchise_TX_01,Dehumidifier Rental - MISC,,1.0,85.5,85.5,85.5,1,,
CLM-89361,Franchise_TX_01,Dehumidifier Rental,,41.0,76.98,3156.18,3156.18,1,,
CLM-53417,Franchise_NY_12,Drywall Repair,,6.0,76.8,460.8,460.8,1,,
CLM-94582,Franchise_FL_04,Baseboard Replacement,2025-04-12,11.0,98.27,1080.97,1080.97,1,4.0,5.0
CLM-83931,Franchise_FL_04,Water Extraction,2025-12-05,42.0,16.88,708.96,372.81,0,12.0,4.0
CLM-34169,Franchise_FL_04,Drywall Repair,2025-09-09,34.0,69.78,2372.52,2372.52,1,9.0,1.0
CLM-23386,Franchise_FL_04,Drywall Repair,2025-10-09,35.0,50.67,1773.45,1773.45,1,10.0,3.0
CLM-39035,Franchise_TX_01,Water Extraction,,5.0,81.24,406.2,272.94,0,,
CLM-74493,Franchise_FL_04,Antimicrobial Treatment,2025-11-19,1.0,57.5,57.5,57.5,1,11.0,2.0
CLM-12077,Franchise_FL_04,Dehumidifier Rental,2025-07-12,25.0,71.12,1778.0,932.38,0,7.0,5.0
CLM-44904,Franchise_NY_12,Antimicrobial Treatment,,11.0,118.33,1301.63,1301.63,1,,
CLM-86169,Franchise_TX_01,Water Extraction - MISC,,15.0,127.93,1918.95,929.78,0,,
CLM-31717,Franchise_FL_04,Antimicrobial Treatment,2025-10-13,28.0,149.49,4185.72,4185.72,1,10.0,0.0
CLM-86815,Franchise_FL_04,Baseboard Replacement,2025-07-30,40.0,74.73,2989.2,2989.2,1,7.0,2.0
CLM-55773,Franchise_NY_12,Dehumidifier Rental,,6.0,149.45,896.7,896.7,1,,
CLM-52277,Franchise_FL_04,Baseboard Replacement,2025-06-18,50.0,112.1,5605.0,5605.0,1,6.0,2.0
CLM-22548,Franchise_NY_12,Antimicrobial Treatment,,40.0,120.73,4829.2,4243.1,0,,
CLM-96931,Franchise_NY_12,Water Extraction,,21.0,70.38,1477.98,1096.36,0,,
CLM-38666,Franchise_NY_12,Water Extraction,,35.0,85.98,3009.3,3009.3,1,,
CLM-90084,Franchise_FL_04,Water Extraction,2025-10-04,8.0,52.65,421.2,421.2,1,10.0,5.0
CLM-86953,Franchise_FL_04,Antimicrobial Treatment,2025-07-18,27.0,108.27,2923.29,2923.29,1,7.0,4.0
CLM-14886,Franchise_NY_12,Drywall Repair,,1.0,58.63,58.63,58.63,1,,
CLM-99556,Franchise_NY_12,Antimicrobial Treatment,,36.0,92.97,3346.92,3346.92,1,,
CLM-15119,Franchise_NY_12,Drywall Repair,,47.0,41.64,1957.08,1531.65,0,,
CLM-11186,Franchise_FL_04,Water Extraction,2025-04-01,15.0,139.82,2097.3,2097.3,1,4.0,1.0
CLM-56250,Franchise_NY_12,Water Extraction,,21.0,93.21,1957.41,1957.41,1,,
CLM-83748,Franchise_TX_01,Antimicrobial Treatment,,7.0,54.27,379.89,161.9,0,,
CLM-48722,Franchise_TX_01,Dehumidifier Rental,,43.0,82.68,3555.24,3555.24,1,,
CLM-18719,Franchise_TX_01,Baseboard Replacement,,43.0,59.92,2576.56,2576.56,1,,
CLM-56068,Franchise_TX_01,Baseboard Replacement,,37.0,132.83,4914.71,4914.71,1,,
CLM-35322,Franchise_FL_04,Baseboard Replacement,2025-08-20,48.0,95.08,4563.84,3971.02,0,8.0,2.0
CLM-94584,Franchise_NY_12,Dehumidifier Rental,,43.0,47.03,2022.29,2022.29,1,,
CLM-84660,Franchise_NY_12,Water Extraction,,41.0,144.91,5941.31,5941.31,1,,
CLM-55343,Franchise_NY_12,Dehumidifier Rental,,1.0,37.29,37.29,31.49,0,,
CLM-91669,Franchise_NY_12,Drywall Repair,,16.0,18.21,291.36,291.36,1,,
CLM-24258,Franchise_TX_01,Baseboard Replacement - MISC,,39.0,95.02,3705.78,2087.48,0,,
CLM-30772,Franchise_NY_12,Water Extraction,,22.0,58.69,1291.18,660.27,0,,
CLM-81903,Franchise_NY_12,Baseboard Replacement,,9.0,56.57,509.13,509.13,1,,
CLM-57696,Franchise_NY_12,Dehumidifier Rental,,10.0,137.95,1379.5,1056.36,0,,
CLM-37109,Franchise_TX_01,Dehumidifier Rental,,41.0,87.82,3600.62,3600.62,1,,
CLM-58651,Franchise_TX_01,Baseboard Replacement,,5.0,149.52,747.6,495.21,0,,
CLM-66216,Franchise_TX_01,Drywall Repair,,6.0,63.56,381.36,199.2,0,,
CLM-44886,Franchise_TX_01,Antimicrobial Treatment,,11.0,123.5,1358.5,933.59,0,,
CLM-55442,Franchise_NY_12,Baseboard Replacement,,15.0,117.77,1766.55,1766.55,1,,
CLM-55251,Franchise_FL_04,Baseboard Replacement,2025-07-19,33.0,18.14,598.62,598.62,1,7.0,5.0
CLM-44655,Franchise_NY_12,Dehumidifier Rental,,10.0,137.54,1375.4,919.64,0,,
CLM-84849,Franchise_TX_01,Dehumidifier Rental - MISC,,43.0,41.95,1803.85,1803.85,1,,
CLM-80178,Franchise_FL_04,Antimicrobial Treatment,2025-02-26,43.0,121.62,5229.66,3899.22,0,2.0,2.0
CLM-48801,Franchise_TX_01,Baseboard Replacement,,16.0,88.82,1421.12,1213.15,0,,
CLM-49641,Franchise_NY_12,Antimicrobial Treatment,,12.0,149.08,1788.96,1297.43,0,,
CLM-83032,Franchise_TX_01,Dehumidifier Rental,,2.0,143.89,287.78,287.78,1,,
CLM-11019,Franchise_NY_12,Drywall Repair,,30.0,99.22,2976.6,2976.6,1,,
CLM-74744,Franchise_TX_01,Antimicrobial Treatment,,16.0,112.07,1793.12,1793.12,1,,
CLM-32276,Franchise_NY_12,Baseboard Replacement,,19.0,146.18,2777.42,1232.31,0,,
CLM-22782,Franchise_NY_12,Dehumidifier Rental,,5.0,115.73,578.65,578.65,1,,
CLM-61841,Franchise_TX_01,Water Extraction,,35.0,125.96,4408.6,4408.6,1,,
CLM-46215,Franchise_TX_01,Baseboard Replacement - MISC,,22.0,98.25,2161.5,1760.51,0,,
CLM-74778,Franchise_TX_01,Antimicrobial Treatment - MISC,,37.0,27.74,1026.38,1026.38,1,,
CLM-44820,Franchise_NY_12,Drywall Repair,,15.0,107.46,1611.9,1611.9,1,,
CLM-73474,Franchise_TX_01,Antimicrobial Treatment,,30.0,136.07,4082.1,2886.17,0,,
CLM-59790,Franchise_TX_01,Drywall Repair,,9.0,49.22,442.98,442.98,1,,
CLM-86007,Franchise_FL_04,Drywall Repair,2025-10-05,45.0,19.83,892.35,593.48,0,10.0,6.0
CLM-92428,Franchise_TX_01,Drywall Repair,,37.0,79.84,2954.08,1206.69,0,,
CLM-62165,Franchise_NY_12,Antimicrobial Treatment,,15.0,92.21,1383.15,1383.15,1,,
CLM-98436,Franchise_FL_04,Water Extraction,2025-11-17,3.0,117.21,351.63,165.73,0,11.0,0.0
CLM-11313,Franchise_FL_04,Antimicrobial Treatment,2025-08-19,22.0,86.68,1906.96,1906.96,1,8.0,1.0
CLM-43963,Franchise_NY_12,Antimicrobial Treatment,,26.0,137.07,3563.82,3563.82,1,,
CLM-50514,Franchise_FL_04,Dehumidifier Rental,2025-05-09,42.0,129.07,5420.94,3946.41,0,5.0,4.0
CLM-41732,Franchise_FL_04,Dehumidifier Rental,2025-11-16,29.0,135.16,3919.64,3919.64,1,11.0,6.0
CLM-96763,Franchise_NY_12,Baseboard Replacement,,12.0,67.78,813.36,813.36,1,,
CLM-68494,Franchise_TX_01,Water Extraction,,37.0,39.04,1444.48,1444.48,1,,
CLM-16832,Franchise_FL_04,Antimicrobial Treatment,2025-11-21,27.0,122.05,3295.35,2490.79,0,11.0,4.0
CLM-59536,Franchise_FL_04,Baseboard Replacement,2025-09-09,40.0,86.61,3464.4,3464.4,1,9.0,1.0
CLM-83585,Franchise_TX_01,Antimicrobial Treatment,,23.0,61.01,1403.23,1403.23,1,,
CLM-84073,Franchise_NY_12,Water Extraction,,27.0,148.4,4006.8,2930.8,0,,
CLM-66102,Franchise_FL_04,Water Extraction,2025-03-18,7.0,37.69,263.83,220.06,0,3.0,1.0
CLM-12695,Franchise_FL_04,Antimicrobial Treatment,2025-08-09,40.0,21.09,843.6,843.6,1,8.0,5.0
CLM-21842,Franchise_NY_12,Water Extraction,,24.0,106.41,2553.84,2553.84,1,,
CLM-86317,Franchise_TX_01,Water Extraction - MISC,,27.0,26.86,725.22,725.22,1,,
CLM-45680,Franchise_TX_01,Baseboard Replacement,,18.0,16.02,288.36,182.34,0,,
CLM-31131,Franchise_NY_12,Dehumidifier Rental,,49.0,54.55,2672.95,2672.95,1,,
CLM-93449,Franchise_NY_12,Baseboard Replacement,,45.0,88.61,3987.45,3987.45,1,,
CLM-91267,Franchise_NY_12,Antimicrobial Treatment,,25.0,77.58,1939.5,929.3,0,,
CLM-87958,Franchise_FL_04,Dehumidifier Rental,2025-07-06,21.0,36.62,769.02,769.02,1,7.0,6.0
CLM-53814,Franchise_FL_04,Dehumidifier Rental,2025-02-05,25.0,52.35,1308.75,620.0,0,2.0,2.0
CLM-38836,Franchise_FL_04,Baseboard Replacement,2025-02-05,19.0,89.56,1701.64,1701.64,1,2.0,2.0
CLM-98792,Franchise_TX_01,Drywall Repair,,18.0,54.06,973.08,973.08,1,,
CLM-78711,Franchise_NY_12,Baseboard Replacement,,26.0,96.46,2507.96,2507.96,1,,
CLM-28743,Franchise_TX_01,Drywall Repair,,39.0,78.25,3051.75,3051.75,1,,
CLM-58723,Franchise_FL_04,Antimicrobial Treatment,2025-05-26,20.0,71.77,1435.4,1288.47,0,5.0,0.0
CLM-11064,Franchise_FL_04,Baseboard Replacement,2025-02-19,13.0,82.67,1074.71,525.14,0,2.0,2.0
CLM-98924,Franchise_FL_04,Water Extraction,2025-04-19,8.0,81.79,654.32,654.32,1,4.0,5.0
CLM-43796,Franchise_NY_12,Water Extraction,,25.0,48.94,1223.5,1223.5,1,,
CLM-23837,Franchise_NY_12,Water Extraction,,45.0,100.76,4534.2,4534.2,1,,
CLM-81637,Franchise_TX_01,Dehumidifier Rental,,29.0,39.2,1136.8,1136.8,1,,
CLM-39137,Franchise_FL_04,Baseboard Replacement,2025-09-09,7.0,149.85,1048.95,1048.95,1,9.0,1.0
CLM-21159,Franchise_NY_12,Drywall Repair,,23.0,148.29,3410.67,1856.24,0,,
CLM-69171,Franchise_NY_12,Dehumidifier Rental,,11.0,93.3,1026.3,530.77,0,,
CLM-24694,Franchise_FL_04,Dehumidifier Rental,2025-11-07,42.0,126.27,5303.34,4709.09,0,11.0,4.0
CLM-54392,Franchise_TX_01,Dehumidifier Rental,,14.0,113.14,1583.96,718.96,0,,
CLM-49390,Franchise_NY_12,Antimicrobial Treatment,,6.0,85.11,510.66,510.66,1,,
CLM-37322,Franchise_NY_12,Antimicrobial Treatment,,16.0,117.31,1876.96,1876.96,1,,
CLM-84986,Franchise_FL_04,Drywall Repair,2025-10-29,20.0,120.76,2415.2,1690.19,0,10.0,2.0
CLM-30316,Franchise_NY_12,Dehumidifier Rental,,10.0,136.75,1367.5,1157.33,0,,
CLM-69802,Franchise_FL_04,Baseboard Replacement,2025-12-10,6.0,68.63,411.78,219.4,0,12.0,2.0
CLM-54758,Franchise_NY_12,Drywall Repair,,47.0,144.93,6811.71,6811.71,1,,
CLM-46225,Franchise_NY_12,Dehumidifier Rental,,35.0,101.51,3552.85,3552.85,1,,
CLM-74298,Franchise_FL_04,Water Extraction,2025-08-10,24.0,110.43,2650.32,2003.96,0,8.0,6.0
CLM-39287,Franchise_NY_12,Drywall Repair,,10.0,53.44,534.4,534.4,1,,
CLM-61835,Franchise_NY_12,Dehumidifier Rental,,42.0,24.76,1039.92,1039.92,1,,
CLM-50404,Franchise_NY_12,Baseboard Replacement,,39.0,127.56,4974.84,4974.84,1,,
CLM-75267,Franchise_FL_04,Dehumidifier Rental,2025-01-14,28.0,103.09,2886.52,2387.25,0,1.0,1.0
CLM-23469,Franchise_FL_04,Antimicrobial Treatment,2025-08-13,31.0,145.15,4499.65,4499.65,1,8.0,2.0
CLM-33064,Franchise_NY_12,Baseboard Replacement,,41.0,119.51,4899.91,2860.55,0,,
CLM-82911,Franchise_TX_01,Dehumidifier Rental,,45.0,56.63,2548.35,2548.35,1,,
CLM-91201,Franchise_TX_01,Antimicrobial Treatment - MISC,,31.0,40.93,1268.83,762.86,0,,
CLM-19957,Franchise_NY_12,Antimicrobial Treatment,,22.0,89.78,1975.16,1595.37,0,,
CLM-94622,Franchise_TX_01,Baseboard Replacement,,34.0,100.89,3430.26,3430.26,1,,
CLM-75861,Franchise_NY_12,Baseboard Replacement,,9.0,130.39,1173.51,1173.51,1,,
CLM-97367,Franchise_TX_01,Baseboard Replacement,,35.0,74.68,2613.8,1763.44,0,,
CLM-97570,Franchise_FL_04,Antimicrobial Treatment,2025-07-27,4.0,87.01,348.04,264.4,0,7.0,6.0
CLM-91624,Franchise_NY_12,Baseboard Replacement,,46.0,90.48,4162.08,4162.08,1,,
CLM-80385,Franchise_NY_12,Antimicrobial Treatment,,15.0,86.43,1296.45,1296.45,1,,
CLM-72066,Franchise_FL_04,Baseboard Replacement,2025-12-22,15.0,24.07,361.05,361.05,1,12.0,0.0
CLM-95464,Franchise_NY_12,Baseboard Replacement,,35.0,65.55,2294.25,2294.25,1,,
CLM-31022,Franchise_FL_04,Baseboard Replacement,2025-11-15,25.0,149.76,3744.0,2033.93,0,11.0,5.0
CLM-44969,Franchise_NY_12,Antimicrobial Treatment,,27.0,137.17,3703.59,3703.59,1,,
CLM-52896,Franchise_NY_12,Water Extraction,,50.0,59.4,2970.0,1583.58,0,,
CLM-75964,Franchise_TX_01,Dehumidifier Rental - MISC,,48.0,50.16,2407.68,1515.69,0,,
CLM-55731,Franchise_NY_12,Dehumidifier Rental,,41.0,60.7,2488.7,1435.66,0,,
CLM-71859,Franchise_NY_12,Baseboard Replacement,,3.0,60.59,181.77,86.78,0,,
CLM-18193,Franchise_TX_01,Baseboard Replacement,,48.0,49.7,2385.6,2385.6,1,,
CLM-87956,Franchise_TX_01,Dehumidifier Rental - MISC,,17.0,148.0,2516.0,1075.74,0,,
CLM-42445,Franchise_TX_01,Baseboard Replacement,,18.0,71.23,1282.14,655.7,0,,
CLM-58069,Franchise_NY_12,Water Extraction,,50.0,103.87,5193.5,5193.5,1,,
CLM-67812,Franchise_NY_12,Water Extraction,,29.0,101.93,2955.97,2955.97,1,,
CLM-98610,Franchise_FL_04,Antimicrobial Treatment,2025-07-03,34.0,116.87,3973.58,3553.74,0,7.0,3.0
CLM-66068,Franchise_NY_12,Baseboard Replacement,,27.0,149.82,4045.14,2678.17,0,,
CLM-41525,Franchise_TX_01,Baseboard Replacement,,10.0,111.35,1113.5,551.8,0,,
CLM-61646,Franchise_TX_01,Dehumidifier Rental - MISC,,16.0,111.65,1786.4,1786.4,1,,
CLM-37989,Franchise_TX_01,Baseboard Replacement - MISC,,10.0,36.77,367.7,367.7,1,,
CLM-11775,Franchise_TX_01,Dehumidifier Rental,,28.0,55.67,1558.76,1558.76,1,,
CLM-92787,Franchise_NY_12,Baseboard Replacement,,3.0,47.74,143.22,143.22,1,,
CLM-72526,Franchise_NY_12,Water Extraction,,40.0,76.02,3040.8,2520.32,0,,
CLM-23672,Franchise_NY_12,Baseboard Replacement,,43.0,24.95,1072.85,738.39,0,,
CLM-48846,Franchise_TX_01,Dehumidifier Rental,,21.0,107.57,2258.97,2258.97,1,,
CLM-43330,Franchise_FL_04,Baseboard Replacement,2025-01-11,16.0,63.01,1008.16,794.92,0,1.0,5.0
CLM-21359,Franchise_NY_12,Baseboard Replacement,,32.0,59.26,1896.32,1206.49,0,,
CLM-67444,Franchise_NY_12,Baseboard Replacement,,47.0,51.77,2433.19,2433.19,1,,
CLM-28684,Franchise_TX_01,Antimicrobial Treatment,,49.0,63.44,3108.56,3108.56,1,,
CLM-11959,Franchise_FL_04,Dehumidifier Rental,2025-10-05,38.0,140.47,5337.86,4051.72,0,10.0,6.0
CLM-67210,Franchise_TX_01,Baseboard Replacement,,39.0,144.61,5639.79,4989.98,0,,
CLM-25303,Franchise_TX_01,Antimicrobial Treatment,,21.0,19.8,415.8,415.8,1,,
CLM-61883,Franchise_TX_01,Drywall Repair - MISC,,17.0,77.77,1322.09,1113.14,0,,
CLM-65754,Franchise_NY_12,Baseboard Replacement,,5.0,149.03,745.15,745.15,1,,
CLM-45754,Franchise_NY_12,Water Extraction,,6.0,86.47,518.82,246.05,0,,
CLM-87366,Franchise_TX_01,Dehumidifier Rental,,50.0,27.76,1388.0,1388.0,1,,
CLM-10150,Franchise_TX_01,Water Extraction,,37.0,113.19,4188.03,4188.03,1,,
CLM-19636,Franchise_NY_12,Dehumidifier Rental,,42.0,51.47,2161.74,999.7,0,,
CLM-29145,Franchise_NY_12,Antimicrobial Treatment,,34.0,90.87,3089.58,3089.58,1,,
CLM-50454,Franchise_FL_04,Antimicrobial Treatment,2025-05-13,29.0,72.08,2090.32,2090.32,1,5.0,1.0
CLM-62921,Franchise_FL_04,Baseboard Replacement,2025-11-28,23.0,135.5,3116.5,3116.5,1,11.0,4.0
CLM-63317,Franchise_TX_01,Antimicrobial Treatment,,2.0,47.78,95.56,95.56,1,,
CLM-17172,Franchise_NY_12,Water Extraction,,7.0,32.59,228.13,228.13,1,,
CLM-46350,Franchise_FL_04,Baseboard Replacement,2025-06-22,27.0,126.21,3407.67,3407.67,1,6.0,6.0
CLM-39130,Franchise_TX_01,Baseboard Replacement,,1.0,66.42,66.42,66.42,1,,
CLM-49958,Franchise_FL_04,Dehumidifier Rental,2025-12-30,25.0,138.84,3471.0,1458.63,0,12.0,1.0
CLM-12632,Franchise_TX_01,Antimicrobial Treatment,,17.0,89.53,1522.01,944.05,0,,
CLM-89469,Franchise_NY_12,Dehumidifier Rental,,12.0,145.81,1749.72,1749.72,1,,
CLM-69855,Franchise_TX_01,Dehumidifier Rental,,27.0,87.84,2371.68,2371.68,1,,
CLM-24392,Franchise_TX_01,Baseboard Replacement - MISC,,22.0,46.27,1017.94,1017.94,1,,
CLM-89008,Franchise_TX_01,Dehumidifier Rental,,13.0,123.66,1607.58,1095.04,0,,
CLM-32245,Franchise_FL_04,Dehumidifier Rental,2025-07-17,2.0,120.93,241.86,241.86,1,7.0,3.0
CLM-96141,Franchise_NY_12,Dehumidifier Rental,,42.0,16.85,707.7,707.7,1,,
CLM-85618,Franchise_TX_01,Dehumidifier Rental,,6.0,57.13,342.78,342.78,1,,
CLM-16297,Franchise_FL_04,Antimicrobial Treatment,2025-05-04,49.0,141.5,6933.5,5207.51,0,5.0,6.0
CLM-19166,Franchise_FL_04,Drywall Repair,2025-11-24,40.0,114.09,4563.6,4563.6,1,11.0,0.0
CLM-64625,Franchise_FL_04,Drywall Repair,2025-08-06,24.0,46.69,1120.56,1120.56,1,8.0,2.0
CLM-49509,Franchise_TX_01,Water Extraction,,16.0,111.93,1790.88,955.35,0,,
CLM-81130,Franchise_FL_04,Dehumidifier Rental,2025-12-10,35.0,33.59,1175.65,994.1,0,12.0,2.0
CLM-91058,Franchise_TX_01,Baseboard Replacement,,10.0,22.5,225.0,225.0,1,,
CLM-28223,Franchise_TX_01,Drywall Repair,,5.0,53.22,266.1,158.93,0,,
CLM-70899,Franchise_NY_12,Antimicrobial Treatment,,28.0,31.12,871.36,871.36,1,,
CLM-34124,Franchise_FL_04,Antimicrobial Treatment,2025-07-03,14.0,114.87,1608.18,729.1,0,7.0,3.0
CLM-22183,Franchise_FL_04,Drywall Repair,2025-05-21,2.0,119.99,239.98,239.98,1,5.0,2.0
CLM-83960,Franchise_NY_12,Baseboard Replacement,,33.0,79.53,2624.49,2292.33,0,,
CLM-65385,Franchise_NY_12,Baseboard Replacement,,38.0,46.79,1778.02,1778.02,1,,
CLM-71992,Franchise_FL_04,Drywall Repair,2025-11-28,17.0,84.65,1439.05,1439.05,1,11.0,4.0
CLM-42237,Franchise_TX_01,Drywall Repair,,21.0,144.09,3025.89,2239.92,0,,
CLM-33136,Franchise_TX_01,Water Extraction,,13.0,57.18,743.34,743.34,1,,
CLM-24140,Franchise_TX_01,Baseboard Replacement,,42.0,17.83,748.86,748.86,1,,
CLM-18590,Franchise_TX_01,Drywall Repair - MISC,,24.0,80.64,1935.36,1935.36,1,,
CLM-42610,Franchise_TX_01,Drywall Repair,,6.0,122.74,736.44,617.54,0,,
CLM-87801,Franchise_FL_04,Dehumidifier Rental,2025-08-01,16.0,46.0,736.0,335.57,0,8.0,4.0
CLM-96016,Franchise_FL_04,Dehumidifier Rental,2025-05-23,36.0,86.25,3105.0,3105.0,1,5.0,4.0
CLM-47270,Franchise_TX_01,Drywall Repair,,25.0,94.3,2357.5,2357.5,1,,
CLM-87415,Franchise_NY_12,Water Extraction,,35.0,142.51,4987.85,4987.85,1,,
CLM-47422,Franchise_NY_12,Water Extraction,,13.0,16.46,213.98,127.41,0,,
CLM-42347,Franchise_FL_04,Dehumidifier Rental,2025-04-14,19.0,78.24,1486.56,1064.95,0,4.0,0.0
CLM-41643,Franchise_NY_12,Drywall Repair,,11.0,21.9,240.9,120.76,0,,
CLM-57725,Franchise_NY_12,Drywall Repair,,11.0,142.62,1568.82,806.21,0,,
CLM-34814,Franchise_TX_01,Baseboard Replacement,,2.0,78.27,156.54,156.54,1,,
CLM-61272,Franchise_TX_01,Antimicrobial Treatment - MISC,,42.0,94.18,3955.56,3955.56,1,,
CLM-82024,Franchise_NY_12,Baseboard Replacement,,21.0,37.82,794.22,571.61,0,,
CLM-13915,Franchise_FL_04,Antimicrobial Treatment,2025-03-04,45.0,91.96,4138.2,4138.2,1,3.0,1.0
CLM-29632,Franchise_TX_01,Water Extraction,,2.0,145.05,290.1,256.79,0,,
CLM-82107,Franchise_TX_01,Dehumidifier Rental,,50.0,17.97,898.5,898.5,1,,
CLM-57147,Franchise_NY_12,Baseboard Replacement,,28.0,140.98,3947.44,1590.74,0,,
CLM-59488,Franchise_NY_12,Baseboard Replacement,,16.0,25.35,405.6,405.6,1,,
CLM-81882,Franchise_FL_04,Antimicrobial Treatment,2025-09-18,39.0,99.3,3872.7,1602.96,0,9.0,3.0
CLM-77910,Franchise_NY_12,Dehumidifier Rental,,8.0,36.7,293.6,293.6,1,,
CLM-25097,Franchise_NY_12,Water Extraction,,30.0,143.6,4308.0,2765.58,0,,
CLM-31370,Franchise_NY_12,Dehumidifier Rental,,37.0,29.11,1077.07,627.71,0,,
CLM-58654,Franchise_NY_12,Drywall Repair,,32.0,100.37,3211.84,3211.84,1,,
CLM-91724,Franchise_NY_12,Drywall Repair,,11.0,145.8,1603.8,1603.8,1,,
CLM-82647,Franchise_TX_01,Antimicrobial Treatment,,50.0,25.54,1277.0,1277.0,1,,
CLM-39062,Franchise_TX_01,Antimicrobial Treatment,,42.0,80.91,3398.22,3398.22,1,,
CLM-15008,Franchise_NY_12,Dehumidifier Rental,,42.0,84.16,3534.72,3534.72,1,,
CLM-25877,Franchise_TX_01,Antimicrobial Treatment - MISC,,22.0,45.1,992.2,992.2,1,,
CLM-82167,Franchise_TX_01,Baseboard Replacement,,21.0,54.46,1143.66,1143.66,1,,
CLM-61003,Franchise_NY_12,Water Extraction,,6.0,107.06,642.36,396.63,0,,
CLM-26333,Franchise_NY_12,Antimicrobial Treatment,,30.0,145.06,4351.8,4351.8,1,,
CLM-42914,Franchise_FL_04,Dehumidifier Rental,2025-07-09,38.0,97.9,3720.2,2735.09,0,7.0,2.0
CLM-38406,Franchise_FL_04,Baseboard Replacement,2025-11-11,11.0,149.28,1642.08,1094.52,0,11.0,1.0
CLM-45008,Franchise_TX_01,Baseboard Replacement,,15.0,48.85,732.75,732.75,1,,
CLM-31587,Franchise_NY_12,Baseboard Replacement,,1.0,108.03,108.03,108.03,1,,
CLM-46111,Franchise_NY_12,Dehumidifier Rental,,15.0,109.49,1642.35,1239.21,0,,
CLM-74765,Franchise_FL_04,Drywall Repair,2025-03-05,25.0,44.65,1116.25,1116.25,1,3.0,2.0
CLM-71354,Franchise_TX_01,Water Extraction,,36.0,48.75,1755.0,1755.0,1,,
CLM-66826,Franchise_NY_12,Water Extraction,,22.0,71.74,1578.28,1578.28,1,,
CLM-61724,Franchise_NY_12,Baseboard Replacement,,21.0,113.64,2386.44,2386.44,1,,
CLM-19755,Franchise_TX_01,Water Extraction,,17.0,103.76,1763.92,1395.66,0,,
CLM-27573,Franchise_TX_01,Water Extraction,,27.0,136.51,3685.77,3685.77,1,,
CLM-77748,Franchise_FL_04,Antimicrobial Treatment,2025-06-02,2.0,51.83,103.66,88.46,0,6.0,0.0
CLM-45001,Franchise_TX_01,Baseboard Replacement,,37.0,99.91,3696.67,3696.67,1,,
CLM-26516,Franchise_TX_01,Water Extraction,,32.0,127.05,4065.6,4065.6,1,,
CLM-71393,Franchise_FL_04,Water Extraction,2025-02-19,28.0,35.91,1005.48,616.68,0,2.0,2.0
CLM-82879,Franchise_FL_04,Drywall Repair,2025-05-10,4.0,54.63,218.52,218.52,1,5.0,5.0
CLM-98759,Franchise_TX_01,Antimicrobial Treatment,,26.0,56.74,1475.24,1475.24,1,,
CLM-30656,Franchise_NY_12,Drywall Repair,,39.0,40.38,1574.82,1574.82,1,,
CLM-43866,Franchise_FL_04,Baseboard Replacement,2025-06-11,37.0,115.39,4269.43,4269.43,1,6.0,2.0
CLM-47523,Franchise_FL_04,Dehumidifier Rental,2025-02-05,21.0,31.84,668.64,668.64,1,2.0,2.0
CLM-46081,Franchise_TX_01,Water Extraction - MISC,,18.0,136.21,2451.78,1738.04,0,,
CLM-43687,Franchise_NY_12,Drywall Repair,,22.0,130.51,2871.22,2871.22,1,,
CLM-99464,Franchise_FL_04,Antimicrobial Treatment,2025-01-06,6.0,137.95,827.7,827.7,1,1.0,0.0
CLM-92637,Franchise_TX_01,Drywall Repair,,20.0,22.32,446.4,446.4,1,,
CLM-69859,Franchise_FL_04,Drywall Repair,2025-10-22,39.0,145.42,5671.38,5671.38,1,10.0,2.0
CLM-64464,Franchise_TX_01,Dehumidifier Rental,,27.0,17.06,460.62,192.23,0,,
CLM-44408,Franchise_NY_12,Water Extraction,,48.0,24.11,1157.28,1157.28,1,,
CLM-49764,Franchise_TX_01,Drywall Repair - MISC,,15.0,70.7,1060.5,1060.5,1,,
CLM-90005,Franchise_TX_01,Baseboard Replacement,,42.0,115.3,4842.6,4842.6,1,,
CLM-95791,Franchise_TX_01,Antimicrobial Treatment,,3.0,48.52,145.56,112.34,0,,
CLM-74431,Franchise_FL_04,Drywall Repair,2025-04-16,13.0,89.58,1164.54,1164.54,1,4.0,2.0
CLM-80215,Franchise_NY_12,Drywall Repair,,39.0,121.09,4722.51,1991.03,0,,
CLM-69967,Franchise_TX_01,Dehumidifier Rental - MISC,,21.0,38.6,810.6,810.6,1,,
CLM-12079,Franchise_NY_12,Drywall Repair,,14.0,46.26,647.64,356.09,0,,
CLM-49018,Franchise_TX_01,Baseboard Replacement,,23.0,107.82,2479.86,2479.86,1,,
CLM-69592,Franchise_FL_04,Baseboard Replacement,2025-06-15,10.0,16.08,160.8,160.8,1,6.0,6.0
CLM-68486,Franchise_FL_04,Drywall Repair,2025-06-02,8.0,62.14,497.12,497.12,1,6.0,0.0
CLM-99832,Franchise_TX_01,Dehumidifier Rental - MISC,,39.0,122.69,4784.91,4784.91,1,,
CLM-19761,Franchise_FL_04,Drywall Repair,2025-12-25,29.0,91.06,2640.74,1618.99,0,12.0,3.0
CLM-70409,Franchise_NY_12,Dehumidifier Rental,,16.0,126.65,2026.4,2026.4,1,,
CLM-32716,Franchise_TX_01,Baseboard Replacement,,3.0,144.49,433.47,247.8,0,,
CLM-62342,Franchise_TX_01,Antimicrobial Treatment,,23.0,139.42,3206.66,2336.07,0,,
CLM-97035,Franchise_FL_04,Drywall Repair,2025-05-29,48.0,101.46,4870.08,4870.08,1,5.0,3.0
CLM-93664,Franchise_FL_04,Antimicrobial Treatment,2025-06-04,22.0,52.68,1158.96,791.57,0,6.0,2.0
CLM-58822,Franchise_NY_12,Baseboard Replacement,,21.0,32.75,687.75,687.75,1,,
CLM-18383,Franchise_NY_12,Dehumidifier Rental,,31.0,34.02,1054.62,1054.62,1,,
CLM-59502,Franchise_TX_01,Water Extraction,,3.0,56.34,169.02,169.02,1,,
CLM-72033,Franchise_NY_12,Drywall Repair,,29.0,103.61,3004.69,2590.25,0,,
CLM-86411,Franchise_FL_04,Baseboard Replacement,2025-03-02,43.0,27.19,1169.17,495.59,0,3.0,6.0
CLM-99500,Franchise_TX_01,Antimicrobial Treatment - MISC,,12.0,17.52,210.24,153.99,0,,
CLM-65819,Franchise_NY_12,Antimicrobial Treatment,,39.0,60.41,2355.99,1865.1,0,,
CLM-55052,Franchise_NY_12,Baseboard Replacement,,36.0,112.18,4038.48,1700.78,0,,
CLM-14491,Franchise_NY_12,Water Extraction,,49.0,88.42,4332.58,4332.58,1,,
CLM-29092,Franchise_FL_04,Antimicrobial Treatment,2025-06-20,17.0,134.8,2291.6,2291.6,1,6.0,4.0
CLM-16467,Franchise_TX_01,Baseboard Replacement,,18.0,115.56,2080.08,2080.08,1,,
CLM-71028,Franchise_TX_01,Baseboard Replacement,,37.0,22.85,845.45,845.45,1,,
CLM-99603,Franchise_NY_12,Antimicrobial Treatment,,5.0,67.4,337.0,177.98,0,,
CLM-73603,Franchise_NY_12,Water Extraction,,24.0,128.7,3088.8,3088.8,1,,
CLM-92958,Franchise_TX_01,Water Extraction,,32.0,105.61,3379.52,3379.52,1,,
CLM-99156,Franchise_NY_12,Water Extraction,,34.0,135.25,4598.5,4598.5,1,,
CLM-90569,Franchise_FL_04,Water Extraction,2025-05-27,17.0,60.65,1031.05,540.2,0,5.0,1.0
CLM-13125,Franchise_NY_12,Dehumidifier Rental,,42.0,99.79,4191.18,4191.18,1,,
CLM-28777,Franchise_TX_01,Dehumidifier Rental,,1.0,115.18,115.18,69.24,0,,
CLM-22038,Franchise_TX_01,Baseboard Replacement,,31.0,38.21,1184.51,1184.51,1,,
CLM-14783,Franchise_NY_12,Baseboard Replacement,,45.0,20.23,910.35,611.43,0,,
CLM-76369,Franchise_NY_12,Baseboard Replacement,,29.0,69.27,2008.83,1630.36,0,,
CLM-45422,Franchise_TX_01,Baseboard Replacement,,18.0,43.34,780.12,780.12,1,,
CLM-32027,Franchise_NY_12,Drywall Repair,,50.0,121.5,6075.0,6075.0,1,,
CLM-90036,Franchise_TX_01,Drywall Repair,,31.0,82.22,2548.82,2548.82,1,,
CLM-33068,Franchise_FL_04,Antimicrobial Treatment,2025-07-04,26.0,125.39,3260.14,3260.14,1,7.0,4.0
CLM-62172,Franchise_TX_01,Antimicrobial Treatment - MISC,,4.0,23.67,94.68,94.68,1,,
CLM-30885,Franchise_TX_01,Baseboard Replacement,,7.0,136.35,954.45,705.68,0,,
CLM-90377,Franchise_FL_04,Dehumidifier Rental,2025-09-16,18.0,58.53,1053.54,1053.54,1,9.0,1.0
CLM-18753,Franchise_FL_04,Drywall Repair,2025-12-08,35.0,95.6,3346.0,3346.0,1,12.0,0.0
CLM-62602,Franchise_NY_12,Drywall Repair,,44.0,71.35,3139.4,3139.4,1,,
CLM-26349,Franchise_TX_01,Dehumidifier Rental - MISC,,2.0,115.64,231.28,231.28,1,,
CLM-42878,Franchise_TX_01,Dehumidifier Rental,,26.0,120.01,3120.26,3120.26,1,,
CLM-39369,Franchise_NY_12,Dehumidifier Rental,,8.0,96.24,769.92,769.92,1,,
CLM-73120,Franchise_NY_12,Antimicrobial Treatment,,26.0,116.69,3033.94,3033.94,1,,
CLM-39971,Franchise_NY_12,Dehumidifier Rental,,19.0,49.28,936.32,635.65,0,,
CLM-71732,Franchise_FL_04,Dehumidifier Rental,2025-01-13,37.0,58.11,2150.07,2150.07,1,1.0,0.0
CLM-78240,Franchise_TX_01,Drywall Repair,,43.0,132.05,5678.15,3876.64,0,,
CLM-50959,Franchise_TX_01,Antimicrobial Treatment,,1.0,54.74,54.74,37.24,0,,
CLM-51575,Franchise_NY_12,Antimicrobial Treatment,,40.0,85.13,3405.2,3405.2,1,,
CLM-38228,Franchise_FL_04,Water Extraction,2025-04-06,31.0,119.57,3706.67,1503.03,0,4.0,6.0
CLM-66967,Franchise_TX_01,Water Extraction,,29.0,124.37,3606.73,3606.73,1,,
CLM-56239,Franchise_TX_01,Baseboard Replacement,,19.0,37.36,709.84,310.3,0,,
CLM-44803,Franchise_NY_12,Dehumidifier Rental,,8.0,68.23,545.84,370.66,0,,
CLM-83891,Franchise_TX_01,Antimicrobial Treatment,,26.0,24.79,644.54,517.23,0,,
CLM-89847,Franchise_NY_12,Dehumidifier Rental,,12.0,136.96,1643.52,1643.52,1,,
CLM-22208,Franchise_FL_04,Dehumidifier Rental,2025-05-03,18.0,81.96,1475.28,1475.28,1,5.0,5.0
CLM-53261,Franchise_NY_12,Water Extraction,,12.0,108.14,1297.68,1297.68,1,,
CLM-13048,Franchise_FL_04,Drywall Repair,2025-06-02,4.0,140.68,562.72,382.31,0,6.0,0.0
CLM-21996,Franchise_TX_01,Dehumidifier Rental,,48.0,122.4,5875.2,5875.2,1,,
CLM-38401,Franchise_NY_12,Drywall Repair,,31.0,50.35,1560.85,1306.13,0,,
CLM-30862,Franchise_FL_04,Dehumidifier Rental,2025-12-21,10.0,95.95,959.5,602.5,0,12.0,6.0
CLM-26442,Franchise_FL_04,Dehumidifier Rental,2025-10-27,38.0,26.61,1011.18,1011.18,1,10.0,0.0
CLM-32742,Franchise_FL_04,Dehumidifier Rental,2025-02-12,30.0,91.17,2735.1,2735.1,1,2.0,2.0
CLM-27973,Franchise_TX_01,Drywall Repair,,9.0,132.55,1192.95,1192.95,1,,
CLM-17425,Franchise_NY_12,Baseboard Replacement,,33.0,75.19,2481.27,2481.27,1,,
CLM-18201,Franchise_TX_01,Drywall Repair,,49.0,100.46,4922.54,4922.54,1,,
CLM-19389,Franchise_NY_12,Baseboard Replacement,,44.0,85.73,3772.12,3296.6,0,,
CLM-92632,Franchise_TX_01,Antimicrobial Treatment - MISC,,16.0,60.46,967.36,967.36,1,,
CLM-62317,Franchise_NY_12,Antimicrobial Treatment,,27.0,99.33,2681.91,2012.57,0,,
CLM-94760,Franchise_TX_01,Drywall Repair - MISC,,23.0,55.51,1276.73,856.62,0,,
CLM-44372,Franchise_NY_12,Antimicrobial Treatment,,50.0,52.73,2636.5,2636.5,1,,
CLM-24382,Franchise_FL_04,Antimicrobial Treatment,2025-06-29,35.0,56.71,1984.85,1088.14,0,6.0,6.0
CLM-88255,Franchise_TX_01,Water Extraction,,15.0,132.28,1984.2,1303.62,0,,
CLM-43969,Franchise_TX_01,Antimicrobial Treatment,,12.0,75.32,903.84,903.84,1,,
CLM-64595,Franchise_FL_04,Dehumidifier Rental,2025-08-09,11.0,55.68,612.48,346.78,0,8.0,5.0
CLM-64271,Franchise_FL_04,Dehumidifier Rental,2025-08-27,13.0,142.31,1850.03,1121.94,0,8.0,2.0
CLM-97057,Franchise_NY_12,Water Extraction,,48.0,60.55,2906.4,1165.53,0,,
CLM-99630,Franchise_FL_04,Dehumidifier Rental,2025-10-16,1.0,89.21,89.21,89.21,1,10.0,3.0
CLM-76739,Franchise_NY_12,Antimicrobial Treatment,,17.0,97.88,1663.96,1663.96,1,,
CLM-88094,Franchise_TX_01,Antimicrobial Treatment,,23.0,84.11,1934.53,1934.53,1,,
CLM-44551,Franchise_FL_04,Drywall Repair,2025-11-11,46.0,129.36,5950.56,4226.08,0,11.0,1.0
CLM-57938,Franchise_NY_12,Water Extraction,,19.0,66.27,1259.13,1030.3,0,,
CLM-45147,Franchise_FL_04,Antimicrobial Treatment,2025-01-31,1.0,124.27,124.27,124.27,1,1.0,4.0
CLM-61509,Franchise_TX_01,Dehumidifier Rental,,14.0,136.39,1909.46,1293.06,0,,
CLM-25676,Franchise_TX_01,Drywall Repair,,40.0,41.96,1678.4,1044.64,0,,
CLM-36915,Franchise_NY_12,Baseboard Replacement,,17.0,41.92,712.64,314.84,0,,
CLM-86512,Franchise_TX_01,Antimicrobial Treatment,,39.0,144.42,5632.38,4342.99,0,,
CLM-96824,Franchise_NY_12,Antimicrobial Treatment,,42.0,140.02,5880.84,5880.84,1,,
CLM-12905,Franchise_TX_01,Dehumidifier Rental,,30.0,41.38,1241.4,1241.4,1,,
CLM-83555,Franchise_TX_01,Baseboard Replacement,,2.0,148.2,296.4,296.4,1,,
CLM-98323,Franchise_FL_04,Drywall Repair,2025-06-26,34.0,74.97,2548.98,1593.91,0,6.0,3.0
CLM-12817,Franchise_TX_01,Baseboard Replacement - MISC,,42.0,105.48,4430.16,4430.16,1,,
CLM-85990,Franchise_FL_04,Water Extraction,2025-07-11,9.0,58.69,528.21,216.78,0,7.0,4.0
CLM-34495,Franchise_TX_01,Baseboard Replacement,,29.0,39.03,1131.87,885.76,0,,
CLM-83173,Franchise_NY_12,Antimicrobial Treatment,,35.0,121.54,4253.9,3377.05,0,,
CLM-33079,Franchise_NY_12,Drywall Repair,,3.0,128.91,386.73,386.73,1,,
CLM-47569,Franchise_NY_12,Dehumidifier Rental,,4.0,16.76,67.04,67.04,1,,
CLM-57974,Franchise_FL_04,Dehumidifier Rental,2025-01-21,14.0,96.37,1349.18,1349.18,1,1.0,1.0
CLM-19897,Franchise_TX_01,Baseboard Replacement,,36.0,62.96,2266.56,1487.51,0,,
CLM-24173,Franchise_TX_01,Water Extraction,,1.0,45.89,45.89,45.89,1,,
CLM-42351,Franchise_FL_04,Baseboard Replacement,2025-11-19,1.0,79.31,79.31,79.31,1,11.0,2.0
CLM-15806,Franchise_TX_01,Drywall Repair - MISC,,8.0,114.62,916.96,916.96,1,,
CLM-21958,Franchise_TX_01,Dehumidifier Rental,,39.0,87.22,3401.58,3401.58,1,,
CLM-54979,Franchise_FL_04,Water Extraction,2025-10-26,2.0,18.67,37.34,19.9,0,10.0,6.0
CLM-81670,Franchise_NY_12,Water Extraction,,48.0,33.78,1621.44,945.73,0,,
CLM-73171,Franchise_FL_04,Drywall Repair,2025-07-25,18.0,125.88,2265.84,2265.84,1,7.0,4.0
CLM-46146,Franchise_TX_01,Water Extraction - MISC,,40.0,50.21,2008.4,2008.4,1,,
CLM-46870,Franchise_FL_04,Antimicrobial Treatment,2025-06-02,41.0,39.42,1616.22,1616.22,1,6.0,0.0
CLM-83362,Franchise_FL_04,Dehumidifier Rental,2025-08-16,38.0,47.59,1808.42,1808.42,1,8.0,5.0
CLM-85074,Franchise_TX_01,Dehumidifier Rental,,10.0,117.14,1171.4,610.23,0,,
CLM-66054,Franchise_FL_04,Drywall Repair,2025-09-29,38.0,100.66,3825.08,2776.1,0,9.0,0.0
CLM-43153,Franchise_TX_01,Drywall Repair,,4.0,146.12,584.48,584.48,1,,
CLM-15504,Franchise_TX_01,Antimicrobial Treatment,,45.0,31.26,1406.7,1406.7,1,,
CLM-10941,Franchise_FL_04,Water Extraction,2025-11-04,32.0,118.09,3778.88,3778.88,1,11.0,1.0
CLM-42381,Franchise_TX_01,Baseboard Replacement - MISC,,31.0,116.97,3626.07,1501.78,0,,
CLM-10630,Franchise_TX_01,Baseboard Replacement,,29.0,43.67,1266.43,765.48,0,,
CLM-85039,Franchise_TX_01,Dehumidifier Rental,,46.0,22.2,1021.2,1021.2,1,,
CLM-87961,Franchise_NY_12,Dehumidifier Rental,,12.0,69.71,836.52,836.52,1,,
CLM-75628,Franchise_TX_01,Dehumidifier Rental,,35.0,101.65,3557.75,3557.75,1,,
CLM-43614,Franchise_NY_12,Drywall Repair,,33.0,95.48,3150.84,2382.68,0,,
CLM-67401,Franchise_TX_01,Drywall Repair - MISC,,24.0,21.33,511.92,511.92,1,,
CLM-31950,Franchise_TX_01,Baseboard Replacement,,11.0,73.51,808.61,808.61,1,,
CLM-44010,Franchise_NY_12,Antimicrobial Treatment,,48.0,109.92,5276.16,5276.16,1,,
CLM-36139,Franchise_TX_01,Baseboard Replacement,,16.0,111.27,1780.32,1780.32,1,,
CLM-94610,Franchise_TX_01,Antimicrobial Treatment,,4.0,54.99,219.96,106.47,0,,
CLM-52098,Franchise_NY_12,Baseboard Replacement,,39.0,94.95,3703.05,3703.05,1,,
CLM-67814,Franchise_FL_04,Baseboard Replacement,2025-10-06,35.0,105.09,3678.15,3678.15,1,10.0,0.0
CLM-75356,Franchise_NY_12,Antimicrobial Treatment,,42.0,18.81,790.02,790.02,1,,
CLM-45068,Franchise_FL_04,Dehumidifier Rental,2025-08-15,12.0,145.14,1741.68,1741.68,1,8.0,4.0
CLM-41600,Franchise_NY_12,Water Extraction,,18.0,105.61,1900.98,990.22,0,,
CLM-69631,Franchise_NY_12,Antimicrobial Treatment,,3.0,28.93,86.79,86.79,1,,
CLM-19996,Franchise_FL_04,Baseboard Replacement,2025-03-25,25.0,115.27,2881.75,2881.75,1,3.0,1.0
CLM-75622,Franchise_FL_04,Water Extraction,2025-09-28,36.0,30.35,1092.6,796.02,0,9.0,6.0
CLM-70488,Franchise_TX_01,Baseboard Replacement,,36.0,22.49,809.64,809.64,1,,
CLM-87500,Franchise_NY_12,Drywall Repair,,48.0,146.77,7044.96,5415.01,0,,
CLM-61379,Franchise_NY_12,Drywall Repair,,39.0,138.66,5407.74,5407.74,1,,
CLM-27584,Franchise_NY_12,Antimicrobial Treatment,,36.0,43.9,1580.4,1018.41,0,,
CLM-61166,Franchise_FL_04,Dehumidifier Rental,2025-09-24,11.0,78.08,858.88,378.81,0,9.0,2.0
CLM-77515,Franchise_NY_12,Antimicrobial Treatment,,25.0,112.29,2807.25,2807.25,1,,
CLM-41450,Franchise_NY_12,Dehumidifier Rental,,15.0,53.17,797.55,494.66,0,,
CLM-99534,Franchise_FL_04,Water Extraction,2025-12-16,45.0,114.68,5160.6,5160.6,1,12.0,1.0
CLM-72013,Franchise_FL_04,Dehumidifier Rental,2025-04-17,18.0,114.59,2062.62,2062.62,1,4.0,3.0
CLM-39386,Franchise_NY_12,Baseboard Replacement,,36.0,62.57,2252.52,2252.52,1,,
CLM-89207,Franchise_NY_12,Water Extraction,,29.0,29.24,847.96,847.96,1,,
CLM-70404,Franchise_TX_01,Dehumidifier Rental,,49.0,56.29,2758.21,2758.21,1,,
CLM-43139,Franchise_TX_01,Dehumidifier Rental - MISC,,41.0,89.28,3660.48,3660.48,1,,
CLM-60480,Franchise_FL_04,Water Extraction,2025-07-02,7.0,18.75,131.25,131.25,1,7.0,2.0
CLM-94353,Franchise_FL_04,Antimicrobial Treatment,2025-09-28,37.0,38.84,1437.08,809.27,0,9.0,6.0
CLM-48561,Franchise_NY_12,Baseboard Replacement,,39.0,77.8,3034.2,3034.2,1,,
CLM-57085,Franchise_NY_12,Dehumidifier Rental,,7.0,56.46,395.22,207.07,0,,
CLM-93256,Franchise_NY_12,Antimicrobial Treatment,,24.0,36.7,880.8,880.8,1,,
CLM-95838,Franchise_TX_01,Dehumidifier Rental,,15.0,108.14,1622.1,1622.1,1,,
CLM-28494,Franchise_FL_04,Water Extraction,2025-02-28,36.0,51.64,1859.04,1859.04,1,2.0,4.0
CLM-68053,Franchise_NY_12,Drywall Repair,,30.0,70.8,2124.0,1363.89,0,,
CLM-13613,Franchise_NY_12,Water Extraction,,35.0,131.66,4608.1,3585.56,0,,
CLM-89963,Franchise_NY_12,Drywall Repair,,29.0,147.79,4285.91,4285.91,1,,
CLM-27201,Franchise_NY_12,Dehumidifier Rental,,3.0,65.66,196.98,196.98,1,,
CLM-18328,Franchise_TX_01,Drywall Repair,,3.0,103.18,309.54,177.5,0,,
CLM-50064,Franchise_FL_04,Antimicrobial Treatment,2025-07-28,30.0,94.0,2820.0,2820.0,1,7.0,0.0
CLM-99890,Franchise_NY_12,Water Extraction,,17.0,42.89,729.13,624.51,0,,
CLM-15911,Franchise_TX_01,Water Extraction,,39.0,59.21,2309.19,2309.19,1,,
CLM-56407,Franchise_NY_12,Baseboard Replacement,,19.0,93.92,1784.48,1018.32,0,,
CLM-72329,Franchise_TX_01,Antimicrobial Treatment,,30.0,110.02,3300.6,1829.83,0,,
CLM-61612,Franchise_TX_01,Antimicrobial Treatment,,33.0,51.25,1691.25,1691.25,1,,
CLM-45408,Franchise_NY_12,Drywall Repair,,34.0,28.92,983.28,983.28,1,,
CLM-12370,Franchise_TX_01,Dehumidifier Rental - MISC,,46.0,106.51,4899.46,3317.62,0,,
CLM-18268,Franchise_TX_01,Dehumidifier Rental - MISC,,17.0,138.53,2355.01,1028.58,0,,
CLM-80141,Franchise_NY_12,Baseboard Replacement,,9.0,38.13,343.17,343.17,1,,
CLM-63506,Franchise_TX_01,Baseboard Replacement,,22.0,73.18,1609.96,1609.96,1,,
CLM-60372,Franchise_NY_12,Baseboard Replacement,,31.0,71.81,2226.11,2226.11,1,,
CLM-82157,Franchise_TX_01,Dehumidifier Rental - MISC,,42.0,100.71,4229.82,4229.82,1,,
CLM-47479,Franchise_FL_04,Dehumidifier Rental,2025-01-22,9.0,17.4,156.6,156.6,1,1.0,2.0
CLM-60355,Franchise_FL_04,Drywall Repair,2025-08-18,45.0,77.47,3486.15,1507.55,0,8.0,0.0
CLM-84810,Franchise_TX_01,Dehumidifier Rental,,31.0,147.4,4569.4,3844.97,0,,
CLM-78429,Franchise_NY_12,Water Extraction,,11.0,58.22,640.42,640.42,1,,
CLM-14813,Franchise_TX_01,Drywall Repair,,43.0,142.2,6114.6,4897.53,0,,
CLM-62863,Franchise_TX_01,Antimicrobial Treatment,,27.0,72.93,1969.11,1641.38,0,,
CLM-31608,Franchise_TX_01,Baseboard Replacement,,12.0,28.16,337.92,337.92,1,,
CLM-96620,Franchise_TX_01,Baseboard Replacement,,20.0,101.04,2020.8,2020.8,1,,
CLM-14238,Franchise_TX_01,Water Extraction - MISC,,36.0,130.99,4715.64,4715.64,1,,
CLM-90425,Franchise_TX_01,Drywall Repair,,43.0,83.63,3596.09,2738.15,0,,
CLM-87088,Franchise_NY_12,Drywall Repair,,27.0,121.05,3268.35,3268.35,1,,
CLM-36507,Franchise_NY_12,Antimicrobial Treatment,,48.0,138.97,6670.56,4852.22,0,,
CLM-54766,Franchise_NY_12,Drywall Repair,,15.0,17.28,259.2,259.2,1,,
CLM-49894,Franchise_NY_12,Antimicrobial Treatment,,12.0,49.07,588.84,588.84,1,,
CLM-92499,Franchise_NY_12,Baseboard Replacement,,5.0,86.64,433.2,433.2,1,,
CLM-75593,Franchise_TX_01,Water Extraction,,13.0,24.51,318.63,279.33,0,,
CLM-59185,Franchise_TX_01,Water Extraction - MISC,,19.0,54.79,1041.01,1041.01,1,,
CLM-36739,Franchise_NY_12,Drywall Repair,,35.0,135.31,4735.85,4735.85,1,,
CLM-13022,Franchise_FL_04,Antimicrobial Treatment,2025-12-30,2.0,22.08,44.16,44.16,1,12.0,1.0
CLM-54715,Franchise_NY_12,Water Extraction,,50.0,145.79,7289.5,7289.5,1,,
CLM-22070,Franchise_NY_12,Water Extraction,,19.0,64.88,1232.72,1232.72,1,,
CLM-33277,Franchise_TX_01,Dehumidifier Rental,,24.0,96.24,2309.76,1925.52,0,,
CLM-59000,Franchise_NY_12,Water Extraction,,47.0,98.6,4634.2,3727.09,0,,
CLM-43711,Franchise_NY_12,Dehumidifier Rental,,8.0,108.41,867.28,867.28,1,,
CLM-20846,Franchise_NY_12,Drywall Repair,,28.0,91.43,2560.04,2560.04,1,,
CLM-65491,Franchise_NY_12,Dehumidifier Rental,,29.0,86.02,2494.58,1682.11,0,,
CLM-68501,Franchise_NY_12,Drywall Repair,,12.0,106.76,1281.12,1281.12,1,,
CLM-29250,Franchise_TX_01,Baseboard Replacement,,18.0,56.26,1012.68,1012.68,1,,
CLM-63297,Franchise_TX_01,Antimicrobial Treatment - MISC,,25.0,43.04,1076.0,1076.0,1,,
CLM-73435,Franchise_TX_01,Drywall Repair - MISC,,38.0,23.33,886.54,886.54,1,,
CLM-31015,Franchise_TX_01,Drywall Repair,,37.0,51.2,1894.4,1894.4,1,,
CLM-67445,Franchise_FL_04,Baseboard Replacement,2025-10-21,4.0,97.48,389.92,389.92,1,10.0,1.0
CLM-54926,Franchise_TX_01,Antimicrobial Treatment,,40.0,85.67,3426.8,1456.62,0,,
CLM-74762,Franchise_TX_01,Water Extraction,,23.0,98.43,2263.89,2263.89,1,,
CLM-50129,Franchise_NY_12,Water Extraction,,24.0,96.32,2311.68,2311.68,1,,
CLM-75840,Franchise_FL_04,Water Extraction,2025-12-11,41.0,131.33,5384.53,5384.53,1,12.0,3.0
CLM-44074,Franchise_TX_01,Drywall Repair,,20.0,61.6,1232.0,1232.0,1,,
CLM-26673,Franchise_NY_12,Baseboard Replacement,,16.0,69.73,1115.68,778.12,0,,
CLM-22887,Franchise_FL_04,Dehumidifier Rental,2025-08-22,2.0,29.52,59.04,59.04,1,8.0,4.0
CLM-89031,Franchise_NY_12,Water Extraction,,18.0,139.63,2513.34,2251.52,0,,
CLM-52394,Franchise_NY_12,Drywall Repair,,36.0,140.84,5070.24,5070.24,1,,
CLM-21092,Franchise_FL_04,Antimicrobial Treatment,2025-01-10,12.0,132.56,1590.72,1051.23,0,1.0,4.0
CLM-38034,Franchise_NY_12,Drywall Repair,,1.0,25.88,25.88,25.88,1,,
CLM-41384,Franchise_NY_12,Drywall Repair,,3.0,79.37,238.11,238.11,1,,
CLM-74216,Franchise_TX_01,Drywall Repair,,35.0,68.19,2386.65,1276.47,0,,
CLM-39852,Franchise_FL_04,Baseboard Replacement,2025-10-17,2.0,96.08,192.16,151.74,0,10.0,4.0
CLM-27745,Franchise_NY_12,Water Extraction,,29.0,59.91,1737.39,1737.39,1,,
CLM-55724,Franchise_FL_04,Antimicrobial Treatment,2025-03-06,39.0,20.18,787.02,787.02,1,3.0,3.0
CLM-54256,Franchise_FL_04,Water Extraction,2025-11-03,32.0,16.67,533.44,383.56,0,11.0,0.0
CLM-86934,Franchise_NY_12,Water Extraction,,22.0,145.78,3207.16,3207.16,1,,
CLM-62407,Franchise_TX_01,Baseboard Replacement - MISC,,5.0,17.95,89.75,89.75,1,,
CLM-95382,Franchise_TX_01,Dehumidifier Rental - MISC,,31.0,54.98,1704.38,1704.38,1,,
CLM-14106,Franchise_TX_01,Baseboard Replacement - MISC,,3.0,99.99,299.97,229.68,0,,
CLM-91075,Franchise_NY_12,Water Extraction,,9.0,60.39,543.51,373.02,0,,
CLM-16369,Franchise_FL_04,Water Extraction,2025-04-25,10.0,77.29,772.9,772.9,1,4.0,4.0
CLM-73078,Franchise_TX_01,Water Extraction,,2.0,83.02,166.04,166.04,1,,
CLM-97238,Franchise_FL_04,Dehumidifier Rental,2025-10-31,29.0,74.99,2174.71,2174.71,1,10.0,4.0
CLM-68873,Franchise_FL_04,Drywall Repair,2025-02-22,1.0,62.5,62.5,50.82,0,2.0,5.0
CLM-61542,Franchise_TX_01,Drywall Repair,,8.0,49.23,393.84,393.84,1,,
CLM-59284,Franchise_FL_04,Dehumidifier Rental,2025-11-02,43.0,85.25,3665.75,3665.75,1,11.0,6.0
CLM-64443,Franchise_FL_04,Drywall Repair,2025-01-16,30.0,20.07,602.1,602.1,1,1.0,3.0
CLM-75091,Franchise_NY_12,Antimicrobial Treatment,,10.0,128.78,1287.8,1287.8,1,,
CLM-57232,Franchise_NY_12,Baseboard Replacement,,36.0,89.54,3223.44,2081.17,0,,
CLM-33408,Franchise_FL_04,Drywall Repair,2025-08-26,8.0,15.78,126.24,109.12,0,8.0,1.0
CLM-42892,Franchise_FL_04,Water Extraction,2025-07-03,38.0,53.23,2022.74,1747.16,0,7.0,3.0
CLM-10548,Franchise_FL_04,Dehumidifier Rental,2025-04-22,28.0,136.44,3820.32,2477.52,0,4.0,1.0
CLM-16003,Franchise_NY_12,Dehumidifier Rental,,39.0,68.0,2652.0,1906.79,0,,
CLM-89426,Franchise_FL_04,Dehumidifier Rental,2025-07-02,50.0,114.07,5703.5,2944.4,0,7.0,2.0
CLM-68225,Franchise_FL_04,Antimicrobial Treatment,2025-10-16,8.0,128.65,1029.2,1029.2,1,10.0,3.0
CLM-72664,Franchise_NY_12,Antimicrobial Treatment,,44.0,66.67,2933.48,2933.48,1,,
CLM-76206,Franchise_NY_12,Dehumidifier Rental,,4.0,87.47,349.88,349.88,1,,
CLM-44535,Franchise_NY_12,Water Extraction,,8.0,68.94,551.52,551.52,1,,
CLM-98863,Franchise_FL_04,Drywall Repair,2025-06-03,2.0,16.59,33.18,33.18,1,6.0,1.0
CLM-76710,Franchise_TX_01,Water Extraction,,6.0,93.53,561.18,241.55,0,,
CLM-81244,Franchise_TX_01,Dehumidifier Rental,,38.0,116.76,4436.88,2703.31,0,,
CLM-52980,Franchise_FL_04,Drywall Repair,2025-08-04,36.0,145.18,5226.48,4494.01,0,8.0,0.0
CLM-34042,Franchise_FL_04,Water Extraction,2025-04-21,24.0,123.39,2961.36,1438.7,0,4.0,0.0
CLM-76899,Franchise_NY_12,Baseboard Replacement,,9.0,117.04,1053.36,1053.36,1,,
CLM-89627,Franchise_TX_01,Baseboard Replacement - MISC,,30.0,17.32,519.6,239.31,0,,
CLM-22068,Franchise_NY_12,Drywall Repair,,32.0,121.46,3886.72,3886.72,1,,
CLM-83037,Franchise_TX_01,Antimicrobial Treatment,,39.0,52.0,2028.0,825.46,0,,
CLM-31017,Franchise_NY_12,Baseboard Replacement,,46.0,110.25,5071.5,5071.5,1,,
CLM-37063,Franchise_TX_01,Water Extraction,,38.0,114.62,4355.56,3762.76,0,,
CLM-60475,Franchise_TX_01,Antimicrobial Treatment,,21.0,45.98,965.58,965.58,1,,
CLM-53604,Franchise_FL_04,Dehumidifier Rental,2025-10-30,50.0,135.57,6778.5,6778.5,1,10.0,3.0
CLM-93185,Franchise_TX_01,Dehumidifier Rental,,17.0,15.54,264.18,264.18,1,,
CLM-44751,Franchise_FL_04,Baseboard Replacement,2025-04-14,24.0,111.19,2668.56,2668.56,1,4.0,0.0
CLM-35610,Franchise_NY_12,Baseboard Replacement,,14.0,115.09,1611.26,1611.26,1,,
CLM-60242,Franchise_TX_01,Baseboard Replacement - MISC,,15.0,42.88,643.2,643.2,1,,
CLM-54321,Franchise_FL_04,Dehumidifier Rental,2025-02-05,35.0,15.31,535.85,535.85,1,2.0,2.0
CLM-32186,Franchise_NY_12,Drywall Repair,,34.0,49.22,1673.48,1673.48,1,,
CLM-24887,Franchise_NY_12,Antimicrobial Treatment,,35.0,23.18,811.3,811.3,1,,
CLM-88485,Franchise_FL_04,Baseboard Replacement,2025-09-13,42.0,23.49,986.58,587.41,0,9.0,5.0
CLM-27217,Franchise_TX_01,Baseboard Replacement - MISC,,7.0,144.34,1010.38,521.3,0,,
CLM-69180,Franchise_TX_01,Drywall Repair,,36.0,80.98,2915.28,1169.72,0,,
CLM-64320,Franchise_FL_04,Baseboard Replacement,2025-01-28,11.0,46.26,508.86,508.86,1,1.0,1.0
CLM-57356,Franchise_TX_01,Drywall Repair,,13.0,55.62,723.06,723.06,1,,
CLM-99222,Franchise_TX_01,Antimicrobial Treatment,,19.0,140.57,2670.83,2670.83,1,,
CLM-78314,Franchise_NY_12,Drywall Repair,,50.0,78.35,3917.5,3917.5,1,,
CLM-17083,Franchise_NY_12,Dehumidifier Rental,,44.0,141.88,6242.72,6242.72,1,,
CLM-55533,Franchise_FL_04,Dehumidifier Rental,2025-11-30,5.0,77.58,387.9,309.46,0,11.0,6.0
CLM-75645,Franchise_NY_12,Water Extraction,,28.0,82.44,2308.32,2308.32,1,,
CLM-25526,Franchise_TX_01,Dehumidifier Rental,,6.0,45.64,273.84,174.17,0,,
CLM-33584,Franchise_FL_04,Water Extraction,2025-12-25,35.0,107.96,3778.6,3778.6,1,12.0,3.0
CLM-82360,Franchise_TX_01,Baseboard Replacement,,48.0,83.94,4029.12,2324.31,0,,
CLM-54504,Franchise_NY_12,Antimicrobial Treatment,,32.0,45.64,1460.48,1460.48,1,,
CLM-19288,Franchise_NY_12,Dehumidifier Rental,,16.0,115.25,1844.0,1021.94,0,,
CLM-53599,Franchise_NY_12,Water Extraction,,33.0,134.09,4424.97,4424.97,1,,
CLM-40567,Franchise_NY_12,Baseboard Replacement,,37.0,30.75,1137.75,906.86,0,,
CLM-45656,Franchise_NY_12,Dehumidifier Rental,,44.0,29.36,1291.84,1291.84,1,,
CLM-57395,Franchise_NY_12,Dehumidifier Rental,,10.0,106.7,1067.0,1067.0,1,,
CLM-46105,Franchise_FL_04,Antimicrobial Treatment,2025-01-13,13.0,107.55,1398.15,796.32,0,1.0,0.0
CLM-51409,Franchise_NY_12,Water Extraction,,29.0,118.81,3445.49,2456.17,0,,
CLM-90009,Franchise_FL_04,Dehumidifier Rental,2025-11-23,11.0,22.98,252.78,226.04,0,11.0,6.0
CLM-59502,Franchise_FL_04,Water Extraction,2025-07-22,49.0,69.05,3383.45,3383.45,1,7.0,1.0
CLM-20787,Franchise_NY_12,Drywall Repair,,28.0,98.83,2767.24,2767.24,1,,
CLM-34887,Franchise_NY_12,Baseboard Replacement,,34.0,142.23,4835.82,4835.82,1,,
CLM-60940,Franchise_TX_01,Drywall Repair - MISC,,22.0,63.21,1390.62,1390.62,1,,
CLM-31607,Franchise_FL_04,Dehumidifier Rental,2025-10-06,44.0,57.47,2528.68,2039.04,0,10.0,0.0
CLM-85786,Franchise_FL_04,Antimicrobial Treatment,2025-02-28,21.0,72.4,1520.4,976.89,0,2.0,4.0
CLM-35913,Franchise_FL_04,Water Extraction,2025-04-10,43.0,44.87,1929.41,1929.41,1,4.0,3.0
CLM-27870,Franchise_FL_04,Baseboard Replacement,2025-12-07,49.0,16.11,789.39,789.39,1,12.0,6.0
CLM-43460,Franchise_TX_01,Drywall Repair - MISC,,22.0,38.91,856.02,484.74,0,,
CLM-13609,Franchise_TX_01,Drywall Repair,,9.0,67.72,609.48,609.48,1,,
CLM-52719,Franchise_TX_01,Baseboard Replacement,,45.0,97.05,4367.25,4367.25,1,,
CLM-58507,Franchise_TX_01,Water Extraction,,9.0,98.65,887.85,887.85,1,,
CLM-39350,Franchise_NY_12,Drywall Repair,,25.0,34.69,867.25,867.25,1,,
CLM-20960,Franchise_TX_01,Dehumidifier Rental - MISC,,41.0,94.39,3869.99,3869.99,1,,
CLM-75140,Franchise_NY_12,Water Extraction,,26.0,106.63,2772.38,2233.74,0,,
CLM-96726,Franchise_NY_12,Baseboard Replacement,,22.0,52.49,1154.78,1154.78,1,,
CLM-98916,Franchise_TX_01,Baseboard Replacement,,20.0,20.92,418.4,208.97,0,,
CLM-83013,Franchise_TX_01,Antimicrobial Treatment,,48.0,63.16,3031.68,3031.68,1,,
CLM-52159,Franchise_TX_01,Dehumidifier Rental,,22.0,104.29,2294.38,2294.38,1,,
CLM-26952,Franchise_TX_01,Water Extraction,,39.0,83.82,3268.98,3268.98,1,,
CLM-44146,Franchise_NY_12,Drywall Repair,,21.0,34.23,718.83,718.83,1,,
CLM-91028,Franchise_TX_01,Dehumidifier Rental,,12.0,64.3,771.6,771.6,1,,
CLM-12468,Franchise_NY_12,Drywall Repair,,23.0,77.89,1791.47,1791.47,1,,
CLM-97682,Franchise_TX_01,Dehumidifier Rental,,32.0,135.23,4327.36,4327.36,1,,
CLM-22819,Franchise_TX_01,Drywall Repair - MISC,,3.0,80.91,242.73,128.11,0,,
CLM-19645,Franchise_NY_12,Water Extraction,,34.0,114.57,3895.38,2247.67,0,,
CLM-73288,Franchise_TX_01,Dehumidifier Rental - MISC,,17.0,101.74,1729.58,1729.58,1,,
CLM-48972,Franchise_FL_04,Antimicrobial Treatment,2025-01-28,39.0,15.27,595.53,595.53,1,1.0,1.0
CLM-31609,Franchise_NY_12,Water Extraction,,33.0,56.29,1857.57,1173.48,0,,
CLM-21401,Franchise_FL_04,Water Extraction,2025-08-25,1.0,98.39,98.39,98.39,1,8.0,0.0
CLM-84232,Franchise_NY_12,Baseboard Replacement,,27.0,146.85,3964.95,3386.83,0,,
CLM-46746,Franchise_TX_01,Water Extraction,,15.0,137.01,2055.15,1428.02,0,,
CLM-67537,Franchise_FL_04,Baseboard Replacement,2025-05-06,40.0,23.67,946.8,946.8,1,5.0,1.0
CLM-50980,Franchise_FL_04,Antimicrobial Treatment,2025-11-25,2.0,77.72,155.44,155.44,1,11.0,1.0
CLM-85569,Franchise_NY_12,Drywall Repair,,50.0,113.45,5672.5,5672.5,1,,
CLM-43629,Franchise_NY_12,Antimicrobial Treatment,,46.0,98.15,4514.9,4514.9,1,,
CLM-72480,Franchise_NY_12,Dehumidifier Rental,,2.0,64.46,128.92,128.92,1,,
CLM-40569,Franchise_TX_01,Baseboard Replacement,,5.0,24.05,120.25,120.25,1,,
CLM-40799,Franchise_FL_04,Baseboard Replacement,2025-07-27,21.0,86.16,1809.36,1230.3,0,7.0,6.0
CLM-84484,Franchise_FL_04,Drywall Repair,2025-12-27,49.0,111.71,5473.79,3678.22,0,12.0,5.0
CLM-26571,Franchise_TX_01,Water Extraction,,30.0,76.95,2308.5,2308.5,1,,
CLM-70064,Franchise_TX_01,Water Extraction,,6.0,81.28,487.68,304.0,0,,
CLM-96642,Franchise_TX_01,Antimicrobial Treatment - MISC,,43.0,72.58,3120.94,2617.87,0,,
CLM-39169,Franchise_FL_04,Water Extraction,2025-12-02,3.0,136.82,410.46,410.46,1,12.0,1.0
CLM-54723,Franchise_FL_04,Baseboard Replacement,2025-01-21,47.0,145.59,6842.73,6842.73,1,1.0,1.0
CLM-92095,Franchise_FL_04,Water Extraction,2025-01-25,15.0,42.26,633.9,633.9,1,1.0,5.0
CLM-80353,Franchise_TX_01,Baseboard Replacement,,47.0,64.44,3028.68,3028.68,1,,
CLM-28450,Franchise_FL_04,Drywall Repair,2025-01-16,26.0,99.26,2580.76,2580.76,1,1.0,3.0
CLM-47950,Franchise_TX_01,Drywall Repair,,26.0,65.83,1711.58,783.62,0,,
CLM-96277,Franchise_NY_12,Baseboard Replacement,,15.0,53.87,808.05,659.72,0,,
CLM-41156,Franchise_NY_12,Baseboard Replacement,,36.0,135.58,4880.88,2423.35,0,,
CLM-48274,Franchise_TX_01,Dehumidifier Rental,,44.0,74.74,3288.56,3288.56,1,,
CLM-53208,Franchise_TX_01,Dehumidifier Rental,,26.0,73.93,1922.18,1922.18,1,,
CLM-41161,Franchise_FL_04,Antimicrobial Treatment,2025-04-13,5.0,67.64,338.2,338.2,1,4.0,6.0
CLM-28761,Franchise_TX_01,Baseboard Replacement,,16.0,129.04,2064.64,1286.62,0,,
CLM-51898,Franchise_FL_04,Baseboard Replacement,2025-10-27,20.0,116.98,2339.6,2339.6,1,10.0,0.0
CLM-66819,Franchise_FL_04,Dehumidifier Rental,2025-08-15,24.0,52.73,1265.52,1265.52,1,8.0,4.0
CLM-28105,Franchise_NY_12,Water Extraction,,24.0,28.99,695.76,417.77,0,,
CLM-34644,Franchise_TX_01,Water Extraction,,50.0,123.32,6166.0,3966.65,0,,
CLM-27945,Franchise_TX_01,Dehumidifier Rental,,13.0,35.0,455.0,242.98,0,,
CLM-69576,Franchise_NY_12,Water Extraction,,44.0,133.74,5884.56,5884.56,1,,
CLM-89624,Franchise_NY_12,Drywall Repair,,43.0,29.82,1282.26,957.16,0,,
CLM-25606,Franchise_TX_01,Water Extraction,,11.0,46.59,512.49,512.49,1,,
CLM-71445,Franchise_TX_01,Antimicrobial Treatment,,25.0,86.32,2158.0,1250.78,0,,
CLM-96466,Franchise_FL_04,Baseboard Replacement,2025-05-02,4.0,105.81,423.24,188.29,0,5.0,4.0
CLM-66184,Franchise_TX_01,Dehumidifier Rental,,9.0,83.14,748.26,312.65,0,,
CLM-67132,Franchise_FL_04,Antimicrobial Treatment,2025-08-07,1.0,55.9,55.9,55.9,1,8.0,3.0
CLM-31545,Franchise_NY_12,Water Extraction,,16.0,100.87,1613.92,1613.92,1,,
CLM-72974,Franchise_TX_01,Dehumidifier Rental,,5.0,129.3,646.5,351.03,0,,
CLM-75679,Franchise_FL_04,Baseboard Replacement,2025-01-07,36.0,82.16,2957.76,2957.76,1,1.0,1.0
CLM-92671,Franchise_FL_04,Water Extraction,2025-01-05,49.0,31.67,1551.83,881.35,0,1.0,6.0
CLM-63033,Franchise_NY_12,Antimicrobial Treatment,,44.0,20.69,910.36,910.36,1,,
CLM-54161,Franchise_FL_04,Drywall Repair,2025-08-29,39.0,107.73,4201.47,4201.47,1,8.0,4.0
CLM-21038,Franchise_NY_12,Dehumidifier Rental,,39.0,134.9,5261.1,5261.1,1,,
CLM-99909,Franchise_TX_01,Antimicrobial Treatment - MISC,,40.0,50.24,2009.6,1498.24,0,,
CLM-62852,Franchise_FL_04,Drywall Repair,2025-03-18,35.0,127.26,4454.1,4454.1,1,3.0,1.0
CLM-72047,Franchise_NY_12,Baseboard Replacement,,43.0,88.32,3797.76,3797.76,1,,
CLM-96431,Franchise_TX_01,Dehumidifier Rental,,49.0,35.9,1759.1,1759.1,1,,
CLM-64127,Franchise_NY_12,Baseboard Replacement,,21.0,28.66,601.86,601.86,1,,
CLM-82083,Franchise_NY_12,Baseboard Replacement,,8.0,126.1,1008.8,702.69,0,,
CLM-98112,Franchise_TX_01,Dehumidifier Rental,,9.0,138.71,1248.39,1248.39,1,,
CLM-27571,Franchise_FL_04,Drywall Repair,2025-08-10,42.0,103.3,4338.6,4338.6,1,8.0,6.0
CLM-84321,Franchise_FL_04,Dehumidifier Rental,2025-06-11,17.0,28.76,488.92,488.92,1,6.0,2.0
CLM-66339,Franchise_NY_12,Drywall Repair,,6.0,98.95,593.7,240.65,0,,
CLM-77547,Franchise_FL_04,Drywall Repair,2025-09-13,43.0,119.13,5122.59,5122.59,1,9.0,5.0
CLM-50874,Franchise_NY_12,Antimicrobial Treatment,,6.0,110.03,660.18,660.18,1,,
CLM-66220,Franchise_FL_04,Dehumidifier Rental,2025-01-20,20.0,86.98,1739.6,1739.6,1,1.0,0.0
CLM-76203,Franchise_NY_12,Drywall Repair,,35.0,52.3,1830.5,733.37,0,,
CLM-73791,Franchise_FL_04,Baseboard Replacement,2025-12-12,28.0,68.75,1925.0,1484.26,0,12.0,4.0
CLM-78231,Franchise_NY_12,Baseboard Replacement,,7.0,67.06,469.42,469.42,1,,
CLM-35049,Franchise_FL_04,Baseboard Replacement,2025-05-18,45.0,44.03,1981.35,1981.35,1,5.0,6.0
CLM-22582,Franchise_NY_12,Antimicrobial Treatment,,9.0,38.21,343.89,202.36,0,,
CLM-10957,Franchise_FL_04,Baseboard Replacement,2025-08-09,38.0,117.54,4466.52,4466.52,1,8.0,5.0
CLM-78542,Franchise_FL_04,Baseboard Replacement,2025-12-25,40.0,64.0,2560.0,2560.0,1,12.0,3.0
CLM-67236,Franchise_FL_04,Antimicrobial Treatment,2025-10-15,1.0,33.27,33.27,16.06,0,10.0,2.0
CLM-76479,Franchise_NY_12,Antimicrobial Treatment,,33.0,21.9,722.7,722.7,1,,
CLM-73140,Franchise_NY_12,Baseboard Replacement,,27.0,114.15,3082.05,3082.05,1,,
CLM-68815,Franchise_NY_12,Drywall Repair,,12.0,99.51,1194.12,727.79,0,,
CLM-49722,Franchise_TX_01,Baseboard Replacement - MISC,,29.0,100.34,2909.86,2909.86,1,,
CLM-71269,Franchise_NY_12,Dehumidifier Rental,,25.0,58.88,1472.0,865.63,0,,
CLM-42993,Franchise_TX_01,Antimicrobial Treatment - MISC,,15.0,59.38,890.7,758.07,0,,
CLM-17953,Franchise_TX_01,Drywall Repair,,31.0,140.59,4358.29,2532.31,0,,
CLM-28557,Franchise_TX_01,Dehumidifier Rental,,47.0,128.32,6031.04,6031.04,1,,
CLM-66638,Franchise_NY_12,Baseboard Replacement,,45.0,145.48,6546.6,6546.6,1,,
CLM-23642,Franchise_NY_12,Baseboard Replacement,,31.0,23.84,739.04,739.04,1,,
CLM-97412,Franchise_FL_04,Water Extraction,2025-09-05,20.0,84.81,1696.2,1696.2,1,9.0,4.0
CLM-37633,Franchise_NY_12,Dehumidifier Rental,,36.0,48.31,1739.16,1243.35,0,,
CLM-48479,Franchise_NY_12,Dehumidifier Rental,,24.0,82.56,1981.44,820.63,0,,
CLM-70964,Franchise_FL_04,Antimicrobial Treatment,2025-10-09,38.0,99.35,3775.3,3030.96,0,10.0,3.0
CLM-39014,Franchise_TX_01,Antimicrobial Treatment,,40.0,43.4,1736.0,1365.08,0,,
CLM-43491,Franchise_NY_12,Drywall Repair,,41.0,43.76,1794.16,894.17,0,,
CLM-80272,Franchise_NY_12,Dehumidifier Rental,,33.0,135.84,4482.72,4482.72,1,,
CLM-93858,Franchise_FL_04,Drywall Repair,2025-02-08,32.0,31.73,1015.36,831.63,0,2.0,5.0
CLM-25528,Franchise_TX_01,Dehumidifier Rental,,45.0,49.7,2236.5,1471.95,0,,
CLM-77194,Franchise_NY_12,Antimicrobial Treatment,,7.0,135.67,949.69,474.26,0,,
CLM-42226,Franchise_TX_01,Baseboard Replacement - MISC,,30.0,41.86,1255.8,1255.8,1,,
CLM-76912,Franchise_TX_01,Water Extraction,,44.0,59.66,2625.04,1409.4,0,,
CLM-17616,Franchise_NY_12,Drywall Repair,,50.0,46.47,2323.5,1800.34,0,,
CLM-75986,Franchise_FL_04,Drywall Repair,2025-09-19,26.0,85.37,2219.62,2219.62,1,9.0,4.0
CLM-60229,Franchise_NY_12,Drywall Repair,,13.0,81.19,1055.47,1055.47,1,,
CLM-88462,Franchise_TX_01,Water Extraction,,25.0,34.42,860.5,689.24,0,,
CLM-83833,Franchise_FL_04,Dehumidifier Rental,2025-09-30,37.0,29.81,1102.97,1102.97,1,9.0,1.0
CLM-76655,Franchise_TX_01,Drywall Repair,,25.0,91.87,2296.75,2296.75,1,,
CLM-21280,Franchise_FL_04,Drywall Repair,2025-02-04,8.0,28.45,227.6,227.6,1,2.0,1.0
CLM-28917,Franchise_NY_12,Drywall Repair,,29.0,77.59,2250.11,1170.58,0,,
CLM-68764,Franchise_FL_04,Baseboard Replacement,2025-08-02,14.0,123.8,1733.2,1280.71,0,8.0,5.0
CLM-39326,Franchise_TX_01,Baseboard Replacement,,26.0,21.32,554.32,554.32,1,,
CLM-82405,Franchise_TX_01,Baseboard Replacement,,44.0,60.7,2670.8,2670.8,1,,
CLM-39252,Franchise_TX_01,Water Extraction - MISC,,2.0,56.24,112.48,81.3,0,,
CLM-61772,Franchise_TX_01,Drywall Repair,,43.0,74.95,3222.85,3222.85,1,,
CLM-61770,Franchise_TX_01,Dehumidifier Rental,,33.0,118.4,3907.2,2435.71,0,,
CLM-58815,Franchise_FL_04,Dehumidifier Rental,2025-01-18,5.0,144.04,720.2,720.2,1,1.0,5.0
CLM-37990,Franchise_FL_04,Antimicrobial Treatment,2025-09-11,37.0,51.59,1908.83,1291.81,0,9.0,3.0
CLM-35597,Franchise_TX_01,Dehumidifier Rental,,14.0,34.48,482.72,482.72,1,,
CLM-52006,Franchise_TX_01,Antimicrobial Treatment,,6.0,37.53,225.18,154.87,0,,
CLM-27656,Franchise_NY_12,Water Extraction,,6.0,22.19,133.14,133.14,1,,
CLM-52248,Franchise_NY_12,Antimicrobial Treatment,,45.0,58.19,2618.55,1460.82,0,,
CLM-72301,Franchise_TX_01,Baseboard Replacement,,31.0,25.61,793.91,385.26,0,,
CLM-18366,Franchise_NY_12,Water Extraction,,31.0,78.49,2433.19,2433.19,1,,
CLM-15034,Franchise_NY_12,Drywall Repair,,33.0,130.78,4315.74,4315.74,1,,
CLM-42556,Franchise_FL_04,Antimicrobial Treatment,2025-06-02,50.0,32.28,1614.0,1444.89,0,6.0,0.0
CLM-83723,Franchise_TX_01,Drywall Repair,,45.0,144.39,6497.55,6497.55,1,,
CLM-69021,Franchise_FL_04,Water Extraction,2025-08-02,43.0,128.7,5534.1,5534.1,1,8.0,5.0
CLM-34212,Franchise_NY_12,Dehumidifier Rental,,49.0,106.18,5202.82,4541.54,0,,
CLM-93599,Franchise_TX_01,Baseboard Replacement,,35.0,54.93,1922.55,1922.55,1,,
CLM-27091,Franchise_FL_04,Dehumidifier Rental,2025-01-11,37.0,74.81,2767.97,1942.87,0,1.0,5.0
CLM-87855,Franchise_TX_01,Dehumidifier Rental - MISC,,39.0,59.91,2336.49,2336.49,1,,
CLM-38406,Franchise_NY_12,Drywall Repair,,47.0,15.38,722.86,722.86,1,,
CLM-55473,Franchise_FL_04,Drywall Repair,2025-02-28,47.0,28.46,1337.62,1181.51,0,2.0,4.0
CLM-23547,Franchise_TX_01,Dehumidifier Rental,,10.0,48.47,484.7,413.82,0,,
CLM-29960,Franchise_NY_12,Antimicrobial Treatment,,25.0,23.49,587.25,587.25,1,,
CLM-63833,Franchise_FL_04,Dehumidifier Rental,2025-12-22,14.0,35.09,491.26,491.26,1,12.0,0.0
CLM-58633,Franchise_FL_04,Baseboard Replacement,2025-08-29,8.0,103.41,827.28,505.35,0,8.0,4.0
CLM-14076,Franchise_NY_12,Baseboard Replacement,,16.0,91.5,1464.0,1464.0,1,,
CLM-40635,Franchise_NY_12,Drywall Repair,,31.0,104.6,3242.6,3242.6,1,,
CLM-87980,Franchise_NY_12,Drywall Repair,,30.0,87.24,2617.2,2617.2,1,,
CLM-43660,Franchise_FL_04,Baseboard Replacement,2025-05-14,38.0,28.53,1084.14,1084.14,1,5.0,2.0
CLM-79489,Franchise_TX_01,Dehumidifier Rental,,9.0,20.6,185.4,104.38,0,,
CLM-95386,Franchise_FL_04,Antimicrobial Treatment,2025-05-15,27.0,116.0,3132.0,2759.18,0,5.0,3.0
CLM-10910,Franchise_TX_01,Water Extraction,,48.0,44.39,2130.72,2130.72,1,,
CLM-19455,Franchise_TX_01,Antimicrobial Treatment,,21.0,66.31,1392.51,1193.72,0,,
CLM-40866,Franchise_NY_12,Antimicrobial Treatment,,13.0,92.0,1196.0,836.25,0,,
CLM-68323,Franchise_NY_12,Antimicrobial Treatment,,48.0,147.09,7060.32,7060.32,1,,
CLM-93806,Franchise_FL_04,Drywall Repair,2025-08-13,14.0,125.89,1762.46,1762.46,1,8.0,2.0
CLM-74842,Franchise_FL_04,Baseboard Replacement,2025-04-08,30.0,38.65,1159.5,1159.5,1,4.0,1.0
CLM-44991,Franchise_FL_04,Antimicrobial Treatment,2025-12-06,22.0,37.12,816.64,542.42,0,12.0,5.0
CLM-19343,Franchise_FL_04,Drywall Repair,2025-07-18,5.0,121.08,605.4,605.4,1,7.0,4.0
CLM-13404,Franchise_TX_01,Water Extraction,,22.0,116.89,2571.58,2571.58,1,,
CLM-21958,Franchise_FL_04,Dehumidifier Rental,2025-02-01,4.0,25.0,100.0,67.12,0,2.0,5.0
CLM-50925,Franchise_NY_12,Water Extraction,,19.0,28.77,546.63,417.36,0,,
CLM-88693,Franchise_FL_04,Drywall Repair,2025-02-07,10.0,106.49,1064.9,1064.9,1,2.0,4.0
CLM-32968,Franchise_FL_04,Baseboard Replacement,2025-04-06,40.0,142.03,5681.2,5681.2,1,4.0,6.0
CLM-94441,Franchise_FL_04,Baseboard Replacement,2025-12-11,40.0,40.35,1614.0,1614.0,1,12.0,3.0
CLM-39802,Franchise_NY_12,Dehumidifier Rental,,28.0,80.85,2263.8,2263.8,1,,
CLM-28220,Franchise_NY_12,Dehumidifier Rental,,11.0,74.32,817.52,817.52,1,,
CLM-87259,Franchise_NY_12,Antimicrobial Treatment,,46.0,97.82,4499.72,2191.5,0,,
CLM-35123,Franchise_FL_04,Dehumidifier Rental,2025-08-04,15.0,93.95,1409.25,1409.25,1,8.0,0.0
CLM-15338,Franchise_NY_12,Baseboard Replacement,,20.0,22.97,459.4,382.32,0,,
CLM-40440,Franchise_NY_12,Antimicrobial Treatment,,26.0,91.5,2379.0,2379.0,1,,
CLM-72888,Franchise_TX_01,Dehumidifier Rental,,49.0,48.66,2384.34,2384.34,1,,
CLM-11237,Franchise_NY_12,Water Extraction,,13.0,100.45,1305.85,870.74,0,,
CLM-66696,Franchise_FL_04,Dehumidifier Rental,2025-03-15,15.0,104.43,1566.45,1404.13,0,3.0,5.0
CLM-49693,Franchise_TX_01,Drywall Repair,,33.0,20.96,691.68,436.76,0,,
CLM-88300,Franchise_TX_01,Antimicrobial Treatment,,45.0,149.77,6739.65,6739.65,1,,
CLM-38350,Franchise_NY_12,Dehumidifier Rental,,9.0,86.97,782.73,466.96,0,,
CLM-30158,Franchise_TX_01,Drywall Repair,,39.0,147.5,5752.5,5752.5,1,,
CLM-84143,Franchise_NY_12,Water Extraction,,3.0,19.28,57.84,57.84,1,,
CLM-71193,Franchise_TX_01,Dehumidifier Rental - MISC,,45.0,140.64,6328.8,5603.2,0,,
CLM-56975,Franchise_NY_12,Baseboard Replacement,,49.0,48.11,2357.39,2357.39,1,,
CLM-74339,Franchise_TX_01,Antimicrobial Treatment,,40.0,76.67,3066.8,3066.8,1,,
CLM-49601,Franchise_FL_04,Water Extraction,2025-07-10,21.0,134.91,2833.11,2241.71,0,7.0,3.0
CLM-16488,Franchise_TX_01,Water Extraction,,3.0,144.34,433.02,433.02,1,,
CLM-13555,Franchise_FL_04,Drywall Repair,2025-10-30,41.0,142.38,5837.58,2398.64,0,10.0,3.0
CLM-28663,Franchise_NY_12,Dehumidifier Rental,,29.0,104.06,3017.74,2091.81,0,,
CLM-12586,Franchise_FL_04,Baseboard Replacement,2025-04-23,38.0,110.29,4191.02,3713.02,0,4.0,2.0
CLM-24121,Franchise_FL_04,Drywall Repair,2025-08-21,49.0,43.59,2135.91,1348.18,0,8.0,3.0
CLM-56966,Franchise_FL_04,Baseboard Replacement,2025-04-04,28.0,38.14,1067.92,561.5,0,4.0,4.0
CLM-83278,Franchise_FL_04,Dehumidifier Rental,2025-02-26,20.0,16.21,324.2,324.2,1,2.0,2.0
CLM-44150,Franchise_TX_01,Drywall Repair,,27.0,68.2,1841.4,1841.4,1,,
CLM-80545,Franchise_FL_04,Antimicrobial Treatment,2025-03-21,31.0,63.44,1966.64,1966.64,1,3.0,4.0
CLM-95044,Franchise_TX_01,Baseboard Replacement,,49.0,21.27,1042.23,1042.23,1,,
CLM-43450,Franchise_FL_04,Drywall Repair,2025-04-01,43.0,145.72,6265.96,6265.96,1,4.0,1.0
CLM-66663,Franchise_NY_12,Dehumidifier Rental,,49.0,47.15,2310.35,2310.35,1,,
CLM-25318,Franchise_NY_12,Antimicrobial Treatment,,36.0,29.75,1071.0,734.63,0,,
CLM-72703,Franchise_TX_01,Drywall Repair,,11.0,149.54,1644.94,1290.44,0,,
CLM-81479,Franchise_NY_12,Antimicrobial Treatment,,7.0,141.48,990.36,990.36,1,,
CLM-95106,Franchise_FL_04,Drywall Repair,2025-12-02,46.0,92.82,4269.72,3191.51,0,12.0,1.0
CLM-58044,Franchise_NY_12,Dehumidifier Rental,,32.0,99.89,3196.48,2761.1,0,,
CLM-91739,Franchise_NY_12,Antimicrobial Treatment,,40.0,78.84,3153.6,3153.6,1,,
CLM-62980,Franchise_FL_04,Dehumidifier Rental,2025-02-15,45.0,103.12,4640.4,4640.4,1,2.0,5.0
CLM-43138,Franchise_FL_04,Antimicrobial Treatment,2025-08-10,3.0,88.84,266.52,164.07,0,8.0,6.0
CLM-27766,Franchise_NY_12,Water Extraction,,19.0,147.91,2810.29,1264.45,0,,
CLM-85913,Franchise_FL_04,Baseboard Replacement,2025-05-26,43.0,120.73,5191.39,2145.46,0,5.0,0.0
CLM-24603,Franchise_FL_04,Antimicrobial Treatment,2025-03-05,2.0,19.48,38.96,25.5,0,3.0,2.0
CLM-22966,Franchise_FL_04,Dehumidifier Rental,2025-08-09,36.0,93.45,3364.2,3364.2,1,8.0,5.0
CLM-44289,Franchise_FL_04,Baseboard Replacement,2025-11-02,10.0,80.94,809.4,809.4,1,11.0,6.0
CLM-74438,Franchise_FL_04,Drywall Repair,2025-07-19,29.0,45.85,1329.65,1329.65,1,7.0,5.0
CLM-38759,Franchise_NY_12,Drywall Repair,,31.0,68.77,2131.87,2131.87,1,,
CLM-29214,Franchise_NY_12,Water Extraction,,1.0,114.64,114.64,63.61,0,,
CLM-59578,Franchise_NY_12,Antimicrobial Treatment,,45.0,91.45,4115.25,4115.25,1,,
CLM-18756,Franchise_NY_12,Baseboard Replacement,,5.0,37.21,186.05,126.25,0,,
CLM-98807,Franchise_FL_04,Baseboard Replacement,2025-04-28,47.0,68.28,3209.16,3209.16,1,4.0,0.0
CLM-22586,Franchise_TX_01,Dehumidifier Rental,,36.0,109.78,3952.08,1872.6,0,,
CLM-67542,Franchise_NY_12,Antimicrobial Treatment,,42.0,49.33,2071.86,2071.86,1,,
CLM-86546,Franchise_NY_12,Water Extraction,,37.0,145.2,5372.4,3512.64,0,,
CLM-53233,Franchise_NY_12,Baseboard Replacement,,22.0,52.2,1148.4,1148.4,1,,
CLM-50189,Franchise_FL_04,Antimicrobial Treatment,2025-05-05,23.0,51.03,1173.69,699.46,0,5.0,0.0
CLM-99945,Franchise_TX_01,Dehumidifier Rental - MISC,,22.0,114.51,2519.22,2519.22,1,,
CLM-35454,Franchise_FL_04,Antimicrobial Treatment,2025-06-11,47.0,140.02,6580.94,6580.94,1,6.0,2.0
CLM-25616,Franchise_TX_01,Dehumidifier Rental,,50.0,146.37,7318.5,4504.77,0,,
CLM-15780,Franchise_TX_01,Antimicrobial Treatment,,49.0,30.2,1479.8,1479.8,1,,
CLM-93565,Franchise_TX_01,Dehumidifier Rental,,47.0,111.1,5221.7,4397.64,0,,
CLM-77003,Franchise_NY_12,Drywall Repair,,3.0,124.19,372.57,372.57,1,,
CLM-81839,Franchise_NY_12,Antimicrobial Treatment,,34.0,97.89,3328.26,3328.26,1,,
CLM-87577,Franchise_NY_12,Drywall Repair,,49.0,79.14,3877.86,3877.86,1,,
CLM-86686,Franchise_NY_12,Drywall Repair,,49.0,146.24,7165.76,4256.91,0,,
CLM-17790,Franchise_NY_12,Antimicrobial Treatment,,3.0,16.3,48.9,21.26,0,,
CLM-52848,Franchise_FL_04,Antimicrobial Treatment,2025-02-02,30.0,50.44,1513.2,1513.2,1,2.0,6.0
CLM-89053,Franchise_TX_01,Dehumidifier Rental,,18.0,54.04,972.72,972.72,1,,
CLM-10281,Franchise_NY_12,Drywall Repair,,27.0,136.07,3673.89,2693.91,0,,
CLM-66911,Franchise_NY_12,Baseboard Replacement,,14.0,35.51,497.14,497.14,1,,
CLM-32350,Franchise_NY_12,Dehumidifier Rental,,35.0,62.48,2186.8,2186.8,1,,
CLM-21716,Franchise_FL_04,Dehumidifier Rental,2025-07-28,9.0,141.64,1274.76,875.12,0,7.0,0.0
CLM-93146,Franchise_NY_12,Water Extraction,,19.0,16.56,314.64,314.64,1,,
CLM-52625,Franchise_FL_04,Drywall Repair,2025-11-01,38.0,147.35,5599.3,5599.3,1,11.0,5.0
CLM-93150,Franchise_FL_04,Antimicrobial Treatment,2025-08-01,4.0,47.07,188.28,109.56,0,8.0,4.0
CLM-61460,Franchise_NY_12,Dehumidifier Rental,,3.0,48.31,144.93,144.93,1,,
CLM-21738,Franchise_FL_04,Baseboard Replacement,2025-11-27,29.0,134.68,3905.72,2094.3,0,11.0,3.0
CLM-69930,Franchise_TX_01,Dehumidifier Rental,,33.0,136.12,4491.96,2216.37,0,,
CLM-12340,Franchise_TX_01,Water Extraction,,17.0,96.92,1647.64,1647.64,1,,
CLM-35356,Franchise_TX_01,Drywall Repair,,17.0,132.41,2250.97,1024.27,0,,
CLM-29850,Franchise_FL_04,Drywall Repair,2025-05-21,48.0,57.76,2772.48,2772.48,1,5.0,2.0
CLM-89917,Franchise_TX_01,Baseboard Replacement - MISC,,38.0,79.23,3010.74,3010.74,1,,
CLM-54503,Franchise_FL_04,Water Extraction,2025-09-21,33.0,48.55,1602.15,1602.15,1,9.0,6.0
CLM-36515,Franchise_TX_01,Drywall Repair,,20.0,38.15,763.0,308.27,0,,
CLM-45241,Franchise_FL_04,Baseboard Replacement,2025-05-23,27.0,102.09,2756.43,2756.43,1,5.0,4.0
CLM-74241,Franchise_TX_01,Drywall Repair,,44.0,73.3,3225.2,3225.2,1,,
CLM-57049,Franchise_TX_01,Drywall Repair,,7.0,109.12,763.84,763.84,1,,
CLM-15134,Franchise_NY_12,Water Extraction,,38.0,120.45,4577.1,2455.76,0,,
CLM-26100,Franchise_TX_01,Antimicrobial Treatment - MISC,,20.0,33.83,676.6,676.6,1,,
CLM-32490,Franchise_NY_12,Baseboard Replacement,,36.0,110.89,3992.04,3992.04,1,,
CLM-19057,Franchise_FL_04,Drywall Repair,2025-09-26,48.0,134.97,6478.56,2995.75,0,9.0,4.0
CLM-12400,Franchise_TX_01,Dehumidifier Rental,,45.0,94.4,4248.0,1785.94,0,,
CLM-38818,Franchise_NY_12,Drywall Repair,,34.0,142.22,4835.48,3007.57,0,,
CLM-58561,Franchise_FL_04,Antimicrobial Treatment,2025-03-29,31.0,87.3,2706.3,1791.78,0,3.0,5.0
CLM-48988,Franchise_NY_12,Baseboard Replacement,,16.0,18.57,297.12,171.84,0,,
CLM-49207,Franchise_FL_04,Baseboard Replacement,2025-09-03,36.0,146.98,5291.28,4666.47,0,9.0,2.0
CLM-19516,Franchise_FL_04,Dehumidifier Rental,2025-11-20,13.0,26.72,347.36,248.52,0,11.0,3.0
CLM-51900,Franchise_NY_12,Antimicrobial Treatment,,29.0,143.94,4174.26,3472.3,0,,
CLM-40934,Franchise_TX_01,Drywall Repair,,30.0,43.51,1305.3,1305.3,1,,
CLM-72065,Franchise_TX_01,Baseboard Replacement,,9.0,41.21,370.89,370.89,1,,
CLM-12061,Franchise_TX_01,Water Extraction,,27.0,129.56,3498.12,3498.12,1,,
CLM-53365,Franchise_FL_04,Water Extraction,2025-09-10,13.0,17.55,228.15,228.15,1,9.0,2.0
CLM-89712,Franchise_NY_12,Dehumidifier Rental,,18.0,102.1,1837.8,1837.8,1,,
CLM-23581,Franchise_TX_01,Antimicrobial Treatment - MISC,,38.0,97.24,3695.12,3695.12,1,,
CLM-52040,Franchise_TX_01,Antimicrobial Treatment,,34.0,95.08,3232.72,3232.72,1,,
CLM-28207,Franchise_NY_12,Dehumidifier Rental,,47.0,86.66,4073.02,3430.84,0,,
CLM-20225,Franchise_FL_04,Baseboard Replacement,2025-04-09,47.0,114.44,5378.68,5378.68,1,4.0,2.0
CLM-18063,Franchise_TX_01,Drywall Repair,,31.0,111.02,3441.62,3441.62,1,,
CLM-99601,Franchise_FL_04,Water Extraction,2025-12-03,26.0,81.03,2106.78,944.76,0,12.0,2.0
CLM-98289,Franchise_FL_04,Water Extraction,2025-03-28,48.0,15.6,748.8,511.15,0,3.0,4.0
CLM-98435,Franchise_NY_12,Dehumidifier Rental,,7.0,101.88,713.16,713.16,1,,
CLM-94564,Franchise_TX_01,Antimicrobial Treatment - MISC,,20.0,134.18,2683.6,1187.18,0,,
CLM-39991,Franchise_FL_04,Dehumidifier Rental,2025-03-08,40.0,125.75,5030.0,5030.0,1,3.0,5.0
CLM-61108,Franchise_TX_01,Drywall Repair,,21.0,62.8,1318.8,607.64,0,,
CLM-40878,Franchise_FL_04,Drywall Repair,2025-12-14,37.0,92.76,3432.12,3432.12,1,12.0,6.0
CLM-90785,Franchise_TX_01,Water Extraction - MISC,,10.0,73.79,737.9,585.76,0,,
CLM-68395,Franchise_FL_04,Water Extraction,2025-08-31,15.0,47.02,705.3,705.3,1,8.0,6.0
CLM-85655,Franchise_FL_04,Antimicrobial Treatment,2025-03-09,49.0,58.58,2870.42,2870.42,1,3.0,6.0
CLM-45131,Franchise_TX_01,Water Extraction,,5.0,123.67,618.35,403.19,0,,
CLM-16696,Franchise_FL_04,Dehumidifier Rental,2025-10-31,21.0,116.78,2452.38,2452.38,1,10.0,4.0
CLM-97922,Franchise_FL_04,Baseboard Replacement,2025-08-13,44.0,89.32,3930.08,3930.08,1,8.0,2.0
CLM-67842,Franchise_TX_01,Antimicrobial Treatment,,43.0,134.88,5799.84,5799.84,1,,
CLM-35361,Franchise_FL_04,Drywall Repair,2025-12-19,16.0,115.65,1850.4,1850.4,1,12.0,4.0
CLM-15037,Franchise_TX_01,Water Extraction,,37.0,41.76,1545.12,1545.12,1,,
CLM-85027,Franchise_FL_04,Baseboard Replacement,2025-07-06,22.0,147.71,3249.62,2892.41,0,7.0,6.0
CLM-48984,Franchise_FL_04,Water Extraction,2025-11-09,43.0,29.56,1271.08,1271.08,1,11.0,6.0
CLM-40089,Franchise_TX_01,Drywall Repair,,1.0,142.79,142.79,101.78,0,,
CLM-13230,Franchise_NY_12,Water Extraction,,20.0,76.53,1530.6,700.68,0,,
CLM-68892,Franchise_NY_12,Antimicrobial Treatment,,6.0,78.7,472.2,472.2,1,,
CLM-86759,Franchise_NY_12,Antimicrobial Treatment,,3.0,45.28,135.84,119.79,0,,
CLM-25448,Franchise_NY_12,Baseboard Replacement,,23.0,132.23,3041.29,2572.98,0,,
CLM-51045,Franchise_TX_01,Antimicrobial Treatment,,42.0,19.91,836.22,438.78,0,,
CLM-96721,Franchise_NY_12,Baseboard Replacement,,15.0,56.25,843.75,843.75,1,,
CLM-11632,Franchise_TX_01,Baseboard Replacement,,43.0,84.66,3640.38,3640.38,1,,
CLM-95933,Franchise_NY_12,Drywall Repair,,22.0,147.17,3237.74,3237.74,1,,
CLM-69489,Franchise_TX_01,Drywall Repair,,48.0,23.19,1113.12,1113.12,1,,
CLM-89002,Franchise_NY_12,Antimicrobial Treatment,,40.0,37.42,1496.8,1270.96,0,,
CLM-26462,Franchise_FL_04,Water Extraction,2025-01-14,40.0,49.96,1998.4,1998.4,1,1.0,1.0
CLM-84612,Franchise_NY_12,Baseboard Replacement,,13.0,88.68,1152.84,1152.84,1,,
CLM-82578,Franchise_TX_01,Baseboard Replacement,,25.0,89.43,2235.75,1455.11,0,,
CLM-50016,Franchise_NY_12,Water Extraction,,21.0,135.47,2844.87,2844.87,1,,
CLM-99655,Franchise_FL_04,Antimicrobial Treatment,2025-01-14,13.0,26.57,345.41,345.41,1,1.0,1.0
CLM-18043,Franchise_FL_04,Baseboard Replacement,2025-03-04,26.0,48.31,1256.06,674.83,0,3.0,1.0
CLM-94345,Franchise_TX_01,Antimicrobial Treatment,,42.0,85.2,3578.4,3578.4,1,,
CLM-85885,Franchise_NY_12,Dehumidifier Rental,,50.0,122.72,6136.0,4386.36,0,,
CLM-66890,Franchise_NY_12,Antimicrobial Treatment,,19.0,30.8,585.2,585.2,1,,
CLM-45774,Franchise_TX_01,Water Extraction,,28.0,117.38,3286.64,3286.64,1,,
CLM-25685,Franchise_NY_12,Water Extraction,,27.0,115.23,3111.21,3111.21,1,,
CLM-60779,Franchise_FL_04,Baseboard Replacement,2025-06-01,42.0,136.33,5725.86,5725.86,1,6.0,6.0
CLM-60500,Franchise_NY_12,Drywall Repair,,17.0,105.75,1797.75,1797.75,1,,
CLM-12474,Franchise_FL_04,Water Extraction,2025-04-06,37.0,90.87,3362.19,2483.83,0,4.0,6.0
CLM-56610,Franchise_TX_01,Drywall Repair,,20.0,40.95,819.0,357.77,0,,
CLM-11050,Franchise_NY_12,Water Extraction,,49.0,142.4,6977.6,6977.6,1,,
CLM-42272,Franchise_FL_04,Baseboard Replacement,2025-09-17,35.0,125.18,4381.3,2401.77,0,9.0,2.0
CLM-25107,Franchise_NY_12,Baseboard Replacement,,30.0,135.69,4070.7,4070.7,1,,
CLM-49999,Franchise_FL_04,Water Extraction,2025-05-09,8.0,79.4,635.2,635.2,1,5.0,4.0
CLM-97569,Franchise_TX_01,Dehumidifier Rental,,44.0,133.11,5856.84,5856.84,1,,
CLM-45086,Franchise_TX_01,Antimicrobial Treatment,,4.0,72.71,290.84,132.32,0,,
CLM-15795,Franchise_NY_12,Dehumidifier Rental,,21.0,30.01,630.21,370.41,0,,
CLM-18092,Franchise_FL_04,Baseboard Replacement,2025-07-22,17.0,136.32,2317.44,1454.69,0,7.0,1.0
CLM-29743,Franchise_TX_01,Antimicrobial Treatment,,29.0,66.38,1925.02,1925.02,1,,
CLM-86248,Franchise_NY_12,Dehumidifier Rental,,48.0,115.69,5553.12,2415.64,0,,
CLM-50452,Franchise_NY_12,Dehumidifier Rental,,31.0,43.57,1350.67,654.7,0,,
CLM-68639,Franchise_FL_04,Water Extraction,2025-06-04,1.0,146.12,146.12,146.12,1,6.0,2.0
CLM-93878,Franchise_FL_04,Baseboard Replacement,2025-04-23,23.0,70.47,1620.81,726.05,0,4.0,2.0
CLM-80660,Franchise_FL_04,Water Extraction,2025-01-03,30.0,145.39,4361.7,4361.7,1,1.0,4.0
CLM-12749,Franchise_FL_04,Drywall Repair,2025-01-31,31.0,89.74,2781.94,2781.94,1,1.0,4.0
CLM-59051,Franchise_NY_12,Dehumidifier Rental,,11.0,132.71,1459.81,1459.81,1,,
CLM-76357,Franchise_TX_01,Dehumidifier Rental,,21.0,19.76,414.96,414.96,1,,
CLM-10964,Franchise_NY_12,Dehumidifier Rental,,36.0,36.52,1314.72,1056.44,0,,
CLM-79687,Franchise_TX_01,Antimicrobial Treatment,,16.0,61.76,988.16,552.98,0,,
CLM-83784,Franchise_NY_12,Drywall Repair,,15.0,105.9,1588.5,1588.5,1,,
CLM-55215,Franchise_NY_12,Water Extraction,,32.0,35.19,1126.08,1126.08,1,,
CLM-89127,Franchise_FL_04,Dehumidifier Rental,2025-06-28,19.0,117.67,2235.73,2235.73,1,6.0,5.0
CLM-98105,Franchise_NY_12,Dehumidifier Rental,,15.0,18.57,278.55,278.55,1,,
CLM-75651,Franchise_TX_01,Antimicrobial Treatment,,36.0,121.49,4373.64,4373.64,1,,
CLM-51704,Franchise_NY_12,Antimicrobial Treatment,,13.0,124.31,1616.03,1616.03,1,,
CLM-68366,Franchise_FL_04,Dehumidifier Rental,2025-06-25,32.0,102.28,3272.96,1567.52,0,6.0,2.0
CLM-67497,Franchise_FL_04,Water Extraction,2025-03-25,20.0,79.81,1596.2,1264.75,0,3.0,1.0
CLM-57436,Franchise_NY_12,Baseboard Replacement,,32.0,113.98,3647.36,3647.36,1,,
CLM-48382,Franchise_NY_12,Antimicrobial Treatment,,33.0,49.73,1641.09,1641.09,1,,
CLM-64064,Franchise_NY_12,Dehumidifier Rental,,14.0,102.05,1428.7,664.3,0,,
CLM-32525,Franchise_FL_04,Dehumidifier Rental,2025-08-04,5.0,111.3,556.5,411.66,0,8.0,0.0
CLM-21918,Franchise_NY_12,Baseboard Replacement,,48.0,58.04,2785.92,2114.88,0,,
CLM-24902,Franchise_NY_12,Baseboard Replacement,,19.0,123.16,2340.04,2035.95,0,,
CLM-67238,Franchise_FL_04,Drywall Repair,2025-09-24,11.0,137.8,1515.8,801.09,0,9.0,2.0
CLM-96681,Franchise_NY_12,Baseboard Replacement,,48.0,60.76,2916.48,1853.26,0,,
CLM-22604,Franchise_TX_01,Antimicrobial Treatment - MISC,,19.0,48.63,923.97,749.0,0,,
CLM-32346,Franchise_FL_04,Dehumidifier Rental,2025-05-16,37.0,56.62,2094.94,1433.6,0,5.0,4.0
CLM-63585,Franchise_NY_12,Dehumidifier Rental,,12.0,116.65,1399.8,702.95,0,,
CLM-14731,Franchise_FL_04,Dehumidifier Rental,2025-07-11,34.0,83.48,2838.32,2109.18,0,7.0,4.0
CLM-78812,Franchise_TX_01,Drywall Repair,,27.0,83.62,2257.74,1817.85,0,,
CLM-88716,Franchise_NY_12,Dehumidifier Rental,,45.0,148.72,6692.4,3502.5,0,,
CLM-37171,Franchise_NY_12,Baseboard Replacement,,49.0,144.76,7093.24,3274.12,0,,
CLM-69865,Franchise_FL_04,Water Extraction,2025-01-03,29.0,70.13,2033.77,1670.07,0,1.0,4.0
CLM-98385,Franchise_NY_12,Drywall Repair,,5.0,135.67,678.35,678.35,1,,
CLM-99508,Franchise_NY_12,Water Extraction,,30.0,60.93,1827.9,1827.9,1,,
CLM-18729,Franchise_TX_01,Water Extraction,,27.0,91.5,2470.5,1862.31,0,,
CLM-53726,Franchise_TX_01,Drywall Repair - MISC,,9.0,133.16,1198.44,820.61,0,,
CLM-28694,Franchise_TX_01,Antimicrobial Treatment,,8.0,99.05,792.4,792.4,1,,
CLM-52100,Franchise_FL_04,Dehumidifier Rental,2025-02-07,42.0,93.8,3939.6,3939.6,1,2.0,4.0
CLM-18312,Franchise_FL_04,Water Extraction,2025-11-20,34.0,74.69,2539.46,2539.46,1,11.0,3.0
CLM-88643,Franchise_TX_01,Drywall Repair - MISC,,19.0,121.12,2301.28,1282.02,0,,
CLM-38735,Franchise_NY_12,Baseboard Replacement,,12.0,113.44,1361.28,615.02,0,,
CLM-38252,Franchise_FL_04,Baseboard Replacement,2025-08-22,9.0,116.2,1045.8,480.42,0,8.0,4.0
CLM-42289,Franchise_TX_01,Dehumidifier Rental,,9.0,105.42,948.78,948.78,1,,
CLM-47515,Franchise_TX_01,Drywall Repair,,49.0,86.43,4235.07,4235.07,1,,
CLM-68065,Franchise_FL_04,Dehumidifier Rental,2025-12-21,40.0,136.86,5474.4,5474.4,1,12.0,6.0
CLM-99936,Franchise_NY_12,Baseboard Replacement,,29.0,40.97,1188.13,813.99,0,,
CLM-23451,Franchise_FL_04,Drywall Repair,2025-11-26,27.0,113.34,3060.18,2092.62,0,11.0,2.0
CLM-53051,Franchise_TX_01,Water Extraction,,9.0,105.94,953.46,953.46,1,,
CLM-78056,Franchise_TX_01,Baseboard Replacement,,48.0,102.63,4926.24,3188.0,0,,
CLM-54046,Franchise_NY_12,Dehumidifier Rental,,12.0,58.26,699.12,699.12,1,,
CLM-43751,Franchise_FL_04,Drywall Repair,2025-06-30,44.0,126.64,5572.16,5572.16,1,6.0,0.0
CLM-70974,Franchise_NY_12,Dehumidifier Rental,,10.0,42.4,424.0,424.0,1,,
CLM-30922,Franchise_TX_01,Drywall Repair,,4.0,45.39,181.56,91.25,0,,
CLM-41431,Franchise_FL_04,Water Extraction,2025-03-27,20.0,25.22,504.4,504.4,1,3.0,3.0
CLM-75649,Franchise_NY_12,Drywall Repair,,24.0,130.19,3124.56,3124.56,1,,
CLM-15673,Franchise_TX_01,Antimicrobial Treatment,,35.0,41.41,1449.35,1449.35,1,,
CLM-11528,Franchise_NY_12,Antimicrobial Treatment,,16.0,126.83,2029.28,2029.28,1,,
CLM-92671,Franchise_FL_04,Antimicrobial Treatment,2025-05-03,39.0,115.02,4485.78,4485.78,1,5.0,5.0
CLM-60117,Franchise_NY_12,Baseboard Replacement,,34.0,28.04,953.36,758.6,0,,
CLM-45014,Franchise_FL_04,Water Extraction,2025-09-15,6.0,147.23,883.38,634.3,0,9.0,0.0
CLM-91023,Franchise_TX_01,Baseboard Replacement - MISC,,33.0,20.16,665.28,665.28,1,,
CLM-18573,Franchise_TX_01,Antimicrobial Treatment,,8.0,16.94,135.52,93.08,0,,
CLM-96219,Franchise_NY_12,Drywall Repair,,14.0,58.57,819.98,330.4,0,,
CLM-27194,Franchise_FL_04,Antimicrobial Treatment,2025-12-16,14.0,149.18,2088.52,2088.52,1,12.0,1.0
CLM-41552,Franchise_TX_01,Water Extraction,,16.0,94.11,1505.76,1084.93,0,,
CLM-18736,Franchise_FL_04,Dehumidifier Rental,2025-11-04,9.0,74.41,669.69,669.69,1,11.0,1.0
CLM-25376,Franchise_NY_12,Drywall Repair,,41.0,129.03,5290.23,3319.61,0,,
CLM-20238,Franchise_NY_12,Antimicrobial Treatment,,22.0,111.48,2452.56,2452.56,1,,
CLM-58480,Franchise_TX_01,Baseboard Replacement,,12.0,106.31,1275.72,1275.72,1,,
CLM-90505,Franchise_FL_04,Drywall Repair,2025-10-31,13.0,76.4,993.2,572.02,0,10.0,4.0
CLM-71206,Franchise_NY_12,Baseboard Replacement,,5.0,38.8,194.0,194.0,1,,
CLM-62823,Franchise_TX_01,Drywall Repair,,34.0,54.13,1840.42,1840.42,1,,
CLM-90556,Franchise_TX_01,Antimicrobial Treatment,,29.0,135.68,3934.72,3934.72,1,,
CLM-53142,Franchise_TX_01,Baseboard Replacement - MISC,,39.0,29.32,1143.48,719.13,0,,
CLM-60993,Franchise_TX_01,Drywall Repair,,6.0,105.22,631.32,361.77,0,,
CLM-14618,Franchise_FL_04,Drywall Repair,2025-04-28,41.0,96.28,3947.48,3397.04,0,4.0,0.0
CLM-53302,Franchise_NY_12,Drywall Repair,,32.0,18.38,588.16,588.16,1,,
CLM-25215,Franchise_TX_01,Water Extraction,,9.0,61.97,557.73,557.73,1,,
CLM-79369,Franchise_FL_04,Baseboard Replacement,2025-08-19,46.0,111.95,5149.7,5149.7,1,8.0,1.0
CLM-13817,Franchise_TX_01,Water Extraction,,11.0,110.87,1219.57,1219.57,1,,
CLM-63732,Franchise_TX_01,Drywall Repair,,19.0,17.87,339.53,339.53,1,,
CLM-65892,Franchise_NY_12,Drywall Repair,,16.0,106.24,1699.84,1699.84,1,,
CLM-75090,Franchise_TX_01,Dehumidifier Rental,,48.0,98.29,4717.92,4717.92,1,,
CLM-22044,Franchise_TX_01,Antimicrobial Treatment,,42.0,110.12,4625.04,4625.04,1,,
CLM-85071,Franchise_TX_01,Baseboard Replacement,,24.0,85.68,2056.32,2056.32,1,,
CLM-14388,Franchise_TX_01,Antimicrobial Treatment,,3.0,28.61,85.83,85.83,1,,
CLM-42813,Franchise_NY_12,Dehumidifier Rental,,22.0,102.44,2253.68,2253.68,1,,
CLM-80597,Franchise_NY_12,Baseboard Replacement,,35.0,112.38,3933.3,3933.3,1,,
CLM-11238,Franchise_FL_04,Water Extraction,2025-09-13,33.0,46.63,1538.79,1300.88,0,9.0,5.0
CLM-72043,Franchise_FL_04,Water Extraction,2025-09-04,13.0,104.71,1361.23,1191.69,0,9.0,3.0
CLM-29182,Franchise_FL_04,Water Extraction,2025-04-15,42.0,18.82,790.44,395.53,0,4.0,1.0
CLM-44208,Franchise_NY_12,Antimicrobial Treatment,,24.0,140.85,3380.4,1871.87,0,,
CLM-50494,Franchise_NY_12,Water Extraction,,3.0,132.19,396.57,396.57,1,,
CLM-29264,Franchise_TX_01,Drywall Repair,,15.0,97.22,1458.3,1185.31,0,,
CLM-55789,Franchise_TX_01,Drywall Repair,,33.0,41.09,1355.97,1158.64,0,,
CLM-16340,Franchise_TX_01,Baseboard Replacement,,34.0,100.49,3416.66,1637.28,0,,
CLM-25834,Franchise_FL_04,Antimicrobial Treatment,2025-03-17,7.0,50.84,355.88,175.41,0,3.0,0.0
CLM-94596,Franchise_TX_01,Baseboard Replacement,,27.0,70.17,1894.59,1894.59,1,,
CLM-73951,Franchise_FL_04,Baseboard Replacement,2025-02-22,48.0,104.16,4999.68,4999.68,1,2.0,5.0
CLM-23379,Franchise_TX_01,Water Extraction - MISC,,40.0,70.96,2838.4,2838.4,1,,
CLM-57225,Franchise_NY_12,Water Extraction,,31.0,95.63,2964.53,2315.86,0,,
CLM-78034,Franchise_TX_01,Antimicrobial Treatment - MISC,,30.0,43.67,1310.1,1310.1,1,,
CLM-76852,Franchise_TX_01,Drywall Repair,,43.0,111.23,4782.89,4782.89,1,,
CLM-39350,Franchise_TX_01,Drywall Repair,,19.0,32.46,616.74,437.55,0,,
CLM-45542,Franchise_TX_01,Dehumidifier Rental,,41.0,87.17,3573.97,1588.26,0,,
CLM-48047,Franchise_TX_01,Antimicrobial Treatment,,14.0,36.04,504.56,267.92,0,,
CLM-43290,Franchise_FL_04,Dehumidifier Rental,2025-01-05,15.0,68.03,1020.45,1020.45,1,1.0,6.0
CLM-52528,Franchise_FL_04,Drywall Repair,2025-03-22,29.0,102.01,2958.29,2958.29,1,3.0,5.0
CLM-25746,Franchise_FL_04,Baseboard Replacement,2025-06-13,27.0,74.49,2011.23,2011.23,1,6.0,4.0
CLM-20942,Franchise_NY_12,Dehumidifier Rental,,44.0,52.09,2291.96,1988.53,0,,
CLM-35885,Franchise_TX_01,Antimicrobial Treatment,,4.0,67.22,268.88,120.45,0,,
CLM-24852,Franchise_TX_01,Baseboard Replacement,,7.0,133.17,932.19,447.15,0,,
CLM-12947,Franchise_NY_12,Dehumidifier Rental,,4.0,80.5,322.0,322.0,1,,
CLM-63164,Franchise_FL_04,Antimicrobial Treatment,2025-04-19,18.0,48.78,878.04,600.84,0,4.0,5.0
CLM-26343,Franchise_FL_04,Water Extraction,2025-05-10,33.0,96.44,3182.52,3182.52,1,5.0,5.0
CLM-18979,Franchise_TX_01,Water Extraction,,10.0,36.29,362.9,265.9,0,,
CLM-25464,Franchise_TX_01,Antimicrobial Treatment,,13.0,124.64,1620.32,1620.32,1,,
CLM-54717,Franchise_FL_04,Baseboard Replacement,2025-07-12,27.0,110.55,2984.85,2984.85,1,7.0,5.0
CLM-92367,Franchise_TX_01,Dehumidifier Rental,,37.0,138.78,5134.86,5134.86,1,,
CLM-22524,Franchise_TX_01,Baseboard Replacement,,20.0,20.36,407.2,233.08,0,,
CLM-79943,Franchise_FL_04,Water Extraction,2025-08-19,37.0,76.18,2818.66,2818.66,1,8.0,1.0
CLM-53104,Franchise_TX_01,Baseboard Replacement,,26.0,128.72,3346.72,3346.72,1,,
CLM-64578,Franchise_FL_04,Dehumidifier Rental,2025-07-29,39.0,43.72,1705.08,1705.08,1,7.0,1.0
CLM-95644,Franchise_TX_01,Drywall Repair,,42.0,121.83,5116.86,5116.86,1,,
CLM-54705,Franchise_FL_04,Baseboard Replacement,2025-05-13,37.0,37.41,1384.17,1384.17,1,5.0,1.0
CLM-96733,Franchise_NY_12,Drywall Repair,,6.0,32.31,193.86,193.86,1,,
CLM-53304,Franchise_NY_12,Antimicrobial Treatment,,45.0,71.7,3226.5,2249.95,0,,
CLM-14945,Franchise_TX_01,Antimicrobial Treatment - MISC,,44.0,17.15,754.6,754.6,1,,
CLM-96012,Franchise_NY_12,Drywall Repair,,42.0,111.69,4690.98,4690.98,1,,
CLM-58057,Franchise_TX_01,Dehumidifier Rental,,29.0,144.17,4180.93,4180.93,1,,
CLM-32956,Franchise_NY_12,Antimicrobial Treatment,,23.0,24.41,561.43,561.43,1,,
CLM-65638,Franchise_NY_12,Baseboard Replacement,,8.0,93.23,745.84,302.84,0,,
CLM-91806,Franchise_TX_01,Water Extraction,,38.0,86.43,3284.34,3284.34,1,,
CLM-71013,Franchise_NY_12,Water Extraction,,39.0,121.29,4730.31,4730.31,1,,
CLM-89975,Franchise_NY_12,Baseboard Replacement,,29.0,101.93,2955.97,1740.21,0,,
CLM-81186,Franchise_FL_04,Drywall Repair,2025-07-24,30.0,131.98,3959.4,3210.44,0,7.0,3.0
CLM-37604,Franchise_FL_04,Water Extraction,2025-05-03,5.0,44.41,222.05,191.12,0,5.0,5.0
CLM-79511,Franchise_NY_12,Drywall Repair,,19.0,86.08,1635.52,1635.52,1,,
CLM-25592,Franchise_TX_01,Water Extraction - MISC,,45.0,104.21,4689.45,2244.19,0,,
CLM-74019,Franchise_TX_01,Baseboard Replacement,,39.0,91.98,3587.22,3587.22,1,,
CLM-50697,Franchise_FL_04,Baseboard Replacement,2025-05-26,31.0,62.29,1930.99,1459.01,0,5.0,0.0
CLM-85746,Franchise_FL_04,Dehumidifier Rental,2025-12-10,9.0,140.0,1260.0,766.0,0,12.0,2.0
CLM-39243,Franchise_NY_12,Baseboard Replacement,,19.0,28.2,535.8,535.8,1,,
CLM-23667,Franchise_FL_04,Dehumidifier Rental,2025-11-27,19.0,85.93,1632.67,869.01,0,11.0,3.0
CLM-97767,Franchise_TX_01,Baseboard Replacement,,42.0,34.22,1437.24,1437.24,1,,
CLM-93227,Franchise_TX_01,Antimicrobial Treatment,,13.0,65.3,848.9,549.29,0,,
CLM-86312,Franchise_FL_04,Baseboard Replacement,2025-04-10,38.0,149.81,5692.78,5692.78,1,4.0,3.0
CLM-42430,Franchise_FL_04,Water Extraction,2025-01-16,36.0,47.91,1724.76,1724.76,1,1.0,3.0
CLM-99522,Franchise_NY_12,Drywall Repair,,48.0,109.57,5259.36,5259.36,1,,
CLM-81344,Franchise_FL_04,Dehumidifier Rental,2025-10-18,44.0,47.73,2100.12,861.13,0,10.0,5.0
CLM-15803,Franchise_TX_01,Baseboard Replacement,,25.0,53.26,1331.5,1331.5,1,,
CLM-17072,Franchise_FL_04,Baseboard Replacement,2025-06-19,3.0,123.87,371.61,307.38,0,6.0,3.0
CLM-36933,Franchise_NY_12,Baseboard Replacement,,2.0,119.47,238.94,150.02,0,,
CLM-90947,Franchise_TX_01,Antimicrobial Treatment - MISC,,40.0,54.99,2199.6,2199.6,1,,
CLM-30247,Franchise_FL_04,Dehumidifier Rental,2025-05-07,20.0,138.19,2763.8,1183.6,0,5.0,2.0
CLM-45513,Franchise_NY_12,Water Extraction,,20.0,87.71,1754.2,925.14,0,,
CLM-72285,Franchise_NY_12,Dehumidifier Rental,,29.0,143.13,4150.77,4150.77,1,,
CLM-54130,Franchise_FL_04,Baseboard Replacement,2025-10-25,14.0,40.1,561.4,231.54,0,10.0,5.0
CLM-29940,Franchise_TX_01,Baseboard Replacement,,13.0,111.61,1450.93,982.58,0,,
CLM-93458,Franchise_NY_12,Baseboard Replacement,,21.0,85.9,1803.9,1803.9,1,,
CLM-64716,Franchise_NY_12,Antimicrobial Treatment,,16.0,51.83,829.28,829.28,1,,
CLM-70208,Franchise_TX_01,Drywall Repair,,23.0,136.55,3140.65,3140.65,1,,
CLM-94686,Franchise_TX_01,Dehumidifier Rental,,37.0,91.79,3396.23,3006.45,0,,
CLM-43416,Franchise_NY_12,Antimicrobial Treatment,,49.0,59.07,2894.43,2236.47,0,,
CLM-94994,Franchise_TX_01,Water Extraction - MISC,,5.0,136.9,684.5,684.5,1,,
CLM-54608,Franchise_NY_12,Water Extraction,,18.0,147.06,2647.08,1887.07,0,,
CLM-58264,Franchise_FL_04,Dehumidifier Rental,2025-01-05,15.0,19.41,291.15,291.15,1,1.0,6.0
CLM-11400,Franchise_TX_01,Antimicrobial Treatment,,6.0,74.61,447.66,447.66,1,,
CLM-59987,Franchise_NY_12,Drywall Repair,,12.0,65.65,787.8,787.8,1,,
CLM-57129,Franchise_NY_12,Water Extraction,,9.0,149.0,1341.0,1341.0,1,,
CLM-48334,Franchise_NY_12,Dehumidifier Rental,,24.0,35.18,844.32,844.32,1,,
CLM-51995,Franchise_NY_12,Antimicrobial Treatment,,19.0,49.12,933.28,426.21,0,,
CLM-26955,Franchise_NY_12,Baseboard Replacement,,4.0,52.23,208.92,208.92,1,,
CLM-78978,Franchise_TX_01,Antimicrobial Treatment,,16.0,144.3,2308.8,2308.8,1,,
CLM-91201,Franchise_TX_01,Water Extraction,,17.0,123.33,2096.61,2096.61,1,,
CLM-56750,Franchise_TX_01,Dehumidifier Rental - MISC,,10.0,75.53,755.3,390.32,0,,
CLM-91743,Franchise_FL_04,Baseboard Replacement,2025-06-27,20.0,45.98,919.6,919.6,1,6.0,4.0
CLM-20401,Franchise_TX_01,Drywall Repair,,16.0,108.05,1728.8,1728.8,1,,
CLM-99187,Franchise_TX_01,Water Extraction,,26.0,109.05,2835.3,2835.3,1,,
CLM-12767,Franchise_TX_01,Antimicrobial Treatment,,40.0,71.27,2850.8,1757.78,0,,
CLM-83503,Franchise_FL_04,Water Extraction,2025-04-22,43.0,148.31,6377.33,6377.33,1,4.0,1.0
CLM-25299,Franchise_TX_01,Drywall Repair - MISC,,17.0,127.55,2168.35,1318.89,0,,
CLM-51992,Franchise_FL_04,Water Extraction,2025-03-05,33.0,63.26,2087.58,2087.58,1,3.0,2.0
CLM-73144,Franchise_TX_01,Baseboard Replacement,,26.0,125.97,3275.22,3275.22,1,,
CLM-50822,Franchise_TX_01,Drywall Repair,,20.0,90.0,1800.0,1800.0,1,,
CLM-76318,Franchise_FL_04,Baseboard Replacement,2025-06-12,35.0,39.07,1367.45,1367.45,1,6.0,3.0
CLM-20213,Franchise_NY_12,Dehumidifier Rental,,32.0,84.05,2689.6,2392.42,0,,
CLM-81459,Franchise_TX_01,Baseboard Replacement,,1.0,25.24,25.24,12.77,0,,
CLM-68210,Franchise_TX_01,Water Extraction,,28.0,57.24,1602.72,1602.72,1,,
CLM-81251,Franchise_NY_12,Drywall Repair,,7.0,110.02,770.14,422.73,0,,
CLM-78880,Franchise_FL_04,Antimicrobial Treatment,2025-04-04,29.0,20.95,607.55,607.55,1,4.0,4.0
CLM-59193,Franchise_NY_12,Antimicrobial Treatment,,34.0,108.57,3691.38,3691.38,1,,
CLM-55201,Franchise_FL_04,Water Extraction,2025-12-18,46.0,109.47,5035.62,4311.63,0,12.0,3.0
CLM-10331,Franchise_FL_04,Antimicrobial Treatment,2025-07-03,27.0,109.41,2954.07,2320.25,0,7.0,3.0
CLM-94454,Franchise_NY_12,Baseboard Replacement,,25.0,94.89,2372.25,2372.25,1,,
CLM-62320,Franchise_TX_01,Dehumidifier Rental,,24.0,99.48,2387.52,1463.79,0,,
CLM-37412,Franchise_TX_01,Baseboard Replacement,,49.0,77.22,3783.78,3783.78,1,,
CLM-91339,Franchise_FL_04,Drywall Repair,2025-06-13,4.0,52.86,211.44,146.97,0,6.0,4.0
CLM-98925,Franchise_NY_12,Antimicrobial Treatment,,45.0,23.15,1041.75,1041.75,1,,
CLM-87064,Franchise_TX_01,Baseboard Replacement,,43.0,23.15,995.45,589.85,0,,
CLM-90856,Franchise_FL_04,Water Extraction,2025-08-19,42.0,73.8,3099.6,1418.1,0,8.0,1.0
CLM-31577,Franchise_TX_01,Water Extraction - MISC,,37.0,49.68,1838.16,1838.16,1,,
CLM-50068,Franchise_NY_12,Dehumidifier Rental,,46.0,58.19,2676.74,1273.69,0,,
CLM-43010,Franchise_FL_04,Water Extraction,2025-04-17,33.0,123.15,4063.95,4063.95,1,4.0,3.0
CLM-17477,Franchise_FL_04,Water Extraction,2025-11-10,21.0,43.37,910.77,910.77,1,11.0,0.0
CLM-86349,Franchise_NY_12,Dehumidifier Rental,,42.0,133.11,5590.62,2681.94,0,,
CLM-12758,Franchise_FL_04,Water Extraction,2025-04-12,5.0,115.86,579.3,579.3,1,4.0,5.0
CLM-12276,Franchise_FL_04,Water Extraction,2025-12-13,14.0,27.86,390.04,390.04,1,12.0,5.0
CLM-56783,Franchise_FL_04,Antimicrobial Treatment,2025-02-08,14.0,104.04,1456.56,1085.06,0,2.0,5.0
CLM-56334,Franchise_NY_12,Baseboard Replacement,,35.0,114.54,4008.9,3374.28,0,,
CLM-67577,Franchise_NY_12,Baseboard Replacement,,35.0,19.87,695.45,536.62,0,,
CLM-97197,Franchise_TX_01,Baseboard Replacement - MISC,,39.0,136.99,5342.61,5342.61,1,,
CLM-44957,Franchise_TX_01,Drywall Repair,,49.0,90.62,4440.38,2800.9,0,,
CLM-43823,Franchise_TX_01,Antimicrobial Treatment,,46.0,111.82,5143.72,2845.97,0,,
CLM-81330,Franchise_NY_12,Dehumidifier Rental,,23.0,138.01,3174.23,3174.23,1,,
CLM-95113,Franchise_NY_12,Dehumidifier Rental,,47.0,34.69,1630.43,1462.72,0,,
CLM-84456,Franchise_FL_04,Baseboard Replacement,2025-06-24,37.0,132.65,4908.05,2237.69,0,6.0,1.0
CLM-85027,Franchise_NY_12,Water Extraction,,16.0,76.1,1217.6,1217.6,1,,
CLM-59223,Franchise_NY_12,Baseboard Replacement,,20.0,51.65,1033.0,488.23,0,,
CLM-44029,Franchise_NY_12,Antimicrobial Treatment,,37.0,80.98,2996.26,2996.26,1,,
CLM-92716,Franchise_TX_01,Antimicrobial Treatment,,4.0,67.95,271.8,271.8,1,,
CLM-10965,Franchise_NY_12,Baseboard Replacement,,28.0,21.54,603.12,406.96,0,,
CLM-12828,Franchise_FL_04,Drywall Repair,2025-09-14,22.0,93.42,2055.24,2055.24,1,9.0,6.0
CLM-65608,Franchise_TX_01,Drywall Repair,,28.0,144.88,4056.64,4056.64,1,,
CLM-39273,Franchise_FL_04,Water Extraction,2025-01-13,7.0,54.24,379.68,379.68,1,1.0,0.0
CLM-44288,Franchise_NY_12,Dehumidifier Rental,,23.0,118.9,2734.7,1659.44,0,,
CLM-94972,Franchise_NY_12,Antimicrobial Treatment,,12.0,90.65,1087.8,463.77,0,,
CLM-34720,Franchise_NY_12,Water Extraction,,48.0,42.94,2061.12,2061.12,1,,
CLM-22358,Franchise_TX_01,Drywall Repair,,35.0,62.59,2190.65,2190.65,1,,
CLM-85707,Franchise_TX_01,Baseboard Replacement,,37.0,114.15,4223.55,2151.0,0,,
CLM-63036,Franchise_TX_01,Water Extraction - MISC,,5.0,98.55,492.75,341.08,0,,
CLM-19394,Franchise_FL_04,Baseboard Replacement,2025-12-25,25.0,77.0,1925.0,1134.24,0,12.0,3.0
CLM-37306,Franchise_FL_04,Baseboard Replacement,2025-02-02,39.0,113.05,4408.95,3274.1,0,2.0,6.0
CLM-79439,Franchise_TX_01,Baseboard Replacement,,45.0,81.16,3652.2,3652.2,1,,
CLM-75584,Franchise_FL_04,Baseboard Replacement,2025-08-20,20.0,147.15,2943.0,2260.41,0,8.0,2.0
CLM-17360,Franchise_NY_12,Dehumidifier Rental,,45.0,136.83,6157.35,2649.5,0,,
CLM-18391,Franchise_NY_12,Antimicrobial Treatment,,35.0,111.97,3918.95,1795.03,0,,
CLM-33003,Franchise_FL_04,Drywall Repair,2025-02-13,36.0,61.55,2215.8,2215.8,1,2.0,3.0
CLM-91822,Franchise_FL_04,Drywall Repair,2025-10-19,48.0,125.03,6001.44,6001.44,1,10.0,6.0
CLM-18866,Franchise_TX_01,Dehumidifier Rental,,7.0,110.95,776.65,776.65,1,,
CLM-12298,Franchise_NY_12,Drywall Repair,,38.0,124.81,4742.78,3844.4,0,,
CLM-99244,Franchise_NY_12,Drywall Repair,,37.0,75.14,2780.18,2780.18,1,,
CLM-39093,Franchise_TX_01,Water Extraction,,50.0,24.82,1241.0,1241.0,1,,
CLM-74019,Franchise_FL_04,Baseboard Replacement,2025-02-19,10.0,114.71,1147.1,1147.1,1,2.0,2.0
CLM-44425,Franchise_NY_12,Dehumidifier Rental,,35.0,38.21,1337.35,765.44,0,,
CLM-21675,Franchise_NY_12,Antimicrobial Treatment,,6.0,120.74,724.44,343.01,0,,
CLM-18466,Franchise_TX_01,Baseboard Replacement,,1.0,116.82,116.82,116.82,1,,
CLM-17433,Franchise_NY_12,Water Extraction,,30.0,114.97,3449.1,3449.1,1,,
CLM-99585,Franchise_FL_04,Drywall Repair,2025-07-22,34.0,83.05,2823.7,2823.7,1,7.0,1.0
CLM-65669,Franchise_FL_04,Water Extraction,2025-03-04,16.0,45.48,727.68,727.68,1,3.0,1.0
CLM-60796,Franchise_NY_12,Water Extraction,,6.0,116.59,699.54,495.85,0,,
CLM-44057,Franchise_FL_04,Water Extraction,2025-04-26,46.0,79.15,3640.9,3640.9,1,4.0,5.0
CLM-22935,Franchise_TX_01,Antimicrobial Treatment - MISC,,36.0,58.93,2121.48,2121.48,1,,
CLM-31673,Franchise_TX_01,Dehumidifier Rental - MISC,,39.0,17.18,670.02,670.02,1,,
CLM-66361,Franchise_NY_12,Baseboard Replacement,,35.0,93.35,3267.25,1307.52,0,,
CLM-18221,Franchise_TX_01,Antimicrobial Treatment,,40.0,35.04,1401.6,1401.6,1,,
CLM-83915,Franchise_TX_01,Baseboard Replacement - MISC,,8.0,119.14,953.12,794.38,0,,
CLM-74124,Franchise_NY_12,Dehumidifier Rental,,39.0,64.36,2510.04,2510.04,1,,
CLM-35134,Franchise_TX_01,Dehumidifier Rental,,33.0,85.04,2806.32,1686.93,0,,
CLM-29346,Franchise_NY_12,Baseboard Replacement,,36.0,126.47,4552.92,3990.48,0,,
CLM-78693,Franchise_FL_04,Antimicrobial Treatment,2025-05-30,4.0,90.07,360.28,360.28,1,5.0,4.0
CLM-81944,Franchise_TX_01,Water Extraction,,20.0,129.99,2599.8,1494.8,0,,
CLM-33022,Franchise_TX_01,Baseboard Replacement,,22.0,19.37,426.14,426.14,1,,
CLM-43360,Franchise_NY_12,Antimicrobial Treatment,,43.0,109.17,4694.31,4694.31,1,,
CLM-31695,Franchise_NY_12,Dehumidifier Rental,,22.0,113.85,2504.7,1888.76,0,,
CLM-87120,Franchise_NY_12,Antimicrobial Treatment,,24.0,122.79,2946.96,2946.96,1,,
CLM-74824,Franchise_FL_04,Baseboard Replacement,2025-06-01,27.0,84.58,2283.66,1573.43,0,6.0,6.0
CLM-90173,Franchise_TX_01,Baseboard Replacement - MISC,,7.0,60.97,426.79,426.79,1,,
CLM-11013,Franchise_FL_04,Dehumidifier Rental,2025-11-28,12.0,120.53,1446.36,857.51,0,11.0,4.0
CLM-77758,Franchise_NY_12,Antimicrobial Treatment,,50.0,121.02,6051.0,4037.68,0,,
CLM-43064,Franchise_TX_01,Baseboard Replacement,,50.0,88.57,4428.5,4428.5,1,,
CLM-76501,Franchise_TX_01,Dehumidifier Rental,,19.0,96.86,1840.34,1206.43,0,,
CLM-46252,Franchise_NY_12,Dehumidifier Rental,,27.0,26.82,724.14,724.14,1,,
CLM-90534,Franchise_NY_12,Baseboard Replacement,,23.0,65.41,1504.43,1504.43,1,,
CLM-40528,Franchise_FL_04,Dehumidifier Rental,2025-01-22,42.0,53.67,2254.14,2254.14,1,1.0,2.0
CLM-80456,Franchise_NY_12,Drywall Repair,,41.0,102.88,4218.08,2550.91,0,,
CLM-63568,Franchise_FL_04,Baseboard Replacement,2025-01-02,35.0,142.8,4998.0,4998.0,1,1.0,3.0
CLM-59288,Franchise_NY_12,Water Extraction,,42.0,91.15,3828.3,3828.3,1,,
CLM-11756,Franchise_NY_12,Baseboard Replacement,,26.0,101.24,2632.24,2632.24,1,,
CLM-84725,Franchise_FL_04,Baseboard Replacement,2025-12-17,15.0,50.01,750.15,634.99,0,12.0,2.0
CLM-67363,Franchise_NY_12,Dehumidifier Rental,,29.0,15.33,444.57,444.57,1,,
CLM-78436,Franchise_TX_01,Baseboard Replacement,,34.0,24.38,828.92,828.92,1,,
CLM-19771,Franchise_TX_01,Dehumidifier Rental,,39.0,77.12,3007.68,1517.57,0,,
CLM-69039,Franchise_FL_04,Water Extraction,2025-01-09,2.0,50.42,100.84,100.84,1,1.0,3.0
CLM-73349,Franchise_NY_12,Dehumidifier Rental,,29.0,87.54,2538.66,2538.66,1,,
CLM-54607,Franchise_FL_04,Dehumidifier Rental,2025-04-02,13.0,18.01,234.13,234.13,1,4.0,2.0
CLM-32400,Franchise_NY_12,Antimicrobial Treatment,,10.0,38.53,385.3,278.12,0,,
CLM-56301,Franchise_FL_04,Baseboard Replacement,2025-12-21,50.0,37.53,1876.5,1381.91,0,12.0,6.0
CLM-41672,Franchise_NY_12,Water Extraction,,44.0,132.9,5847.6,5847.6,1,,
CLM-29964,Franchise_TX_01,Dehumidifier Rental,,8.0,68.57,548.56,548.56,1,,
CLM-65935,Franchise_TX_01,Drywall Repair - MISC,,8.0,44.85,358.8,358.8,1,,
CLM-81692,Franchise_TX_01,Drywall Repair,,46.0,30.28,1392.88,1392.88,1,,
CLM-13977,Franchise_NY_12,Baseboard Replacement,,42.0,20.96,880.32,880.32,1,,
CLM-51955,Franchise_FL_04,Dehumidifier Rental,2025-12-31,22.0,86.27,1897.94,972.73,0,12.0,2.0
CLM-70869,Franchise_NY_12,Water Extraction,,13.0,121.42,1578.46,644.22,0,,
CLM-71127,Franchise_NY_12,Water Extraction,,50.0,91.63,4581.5,2710.58,0,,
CLM-79346,Franchise_NY_12,Baseboard Replacement,,40.0,70.62,2824.8,2041.73,0,,
CLM-89221,Franchise_FL_04,Antimicrobial Treatment,2025-04-21,5.0,103.03,515.15,515.15,1,4.0,0.0
CLM-10631,Franchise_FL_04,Drywall Repair,2025-01-08,19.0,90.01,1710.19,1710.19,1,1.0,2.0
CLM-71139,Franchise_TX_01,Drywall Repair - MISC,,21.0,55.38,1162.98,1162.98,1,,
CLM-52626,Franchise_TX_01,Water Extraction,,9.0,89.58,806.22,806.22,1,,
CLM-41607,Franchise_NY_12,Dehumidifier Rental,,26.0,28.14,731.64,652.52,0,,
CLM-33099,Franchise_TX_01,Baseboard Replacement,,34.0,83.64,2843.76,2131.44,0,,
CLM-40219,Franchise_NY_12,Baseboard Replacement,,38.0,42.33,1608.54,1608.54,1,,
CLM-74144,Franchise_FL_04,Water Extraction,2025-06-22,11.0,43.93,483.23,379.83,0,6.0,6.0
CLM-74609,Franchise_NY_12,Baseboard Replacement,,14.0,81.96,1147.44,1147.44,1,,
CLM-14817,Franchise_TX_01,Baseboard Replacement,,8.0,131.1,1048.8,1048.8,1,,
CLM-22917,Franchise_NY_12,Antimicrobial Treatment,,7.0,115.76,810.32,810.32,1,,
CLM-35613,Franchise_FL_04,Antimicrobial Treatment,2025-12-29,19.0,64.73,1229.87,1229.87,1,12.0,0.0
CLM-15816,Franchise_NY_12,Antimicrobial Treatment,,32.0,131.42,4205.44,4205.44,1,,
CLM-32679,Franchise_NY_12,Antimicrobial Treatment,,39.0,131.47,5127.33,5127.33,1,,
CLM-90146,Franchise_NY_12,Antimicrobial Treatment,,16.0,144.44,2311.04,2311.04,1,,
CLM-56437,Franchise_NY_12,Water Extraction,,41.0,34.26,1404.66,1047.66,0,,
CLM-40314,Franchise_NY_12,Baseboard Replacement,,33.0,146.09,4820.97,4820.97,1,,
CLM-24136,Franchise_FL_04,Water Extraction,2025-04-25,1.0,58.88,58.88,58.88,1,4.0,4.0
CLM-47417,Franchise_FL_04,Drywall Repair,2025-03-18,9.0,89.96,809.64,809.64,1,3.0,1.0
CLM-86184,Franchise_TX_01,Water Extraction,,22.0,120.83,2658.26,2658.26,1,,
CLM-34100,Franchise_TX_01,Antimicrobial Treatment,,9.0,47.21,424.89,293.13,0,,
CLM-87726,Franchise_NY_12,Antimicrobial Treatment,,19.0,91.95,1747.05,1747.05,1,,
CLM-21109,Franchise_TX_01,Water Extraction,,30.0,77.94,2338.2,1971.3,0,,
CLM-32027,Franchise_FL_04,Water Extraction,2025-06-02,27.0,107.45,2901.15,2901.15,1,6.0,0.0
CLM-75212,Franchise_NY_12,Antimicrobial Treatment,,33.0,136.32,4498.56,4498.56,1,,
CLM-29731,Franchise_TX_01,Baseboard Replacement,,44.0,38.35,1687.4,1687.4,1,,
CLM-17701,Franchise_NY_12,Dehumidifier Rental,,18.0,44.42,799.56,799.56,1,,
CLM-22224,Franchise_NY_12,Baseboard Replacement,,47.0,142.92,6717.24,5919.2,0,,
CLM-77582,Franchise_FL_04,Antimicrobial Treatment,2025-06-09,12.0,52.75,633.0,385.02,0,6.0,0.0
CLM-19420,Franchise_FL_04,Baseboard Replacement,2025-04-01,29.0,116.75,3385.75,3385.75,1,4.0,1.0
CLM-38659,Franchise_FL_04,Water Extraction,2025-09-22,44.0,50.67,2229.48,2229.48,1,9.0,0.0
CLM-29245,Franchise_TX_01,Water Extraction,,46.0,37.58,1728.68,1728.68,1,,
CLM-94751,Franchise_FL_04,Baseboard Replacement,2025-03-08,38.0,139.04,5283.52,3942.66,0,3.0,5.0
CLM-50793,Franchise_TX_01,Dehumidifier Rental,,32.0,144.59,4626.88,4626.88,1,,
CLM-29418,Franchise_NY_12,Antimicrobial Treatment,,39.0,72.78,2838.42,2335.68,0,,
CLM-84884,Franchise_NY_12,Baseboard Replacement,,15.0,33.03,495.45,244.0,0,,
CLM-22004,Franchise_TX_01,Drywall Repair,,5.0,113.87,569.35,272.07,0,,
CLM-50111,Franchise_TX_01,Dehumidifier Rental,,13.0,59.82,777.66,777.66,1,,
CLM-96529,Franchise_TX_01,Antimicrobial Treatment,,5.0,109.88,549.4,549.4,1,,
CLM-90203,Franchise_TX_01,Drywall Repair,,10.0,18.83,188.3,154.81,0,,
CLM-92178,Franchise_FL_04,Dehumidifier Rental,2025-04-23,14.0,95.69,1339.66,1339.66,1,4.0,2.0
CLM-46233,Franchise_NY_12,Drywall Repair,,2.0,81.15,162.3,89.16,0,,
CLM-98949,Franchise_FL_04,Dehumidifier Rental,2025-07-25,49.0,114.89,5629.61,5629.61,1,7.0,4.0
CLM-66666,Franchise_FL_04,Dehumidifier Rental,2025-05-28,21.0,68.28,1433.88,1433.88,1,5.0,2.0
CLM-41371,Franchise_TX_01,Drywall Repair - MISC,,24.0,126.08,3025.92,3025.92,1,,
CLM-85510,Franchise_TX_01,Water Extraction,,39.0,148.29,5783.31,2684.29,0,,
CLM-17674,Franchise_TX_01,Dehumidifier Rental,,9.0,27.55,247.95,247.95,1,,
CLM-98940,Franchise_NY_12,Antimicrobial Treatment,,10.0,39.46,394.6,257.16,0,,
CLM-50129,Franchise_NY_12,Baseboard Replacement,,38.0,131.76,5006.88,5006.88,1,,
CLM-59812,Franchise_NY_12,Baseboard Replacement,,2.0,113.51,227.02,195.98,0,,
CLM-87335,Franchise_TX_01,Antimicrobial Treatment,,50.0,72.0,3600.0,3600.0,1,,
CLM-97216,Franchise_TX_01,Baseboard Replacement - MISC,,30.0,107.33,3219.9,1913.31,0,,
CLM-89493,Franchise_NY_12,Antimicrobial Treatment,,30.0,84.39,2531.7,2531.7,1,,
CLM-70069,Franchise_TX_01,Dehumidifier Rental,,3.0,105.25,315.75,226.32,0,,
CLM-17813,Franchise_NY_12,Water Extraction,,30.0,95.78,2873.4,2020.5,0,,
CLM-54610,Franchise_NY_12,Baseboard Replacement,,50.0,37.15,1857.5,1558.38,0,,
CLM-16131,Franchise_FL_04,Water Extraction,2025-05-24,12.0,83.67,1004.04,1004.04,1,5.0,5.0
CLM-17703,Franchise_TX_01,Antimicrobial Treatment,,23.0,91.4,2102.2,1737.49,0,,
CLM-72351,Franchise_FL_04,Dehumidifier Rental,2025-08-10,34.0,101.32,3444.88,2159.7,0,8.0,6.0
CLM-74227,Franchise_FL_04,Dehumidifier Rental,2025-02-28,21.0,93.65,1966.65,1359.91,0,2.0,4.0
CLM-15506,Franchise_NY_12,Drywall Repair,,6.0,80.49,482.94,482.94,1,,
CLM-20545,Franchise_NY_12,Drywall Repair,,6.0,116.58,699.48,537.47,0,,
CLM-44560,Franchise_TX_01,Antimicrobial Treatment,,10.0,25.07,250.7,133.31,0,,
CLM-31954,Franchise_TX_01,Drywall Repair,,31.0,116.16,3600.96,1536.47,0,,
CLM-43486,Franchise_NY_12,Dehumidifier Rental,,2.0,135.96,271.92,225.1,0,,
CLM-30073,Franchise_FL_04,Antimicrobial Treatment,2025-01-29,9.0,80.73,726.57,627.94,0,1.0,2.0
CLM-38277,Franchise_NY_12,Drywall Repair,,34.0,29.23,993.82,993.82,1,,
CLM-56492,Franchise_FL_04,Baseboard Replacement,2025-08-16,12.0,101.77,1221.24,601.39,0,8.0,5.0
CLM-66577,Franchise_TX_01,Drywall Repair,,43.0,127.13,5466.59,5466.59,1,,
CLM-87149,Franchise_TX_01,Antimicrobial Treatment,,28.0,97.84,2739.52,1290.1,0,,
CLM-86314,Franchise_TX_01,Antimicrobial Treatment,,32.0,16.09,514.88,312.75,0,,
CLM-80192,Franchise_FL_04,Drywall Repair,2025-09-05,37.0,24.7,913.9,913.9,1,9.0,4.0
CLM-93111,Franchise_TX_01,Drywall Repair,,31.0,62.37,1933.47,1933.47,1,,
CLM-16262,Franchise_FL_04,Antimicrobial Treatment,2025-05-23,3.0,76.9,230.7,230.7,1,5.0,4.0
CLM-58481,Franchise_NY_12,Water Extraction,,13.0,33.98,441.74,441.74,1,,
CLM-15401,Franchise_FL_04,Drywall Repair,2025-10-01,18.0,86.1,1549.8,1549.8,1,10.0,2.0
CLM-58456,Franchise_FL_04,Antimicrobial Treatment,2025-05-21,36.0,145.49,5237.64,3902.9,0,5.0,2.0
CLM-74037,Franchise_NY_12,Dehumidifier Rental,,16.0,133.53,2136.48,2136.48,1,,
CLM-14557,Franchise_FL_04,Drywall Repair,2025-11-04,5.0,25.37,126.85,126.85,1,11.0,1.0
CLM-20419,Franchise_TX_01,Dehumidifier Rental,,34.0,51.72,1758.48,1344.98,0,,
CLM-33966,Franchise_TX_01,Antimicrobial Treatment,,23.0,53.57,1232.11,1232.11,1,,
CLM-78047,Franchise_NY_12,Drywall Repair,,24.0,39.26,942.24,942.24,1,,
CLM-12235,Franchise_FL_04,Antimicrobial Treatment,2025-08-30,48.0,103.27,4956.96,4131.04,0,8.0,5.0
CLM-44474,Franchise_FL_04,Baseboard Replacement,2025-02-19,26.0,20.74,539.24,539.24,1,2.0,2.0
CLM-39230,Franchise_FL_04,Antimicrobial Treatment,2025-05-05,1.0,115.22,115.22,86.9,0,5.0,0.0
CLM-35090,Franchise_FL_04,Drywall Repair,2025-07-07,8.0,131.3,1050.4,1050.4,1,7.0,0.0
CLM-90464,Franchise_FL_04,Antimicrobial Treatment,2025-01-18,31.0,24.9,771.9,771.9,1,1.0,5.0
CLM-91199,Franchise_TX_01,Antimicrobial Treatment - MISC,,39.0,144.27,5626.53,5626.53,1,,
CLM-29957,Franchise_TX_01,Baseboard Replacement,,32.0,143.59,4594.88,4594.88,1,,
CLM-15280,Franchise_NY_12,Antimicrobial Treatment,,26.0,84.99,2209.74,2209.74,1,,
CLM-78222,Franchise_TX_01,Antimicrobial Treatment,,22.0,36.9,811.8,666.09,0,,
CLM-42079,Franchise_FL_04,Drywall Repair,2025-10-02,3.0,43.64,130.92,130.92,1,10.0,3.0
CLM-37451,Franchise_NY_12,Drywall Repair,,18.0,143.16,2576.88,1160.51,0,,
CLM-72850,Franchise_TX_01,Antimicrobial Treatment,,9.0,99.08,891.72,750.24,0,,
CLM-40941,Franchise_FL_04,Baseboard Replacement,2025-02-12,7.0,59.27,414.89,414.89,1,2.0,2.0
CLM-45071,Franchise_NY_12,Baseboard Replacement,,43.0,70.27,3021.61,3021.61,1,,
CLM-84650,Franchise_NY_12,Drywall Repair,,23.0,15.56,357.88,357.88,1,,
CLM-24759,Franchise_TX_01,Drywall Repair,,19.0,20.35,386.65,216.87,0,,
CLM-11292,Franchise_FL_04,Dehumidifier Rental,2025-07-03,40.0,49.29,1971.6,1971.6,1,7.0,3.0
CLM-58377,Franchise_TX_01,Antimicrobial Treatment,,43.0,130.26,5601.18,3635.88,0,,
CLM-18023,Franchise_FL_04,Baseboard Replacement,2025-11-09,4.0,139.71,558.84,558.84,1,11.0,6.0
CLM-97295,Franchise_FL_04,Dehumidifier Rental,2025-08-15,49.0,41.26,2021.74,2021.74,1,8.0,4.0
CLM-53435,Franchise_FL_04,Antimicrobial Treatment,2025-12-08,24.0,101.78,2442.72,1626.1,0,12.0,0.0
CLM-97688,Franchise_TX_01,Dehumidifier Rental,,24.0,15.73,377.52,293.54,0,,
CLM-66012,Franchise_TX_01,Baseboard Replacement - MISC,,30.0,57.43,1722.9,1722.9,1,,
CLM-69133,Franchise_NY_12,Water Extraction,,20.0,67.28,1345.6,1345.6,1,,
CLM-45825,Franchise_TX_01,Water Extraction,,13.0,138.1,1795.3,1387.67,0,,
CLM-35977,Franchise_FL_04,Water Extraction,2025-11-16,19.0,136.51,2593.69,2013.75,0,11.0,6.0
CLM-77303,Franchise_TX_01,Dehumidifier Rental,,22.0,118.67,2610.74,1537.95,0,,
CLM-52139,Franchise_FL_04,Drywall Repair,2025-06-30,13.0,86.94,1130.22,635.73,0,6.0,0.0
CLM-27985,Franchise_TX_01,Water Extraction - MISC,,26.0,133.74,3477.24,3477.24,1,,
CLM-49640,Franchise_TX_01,Antimicrobial Treatment,,47.0,121.93,5730.71,4315.19,0,,
CLM-17402,Franchise_FL_04,Baseboard Replacement,2025-12-24,18.0,61.16,1100.88,1100.88,1,12.0,2.0
CLM-96412,Franchise_TX_01,Antimicrobial Treatment,,10.0,120.67,1206.7,1019.12,0,,
CLM-35751,Franchise_NY_12,Drywall Repair,,45.0,142.68,6420.6,5306.69,0,,
CLM-36744,Franchise_NY_12,Water Extraction,,4.0,26.53,106.12,73.6,0,,
CLM-96264,Franchise_FL_04,Water Extraction,2025-05-29,16.0,16.11,257.76,257.76,1,5.0,3.0
CLM-91005,Franchise_FL_04,Antimicrobial Treatment,2025-12-22,30.0,149.22,4476.6,4476.6,1,12.0,0.0
CLM-71758,Franchise_TX_01,Water Extraction,,5.0,25.83,129.15,58.86,0,,
CLM-18314,Franchise_NY_12,Drywall Repair,,25.0,97.75,2443.75,1190.5,0,,
CLM-88663,Franchise_FL_04,Antimicrobial Treatment,2025-02-06,9.0,25.09,225.81,172.71,0,2.0,3.0
CLM-97904,Franchise_TX_01,Dehumidifier Rental,,20.0,70.35,1407.0,1407.0,1,,
CLM-60959,Franchise_FL_04,Dehumidifier Rental,2025-01-21,31.0,109.85,3405.35,1784.17,0,1.0,1.0
CLM-68196,Franchise_FL_04,Baseboard Replacement,2025-12-19,28.0,112.5,3150.0,1952.95,0,12.0,4.0
CLM-83331,Franchise_NY_12,Drywall Repair,,44.0,53.14,2338.16,2338.16,1,,
CLM-46385,Franchise_TX_01,Baseboard Replacement - MISC,,9.0,35.36,318.24,273.87,0,,
CLM-70511,Franchise_NY_12,Water Extraction,,34.0,100.96,3432.64,1857.74,0,,
CLM-87104,Franchise_TX_01,Antimicrobial Treatment,,23.0,92.96,2138.08,2138.08,1,,
CLM-43575,Franchise_FL_04,Baseboard Replacement,2025-01-06,30.0,26.03,780.9,495.95,0,1.0,0.0
CLM-45316,Franchise_NY_12,Dehumidifier Rental,,7.0,85.8,600.6,486.51,0,,
CLM-22633,Franchise_NY_12,Drywall Repair,,43.0,41.14,1769.02,1769.02,1,,
CLM-86068,Franchise_NY_12,Dehumidifier Rental,,28.0,114.49,3205.72,3205.72,1,,
CLM-13296,Franchise_NY_12,Dehumidifier Rental,,38.0,34.16,1298.08,1298.08,1,,
CLM-31050,Franchise_TX_01,Antimicrobial Treatment,,41.0,39.39,1614.99,1614.99,1,,
CLM-10563,Franchise_NY_12,Water Extraction,,18.0,19.72,354.96,354.96,1,,
CLM-41248,Franchise_NY_12,Dehumidifier Rental,,29.0,138.53,4017.37,4017.37,1,,
CLM-27820,Franchise_FL_04,Dehumidifier Rental,2025-06-25,12.0,138.88,1666.56,998.18,0,6.0,2.0
CLM-41361,Franchise_NY_12,Dehumidifier Rental,,24.0,127.19,3052.56,2336.19,0,,
CLM-49274,Franchise_NY_12,Antimicrobial Treatment,,34.0,147.1,5001.4,3339.65,0,,
CLM-64188,Franchise_TX_01,Water Extraction,,34.0,148.26,5040.84,5040.84,1,,
CLM-38924,Franchise_TX_01,Baseboard Replacement,,19.0,148.52,2821.88,2821.88,1,,
CLM-84109,Franchise_TX_01,Water Extraction,,19.0,63.81,1212.39,858.92,0,,
CLM-30075,Franchise_FL_04,Drywall Repair,2025-02-13,12.0,134.22,1610.64,1610.64,1,2.0,3.0
CLM-48817,Franchise_NY_12,Water Extraction,,14.0,43.97,615.58,403.2,0,,
CLM-23940,Franchise_TX_01,Baseboard Replacement - MISC,,31.0,148.0,4588.0,4588.0,1,,
CLM-30162,Franchise_NY_12,Dehumidifier Rental,,27.0,56.78,1533.06,1334.98,0,,
CLM-20056,Franchise_TX_01,Water Extraction,,20.0,114.55,2291.0,1889.87,0,,
CLM-38254,Franchise_FL_04,Baseboard Replacement,2025-01-28,18.0,54.92,988.56,988.56,1,1.0,1.0
CLM-18489,Franchise_FL_04,Baseboard Replacement,2025-02-12,4.0,136.0,544.0,544.0,1,2.0,2.0
CLM-11809,Franchise_FL_04,Drywall Repair,2025-10-06,8.0,134.5,1076.0,1076.0,1,10.0,0.0
CLM-55821,Franchise_TX_01,Water Extraction,,46.0,118.4,5446.4,2447.82,0,,
CLM-35497,Franchise_NY_12,Baseboard Replacement,,6.0,99.33,595.98,292.47,0,,
CLM-25768,Franchise_NY_12,Baseboard Replacement,,15.0,21.24,318.6,153.38,0,,
CLM-88012,Franchise_FL_04,Dehumidifier Rental,2025-04-26,24.0,50.57,1213.68,1213.68,1,4.0,5.0
CLM-91792,Franchise_FL_04,Antimicrobial Treatment,2025-06-29,26.0,84.16,2188.16,2188.16,1,6.0,6.0
CLM-86384,Franchise_FL_04,Drywall Repair,2025-05-04,25.0,84.3,2107.5,2107.5,1,5.0,6.0
CLM-93439,Franchise_FL_04,Baseboard Replacement,2025-11-08,19.0,78.64,1494.16,1181.4,0,11.0,5.0
CLM-90031,Franchise_NY_12,Baseboard Replacement,,23.0,119.97,2759.31,2101.36,0,,
CLM-84436,Franchise_NY_12,Baseboard Replacement,,38.0,143.99,5471.62,5471.62,1,,
CLM-93182,Franchise_FL_04,Water Extraction,2025-10-26,24.0,91.14,2187.36,2187.36,1,10.0,6.0
CLM-94309,Franchise_TX_01,Baseboard Replacement,,38.0,44.04,1673.52,1673.52,1,,
CLM-20446,Franchise_TX_01,Drywall Repair,,9.0,110.36,993.24,660.98,0,,
CLM-84123,Franchise_FL_04,Dehumidifier Rental,2025-01-26,1.0,26.25,26.25,26.25,1,1.0,6.0
CLM-51129,Franchise_TX_01,Drywall Repair,,24.0,101.38,2433.12,2433.12,1,,
CLM-44529,Franchise_TX_01,Baseboard Replacement,,35.0,148.42,5194.7,2784.81,0,,
CLM-46729,Franchise_FL_04,Drywall Repair,2025-04-24,28.0,74.66,2090.48,1037.79,0,4.0,3.0
CLM-99634,Franchise_NY_12,Baseboard Replacement,,24.0,23.68,568.32,305.03,0,,
CLM-28753,Franchise_NY_12,Dehumidifier Rental,,50.0,81.47,4073.5,4073.5,1,,
CLM-43669,Franchise_NY_12,Antimicrobial Treatment,,26.0,116.75,3035.5,3035.5,1,,
CLM-85679,Franchise_TX_01,Baseboard Replacement,,2.0,103.94,207.88,207.88,1,,
CLM-34155,Franchise_TX_01,Drywall Repair,,36.0,55.88,2011.68,2011.68,1,,
CLM-86540,Franchise_NY_12,Dehumidifier Rental,,13.0,54.59,709.67,709.67,1,,
CLM-97335,Franchise_FL_04,Drywall Repair,2025-07-18,30.0,19.87,596.1,533.06,0,7.0,4.0
CLM-93903,Franchise_FL_04,Drywall Repair,2025-07-10,9.0,74.47,670.23,670.23,1,7.0,3.0
CLM-51476,Franchise_NY_12,Antimicrobial Treatment,,19.0,61.12,1161.28,816.78,0,,
CLM-19682,Franchise_NY_12,Water Extraction,,28.0,108.91,3049.48,3049.48,1,,
CLM-81422,Franchise_FL_04,Drywall Repair,2025-02-15,28.0,90.84,2543.52,2543.52,1,2.0,5.0
CLM-97830,Franchise_NY_12,Dehumidifier Rental,,29.0,104.74,3037.46,1385.46,0,,
CLM-85676,Franchise_NY_12,Antimicrobial Treatment,,39.0,24.05,937.95,937.95,1,,
CLM-92352,Franchise_NY_12,Antimicrobial Treatment,,40.0,105.32,4212.8,4212.8,1,,
CLM-46251,Franchise_TX_01,Baseboard Replacement,,9.0,25.27,227.43,169.61,0,,
CLM-68945,Franchise_FL_04,Drywall Repair,2025-05-06,21.0,78.87,1656.27,1114.36,0,5.0,1.0
CLM-98496,Franchise_TX_01,Water Extraction,,12.0,67.87,814.44,814.44,1,,
CLM-36258,Franchise_NY_12,Antimicrobial Treatment,,17.0,109.08,1854.36,1854.36,1,,
CLM-69936,Franchise_TX_01,Antimicrobial Treatment,,40.0,41.07,1642.8,1642.8,1,,
CLM-29038,Franchise_TX_01,Water Extraction,,24.0,135.37,3248.88,1404.46,0,,
CLM-71255,Franchise_NY_12,Baseboard Replacement,,34.0,40.14,1364.76,623.74,0,,
CLM-60728,Franchise_TX_01,Dehumidifier Rental,,50.0,124.32,6216.0,6216.0,1,,
CLM-52642,Franchise_NY_12,Drywall Repair,,16.0,112.18,1794.88,1794.88,1,,
CLM-42867,Franchise_FL_04,Water Extraction,2025-11-13,35.0,82.35,2882.25,2882.25,1,11.0,3.0
CLM-97725,Franchise_FL_04,Baseboard Replacement,2025-07-08,31.0,47.61,1475.91,1475.91,1,7.0,1.0
CLM-27249,Franchise_TX_01,Water Extraction,,38.0,103.04,3915.52,3915.52,1,,
CLM-44946,Franchise_NY_12,Antimicrobial Treatment,,36.0,117.47,4228.92,3688.6,0,,
CLM-88058,Franchise_TX_01,Water Extraction,,19.0,138.91,2639.29,1237.67,0,,
CLM-46841,Franchise_FL_04,Dehumidifier Rental,2025-02-13,46.0,147.31,6776.26,6776.26,1,2.0,3.0
CLM-86663,Franchise_TX_01,Baseboard Replacement,,11.0,140.96,1550.56,1550.56,1,,
CLM-66181,Franchise_FL_04,Drywall Repair,2025-01-01,24.0,56.04,1344.96,898.33,0,1.0,2.0
CLM-24608,Franchise_FL_04,Baseboard Replacement,2025-12-29,43.0,110.75,4762.25,4762.25,1,12.0,0.0
CLM-61311,Franchise_NY_12,Dehumidifier Rental,,49.0,48.66,2384.34,2384.34,1,,
CLM-77409,Franchise_TX_01,Drywall Repair,,45.0,138.5,6232.5,6232.5,1,,
CLM-26851,Franchise_FL_04,Baseboard Replacement,2025-12-03,29.0,97.3,2821.7,1809.5,0,12.0,2.0
CLM-72403,Franchise_NY_12,Baseboard Replacement,,17.0,19.05,323.85,186.88,0,,
CLM-99375,Franchise_FL_04,Dehumidifier Rental,2025-09-06,7.0,135.91,951.37,951.37,1,9.0,5.0
CLM-87407,Franchise_TX_01,Water Extraction,,10.0,91.11,911.1,911.1,1,,
CLM-19405,Franchise_FL_04,Water Extraction,2025-04-11,42.0,22.9,961.8,961.8,1,4.0,4.0
CLM-40999,Franchise_FL_04,Water Extraction,2025-05-04,21.0,71.87,1509.27,652.84,0,5.0,6.0
CLM-70808,Franchise_FL_04,Antimicrobial Treatment,2025-07-12,19.0,90.33,1716.27,952.09,0,7.0,5.0
CLM-22722,Franchise_TX_01,Antimicrobial Treatment,,25.0,108.69,2717.25,2073.75,0,,
CLM-97790,Franchise_NY_12,Dehumidifier Rental,,1.0,85.24,85.24,85.24,1,,
CLM-38651,Franchise_FL_04,Baseboard Replacement,2025-10-16,35.0,70.34,2461.9,2064.51,0,10.0,3.0
CLM-39278,Franchise_FL_04,Antimicrobial Treatment,2025-06-11,8.0,41.82,334.56,334.56,1,6.0,2.0
CLM-82056,Franchise_NY_12,Drywall Repair,,12.0,63.05,756.6,557.72,0,,
CLM-14935,Franchise_FL_04,Antimicrobial Treatment,2025-06-19,49.0,95.4,4674.6,4674.6,1,6.0,3.0
CLM-60554,Franchise_NY_12,Dehumidifier Rental,,35.0,132.16,4625.6,4625.6,1,,
CLM-64265,Franchise_FL_04,Drywall Repair,2025-06-24,33.0,61.88,2042.04,2042.04,1,6.0,1.0
CLM-25916,Franchise_TX_01,Water Extraction - MISC,,1.0,28.98,28.98,14.83,0,,
CLM-98876,Franchise_NY_12,Dehumidifier Rental,,37.0,137.95,5104.15,5104.15,1,,
CLM-31467,Franchise_TX_01,Water Extraction,,11.0,123.7,1360.7,1360.7,1,,
CLM-24784,Franchise_FL_04,Baseboard Replacement,2025-07-15,2.0,83.8,167.6,167.6,1,7.0,1.0
CLM-41479,Franchise_FL_04,Dehumidifier Rental,2025-08-11,21.0,85.21,1789.41,1594.26,0,8.0,0.0
CLM-57140,Franchise_TX_01,Antimicrobial Treatment - MISC,,1.0,87.28,87.28,87.28,1,,
CLM-14512,Franchise_FL_04,Antimicrobial Treatment,2025-02-24,41.0,116.01,4756.41,2702.11,0,2.0,0.0
CLM-14174,Franchise_FL_04,Water Extraction,2025-09-02,18.0,22.52,405.36,405.36,1,9.0,1.0
CLM-17162,Franchise_TX_01,Drywall Repair,,15.0,115.36,1730.4,1730.4,1,,
CLM-33224,Franchise_NY_12,Water Extraction,,27.0,103.34,2790.18,2790.18,1,,
CLM-31233,Franchise_TX_01,Drywall Repair - MISC,,34.0,93.1,3165.4,1440.28,0,,
CLM-82211,Franchise_TX_01,Baseboard Replacement,,16.0,44.27,708.32,708.32,1,,
CLM-18669,Franchise_TX_01,Antimicrobial Treatment,,25.0,67.86,1696.5,1696.5,1,,
CLM-54378,Franchise_TX_01,Dehumidifier Rental,,33.0,94.37,3114.21,1732.82,0,,
CLM-86729,Franchise_NY_12,Drywall Repair,,50.0,93.82,4691.0,4691.0,1,,
CLM-78989,Franchise_FL_04,Baseboard Replacement,2025-10-22,39.0,122.84,4790.76,2287.71,0,10.0,2.0
CLM-96004,Franchise_NY_12,Drywall Repair,,10.0,92.59,925.9,925.9,1,,
CLM-88776,Franchise_NY_12,Antimicrobial Treatment,,23.0,66.56,1530.88,1530.88,1,,
CLM-85253,Franchise_TX_01,Dehumidifier Rental - MISC,,15.0,122.29,1834.35,1834.35,1,,
CLM-95612,Franchise_TX_01,Dehumidifier Rental,,17.0,101.3,1722.1,1471.33,0,,
CLM-24223,Franchise_TX_01,Dehumidifier Rental,,1.0,21.36,21.36,21.36,1,,
CLM-66751,Franchise_FL_04,Baseboard Replacement,2025-03-22,31.0,81.46,2525.26,2525.26,1,3.0,5.0
CLM-51093,Franchise_TX_01,Drywall Repair,,4.0,146.66,586.64,264.25,0,,
CLM-98652,Franchise_NY_12,Water Extraction,,13.0,75.57,982.41,812.78,0,,
CLM-14220,Franchise_FL_04,Dehumidifier Rental,2025-01-31,2.0,143.55,287.1,241.21,0,1.0,4.0
CLM-23041,Franchise_TX_01,Baseboard Replacement,,9.0,110.8,997.2,605.45,0,,
CLM-12875,Franchise_FL_04,Dehumidifier Rental,2025-05-25,6.0,76.95,461.7,388.53,0,5.0,6.0
CLM-26938,Franchise_FL_04,Drywall Repair,2025-04-23,32.0,24.74,791.68,526.04,0,4.0,2.0
CLM-57008,Franchise_FL_04,Dehumidifier Rental,2025-09-20,31.0,125.14,3879.34,2671.99,0,9.0,5.0
CLM-80415,Franchise_FL_04,Dehumidifier Rental,2025-11-14,49.0,49.4,2420.6,2420.6,1,11.0,4.0
CLM-43325,Franchise_FL_04,Drywall Repair,2025-08-04,43.0,105.58,4539.94,4539.94,1,8.0,0.0
CLM-65055,Franchise_FL_04,Drywall Repair,2025-07-31,22.0,49.31,1084.82,1084.82,1,7.0,3.0
CLM-96908,Franchise_NY_12,Baseboard Replacement,,39.0,42.21,1646.19,700.46,0,,
CLM-12970,Franchise_NY_12,Baseboard Replacement,,4.0,25.83,103.32,41.67,0,,
CLM-39820,Franchise_NY_12,Water Extraction,,34.0,113.7,3865.8,3865.8,1,,
CLM-31743,Franchise_NY_12,Water Extraction,,34.0,44.36,1508.24,1508.24,1,,
CLM-89184,Franchise_NY_12,Drywall Repair,,31.0,43.29,1341.99,1341.99,1,,
CLM-59997,Franchise_TX_01,Baseboard Replacement,,4.0,141.74,566.96,310.23,0,,
CLM-85206,Franchise_TX_01,Water Extraction,,4.0,130.45,521.8,521.8,1,,
CLM-41227,Franchise_TX_01,Water Extraction,,10.0,59.93,599.3,299.96,0,,
CLM-11062,Franchise_NY_12,Baseboard Replacement,,27.0,136.62,3688.74,1541.45,0,,
CLM-36841,Franchise_TX_01,Dehumidifier Rental - MISC,,40.0,44.07,1762.8,1762.8,1,,
CLM-84386,Franchise_NY_12,Drywall Repair,,37.0,80.82,2990.34,2425.82,0,,
CLM-55866,Franchise_NY_12,Water Extraction,,16.0,127.38,2038.08,1542.25,0,,
CLM-34028,Franchise_NY_12,Dehumidifier Rental,,40.0,90.67,3626.8,2616.78,0,,
CLM-88137,Franchise_TX_01,Water Extraction,,48.0,105.35,5056.8,3561.82,0,,
CLM-58052,Franchise_NY_12,Drywall Repair,,37.0,52.25,1933.25,1933.25,1,,
CLM-26062,Franchise_NY_12,Dehumidifier Rental,,44.0,109.43,4814.92,4814.92,1,,
CLM-94089,Franchise_NY_12,Drywall Repair,,7.0,29.27,204.89,204.89,1,,
CLM-60092,Franchise_FL_04,Water Extraction,2025-06-04,28.0,36.94,1034.32,435.06,0,6.0,2.0
CLM-64178,Franchise_TX_01,Antimicrobial Treatment,,44.0,113.67,5001.48,5001.48,1,,
CLM-96402,Franchise_NY_12,Water Extraction,,8.0,104.85,838.8,838.8,1,,
CLM-62544,Franchise_NY_12,Water Extraction,,43.0,37.4,1608.2,1608.2,1,,
CLM-82228,Franchise_TX_01,Baseboard Replacement,,34.0,88.05,2993.7,2406.71,0,,
CLM-41212,Franchise_FL_04,Drywall Repair,2025-03-18,11.0,64.4,708.4,708.4,1,3.0,1.0
CLM-81455,Franchise_TX_01,Dehumidifier Rental,,27.0,25.8,696.6,484.64,0,,
CLM-14097,Franchise_TX_01,Antimicrobial Treatment,,7.0,136.71,956.97,749.14,0,,
CLM-37002,Franchise_FL_04,Baseboard Replacement,2025-12-18,10.0,46.32,463.2,463.2,1,12.0,3.0
CLM-32080,Franchise_FL_04,Water Extraction,2025-09-18,49.0,86.36,4231.64,2016.37,0,9.0,3.0
CLM-56692,Franchise_FL_04,Water Extraction,2025-04-14,20.0,145.57,2911.4,2911.4,1,4.0,0.0
CLM-33910,Franchise_NY_12,Baseboard Replacement,,30.0,67.87,2036.1,1723.4,0,,
CLM-41345,Franchise_TX_01,Dehumidifier Rental,,37.0,121.33,4489.21,4489.21,1,,
CLM-67377,Franchise_TX_01,Dehumidifier Rental,,4.0,47.95,191.8,161.36,0,,
CLM-54337,Franchise_NY_12,Antimicrobial Treatment,,18.0,85.21,1533.78,1369.3,0,,
CLM-79664,Franchise_NY_12,Baseboard Replacement,,31.0,52.93,1640.83,1640.83,1,,
CLM-45561,Franchise_NY_12,Antimicrobial Treatment,,21.0,114.17,2397.57,2397.57,1,,
CLM-49858,Franchise_TX_01,Drywall Repair,,16.0,89.43,1430.88,1430.88,1,,
CLM-79750,Franchise_FL_04,Baseboard Replacement,2025-02-07,46.0,61.94,2849.24,2849.24,1,2.0,4.0
CLM-67809,Franchise_TX_01,Drywall Repair,,27.0,127.48,3441.96,3441.96,1,,
CLM-35586,Franchise_TX_01,Antimicrobial Treatment,,28.0,53.88,1508.64,1508.64,1,,
CLM-43360,Franchise_NY_12,Antimicrobial Treatment,,2.0,105.59,211.18,146.14,0,,
CLM-62504,Franchise_TX_01,Antimicrobial Treatment,,39.0,141.37,5513.43,5513.43,1,,
CLM-61260,Franchise_TX_01,Drywall Repair,,10.0,70.67,706.7,307.94,0,,
CLM-52865,Franchise_NY_12,Drywall Repair,,3.0,147.27,441.81,346.86,0,,
CLM-56834,Franchise_FL_04,Dehumidifier Rental,2025-05-18,27.0,142.32,3842.64,3842.64,1,5.0,6.0
CLM-60766,Franchise_FL_04,Dehumidifier Rental,2025-04-22,13.0,99.7,1296.1,887.38,0,4.0,1.0
CLM-53775,Franchise_TX_01,Antimicrobial Treatment,,8.0,148.25,1186.0,1186.0,1,,
CLM-32808,Franchise_FL_04,Baseboard Replacement,2025-12-16,7.0,114.21,799.47,594.46,0,12.0,1.0
CLM-47617,Franchise_FL_04,Antimicrobial Treatment,2025-01-21,41.0,17.37,712.17,712.17,1,1.0,1.0
CLM-40588,Franchise_NY_12,Water Extraction,,26.0,15.69,407.94,407.94,1,,
CLM-99987,Franchise_FL_04,Water Extraction,2025-06-30,38.0,104.45,3969.1,3969.1,1,6.0,0.0
CLM-68362,Franchise_TX_01,Water Extraction - MISC,,9.0,109.46,985.14,663.4,0,,
CLM-17981,Franchise_TX_01,Water Extraction,,4.0,80.87,323.48,286.01,0,,
CLM-67005,Franchise_NY_12,Baseboard Replacement,,24.0,56.34,1352.16,1352.16,1,,
CLM-91859,Franchise_NY_12,Dehumidifier Rental,,32.0,74.62,2387.84,1696.57,0,,
CLM-69380,Franchise_NY_12,Baseboard Replacement,,10.0,87.89,878.9,878.9,1,,
CLM-44136,Franchise_NY_12,Drywall Repair,,9.0,148.19,1333.71,1333.71,1,,
CLM-34292,Franchise_TX_01,Antimicrobial Treatment,,12.0,113.57,1362.84,1362.84,1,,
CLM-73384,Franchise_TX_01,Antimicrobial Treatment,,39.0,39.7,1548.3,1306.8,0,,
CLM-22887,Franchise_TX_01,Dehumidifier Rental - MISC,,35.0,68.95,2413.25,2413.25,1,,
CLM-79148,Franchise_NY_12,Drywall Repair,,35.0,38.76,1356.6,1356.6,1,,
CLM-47076,Franchise_TX_01,Drywall Repair,,23.0,88.88,2044.24,2044.24,1,,
CLM-20807,Franchise_NY_12,Antimicrobial Treatment,,41.0,76.49,3136.09,3136.09,1,,
CLM-25435,Franchise_FL_04,Antimicrobial Treatment,2025-11-14,17.0,106.96,1818.32,1818.32,1,11.0,4.0
CLM-91169,Franchise_FL_04,Dehumidifier Rental,2025-08-08,10.0,144.73,1447.3,1447.3,1,8.0,4.0
CLM-34573,Franchise_FL_04,Dehumidifier Rental,2025-08-22,50.0,133.08,6654.0,6654.0,1,8.0,4.0
CLM-44008,Franchise_FL_04,Baseboard Replacement,2025-09-12,30.0,85.11,2553.3,2553.3,1,9.0,4.0
CLM-27542,Franchise_NY_12,Drywall Repair,,39.0,64.91,2531.49,1373.72,0,,
CLM-23957,Franchise_NY_12,Baseboard Replacement,,19.0,120.12,2282.28,2282.28,1,,
CLM-21086,Franchise_TX_01,Dehumidifier Rental,,15.0,93.2,1398.0,1398.0,1,,
CLM-27721,Franchise_FL_04,Antimicrobial Treatment,2025-01-17,30.0,55.71,1671.3,1671.3,1,1.0,4.0
CLM-81440,Franchise_NY_12,Antimicrobial Treatment,,24.0,15.75,378.0,378.0,1,,
CLM-76822,Franchise_FL_04,Dehumidifier Rental,2025-01-04,21.0,94.44,1983.24,863.48,0,1.0,5.0
CLM-43267,Franchise_FL_04,Drywall Repair,2025-07-22,36.0,115.25,4149.0,4149.0,1,7.0,1.0
CLM-62166,Franchise_TX_01,Dehumidifier Rental,,2.0,117.99,235.98,235.98,1,,
CLM-43850,Franchise_NY_12,Drywall Repair,,21.0,16.94,355.74,355.74,1,,
CLM-60853,Franchise_FL_04,Drywall Repair,2025-10-18,18.0,32.96,593.28,350.18,0,10.0,5.0
CLM-22450,Franchise_FL_04,Baseboard Replacement,2025-01-31,5.0,124.85,624.25,266.63,0,1.0,4.0
CLM-56110,Franchise_NY_12,Water Extraction,,9.0,62.94,566.46,566.46,1,,
CLM-80305,Franchise_NY_12,Antimicrobial Treatment,,14.0,38.26,535.64,535.64,1,,
CLM-96466,Franchise_FL_04,Drywall Repair,2025-04-17,24.0,138.17,3316.08,2762.18,0,4.0,3.0
CLM-95425,Franchise_NY_12,Water Extraction,,15.0,72.4,1086.0,1086.0,1,,
CLM-10930,Franchise_FL_04,Antimicrobial Treatment,2025-08-27,32.0,32.13,1028.16,749.46,0,8.0,2.0
CLM-29543,Franchise_FL_04,Antimicrobial Treatment,2025-11-27,28.0,130.2,3645.6,3645.6,1,11.0,3.0
CLM-69767,Franchise_TX_01,Water Extraction - MISC,,38.0,118.36,4497.68,3695.02,0,,
CLM-31011,Franchise_TX_01,Water Extraction,,23.0,15.05,346.15,241.49,0,,
CLM-79406,Franchise_FL_04,Baseboard Replacement,2025-01-17,41.0,49.6,2033.6,2033.6,1,1.0,4.0
CLM-79114,Franchise_FL_04,Water Extraction,2025-02-02,28.0,90.45,2532.6,2153.51,0,2.0,6.0
CLM-49715,Franchise_TX_01,Baseboard Replacement,,41.0,29.07,1191.87,536.18,0,,
CLM-33755,Franchise_TX_01,Water Extraction,,16.0,114.72,1835.52,1273.11,0,,
CLM-66467,Franchise_NY_12,Drywall Repair,,6.0,121.83,730.98,730.98,1,,
CLM-33859,Franchise_TX_01,Baseboard Replacement,,27.0,143.38,3871.26,3871.26,1,,
CLM-10345,Franchise_FL_04,Dehumidifier Rental,2025-07-26,10.0,33.06,330.6,330.6,1,7.0,5.0
CLM-48162,Franchise_NY_12,Antimicrobial Treatment,,39.0,49.75,1940.25,1940.25,1,,
CLM-78293,Franchise_NY_12,Dehumidifier Rental,,41.0,37.95,1555.95,1555.95,1,,
CLM-21817,Franchise_NY_12,Antimicrobial Treatment,,22.0,65.38,1438.36,1438.36,1,,
CLM-92959,Franchise_TX_01,Antimicrobial Treatment,,15.0,99.26,1488.9,884.87,0,,
CLM-20608,Franchise_FL_04,Dehumidifier Rental,2025-05-04,13.0,78.11,1015.43,467.94,0,5.0,6.0
CLM-98614,Franchise_FL_04,Dehumidifier Rental,2025-02-24,2.0,99.89,199.78,199.78,1,2.0,0.0
CLM-20946,Franchise_FL_04,Water Extraction,2025-11-30,23.0,34.83,801.09,387.24,0,11.0,6.0
CLM-13553,Franchise_NY_12,Antimicrobial Treatment,,43.0,132.46,5695.78,5695.78,1,,
CLM-93122,Franchise_NY_12,Antimicrobial Treatment,,10.0,106.94,1069.4,1069.4,1,,
CLM-30238,Franchise_FL_04,Baseboard Replacement,2025-03-18,7.0,139.76,978.32,862.06,0,3.0,1.0
CLM-34033,Franchise_FL_04,Drywall Repair,2025-08-20,6.0,71.87,431.22,364.46,0,8.0,2.0
CLM-89870,Franchise_NY_12,Dehumidifier Rental,,18.0,49.26,886.68,886.68,1,,
CLM-26520,Franchise_NY_12,Water Extraction,,1.0,146.96,146.96,146.96,1,,
CLM-88020,Franchise_TX_01,Drywall Repair,,2.0,103.52,207.04,207.04,1,,
CLM-97766,Franchise_NY_12,Antimicrobial Treatment,,3.0,56.65,169.95,169.95,1,,
CLM-98784,Franchise_NY_12,Drywall Repair,,33.0,25.4,838.2,411.35,0,,
CLM-39893,Franchise_NY_12,Antimicrobial Treatment,,10.0,142.48,1424.8,1424.8,1,,
CLM-84564,Franchise_TX_01,Antimicrobial Treatment,,4.0,24.03,96.12,73.0,0,,
CLM-46321,Franchise_TX_01,Antimicrobial Treatment,,26.0,92.67,2409.42,2409.42,1,,
CLM-61843,Franchise_TX_01,Water Extraction,,18.0,91.76,1651.68,1379.86,0,,
CLM-75666,Franchise_FL_04,Antimicrobial Treatment,2025-01-02,31.0,76.62,2375.22,2375.22,1,1.0,3.0
CLM-63909,Franchise_NY_12,Baseboard Replacement,,5.0,139.49,697.45,420.99,0,,
CLM-20982,Franchise_NY_12,Baseboard Replacement,,4.0,41.68,166.72,166.72,1,,
CLM-63380,Franchise_FL_04,Drywall Repair,2025-08-09,17.0,80.1,1361.7,728.98,0,8.0,5.0
CLM-57713,Franchise_NY_12,Drywall Repair,,45.0,15.62,702.9,702.9,1,,
CLM-92303,Franchise_TX_01,Antimicrobial Treatment,,5.0,64.25,321.25,176.14,0,,
CLM-37704,Franchise_TX_01,Water Extraction,,16.0,138.13,2210.08,1200.5,0,,
CLM-53162,Franchise_FL_04,Drywall Repair,2025-02-03,26.0,127.56,3316.56,1843.95,0,2.0,0.0
CLM-59086,Franchise_TX_01,Baseboard Replacement - MISC,,6.0,119.13,714.78,444.95,0,,
CLM-62677,Franchise_FL_04,Antimicrobial Treatment,2025-06-23,15.0,58.47,877.05,877.05,1,6.0,0.0
CLM-48016,Franchise_TX_01,Dehumidifier Rental,,39.0,143.05,5578.95,3169.13,0,,
CLM-42760,Franchise_NY_12,Antimicrobial Treatment,,45.0,104.56,4705.2,2996.53,0,,
CLM-58183,Franchise_TX_01,Drywall Repair,,16.0,18.43,294.88,294.88,1,,
CLM-79748,Franchise_TX_01,Water Extraction,,48.0,123.92,5948.16,5948.16,1,,
CLM-42592,Franchise_FL_04,Drywall Repair,2025-02-22,46.0,41.44,1906.24,1906.24,1,2.0,5.0
CLM-37873,Franchise_TX_01,Dehumidifier Rental,,18.0,125.0,2250.0,1933.14,0,,
CLM-17984,Franchise_FL_04,Drywall Repair,2025-03-06,23.0,20.05,461.15,461.15,1,3.0,3.0
CLM-13996,Franchise_NY_12,Water Extraction,,20.0,76.06,1521.2,1249.4,0,,
CLM-63600,Franchise_TX_01,Water Extraction,,7.0,122.89,860.23,860.23,1,,
CLM-79190,Franchise_TX_01,Baseboard Replacement,,27.0,107.19,2894.13,2894.13,1,,
CLM-86739,Franchise_NY_12,Antimicrobial Treatment,,36.0,80.19,2886.84,2886.84,1,,
CLM-25909,Franchise_FL_04,Baseboard Replacement,2025-12-22,38.0,132.66,5041.08,5041.08,1,12.0,0.0
CLM-73335,Franchise_NY_12,Water Extraction,,33.0,105.81,3491.73,3491.73,1,,
CLM-90596,Franchise_NY_12,Baseboard Replacement,,28.0,94.92,2657.76,2657.76,1,,
CLM-49958,Franchise_NY_12,Dehumidifier Rental,,42.0,140.72,5910.24,5910.24,1,,
CLM-92817,Franchise_FL_04,Antimicrobial Treatment,2025-01-02,13.0,55.43,720.59,720.59,1,1.0,3.0
CLM-72412,Franchise_FL_04,Antimicrobial Treatment,2025-09-10,14.0,73.64,1030.96,716.11,0,9.0,2.0
CLM-29705,Franchise_TX_01,Antimicrobial Treatment,,35.0,98.44,3445.4,3445.4,1,,
CLM-24422,Franchise_TX_01,Baseboard Replacement,,11.0,28.9,317.9,317.9,1,,
CLM-67750,Franchise_FL_04,Drywall Repair,2025-04-08,21.0,105.31,2211.51,1042.49,0,4.0,1.0
CLM-75851,Franchise_FL_04,Baseboard Replacement,2025-08-13,30.0,117.2,3516.0,3516.0,1,8.0,2.0
CLM-81862,Franchise_TX_01,Antimicrobial Treatment,,39.0,89.86,3504.54,2564.94,0,,
CLM-61425,Franchise_FL_04,Drywall Repair,2025-04-01,26.0,103.03,2678.78,2678.78,1,4.0,1.0
CLM-56396,Franchise_TX_01,Water Extraction,,9.0,61.81,556.29,496.98,0,,
CLM-75145,Franchise_FL_04,Water Extraction,2025-12-03,23.0,95.6,2198.8,2198.8,1,12.0,2.0
CLM-49908,Franchise_NY_12,Baseboard Replacement,,17.0,59.26,1007.42,819.6,0,,
CLM-54652,Franchise_FL_04,Dehumidifier Rental,2025-12-08,21.0,82.56,1733.76,699.13,0,12.0,0.0
CLM-62448,Franchise_TX_01,Dehumidifier Rental,,13.0,86.94,1130.22,1130.22,1,,
CLM-58871,Franchise_TX_01,Drywall Repair - MISC,,50.0,115.64,5782.0,5782.0,1,,
CLM-20995,Franchise_FL_04,Baseboard Replacement,2025-10-01,7.0,81.63,571.41,571.41,1,10.0,2.0
CLM-44321,Franchise_TX_01,Antimicrobial Treatment,,2.0,65.68,131.36,131.36,1,,
CLM-68417,Franchise_NY_12,Dehumidifier Rental,,28.0,60.9,1705.2,1705.2,1,,
CLM-81634,Franchise_TX_01,Antimicrobial Treatment,,49.0,51.18,2507.82,2197.27,0,,
CLM-26770,Franchise_TX_01,Water Extraction,,37.0,47.42,1754.54,1754.54,1,,
CLM-18655,Franchise_TX_01,Antimicrobial Treatment,,3.0,129.83,389.49,320.98,0,,
CLM-11660,Franchise_NY_12,Water Extraction,,12.0,101.14,1213.68,1213.68,1,,
CLM-13391,Franchise_FL_04,Water Extraction,2025-10-29,8.0,129.78,1038.24,728.35,0,10.0,2.0
CLM-89652,Franchise_FL_04,Drywall Repair,2025-03-15,28.0,59.89,1676.92,1676.92,1,3.0,5.0
CLM-17568,Franchise_TX_01,Drywall Repair,,22.0,30.09,661.98,661.98,1,,
CLM-69402,Franchise_TX_01,Baseboard Replacement - MISC,,42.0,24.06,1010.52,533.37,0,,
CLM-92586,Franchise_NY_12,Dehumidifier Rental,,20.0,59.64,1192.8,1036.91,0,,
CLM-71268,Franchise_FL_04,Drywall Repair,2025-12-19,19.0,107.76,2047.44,2047.44,1,12.0,4.0
CLM-80336,Franchise_NY_12,Dehumidifier Rental,,6.0,69.08,414.48,414.48,1,,
CLM-25665,Franchise_FL_04,Dehumidifier Rental,2025-06-14,46.0,56.54,2600.84,1480.44,0,6.0,5.0
CLM-20391,Franchise_NY_12,Antimicrobial Treatment,,16.0,105.61,1689.76,1689.76,1,,
CLM-15348,Franchise_NY_12,Antimicrobial Treatment,,35.0,64.41,2254.35,1833.6,0,,
CLM-57541,Franchise_TX_01,Antimicrobial Treatment,,14.0,39.16,548.24,228.36,0,,
CLM-66153,Franchise_TX_01,Antimicrobial Treatment,,15.0,73.57,1103.55,485.19,0,,
CLM-85889,Franchise_TX_01,Baseboard Replacement,,20.0,103.18,2063.6,2063.6,1,,
CLM-24857,Franchise_FL_04,Antimicrobial Treatment,2025-05-09,41.0,28.28,1159.48,811.77,0,5.0,4.0
CLM-66609,Franchise_FL_04,Baseboard Replacement,2025-01-14,19.0,111.9,2126.1,865.48,0,1.0,1.0
CLM-42418,Franchise_NY_12,Drywall Repair,,41.0,81.93,3359.13,3359.13,1,,
CLM-34207,Franchise_TX_01,Antimicrobial Treatment - MISC,,30.0,75.24,2257.2,2257.2,1,,
CLM-44019,Franchise_NY_12,Dehumidifier Rental,,30.0,88.4,2652.0,2652.0,1,,
CLM-50048,Franchise_NY_12,Dehumidifier Rental,,30.0,55.21,1656.3,987.63,0,,
CLM-50020,Franchise_TX_01,Water Extraction,,11.0,45.32,498.52,437.19,0,,
CLM-44711,Franchise_TX_01,Water Extraction - MISC,,23.0,112.58,2589.34,2589.34,1,,
CLM-69855,Franchise_NY_12,Baseboard Replacement,,46.0,79.82,3671.72,1983.42,0,,
CLM-94910,Franchise_NY_12,Water Extraction,,13.0,52.05,676.65,482.27,0,,
CLM-39063,Franchise_NY_12,Dehumidifier Rental,,48.0,53.69,2577.12,1235.95,0,,
CLM-14017,Franchise_FL_04,Drywall Repair,2025-02-26,37.0,62.14,2299.18,2299.18,1,2.0,2.0
CLM-82698,Franchise_TX_01,Drywall Repair,,39.0,92.54,3609.06,3609.06,1,,
CLM-84304,Franchise_FL_04,Dehumidifier Rental,2026-01-01,38.0,73.92,2808.96,2166.03,0,1.0,3.0
CLM-54692,Franchise_TX_01,Water Extraction,,48.0,138.42,6644.16,5354.25,0,,
CLM-14125,Franchise_NY_12,Baseboard Replacement,,30.0,60.69,1820.7,1820.7,1,,
CLM-38723,Franchise_NY_12,Drywall Repair,,16.0,140.9,2254.4,1800.24,0,,
CLM-82647,Franchise_FL_04,Baseboard Replacement,2025-11-17,47.0,46.39,2180.33,1134.87,0,11.0,0.0
CLM-91253,Franchise_TX_01,Baseboard Replacement,,46.0,33.57,1544.22,1088.4,0,,
CLM-10280,Franchise_NY_12,Baseboard Replacement,,46.0,142.1,6536.6,6536.6,1,,
CLM-18536,Franchise_NY_12,Water Extraction,,9.0,104.52,940.68,940.68,1,,
CLM-98475,Franchise_NY_12,Water Extraction,,44.0,77.67,3417.48,3417.48,1,,
CLM-30582,Franchise_FL_04,Drywall Repair,2025-02-05,33.0,84.13,2776.29,1582.96,0,2.0,2.0
CLM-23312,Franchise_NY_12,Drywall Repair,,19.0,95.78,1819.82,1819.82,1,,
CLM-32273,Franchise_TX_01,Antimicrobial Treatment,,34.0,69.7,2369.8,1764.13,0,,
CLM-22892,Franchise_NY_12,Drywall Repair,,36.0,61.99,2231.64,1305.24,0,,
CLM-10405,Franchise_TX_01,Antimicrobial Treatment,,40.0,112.33,4493.2,4493.2,1,,
CLM-59156,Franchise_TX_01,Baseboard Replacement,,24.0,92.95,2230.8,937.79,0,,
CLM-25298,Franchise_FL_04,Antimicrobial Treatment,2025-10-02,19.0,109.57,2081.83,2081.83,1,10.0,3.0
CLM-10437,Franchise_FL_04,Dehumidifier Rental,2025-11-17,40.0,117.11,4684.4,4684.4,1,11.0,0.0
CLM-87107,Franchise_NY_12,Drywall Repair,,20.0,144.09,2881.8,1932.13,0,,
CLM-31594,Franchise_FL_04,Baseboard Replacement,2025-05-27,32.0,33.8,1081.6,444.6,0,5.0,1.0
CLM-64360,Franchise_TX_01,Antimicrobial Treatment,,33.0,131.26,4331.58,4331.58,1,,
CLM-61512,Franchise_FL_04,Drywall Repair,2025-05-04,34.0,15.63,531.42,531.42,1,5.0,6.0
CLM-94257,Franchise_TX_01,Drywall Repair - MISC,,44.0,133.42,5870.48,5870.48,1,,
CLM-74652,Franchise_NY_12,Baseboard Replacement,,7.0,87.55,612.85,464.34,0,,
CLM-76148,Franchise_NY_12,Drywall Repair,,12.0,64.0,768.0,768.0,1,,
CLM-45993,Franchise_NY_12,Antimicrobial Treatment,,48.0,25.64,1230.72,648.11,0,,
CLM-48906,Franchise_FL_04,Baseboard Replacement,2025-05-01,5.0,140.96,704.8,544.92,0,5.0,3.0
CLM-28215,Franchise_FL_04,Water Extraction,2025-12-03,19.0,101.11,1921.09,962.58,0,12.0,2.0
CLM-70028,Franchise_NY_12,Drywall Repair,,20.0,32.47,649.4,649.4,1,,
CLM-94866,Franchise_NY_12,Baseboard Replacement,,22.0,133.32,2933.04,2933.04,1,,
CLM-69596,Franchise_NY_12,Antimicrobial Treatment,,33.0,126.73,4182.09,4182.09,1,,
CLM-28390,Franchise_NY_12,Antimicrobial Treatment,,34.0,143.97,4894.98,4894.98,1,,
CLM-86366,Franchise_NY_12,Baseboard Replacement,,47.0,107.21,5038.87,5038.87,1,,
CLM-34154,Franchise_FL_04,Baseboard Replacement,2025-10-09,2.0,122.97,245.94,102.32,0,10.0,3.0
CLM-38807,Franchise_TX_01,Antimicrobial Treatment - MISC,,36.0,123.88,4459.68,4459.68,1,,
CLM-58038,Franchise_TX_01,Antimicrobial Treatment,,30.0,51.69,1550.7,1550.7,1,,
CLM-38788,Franchise_NY_12,Dehumidifier Rental,,9.0,65.36,588.24,380.38,0,,
CLM-27787,Franchise_FL_04,Water Extraction,2025-06-02,15.0,71.62,1074.3,523.7,0,6.0,0.0
CLM-53920,Franchise_NY_12,Antimicrobial Treatment,,42.0,141.01,5922.42,5922.42,1,,
CLM-82630,Franchise_NY_12,Dehumidifier Rental,,2.0,147.78,295.56,295.56,1,,
CLM-75792,Franchise_NY_12,Drywall Repair,,16.0,145.98,2335.68,2335.68,1,,
CLM-12874,Franchise_TX_01,Drywall Repair,,2.0,37.33,74.66,74.66,1,,
CLM-78506,Franchise_TX_01,Dehumidifier Rental,,45.0,88.38,3977.1,3977.1,1,,
CLM-85111,Franchise_TX_01,Drywall Repair,,15.0,83.69,1255.35,910.16,0,,
CLM-83139,Franchise_FL_04,Baseboard Replacement,2025-03-07,34.0,98.48,3348.32,3348.32,1,3.0,4.0
CLM-47188,Franchise_NY_12,Baseboard Replacement,,17.0,118.3,2011.1,1708.45,0,,
CLM-84991,Franchise_TX_01,Dehumidifier Rental,,26.0,66.63,1732.38,1211.56,0,,
CLM-10293,Franchise_TX_01,Drywall Repair,,40.0,142.21,5688.4,2782.06,0,,
CLM-29534,Franchise_NY_12,Water Extraction,,12.0,110.03,1320.36,1320.36,1,,
CLM-90748,Franchise_NY_12,Water Extraction,,8.0,77.12,616.96,411.37,0,,
CLM-21501,Franchise_FL_04,Antimicrobial Treatment,2025-01-23,33.0,112.82,3723.06,1860.29,0,1.0,3.0
CLM-30653,Franchise_TX_01,Antimicrobial Treatment,,25.0,148.74,3718.5,3718.5,1,,
CLM-70358,Franchise_TX_01,Drywall Repair - MISC,,34.0,108.87,3701.58,3701.58,1,,
CLM-54368,Franchise_FL_04,Drywall Repair,2025-05-31,11.0,102.03,1122.33,980.7,0,5.0,5.0
CLM-31759,Franchise_NY_12,Baseboard Replacement,,23.0,27.65,635.95,635.95,1,,
CLM-53549,Franchise_TX_01,Drywall Repair - MISC,,38.0,116.4,4423.2,4423.2,1,,
CLM-41525,Franchise_FL_04,Water Extraction,2025-02-16,18.0,104.51,1881.18,792.34,0,2.0,6.0
CLM-60722,Franchise_FL_04,Antimicrobial Treatment,2025-01-23,12.0,127.76,1533.12,1533.12,1,1.0,3.0
CLM-61912,Franchise_FL_04,Drywall Repair,2025-06-30,19.0,135.38,2572.22,1269.71,0,6.0,0.0
CLM-47029,Franchise_NY_12,Water Extraction,,14.0,43.96,615.44,400.82,0,,
CLM-86879,Franchise_NY_12,Baseboard Replacement,,24.0,25.85,620.4,620.4,1,,
CLM-48953,Franchise_NY_12,Drywall Repair,,34.0,123.64,4203.76,2320.74,0,,
CLM-22607,Franchise_FL_04,Water Extraction,2025-06-07,3.0,50.97,152.91,122.01,0,6.0,5.0
CLM-97991,Franchise_NY_12,Drywall Repair,,16.0,127.15,2034.4,2034.4,1,,
CLM-58755,Franchise_NY_12,Dehumidifier Rental,,36.0,76.16,2741.76,1379.35,0,,
CLM-25136,Franchise_NY_12,Dehumidifier Rental,,11.0,125.58,1381.38,1381.38,1,,
CLM-85167,Franchise_TX_01,Dehumidifier Rental,,24.0,57.73,1385.52,1385.52,1,,
CLM-93814,Franchise_TX_01,Drywall Repair,,4.0,122.66,490.64,319.43,0,,
CLM-41609,Franchise_NY_12,Antimicrobial Treatment,,2.0,60.15,120.3,72.04,0,,
CLM-95339,Franchise_NY_12,Antimicrobial Treatment,,15.0,126.63,1899.45,1899.45,1,,
CLM-87243,Franchise_FL_04,Drywall Repair,2025-09-12,13.0,148.4,1929.2,1047.99,0,9.0,4.0
CLM-25453,Franchise_FL_04,Dehumidifier Rental,2025-12-29,2.0,84.61,169.22,169.22,1,12.0,0.0
CLM-82848,Franchise_TX_01,Dehumidifier Rental - MISC,,46.0,97.45,4482.7,3037.48,0,,
CLM-81245,Franchise_TX_01,Dehumidifier Rental,,12.0,27.58,330.96,330.96,1,,
CLM-11817,Franchise_NY_12,Water Extraction,,6.0,135.65,813.9,813.9,1,,
CLM-78648,Franchise_TX_01,Baseboard Replacement,,26.0,111.46,2897.96,2041.14,0,,
CLM-78656,Franchise_TX_01,Dehumidifier Rental,,6.0,89.37,536.22,397.52,0,,
CLM-44248,Franchise_NY_12,Baseboard Replacement,,21.0,58.34,1225.14,893.08,0,,
CLM-42087,Franchise_TX_01,Antimicrobial Treatment,,40.0,52.59,2103.6,2103.6,1,,
CLM-47881,Franchise_FL_04,Water Extraction,2025-08-21,14.0,17.96,251.44,162.16,0,8.0,3.0
CLM-82119,Franchise_NY_12,Baseboard Replacement,,37.0,84.12,3112.44,2152.85,0,,
CLM-37619,Franchise_TX_01,Antimicrobial Treatment,,11.0,91.7,1008.7,564.38,0,,
CLM-76620,Franchise_FL_04,Water Extraction,2025-11-03,36.0,70.13,2524.68,1422.64,0,11.0,0.0
CLM-43697,Franchise_NY_12,Drywall Repair,,39.0,29.75,1160.25,1160.25,1,,
CLM-54107,Franchise_NY_12,Dehumidifier Rental,,32.0,89.12,2851.84,2851.84,1,,
CLM-24763,Franchise_FL_04,Antimicrobial Treatment,2025-02-06,27.0,142.87,3857.49,2278.57,0,2.0,3.0
CLM-40489,Franchise_TX_01,Water Extraction,,36.0,70.02,2520.72,2520.72,1,,
CLM-69823,Franchise_TX_01,Baseboard Replacement,,50.0,72.33,3616.5,3616.5,1,,
CLM-76665,Franchise_FL_04,Drywall Repair,2025-09-14,16.0,129.52,2072.32,2072.32,1,9.0,6.0
CLM-61011,Franchise_NY_12,Dehumidifier Rental,,42.0,115.29,4842.18,3764.19,0,,
CLM-10046,Franchise_FL_04,Antimicrobial Treatment,2025-05-17,30.0,80.15,2404.5,2404.5,1,5.0,5.0
CLM-92782,Franchise_FL_04,Antimicrobial Treatment,2025-09-06,21.0,149.83,3146.43,3146.43,1,9.0,5.0
CLM-57768,Franchise_TX_01,Dehumidifier Rental,,3.0,31.39,94.17,94.17,1,,
CLM-90452,Franchise_NY_12,Antimicrobial Treatment,,40.0,141.7,5668.0,3050.38,0,,
CLM-25460,Franchise_NY_12,Baseboard Replacement,,13.0,138.88,1805.44,1805.44,1,,
CLM-66726,Franchise_TX_01,Water Extraction,,43.0,45.76,1967.68,1967.68,1,,
CLM-70399,Franchise_FL_04,Drywall Repair,2025-09-24,47.0,134.65,6328.55,6328.55,1,9.0,2.0
CLM-35457,Franchise_FL_04,Drywall Repair,2025-05-07,35.0,104.64,3662.4,3662.4,1,5.0,2.0
CLM-87091,Franchise_NY_12,Antimicrobial Treatment,,35.0,77.36,2707.6,2707.6,1,,
CLM-56995,Franchise_FL_04,Baseboard Replacement,2025-11-01,27.0,73.73,1990.71,1990.71,1,11.0,5.0
CLM-18554,Franchise_TX_01,Antimicrobial Treatment - MISC,,15.0,30.35,455.25,383.99,0,,
CLM-33382,Franchise_TX_01,Baseboard Replacement,,16.0,111.76,1788.16,1788.16,1,,
CLM-88239,Franchise_NY_12,Antimicrobial Treatment,,13.0,133.95,1741.35,1271.81,0,,
CLM-66658,Franchise_FL_04,Baseboard Replacement,2025-06-03,40.0,20.45,818.0,546.93,0,6.0,1.0
CLM-36703,Franchise_FL_04,Baseboard Replacement,2025-11-01,17.0,149.95,2549.15,2549.15,1,11.0,5.0
CLM-76531,Franchise_FL_04,Water Extraction,2025-10-09,22.0,45.52,1001.44,1001.44,1,10.0,3.0
CLM-38623,Franchise_FL_04,Drywall Repair,2025-02-15,2.0,52.24,104.48,104.48,1,2.0,5.0
CLM-77621,Franchise_FL_04,Dehumidifier Rental,2025-02-16,33.0,117.93,3891.69,3891.69,1,2.0,6.0
CLM-62455,Franchise_NY_12,Water Extraction,,21.0,46.06,967.26,828.05,0,,
CLM-41661,Franchise_NY_12,Dehumidifier Rental,,18.0,108.12,1946.16,1946.16,1,,
CLM-10432,Franchise_NY_12,Dehumidifier Rental,,17.0,72.25,1228.25,1228.25,1,,
CLM-72635,Franchise_NY_12,Dehumidifier Rental,,40.0,52.44,2097.6,1700.32,0,,
CLM-11206,Franchise_NY_12,Baseboard Replacement,,45.0,63.19,2843.55,1426.98,0,,
CLM-51383,Franchise_FL_04,Baseboard Replacement,2025-04-23,16.0,22.45,359.2,171.34,0,4.0,2.0
CLM-35866,Franchise_NY_12,Baseboard Replacement,,15.0,21.78,326.7,262.09,0,,
CLM-72333,Franchise_NY_12,Drywall Repair,,6.0,59.04,354.24,354.24,1,,
CLM-34134,Franchise_NY_12,Water Extraction,,2.0,21.96,43.92,43.92,1,,
CLM-59878,Franchise_NY_12,Dehumidifier Rental,,33.0,149.33,4927.89,4927.89,1,,
CLM-52114,Franchise_TX_01,Antimicrobial Treatment - MISC,,48.0,83.42,4004.16,4004.16,1,,
CLM-32050,Franchise_FL_04,Baseboard Replacement,2025-06-26,3.0,69.21,207.63,207.63,1,6.0,3.0
CLM-27967,Franchise_FL_04,Baseboard Replacement,2025-12-19,21.0,56.18,1179.78,903.92,0,12.0,4.0
CLM-27409,Franchise_FL_04,Antimicrobial Treatment,2025-08-21,10.0,21.14,211.4,211.4,1,8.0,3.0
CLM-62872,Franchise_NY_12,Water Extraction,,20.0,60.97,1219.4,503.05,0,,
CLM-15236,Franchise_TX_01,Dehumidifier Rental,,3.0,39.3,117.9,117.9,1,,
CLM-39554,Franchise_TX_01,Drywall Repair,,1.0,60.51,60.51,49.42,0,,
CLM-68603,Franchise_TX_01,Antimicrobial Treatment,,44.0,71.41,3142.04,1892.33,0,,
CLM-87144,Franchise_NY_12,Baseboard Replacement,,19.0,55.3,1050.7,802.78,0,,
CLM-21454,Franchise_TX_01,Antimicrobial Treatment,,49.0,97.0,4753.0,3524.01,0,,
CLM-28182,Franchise_NY_12,Dehumidifier Rental,,23.0,71.73,1649.79,1649.79,1,,
CLM-66086,Franchise_NY_12,Water Extraction,,16.0,149.71,2395.36,2395.36,1,,
CLM-72929,Franchise_TX_01,Baseboard Replacement,,38.0,93.14,3539.32,2343.87,0,,
CLM-53908,Franchise_TX_01,Dehumidifier Rental,,50.0,124.97,6248.5,6248.5,1,,
CLM-47606,Franchise_NY_12,Drywall Repair,,42.0,135.11,5674.62,3950.61,0,,
CLM-23919,Franchise_NY_12,Baseboard Replacement,,29.0,147.16,4267.64,4267.64,1,,
CLM-82008,Franchise_TX_01,Baseboard Replacement - MISC,,19.0,50.45,958.55,958.55,1,,
CLM-17686,Franchise_FL_04,Antimicrobial Treatment,2025-05-25,43.0,37.42,1609.06,900.19,0,5.0,6.0
CLM-26416,Franchise_FL_04,Water Extraction,2025-09-03,40.0,49.99,1999.6,1999.6,1,9.0,2.0
CLM-66753,Franchise_FL_04,Drywall Repair,2025-06-07,10.0,56.45,564.5,564.5,1,6.0,5.0
CLM-73831,Franchise_TX_01,Baseboard Replacement,,28.0,111.66,3126.48,2783.99,0,,
CLM-52044,Franchise_TX_01,Drywall Repair,,33.0,78.39,2586.87,2586.87,1,,
CLM-42898,Franchise_TX_01,Dehumidifier Rental,,41.0,36.22,1485.02,1485.02,1,,
CLM-49349,Franchise_FL_04,Water Extraction,2025-02-03,25.0,54.74,1368.5,1050.61,0,2.0,0.0
CLM-21199,Franchise_TX_01,Drywall Repair,,16.0,51.3,820.8,820.8,1,,
CLM-30601,Franchise_NY_12,Baseboard Replacement,,47.0,60.74,2854.78,2854.78,1,,
CLM-70811,Franchise_FL_04,Water Extraction,2025-10-23,26.0,59.83,1555.58,1555.58,1,10.0,3.0
CLM-47032,Franchise_TX_01,Baseboard Replacement,,45.0,40.06,1802.7,1262.62,0,,
CLM-65071,Franchise_TX_01,Antimicrobial Treatment,,31.0,87.05,2698.55,2698.55,1,,
CLM-88290,Franchise_FL_04,Drywall Repair,2025-06-24,44.0,53.66,2361.04,1412.37,0,6.0,1.0
CLM-91399,Franchise_TX_01,Baseboard Replacement,,40.0,148.74,5949.6,5949.6,1,,
CLM-57725,Franchise_NY_12,Antimicrobial Treatment,,42.0,36.58,1536.36,875.54,0,,
CLM-14266,Franchise_TX_01,Baseboard Replacement,,22.0,16.9,371.8,240.31,0,,
CLM-92961,Franchise_TX_01,Drywall Repair,,17.0,36.59,622.03,622.03,1,,
CLM-21371,Franchise_FL_04,Baseboard Replacement,2025-01-23,46.0,96.28,4428.88,4428.88,1,1.0,3.0
CLM-68374,Franchise_FL_04,Water Extraction,2025-08-01,11.0,96.35,1059.85,1059.85,1,8.0,4.0
CLM-18503,Franchise_NY_12,Water Extraction,,25.0,86.86,2171.5,2171.5,1,,
CLM-35177,Franchise_FL_04,Drywall Repair,2025-07-21,17.0,96.79,1645.43,1645.43,1,7.0,0.0
CLM-86360,Franchise_NY_12,Water Extraction,,4.0,50.07,200.28,200.28,1,,
CLM-47692,Franchise_NY_12,Baseboard Replacement,,44.0,136.6,6010.4,6010.4,1,,
CLM-43446,Franchise_TX_01,Drywall Repair,,2.0,54.32,108.64,108.64,1,,
CLM-63941,Franchise_NY_12,Baseboard Replacement,,6.0,100.96,605.76,605.76,1,,
CLM-15504,Franchise_NY_12,Drywall Repair,,49.0,65.69,3218.81,2108.18,0,,
CLM-82583,Franchise_TX_01,Water Extraction - MISC,,19.0,61.6,1170.4,1170.4,1,,
CLM-29755,Franchise_NY_12,Drywall Repair,,14.0,124.59,1744.26,1346.26,0,,
CLM-16040,Franchise_TX_01,Dehumidifier Rental,,32.0,50.48,1615.36,1615.36,1,,
CLM-77439,Franchise_TX_01,Water Extraction,,38.0,116.62,4431.56,4431.56,1,,
CLM-26729,Franchise_FL_04,Antimicrobial Treatment,2025-08-26,24.0,18.33,439.92,219.06,0,8.0,1.0
CLM-76719,Franchise_FL_04,Water Extraction,2025-10-23,38.0,24.9,946.2,813.99,0,10.0,3.0
CLM-82617,Franchise_NY_12,Baseboard Replacement,,50.0,63.01,3150.5,2305.91,0,,
CLM-67788,Franchise_NY_12,Drywall Repair,,45.0,33.26,1496.7,631.13,0,,
CLM-85321,Franchise_TX_01,Antimicrobial Treatment,,13.0,100.72,1309.36,1309.36,1,,
CLM-14617,Franchise_NY_12,Antimicrobial Treatment,,17.0,73.54,1250.18,1250.18,1,,
CLM-94661,Franchise_FL_04,Dehumidifier Rental,2025-11-27,46.0,141.56,6511.76,2879.02,0,11.0,3.0
CLM-19432,Franchise_FL_04,Water Extraction,2025-09-27,11.0,45.65,502.15,502.15,1,9.0,5.0
CLM-77431,Franchise_TX_01,Baseboard Replacement,,39.0,25.53,995.67,995.67,1,,
CLM-78957,Franchise_FL_04,Water Extraction,2025-04-30,7.0,145.93,1021.51,458.59,0,4.0,2.0
CLM-61280,Franchise_TX_01,Baseboard Replacement,,4.0,83.02,332.08,332.08,1,,
CLM-83226,Franchise_FL_04,Baseboard Replacement,2025-09-26,24.0,134.3,3223.2,3223.2,1,9.0,4.0
CLM-73179,Franchise_FL_04,Water Extraction,2025-03-20,23.0,95.13,2187.99,1523.44,0,3.0,3.0
CLM-36206,Franchise_FL_04,Baseboard Replacement,2025-07-06,47.0,58.33,2741.51,2741.51,1,7.0,6.0
CLM-93695,Franchise_FL_04,Water Extraction,2025-10-21,30.0,76.59,2297.7,1619.42,0,10.0,1.0
CLM-65219,Franchise_TX_01,Water Extraction,,27.0,76.29,2059.83,2059.83,1,,
CLM-33166,Franchise_TX_01,Drywall Repair,,42.0,51.2,2150.4,2150.4,1,,
CLM-17692,Franchise_NY_12,Drywall Repair,,7.0,120.76,845.32,845.32,1,,
CLM-93454,Franchise_FL_04,Dehumidifier Rental,2025-08-23,36.0,96.45,3472.2,3472.2,1,8.0,5.0
CLM-90850,Franchise_FL_04,Drywall Repair,2025-04-24,20.0,135.5,2710.0,1114.7,0,4.0,3.0
CLM-15494,Franchise_FL_04,Baseboard Replacement,2025-06-27,44.0,127.57,5613.08,5613.08,1,6.0,4.0
CLM-38101,Franchise_NY_12,Baseboard Replacement,,24.0,40.3,967.2,725.82,0,,
CLM-81423,Franchise_TX_01,Water Extraction,,6.0,36.48,218.88,121.1,0,,
CLM-34007,Franchise_TX_01,Water Extraction,,7.0,51.13,357.91,357.91,1,,
CLM-71515,Franchise_TX_01,Dehumidifier Rental,,2.0,36.08,72.16,72.16,1,,
CLM-55416,Franchise_FL_04,Drywall Repair,2025-10-05,44.0,141.37,6220.28,6220.28,1,10.0,6.0
CLM-87408,Franchise_TX_01,Dehumidifier Rental,,34.0,82.46,2803.64,1555.9,0,,
CLM-30336,Franchise_NY_12,Dehumidifier Rental,,28.0,147.43,4128.04,4128.04,1,,
CLM-41119,Franchise_FL_04,Water Extraction,2025-08-24,41.0,22.93,940.13,940.13,1,8.0,6.0
CLM-71608,Franchise_FL_04,Drywall Repair,2025-07-02,37.0,47.03,1740.11,1052.19,0,7.0,2.0
CLM-37256,Franchise_NY_12,Dehumidifier Rental,,32.0,33.77,1080.64,1080.64,1,,
CLM-28816,Franchise_NY_12,Dehumidifier Rental,,20.0,48.44,968.8,763.91,0,,
CLM-29131,Franchise_FL_04,Drywall Repair,2025-08-01,22.0,36.53,803.66,432.34,0,8.0,4.0
CLM-73046,Franchise_TX_01,Water Extraction,,46.0,44.28,2036.88,2036.88,1,,
CLM-68634,Franchise_NY_12,Baseboard Replacement,,35.0,120.82,4228.7,1696.43,0,,
CLM-79055,Franchise_TX_01,Baseboard Replacement,,3.0,58.82,176.46,83.15,0,,
CLM-92190,Franchise_NY_12,Dehumidifier Rental,,32.0,52.41,1677.12,1677.12,1,,
CLM-78163,Franchise_NY_12,Baseboard Replacement,,22.0,110.9,2439.8,1014.69,0,,
CLM-29963,Franchise_NY_12,Drywall Repair,,31.0,119.29,3697.99,2101.07,0,,
CLM-45153,Franchise_TX_01,Baseboard Replacement,,17.0,136.55,2321.35,2321.35,1,,
CLM-81808,Franchise_TX_01,Baseboard Replacement,,48.0,110.03,5281.44,5281.44,1,,
CLM-86603,Franchise_FL_04,Water Extraction,2025-11-23,5.0,77.74,388.7,388.7,1,11.0,6.0
CLM-12582,Franchise_FL_04,Baseboard Replacement,2025-02-24,27.0,20.95,565.65,565.65,1,2.0,0.0
CLM-54312,Franchise_FL_04,Baseboard Replacement,2025-11-04,11.0,72.76,800.36,800.36,1,11.0,1.0
CLM-33268,Franchise_FL_04,Water Extraction,2025-11-21,9.0,67.35,606.15,308.09,0,11.0,4.0
CLM-14268,Franchise_NY_12,Dehumidifier Rental,,9.0,104.01,936.09,550.29,0,,
CLM-99369,Franchise_NY_12,Baseboard Replacement,,35.0,75.47,2641.45,2091.62,0,,
CLM-43303,Franchise_FL_04,Water Extraction,2025-02-25,24.0,148.29,3558.96,3558.96,1,2.0,1.0
CLM-36760,Franchise_TX_01,Water Extraction,,6.0,148.19,889.14,556.73,0,,
CLM-79349,Franchise_FL_04,Dehumidifier Rental,2025-04-11,44.0,121.21,5333.24,4772.04,0,4.0,4.0
CLM-11450,Franchise_TX_01,Water Extraction,,34.0,121.75,4139.5,4139.5,1,,
CLM-18973,Franchise_TX_01,Drywall Repair,,12.0,23.16,277.92,179.57,0,,
CLM-98546,Franchise_FL_04,Antimicrobial Treatment,2025-08-17,12.0,93.0,1116.0,1116.0,1,8.0,6.0
CLM-14190,Franchise_FL_04,Baseboard Replacement,2025-02-28,1.0,79.66,79.66,61.55,0,2.0,4.0
CLM-86109,Franchise_FL_04,Water Extraction,2025-08-08,39.0,93.11,3631.29,2631.08,0,8.0,4.0
CLM-41174,Franchise_FL_04,Water Extraction,2025-11-27,1.0,74.86,74.86,65.49,0,11.0,3.0
CLM-34404,Franchise_FL_04,Water Extraction,2025-09-26,18.0,27.67,498.06,218.59,0,9.0,4.0
CLM-97449,Franchise_FL_04,Antimicrobial Treatment,2025-08-12,17.0,97.92,1664.64,1664.64,1,8.0,1.0
CLM-87676,Franchise_FL_04,Antimicrobial Treatment,2025-11-29,24.0,86.06,2065.44,2065.44,1,11.0,5.0
CLM-74828,Franchise_TX_01,Antimicrobial Treatment,,1.0,16.52,16.52,16.52,1,,
CLM-23211,Franchise_NY_12,Antimicrobial Treatment,,41.0,66.7,2734.7,2734.7,1,,
CLM-74624,Franchise_FL_04,Dehumidifier Rental,2025-01-31,46.0,29.1,1338.6,1338.6,1,1.0,4.0
CLM-38279,Franchise_TX_01,Water Extraction,,3.0,44.57,133.71,133.71,1,,
CLM-98124,Franchise_TX_01,Antimicrobial Treatment - MISC,,8.0,36.69,293.52,293.52,1,,
CLM-63197,Franchise_TX_01,Drywall Repair - MISC,,50.0,112.0,5600.0,3348.09,0,,
CLM-13882,Franchise_FL_04,Antimicrobial Treatment,2025-01-06,32.0,131.66,4213.12,2207.5,0,1.0,0.0
CLM-84039,Franchise_NY_12,Water Extraction,,19.0,73.98,1405.62,828.77,0,,
CLM-16135,Franchise_TX_01,Water Extraction,,25.0,21.52,538.0,538.0,1,,
CLM-37346,Franchise_TX_01,Water Extraction,,34.0,73.09,2485.06,1242.68,0,,
CLM-41934,Franchise_NY_12,Baseboard Replacement,,32.0,58.33,1866.56,1866.56,1,,
CLM-33980,Franchise_TX_01,Drywall Repair,,23.0,32.22,741.06,630.07,0,,
CLM-79531,Franchise_TX_01,Baseboard Replacement,,16.0,138.06,2208.96,1927.39,0,,
CLM-52245,Franchise_TX_01,Water Extraction,,47.0,85.22,4005.34,4005.34,1,,
CLM-23698,Franchise_FL_04,Antimicrobial Treatment,2025-05-13,13.0,37.66,489.58,330.88,0,5.0,1.0
CLM-27903,Franchise_TX_01,Water Extraction,,4.0,15.62,62.48,52.24,0,,
CLM-66695,Franchise_TX_01,Water Extraction - MISC,,4.0,39.25,157.0,157.0,1,,
CLM-50410,Franchise_FL_04,Drywall Repair,2025-12-04,22.0,22.97,505.34,233.7,0,12.0,3.0
CLM-59430,Franchise_TX_01,Water Extraction - MISC,,10.0,125.03,1250.3,1250.3,1,,
CLM-61837,Franchise_FL_04,Antimicrobial Treatment,2025-09-08,40.0,102.19,4087.6,4087.6,1,9.0,0.0
CLM-21466,Franchise_NY_12,Antimicrobial Treatment,,21.0,103.8,2179.8,2179.8,1,,
CLM-94265,Franchise_TX_01,Baseboard Replacement,,10.0,47.9,479.0,479.0,1,,
CLM-82737,Franchise_FL_04,Drywall Repair,2025-06-01,5.0,53.46,267.3,267.3,1,6.0,6.0
CLM-36185,Franchise_NY_12,Antimicrobial Treatment,,19.0,55.27,1050.13,475.05,0,,
CLM-21610,Franchise_TX_01,Water Extraction,,7.0,122.33,856.31,731.35,0,,
CLM-78339,Franchise_TX_01,Baseboard Replacement,,36.0,21.41,770.76,770.76,1,,
CLM-77739,Franchise_NY_12,Antimicrobial Treatment,,1.0,75.35,75.35,59.45,0,,
CLM-85775,Franchise_FL_04,Baseboard Replacement,2025-02-26,22.0,131.19,2886.18,2273.2,0,2.0,2.0
CLM-25670,Franchise_TX_01,Water Extraction,,10.0,120.34,1203.4,867.55,0,,
CLM-30028,Franchise_FL_04,Dehumidifier Rental,2025-12-11,27.0,100.55,2714.85,1098.44,0,12.0,3.0
CLM-17909,Franchise_FL_04,Dehumidifier Rental,2025-01-15,33.0,18.43,608.19,608.19,1,1.0,2.0
CLM-48799,Franchise_TX_01,Drywall Repair - MISC,,18.0,31.32,563.76,244.79,0,,
CLM-29826,Franchise_FL_04,Antimicrobial Treatment,2025-08-17,32.0,26.16,837.12,416.76,0,8.0,6.0
CLM-91403,Franchise_TX_01,Baseboard Replacement,,50.0,135.97,6798.5,2781.01,0,,
CLM-79954,Franchise_NY_12,Dehumidifier Rental,,2.0,147.43,294.86,294.86,1,,
CLM-11264,Franchise_NY_12,Baseboard Replacement,,32.0,126.46,4046.72,2420.12,0,,
CLM-41562,Franchise_TX_01,Water Extraction,,46.0,125.38,5767.48,4490.14,0,,
CLM-70593,Franchise_NY_12,Water Extraction,,46.0,111.64,5135.44,5135.44,1,,
CLM-17433,Franchise_FL_04,Drywall Repair,2025-11-24,11.0,27.48,302.28,302.28,1,11.0,0.0
CLM-40626,Franchise_NY_12,Antimicrobial Treatment,,2.0,56.34,112.68,112.68,1,,
CLM-60559,Franchise_FL_04,Antimicrobial Treatment,2025-08-09,38.0,58.61,2227.18,1285.85,0,8.0,5.0
CLM-92166,Franchise_TX_01,Drywall Repair,,48.0,70.05,3362.4,3362.4,1,,
CLM-31755,Franchise_FL_04,Dehumidifier Rental,2025-01-03,4.0,78.05,312.2,199.61,0,1.0,4.0
CLM-53305,Franchise_TX_01,Dehumidifier Rental,,17.0,32.52,552.84,552.84,1,,
CLM-24637,Franchise_NY_12,Baseboard Replacement,,20.0,82.12,1642.4,1642.4,1,,
CLM-24834,Franchise_NY_12,Water Extraction,,46.0,138.12,6353.52,3817.9,0,,
CLM-86619,Franchise_TX_01,Drywall Repair,,38.0,97.08,3689.04,1559.01,0,,
CLM-41987,Franchise_FL_04,Dehumidifier Rental,2025-06-30,5.0,27.26,136.3,136.3,1,6.0,0.0
CLM-41553,Franchise_NY_12,Water Extraction,,14.0,41.03,574.42,574.42,1,,
CLM-58861,Franchise_NY_12,Water Extraction,,22.0,89.83,1976.26,1976.26,1,,
CLM-67920,Franchise_FL_04,Antimicrobial Treatment,2025-05-04,28.0,115.61,3237.08,3237.08,1,5.0,6.0
CLM-65488,Franchise_NY_12,Water Extraction,,27.0,22.57,609.39,609.39,1,,
CLM-60944,Franchise_TX_01,Antimicrobial Treatment,,45.0,120.91,5440.95,5440.95,1,,
CLM-80030,Franchise_TX_01,Baseboard Replacement,,44.0,92.34,4062.96,1649.31,0,,
CLM-66777,Franchise_TX_01,Dehumidifier Rental,,14.0,30.1,421.4,358.97,0,,
CLM-59604,Franchise_TX_01,Antimicrobial Treatment - MISC,,6.0,117.65,705.9,705.9,1,,
CLM-80031,Franchise_FL_04,Baseboard Replacement,2025-05-30,5.0,47.63,238.15,238.15,1,5.0,4.0
CLM-71783,Franchise_NY_12,Antimicrobial Treatment,,23.0,136.29,3134.67,1563.18,0,,
CLM-57871,Franchise_FL_04,Antimicrobial Treatment,2025-03-26,13.0,101.12,1314.56,925.96,0,3.0,2.0
CLM-64598,Franchise_NY_12,Dehumidifier Rental,,40.0,74.6,2984.0,2984.0,1,,
CLM-97576,Franchise_FL_04,Baseboard Replacement,2025-03-08,2.0,66.89,133.78,110.39,0,3.0,5.0
CLM-13063,Franchise_NY_12,Dehumidifier Rental,,40.0,130.35,5214.0,5214.0,1,,
CLM-93104,Franchise_TX_01,Water Extraction - MISC,,19.0,118.41,2249.79,2249.79,1,,
CLM-52694,Franchise_FL_04,Baseboard Replacement,2025-04-06,24.0,53.23,1277.52,876.14,0,4.0,6.0
CLM-75513,Franchise_FL_04,Drywall Repair,2025-05-22,46.0,50.22,2310.12,2310.12,1,5.0,3.0
CLM-20156,Franchise_FL_04,Baseboard Replacement,2025-02-16,15.0,49.25,738.75,483.8,0,2.0,6.0
CLM-63744,Franchise_FL_04,Antimicrobial Treatment,2025-11-06,8.0,132.07,1056.56,535.09,0,11.0,3.0
CLM-45377,Franchise_TX_01,Water Extraction,,44.0,117.82,5184.08,5184.08,1,,
CLM-65468,Franchise_FL_04,Water Extraction,2025-10-17,22.0,52.14,1147.08,1024.94,0,10.0,4.0
CLM-29608,Franchise_NY_12,Baseboard Replacement,,35.0,127.85,4474.75,2980.68,0,,
CLM-80875,Franchise_FL_04,Antimicrobial Treatment,2025-06-17,43.0,73.71,3169.53,2666.8,0,6.0,1.0
CLM-37950,Franchise_FL_04,Baseboard Replacement,2025-05-23,13.0,123.43,1604.59,1604.59,1,5.0,4.0
CLM-57945,Franchise_NY_12,Antimicrobial Treatment,,14.0,59.2,828.8,828.8,1,,
CLM-22179,Franchise_TX_01,Water Extraction - MISC,,14.0,118.27,1655.78,1655.78,1,,
CLM-90985,Franchise_FL_04,Dehumidifier Rental,2025-09-02,50.0,40.73,2036.5,2036.5,1,9.0,1.0
CLM-67142,Franchise_FL_04,Water Extraction,2025-05-14,26.0,25.63,666.38,666.38,1,5.0,2.0
CLM-11873,Franchise_NY_12,Antimicrobial Treatment,,34.0,149.8,5093.2,5093.2,1,,
CLM-51578,Franchise_NY_12,Antimicrobial Treatment,,22.0,15.55,342.1,342.1,1,,
CLM-47094,Franchise_FL_04,Drywall Repair,2025-07-30,32.0,65.07,2082.24,936.3,0,7.0,2.0
CLM-44601,Franchise_FL_04,Dehumidifier Rental,2025-02-15,16.0,53.86,861.76,528.51,0,2.0,5.0
CLM-82316,Franchise_NY_12,Dehumidifier Rental,,31.0,23.27,721.37,641.24,0,,
CLM-93541,Franchise_NY_12,Dehumidifier Rental,,50.0,82.15,4107.5,4107.5,1,,
CLM-52222,Franchise_TX_01,Drywall Repair,,6.0,76.25,457.5,207.44,0,,
CLM-57392,Franchise_FL_04,Water Extraction,2025-10-25,25.0,25.49,637.25,340.46,0,10.0,5.0
CLM-51934,Franchise_TX_01,Baseboard Replacement,,38.0,105.48,4008.24,4008.24,1,,
CLM-74173,Franchise_TX_01,Baseboard Replacement,,29.0,101.36,2939.44,2372.65,0,,
CLM-54810,Franchise_FL_04,Dehumidifier Rental,2025-05-28,42.0,134.6,5653.2,5653.2,1,5.0,2.0
CLM-32971,Franchise_TX_01,Dehumidifier Rental,,47.0,27.61,1297.67,1024.07,0,,
CLM-91609,Franchise_TX_01,Dehumidifier Rental,,48.0,63.45,3045.6,3045.6,1,,
CLM-33870,Franchise_TX_01,Water Extraction,,34.0,68.15,2317.1,1143.29,0,,
CLM-99473,Franchise_TX_01,Antimicrobial Treatment,,19.0,24.64,468.16,468.16,1,,
CLM-97492,Franchise_NY_12,Baseboard Replacement,,43.0,120.88,5197.84,5197.84,1,,
CLM-48515,Franchise_FL_04,Antimicrobial Treatment,2025-03-25,28.0,24.44,684.32,684.32,1,3.0,1.0
CLM-92340,Franchise_TX_01,Water Extraction,,3.0,32.59,97.77,97.77,1,,
CLM-88564,Franchise_TX_01,Drywall Repair,,36.0,111.32,4007.52,2971.38,0,,
CLM-26305,Franchise_NY_12,Drywall Repair,,12.0,17.93,215.16,215.16,1,,
CLM-60131,Franchise_FL_04,Baseboard Replacement,2025-02-01,16.0,46.36,741.76,741.76,1,2.0,5.0
CLM-83622,Franchise_TX_01,Water Extraction,,24.0,136.57,3277.68,3277.68,1,,
CLM-41425,Franchise_FL_04,Baseboard Replacement,2025-08-07,22.0,33.26,731.72,731.72,1,8.0,3.0
CLM-64867,Franchise_TX_01,Baseboard Replacement,,21.0,91.54,1922.34,1922.34,1,,
CLM-19642,Franchise_FL_04,Antimicrobial Treatment,2026-01-01,10.0,102.81,1028.1,760.97,0,1.0,3.0
CLM-55982,Franchise_TX_01,Dehumidifier Rental,,7.0,60.8,425.6,425.6,1,,
CLM-70262,Franchise_FL_04,Baseboard Replacement,2025-07-08,28.0,25.51,714.28,714.28,1,7.0,1.0
CLM-90624,Franchise_NY_12,Water Extraction,,34.0,88.95,3024.3,3024.3,1,,
CLM-21551,Franchise_FL_04,Antimicrobial Treatment,2025-12-01,17.0,130.37,2216.29,963.56,0,12.0,0.0
CLM-84223,Franchise_NY_12,Baseboard Replacement,,4.0,109.66,438.64,438.64,1,,
CLM-33778,Franchise_NY_12,Antimicrobial Treatment,,34.0,52.81,1795.54,791.91,0,,
CLM-84460,Franchise_TX_01,Baseboard Replacement,,14.0,31.44,440.16,440.16,1,,
CLM-51319,Franchise_FL_04,Water Extraction,2025-03-14,23.0,62.66,1441.18,1172.48,0,3.0,4.0
CLM-37381,Franchise_FL_04,Drywall Repair,2025-08-08,11.0,87.77,965.47,861.25,0,8.0,4.0
CLM-55205,Franchise_NY_12,Dehumidifier Rental,,29.0,111.63,3237.27,1562.99,0,,
CLM-94279,Franchise_TX_01,Drywall Repair,,20.0,76.27,1525.4,1525.4,1,,
CLM-55416,Franchise_NY_12,Drywall Repair,,38.0,55.0,2090.0,2090.0,1,,
CLM-12947,Franchise_NY_12,Water Extraction,,49.0,104.89,5139.61,5139.61,1,,
CLM-55506,Franchise_NY_12,Dehumidifier Rental,,48.0,93.7,4497.6,3565.56,0,,
CLM-34306,Franchise_NY_12,Baseboard Replacement,,12.0,70.85,850.2,850.2,1,,
CLM-76139,Franchise_TX_01,Dehumidifier Rental - MISC,,14.0,47.74,668.36,293.23,0,,
CLM-98468,Franchise_FL_04,Drywall Repair,2025-10-10,41.0,126.52,5187.32,3197.95,0,10.0,4.0
CLM-93744,Franchise_NY_12,Drywall Repair,,6.0,113.91,683.46,273.43,0,,
CLM-85964,Franchise_FL_04,Water Extraction,2025-03-20,6.0,138.12,828.72,828.72,1,3.0,3.0
CLM-58825,Franchise_TX_01,Dehumidifier Rental,,9.0,52.57,473.13,276.83,0,,
CLM-91014,Franchise_NY_12,Baseboard Replacement,,43.0,123.7,5319.1,3173.12,0,,
CLM-14211,Franchise_TX_01,Drywall Repair,,28.0,128.07,3585.96,3585.96,1,,
CLM-87917,Franchise_NY_12,Drywall Repair,,29.0,61.85,1793.65,1793.65,1,,
CLM-59458,Franchise_TX_01,Baseboard Replacement,,46.0,18.9,869.4,869.4,1,,
CLM-87042,Franchise_TX_01,Drywall Repair,,24.0,15.03,360.72,323.13,0,,
CLM-68709,Franchise_TX_01,Water Extraction - MISC,,34.0,52.49,1784.66,789.6,0,,
CLM-21347,Franchise_FL_04,Water Extraction,2025-03-11,11.0,98.32,1081.52,1081.52,1,3.0,1.0
CLM-83059,Franchise_TX_01,Dehumidifier Rental,,45.0,42.1,1894.5,1407.2,0,,
CLM-30394,Franchise_TX_01,Dehumidifier Rental,,49.0,82.17,4026.33,2158.96,0,,
CLM-84255,Franchise_FL_04,Baseboard Replacement,2025-02-19,39.0,16.33,636.87,636.87,1,2.0,2.0
CLM-49654,Franchise_TX_01,Dehumidifier Rental,,25.0,37.82,945.5,391.49,0,,
CLM-17028,Franchise_TX_01,Drywall Repair,,17.0,22.75,386.75,386.75,1,,
CLM-65456,Franchise_FL_04,Dehumidifier Rental,2025-07-23,47.0,102.3,4808.1,4808.1,1,7.0,2.0
CLM-64602,Franchise_TX_01,Dehumidifier Rental - MISC,,2.0,86.6,173.2,103.31,0,,
CLM-40546,Franchise_TX_01,Drywall Repair,,22.0,56.49,1242.78,546.82,0,,
CLM-62900,Franchise_NY_12,Antimicrobial Treatment,,36.0,91.34,3288.24,2763.18,0,,
CLM-95608,Franchise_NY_12,Drywall Repair,,39.0,141.31,5511.09,4806.35,0,,
CLM-98750,Franchise_NY_12,Drywall Repair,,46.0,74.95,3447.7,3447.7,1,,
CLM-87660,Franchise_NY_12,Water Extraction,,42.0,95.29,4002.18,4002.18,1,,
CLM-22606,Franchise_TX_01,Dehumidifier Rental,,16.0,132.72,2123.52,2123.52,1,,
CLM-80241,Franchise_TX_01,Dehumidifier Rental,,14.0,16.28,227.92,227.92,1,,
CLM-18497,Franchise_FL_04,Drywall Repair,2025-06-16,8.0,22.39,179.12,112.5,0,6.0,0.0
CLM-25122,Franchise_TX_01,Water Extraction,,20.0,101.13,2022.6,2022.6,1,,
CLM-23747,Franchise_TX_01,Drywall Repair,,12.0,125.26,1503.12,1503.12,1,,
CLM-15862,Franchise_NY_12,Dehumidifier Rental,,5.0,134.54,672.7,672.7,1,,
CLM-88548,Franchise_TX_01,Baseboard Replacement - MISC,,50.0,136.72,6836.0,6082.44,0,,
CLM-16688,Franchise_FL_04,Baseboard Replacement,2025-05-27,37.0,123.59,4572.83,3760.87,0,5.0,1.0
CLM-28219,Franchise_TX_01,Dehumidifier Rental,,5.0,100.75,503.75,354.62,0,,
CLM-63376,Franchise_FL_04,Dehumidifier Rental,2025-09-16,37.0,17.03,630.11,630.11,1,9.0,1.0
CLM-83857,Franchise_TX_01,Antimicrobial Treatment,,14.0,118.84,1663.76,1663.76,1,,
CLM-91513,Franchise_TX_01,Water Extraction,,20.0,64.57,1291.4,722.87,0,,
CLM-76035,Franchise_NY_12,Antimicrobial Treatment,,3.0,41.06,123.18,123.18,1,,
CLM-11686,Franchise_TX_01,Water Extraction,,12.0,92.03,1104.36,1104.36,1,,
CLM-23977,Franchise_NY_12,Dehumidifier Rental,,4.0,70.39,281.56,281.56,1,,
CLM-66060,Franchise_NY_12,Baseboard Replacement,,5.0,61.33,306.65,213.17,0,,
CLM-52858,Franchise_TX_01,Baseboard Replacement,,15.0,35.99,539.85,539.85,1,,
CLM-35261,Franchise_NY_12,Water Extraction,,5.0,43.24,216.2,216.2,1,,
CLM-98071,Franchise_FL_04,Antimicrobial Treatment,2025-09-14,36.0,69.52,2502.72,1997.02,0,9.0,6.0
CLM-85747,Franchise_FL_04,Drywall Repair,2025-09-14,24.0,136.08,3265.92,3265.92,1,9.0,6.0
CLM-40877,Franchise_NY_12,Baseboard Replacement,,47.0,32.25,1515.75,667.72,0,,
CLM-56348,Franchise_TX_01,Water Extraction,,42.0,19.69,826.98,695.98,0,,
CLM-28835,Franchise_FL_04,Antimicrobial Treatment,2025-02-10,11.0,132.8,1460.8,1143.86,0,2.0,0.0
CLM-11592,Franchise_TX_01,Antimicrobial Treatment,,27.0,128.02,3456.54,3456.54,1,,
CLM-67499,Franchise_NY_12,Baseboard Replacement,,8.0,36.5,292.0,187.55,0,,
CLM-96522,Franchise_TX_01,Antimicrobial Treatment - MISC,,43.0,100.83,4335.69,4335.69,1,,
CLM-88186,Franchise_NY_12,Water Extraction,,12.0,136.76,1641.12,1641.12,1,,
CLM-93449,Franchise_TX_01,Dehumidifier Rental,,20.0,102.69,2053.8,2053.8,1,,
CLM-83975,Franchise_TX_01,Drywall Repair,,12.0,36.76,441.12,441.12,1,,
CLM-22804,Franchise_NY_12,Antimicrobial Treatment,,23.0,47.93,1102.39,909.19,0,,
CLM-91126,Franchise_TX_01,Antimicrobial Treatment,,32.0,133.77,4280.64,2737.87,0,,
CLM-86715,Franchise_NY_12,Baseboard Replacement,,20.0,109.37,2187.4,2187.4,1,,
CLM-32022,Franchise_NY_12,Antimicrobial Treatment,,40.0,116.83,4673.2,3426.28,0,,
CLM-98019,Franchise_TX_01,Water Extraction - MISC,,16.0,57.81,924.96,924.96,1,,
CLM-17505,Franchise_TX_01,Baseboard Replacement - MISC,,4.0,64.34,257.36,257.36,1,,
CLM-88039,Franchise_FL_04,Drywall Repair,2025-12-12,5.0,144.65,723.25,723.25,1,12.0,4.0
CLM-32985,Franchise_TX_01,Water Extraction,,28.0,26.95,754.6,534.95,0,,
CLM-62870,Franchise_NY_12,Drywall Repair,,10.0,118.35,1183.5,1183.5,1,,
CLM-55235,Franchise_FL_04,Water Extraction,2025-05-22,20.0,40.89,817.8,817.8,1,5.0,3.0
CLM-42931,Franchise_NY_12,Drywall Repair,,44.0,27.54,1211.76,1211.76,1,,
CLM-46215,Franchise_TX_01,Baseboard Replacement,,9.0,145.5,1309.5,1309.5,1,,
CLM-38864,Franchise_FL_04,Dehumidifier Rental,2025-03-06,27.0,80.44,2171.88,2171.88,1,3.0,3.0
CLM-33989,Franchise_TX_01,Baseboard Replacement,,47.0,60.94,2864.18,2152.66,0,,
CLM-32984,Franchise_TX_01,Antimicrobial Treatment - MISC,,34.0,41.11,1397.74,1397.74,1,,
CLM-77180,Franchise_NY_12,Antimicrobial Treatment,,5.0,139.34,696.7,696.7,1,,
CLM-44960,Franchise_NY_12,Drywall Repair,,16.0,85.83,1373.28,1182.52,0,,
CLM-80436,Franchise_FL_04,Baseboard Replacement,2025-12-06,21.0,141.07,2962.47,2962.47,1,12.0,5.0
CLM-86478,Franchise_FL_04,Drywall Repair,2025-11-08,21.0,123.22,2587.62,2103.64,0,11.0,5.0
CLM-40771,Franchise_TX_01,Dehumidifier Rental,,3.0,125.94,377.82,181.55,0,,
CLM-20955,Franchise_NY_12,Antimicrobial Treatment,,5.0,45.0,225.0,135.98,0,,
CLM-62866,Franchise_FL_04,Drywall Repair,2025-08-21,48.0,63.91,3067.68,3067.68,1,8.0,3.0
CLM-88360,Franchise_NY_12,Baseboard Replacement,,12.0,61.25,735.0,645.54,0,,
CLM-24648,Franchise_FL_04,Dehumidifier Rental,2025-08-30,39.0,46.68,1820.52,901.18,0,8.0,5.0
CLM-17522,Franchise_NY_12,Baseboard Replacement,,12.0,39.49,473.88,473.88,1,,
CLM-72842,Franchise_TX_01,Antimicrobial Treatment,,35.0,137.27,4804.45,3545.92,0,,
CLM-87855,Franchise_NY_12,Antimicrobial Treatment,,41.0,107.36,4401.76,4401.76,1,,
CLM-77025,Franchise_NY_12,Antimicrobial Treatment,,43.0,127.4,5478.2,2494.51,0,,
CLM-10581,Franchise_NY_12,Baseboard Replacement,,32.0,57.94,1854.08,961.21,0,,
CLM-76358,Franchise_NY_12,Baseboard Replacement,,40.0,131.68,5267.2,5267.2,1,,
CLM-60006,Franchise_TX_01,Antimicrobial Treatment,,28.0,46.96,1314.88,1134.03,0,,
CLM-83577,Franchise_NY_12,Baseboard Replacement,,7.0,138.12,966.84,966.84,1,,
CLM-49003,Franchise_FL_04,Water Extraction,2025-04-11,37.0,112.28,4154.36,4154.36,1,4.0,4.0
CLM-55623,Franchise_NY_12,Antimicrobial Treatment,,25.0,79.5,1987.5,1987.5,1,,
CLM-45102,Franchise_FL_04,Antimicrobial Treatment,2025-05-04,16.0,29.34,469.44,352.5,0,5.0,6.0
CLM-70868,Franchise_FL_04,Drywall Repair,2025-05-29,50.0,64.2,3210.0,2230.36,0,5.0,3.0
CLM-17347,Franchise_TX_01,Baseboard Replacement,,22.0,122.2,2688.4,2688.4,1,,
CLM-38208,Franchise_FL_04,Antimicrobial Treatment,2025-04-29,35.0,38.24,1338.4,1338.4,1,4.0,1.0
CLM-48896,Franchise_NY_12,Baseboard Replacement,,36.0,101.2,3643.2,3018.18,0,,
CLM-70322,Franchise_TX_01,Drywall Repair,,45.0,147.9,6655.5,2777.04,0,,
CLM-31989,Franchise_TX_01,Antimicrobial Treatment,,12.0,103.55,1242.6,1242.6,1,,
CLM-56863,Franchise_FL_04,Water Extraction,2025-10-17,11.0,92.8,1020.8,1020.8,1,10.0,4.0
CLM-45697,Franchise_FL_04,Dehumidifier Rental,2025-02-09,5.0,114.42,572.1,508.23,0,2.0,6.0
CLM-60175,Franchise_TX_01,Baseboard Replacement,,25.0,106.41,2660.25,2660.25,1,,
CLM-16594,Franchise_NY_12,Dehumidifier Rental,,36.0,82.33,2963.88,2333.31,0,,
CLM-99457,Franchise_FL_04,Dehumidifier Rental,2025-01-31,39.0,77.03,3004.17,1468.77,0,1.0,4.0
CLM-69347,Franchise_FL_04,Water Extraction,2025-04-11,28.0,86.3,2416.4,2416.4,1,4.0,4.0
CLM-39445,Franchise_TX_01,Antimicrobial Treatment,,23.0,138.13,3176.99,2127.73,0,,
CLM-17846,Franchise_TX_01,Drywall Repair - MISC,,46.0,32.75,1506.5,1506.5,1,,
CLM-52467,Franchise_NY_12,Water Extraction,,42.0,60.71,2549.82,2549.82,1,,
CLM-91626,Franchise_TX_01,Dehumidifier Rental,,46.0,104.37,4801.02,2014.94,0,,
CLM-11775,Franchise_TX_01,Baseboard Replacement,,22.0,127.61,2807.42,2807.42,1,,
CLM-24961,Franchise_FL_04,Water Extraction,2025-08-11,37.0,144.77,5356.49,5356.49,1,8.0,0.0
CLM-24256,Franchise_FL_04,Dehumidifier Rental,2025-07-20,48.0,65.17,3128.16,3128.16,1,7.0,6.0
CLM-25233,Franchise_TX_01,Antimicrobial Treatment - MISC,,13.0,25.61,332.93,270.45,0,,
CLM-79933,Franchise_TX_01,Antimicrobial Treatment,,3.0,87.16,261.48,261.48,1,,
CLM-39912,Franchise_TX_01,Drywall Repair,,27.0,118.73,3205.71,3205.71,1,,
CLM-36116,Franchise_NY_12,Water Extraction,,32.0,19.79,633.28,533.93,0,,
CLM-67426,Franchise_FL_04,Drywall Repair,2025-07-11,36.0,148.57,5348.52,5348.52,1,7.0,4.0
CLM-60927,Franchise_FL_04,Antimicrobial Treatment,2025-08-18,11.0,42.59,468.49,468.49,1,8.0,0.0
CLM-38016,Franchise_TX_01,Antimicrobial Treatment,,22.0,57.73,1270.06,1270.06,1,,
CLM-99540,Franchise_NY_12,Drywall Repair,,41.0,15.65,641.65,641.65,1,,
CLM-98218,Franchise_TX_01,Baseboard Replacement,,24.0,37.4,897.6,703.02,0,,
CLM-12202,Franchise_NY_12,Drywall Repair,,18.0,40.35,726.3,610.41,0,,
CLM-87464,Franchise_NY_12,Dehumidifier Rental,,24.0,30.42,730.08,410.95,0,,
CLM-77808,Franchise_NY_12,Baseboard Replacement,,46.0,18.72,861.12,525.32,0,,
CLM-60216,Franchise_TX_01,Water Extraction,,22.0,137.6,3027.2,2313.64,0,,
CLM-11709,Franchise_NY_12,Baseboard Replacement,,10.0,126.32,1263.2,1263.2,1,,
CLM-88188,Franchise_FL_04,Drywall Repair,2025-06-17,16.0,139.59,2233.44,1067.63,0,6.0,1.0
CLM-39461,Franchise_NY_12,Baseboard Replacement,,39.0,37.85,1476.15,1193.75,0,,
CLM-70777,Franchise_NY_12,Baseboard Replacement,,10.0,72.71,727.1,577.81,0,,
CLM-84545,Franchise_NY_12,Water Extraction,,7.0,67.54,472.78,472.78,1,,
CLM-17864,Franchise_FL_04,Antimicrobial Treatment,2025-12-06,46.0,113.44,5218.24,5218.24,1,12.0,5.0
CLM-91187,Franchise_FL_04,Drywall Repair,2025-03-26,21.0,134.57,2825.97,2825.97,1,3.0,2.0
CLM-66249,Franchise_TX_01,Water Extraction,,5.0,98.51,492.55,492.55,1,,
CLM-15277,Franchise_NY_12,Baseboard Replacement,,28.0,56.64,1585.92,1585.92,1,,
CLM-68927,Franchise_TX_01,Baseboard Replacement,,6.0,26.59,159.54,159.54,1,,
CLM-25760,Franchise_TX_01,Drywall Repair,,44.0,122.43,5386.92,5386.92,1,,
CLM-85056,Franchise_NY_12,Drywall Repair,,1.0,28.85,28.85,28.85,1,,
CLM-62009,Franchise_NY_12,Drywall Repair,,33.0,93.76,3094.08,3094.08,1,,
CLM-98614,Franchise_FL_04,Baseboard Replacement,2025-02-03,11.0,33.59,369.49,369.49,1,2.0,0.0
CLM-52906,Franchise_FL_04,Drywall Repair,2025-01-03,9.0,122.65,1103.85,1103.85,1,1.0,4.0
CLM-50074,Franchise_TX_01,Drywall Repair,,15.0,19.16,287.4,287.4,1,,
CLM-84408,Franchise_NY_12,Water Extraction,,26.0,75.44,1961.44,1961.44,1,,
CLM-72865,Franchise_FL_04,Water Extraction,2025-04-19,3.0,121.97,365.91,197.7,0,4.0,5.0
CLM-40575,Franchise_NY_12,Drywall Repair,,2.0,58.4,116.8,116.8,1,,
CLM-60493,Franchise_FL_04,Drywall Repair,2025-06-21,49.0,81.71,4003.79,2384.99,0,6.0,5.0
CLM-86073,Franchise_TX_01,Drywall Repair,,24.0,117.81,2827.44,2827.44,1,,
CLM-13915,Franchise_TX_01,Dehumidifier Rental,,8.0,26.89,215.12,215.12,1,,
CLM-91441,Franchise_TX_01,Drywall Repair,,10.0,28.14,281.4,201.11,0,,
CLM-28402,Franchise_NY_12,Water Extraction,,38.0,62.51,2375.38,2375.38,1,,
CLM-65442,Franchise_FL_04,Antimicrobial Treatment,2025-11-30,48.0,66.62,3197.76,1807.3,0,11.0,6.0
CLM-68262,Franchise_FL_04,Drywall Repair,2025-11-16,22.0,81.01,1782.22,1014.31,0,11.0,6.0
CLM-39968,Franchise_NY_12,Water Extraction,,21.0,78.86,1656.06,1656.06,1,,
CLM-77926,Franchise_FL_04,Dehumidifier Rental,2025-02-02,10.0,56.67,566.7,566.7,1,2.0,6.0
CLM-65151,Franchise_NY_12,Drywall Repair,,38.0,75.57,2871.66,2871.66,1,,
CLM-84169,Franchise_FL_04,Antimicrobial Treatment,2025-05-22,13.0,71.77,933.01,458.27,0,5.0,3.0
CLM-37699,Franchise_TX_01,Dehumidifier Rental - MISC,,36.0,15.95,574.2,574.2,1,,
CLM-90740,Franchise_FL_04,Water Extraction,2025-01-15,11.0,33.35,366.85,366.85,1,1.0,2.0
CLM-22478,Franchise_TX_01,Dehumidifier Rental - MISC,,6.0,16.57,99.42,99.42,1,,
CLM-65394,Franchise_FL_04,Antimicrobial Treatment,2025-09-25,43.0,134.78,5795.54,3808.27,0,9.0,3.0
CLM-79150,Franchise_NY_12,Baseboard Replacement,,48.0,27.14,1302.72,1302.72,1,,
CLM-28647,Franchise_NY_12,Water Extraction,,9.0,16.68,150.12,150.12,1,,
CLM-69468,Franchise_FL_04,Water Extraction,2025-06-18,19.0,28.32,538.08,538.08,1,6.0,2.0
CLM-98045,Franchise_TX_01,Antimicrobial Treatment - MISC,,48.0,15.97,766.56,766.56,1,,
CLM-41523,Franchise_TX_01,Drywall Repair,,11.0,91.88,1010.68,620.79,0,,
CLM-72670,Franchise_FL_04,Baseboard Replacement,2025-11-06,6.0,144.05,864.3,540.72,0,11.0,3.0
CLM-37024,Franchise_TX_01,Dehumidifier Rental,,9.0,102.86,925.74,925.74,1,,
CLM-58456,Franchise_NY_12,Dehumidifier Rental,,5.0,39.77,198.85,198.85,1,,
CLM-70280,Franchise_NY_12,Antimicrobial Treatment,,8.0,36.41,291.28,192.13,0,,
CLM-36530,Franchise_TX_01,Antimicrobial Treatment - MISC,,31.0,78.42,2431.02,1542.79,0,,
CLM-42115,Franchise_TX_01,Antimicrobial Treatment - MISC,,24.0,76.52,1836.48,1426.89,0,,
CLM-25158,Franchise_TX_01,Baseboard Replacement,,11.0,68.48,753.28,473.34,0,,
CLM-23480,Franchise_TX_01,Water Extraction,,7.0,41.56,290.92,162.08,0,,
CLM-10414,Franchise_NY_12,Dehumidifier Rental,,5.0,130.9,654.5,654.5,1,,
CLM-15032,Franchise_NY_12,Antimicrobial Treatment,,43.0,138.34,5948.62,5948.62,1,,
CLM-51140,Franchise_FL_04,Antimicrobial Treatment,2025-07-08,12.0,37.51,450.12,192.93,0,7.0,1.0
CLM-13626,Franchise_NY_12,Baseboard Replacement,,35.0,78.9,2761.5,2180.93,0,,
CLM-54985,Franchise_FL_04,Drywall Repair,2025-05-06,5.0,77.22,386.1,270.75,0,5.0,1.0
CLM-21244,Franchise_NY_12,Dehumidifier Rental,,2.0,66.48,132.96,132.96,1,,
CLM-59903,Franchise_FL_04,Baseboard Replacement,2025-01-03,46.0,60.83,2798.18,1767.99,0,1.0,4.0
CLM-49045,Franchise_NY_12,Baseboard Replacement,,23.0,33.83,778.09,778.09,1,,
CLM-68837,Franchise_TX_01,Water Extraction,,11.0,26.39,290.29,290.29,1,,
CLM-40787,Franchise_NY_12,Dehumidifier Rental,,50.0,147.46,7373.0,7373.0,1,,
CLM-72359,Franchise_NY_12,Water Extraction,,38.0,26.3,999.4,999.4,1,,
CLM-12531,Franchise_NY_12,Water Extraction,,33.0,139.61,4607.13,4607.13,1,,
CLM-40425,Franchise_TX_01,Dehumidifier Rental,,15.0,104.4,1566.0,1566.0,1,,
CLM-51344,Franchise_NY_12,Drywall Repair,,43.0,52.14,2242.02,1238.74,0,,
CLM-82176,Franchise_NY_12,Water Extraction,,18.0,24.87,447.66,447.66,1,,
CLM-91230,Franchise_TX_01,Antimicrobial Treatment,,26.0,108.08,2810.08,2810.08,1,,
CLM-41714,Franchise_TX_01,Antimicrobial Treatment,,2.0,66.1,132.2,132.2,1,,
CLM-71425,Franchise_NY_12,Baseboard Replacement,,17.0,92.24,1568.08,1568.08,1,,
CLM-12080,Franchise_NY_12,Baseboard Replacement,,50.0,114.71,5735.5,5735.5,1,,
CLM-66469,Franchise_NY_12,Water Extraction,,45.0,110.22,4959.9,4959.9,1,,
CLM-41175,Franchise_NY_12,Dehumidifier Rental,,43.0,120.52,5182.36,4413.22,0,,
CLM-84175,Franchise_NY_12,Water Extraction,,21.0,138.88,2916.48,2916.48,1,,
CLM-96014,Franchise_TX_01,Baseboard Replacement - MISC,,22.0,105.39,2318.58,2318.58,1,,
CLM-50214,Franchise_TX_01,Dehumidifier Rental,,3.0,26.94,80.82,42.06,0,,
CLM-40423,Franchise_NY_12,Baseboard Replacement,,41.0,145.01,5945.41,4084.64,0,,
CLM-71008,Franchise_NY_12,Drywall Repair,,32.0,131.0,4192.0,3423.77,0,,
CLM-29967,Franchise_NY_12,Water Extraction,,23.0,103.44,2379.12,2379.12,1,,
CLM-54817,Franchise_NY_12,Water Extraction,,29.0,54.32,1575.28,1150.38,0,,
CLM-27847,Franchise_NY_12,Water Extraction,,50.0,82.46,4123.0,4123.0,1,,
CLM-50790,Franchise_NY_12,Drywall Repair,,45.0,17.68,795.6,531.89,0,,
CLM-79309,Franchise_NY_12,Baseboard Replacement,,34.0,101.58,3453.72,2555.87,0,,
CLM-59478,Franchise_TX_01,Drywall Repair,,41.0,63.41,2599.81,1660.84,0,,
CLM-21283,Franchise_NY_12,Baseboard Replacement,,45.0,110.59,4976.55,4976.55,1,,
CLM-58716,Franchise_TX_01,Dehumidifier Rental,,1.0,111.05,111.05,111.05,1,,
CLM-64144,Franchise_TX_01,Antimicrobial Treatment,,3.0,50.19,150.57,114.5,0,,
CLM-63552,Franchise_TX_01,Drywall Repair,,13.0,112.09,1457.17,749.36,0,,
CLM-51935,Franchise_NY_12,Water Extraction,,41.0,102.71,4211.11,1795.59,0,,
CLM-60584,Franchise_FL_04,Antimicrobial Treatment,2025-06-29,43.0,116.96,5029.28,5029.28,1,6.0,6.0
CLM-54821,Franchise_FL_04,Dehumidifier Rental,2025-05-29,48.0,104.27,5004.96,2890.08,0,5.0,3.0
CLM-24389,Franchise_FL_04,Drywall Repair,2025-04-21,14.0,98.13,1373.82,1373.82,1,4.0,0.0
CLM-21715,Franchise_FL_04,Dehumidifier Rental,2025-12-28,24.0,85.13,2043.12,2043.12,1,12.0,6.0
CLM-94080,Franchise_NY_12,Antimicrobial Treatment,,44.0,50.21,2209.24,1912.29,0,,
CLM-59730,Franchise_TX_01,Antimicrobial Treatment,,20.0,90.88,1817.6,1817.6,1,,
CLM-92346,Franchise_TX_01,Drywall Repair,,5.0,37.36,186.8,186.8,1,,
CLM-69238,Franchise_FL_04,Drywall Repair,2025-01-09,35.0,80.54,2818.9,1306.19,0,1.0,3.0
CLM-20776,Franchise_NY_12,Antimicrobial Treatment,,31.0,39.25,1216.75,1069.47,0,,
CLM-28261,Franchise_TX_01,Antimicrobial Treatment,,10.0,117.7,1177.0,1177.0,1,,
CLM-50553,Franchise_TX_01,Baseboard Replacement,,10.0,97.83,978.3,978.3,1,,
CLM-82589,Franchise_FL_04,Antimicrobial Treatment,2025-08-28,31.0,64.71,2006.01,2006.01,1,8.0,3.0
CLM-95911,Franchise_FL_04,Baseboard Replacement,2025-10-23,5.0,107.79,538.95,282.73,0,10.0,3.0
CLM-75681,Franchise_FL_04,Drywall Repair,2025-02-17,6.0,80.46,482.76,482.76,1,2.0,0.0
CLM-27829,Franchise_TX_01,Antimicrobial Treatment,,4.0,57.88,231.52,166.53,0,,
CLM-57614,Franchise_TX_01,Water Extraction,,35.0,25.73,900.55,431.29,0,,
CLM-28704,Franchise_TX_01,Water Extraction - MISC,,9.0,51.27,461.43,461.43,1,,
CLM-11345,Franchise_FL_04,Baseboard Replacement,2025-02-27,18.0,116.23,2092.14,1149.86,0,2.0,3.0
CLM-79430,Franchise_FL_04,Drywall Repair,2025-01-11,28.0,146.2,4093.6,4093.6,1,1.0,5.0
CLM-67027,Franchise_FL_04,Dehumidifier Rental,2025-11-05,48.0,94.01,4512.48,4512.48,1,11.0,2.0
CLM-26407,Franchise_NY_12,Antimicrobial Treatment,,25.0,148.75,3718.75,1769.54,0,,
CLM-34579,Franchise_TX_01,Baseboard Replacement,,46.0,77.09,3546.14,3546.14,1,,
CLM-83605,Franchise_TX_01,Baseboard Replacement - MISC,,20.0,29.59,591.8,591.8,1,,
CLM-92840,Franchise_FL_04,Dehumidifier Rental,2025-12-19,13.0,117.92,1532.96,1532.96,1,12.0,4.0
CLM-44292,Franchise_TX_01,Antimicrobial Treatment,,14.0,93.84,1313.76,1313.76,1,,
CLM-48437,Franchise_FL_04,Drywall Repair,2025-10-27,42.0,56.94,2391.48,2391.48,1,10.0,0.0
CLM-97143,Franchise_TX_01,Water Extraction,,45.0,143.86,6473.7,6473.7,1,,
CLM-90592,Franchise_NY_12,Antimicrobial Treatment,,9.0,56.55,508.95,508.95,1,,
CLM-99934,Franchise_TX_01,Drywall Repair - MISC,,4.0,135.56,542.24,461.78,0,,
CLM-25119,Franchise_NY_12,Water Extraction,,31.0,73.5,2278.5,2278.5,1,,
CLM-69684,Franchise_NY_12,Water Extraction,,28.0,20.23,566.44,396.94,0,,
CLM-73075,Franchise_FL_04,Dehumidifier Rental,2025-01-13,32.0,142.95,4574.4,4574.4,1,1.0,0.0
CLM-46955,Franchise_NY_12,Drywall Repair,,32.0,46.54,1489.28,1489.28,1,,
CLM-18020,Franchise_NY_12,Water Extraction,,4.0,85.7,342.8,254.54,0,,
CLM-74791,Franchise_TX_01,Antimicrobial Treatment,,32.0,101.56,3249.92,3249.92,1,,
CLM-88792,Franchise_NY_12,Baseboard Replacement,,31.0,111.69,3462.39,2058.81,0,,
CLM-60641,Franchise_FL_04,Antimicrobial Treatment,2025-10-10,29.0,125.63,3643.27,2641.45,0,10.0,4.0
CLM-23462,Franchise_FL_04,Antimicrobial Treatment,2025-05-01,24.0,89.5,2148.0,2148.0,1,5.0,3.0
CLM-66710,Franchise_NY_12,Dehumidifier Rental,,30.0,140.43,4212.9,4212.9,1,,
CLM-49809,Franchise_FL_04,Drywall Repair,2025-07-25,44.0,39.01,1716.44,1716.44,1,7.0,4.0
CLM-79501,Franchise_NY_12,Baseboard Replacement,,48.0,47.37,2273.76,959.11,0,,
CLM-23198,Franchise_TX_01,Water Extraction - MISC,,11.0,47.46,522.06,221.4,0,,
CLM-84006,Franchise_TX_01,Antimicrobial Treatment,,41.0,74.49,3054.09,3054.09,1,,
CLM-53206,Franchise_FL_04,Baseboard Replacement,2025-01-17,45.0,37.34,1680.3,804.78,0,1.0,4.0
CLM-54657,Franchise_TX_01,Drywall Repair,,11.0,118.2,1300.2,1300.2,1,,
CLM-35988,Franchise_TX_01,Dehumidifier Rental - MISC,,12.0,106.61,1279.32,1279.32,1,,
CLM-74408,Franchise_FL_04,Water Extraction,2025-03-12,18.0,140.2,2523.6,2523.6,1,3.0,2.0
CLM-53883,Franchise_TX_01,Antimicrobial Treatment,,30.0,23.67,710.1,416.8,0,,
CLM-20233,Franchise_TX_01,Drywall Repair,,15.0,50.69,760.35,760.35,1,,
CLM-86572,Franchise_TX_01,Drywall Repair,,13.0,66.25,861.25,446.28,0,,
CLM-86864,Franchise_FL_04,Dehumidifier Rental,2025-10-14,45.0,148.36,6676.2,6676.2,1,10.0,1.0
CLM-99828,Franchise_NY_12,Water Extraction,,30.0,88.41,2652.3,2096.7,0,,
CLM-91546,Franchise_NY_12,Baseboard Replacement,,23.0,23.98,551.54,293.11,0,,
CLM-53493,Franchise_TX_01,Antimicrobial Treatment,,42.0,142.81,5998.02,5998.02,1,,
CLM-42709,Franchise_FL_04,Antimicrobial Treatment,2025-12-10,17.0,115.44,1962.48,1962.48,1,12.0,2.0
CLM-90955,Franchise_FL_04,Dehumidifier Rental,2025-01-17,18.0,111.44,2005.92,2005.92,1,1.0,4.0
CLM-76010,Franchise_TX_01,Drywall Repair - MISC,,9.0,73.67,663.03,663.03,1,,
CLM-89652,Franchise_FL_04,Drywall Repair,2025-02-10,8.0,95.73,765.84,765.84,1,2.0,0.0
CLM-48139,Franchise_FL_04,Dehumidifier Rental,2025-06-19,39.0,41.02,1599.78,1420.18,0,6.0,3.0
CLM-25825,Franchise_NY_12,Baseboard Replacement,,16.0,25.03,400.48,400.48,1,,
CLM-62407,Franchise_NY_12,Antimicrobial Treatment,,37.0,33.16,1226.92,783.82,0,,
CLM-25659,Franchise_NY_12,Baseboard Replacement,,23.0,121.87,2803.01,1211.82,0,,
CLM-98869,Franchise_TX_01,Dehumidifier Rental,,10.0,37.32,373.2,271.62,0,,
CLM-87990,Franchise_FL_04,Baseboard Replacement,2025-08-16,16.0,132.14,2114.24,2114.24,1,8.0,5.0
CLM-74925,Franchise_NY_12,Drywall Repair,,50.0,116.63,5831.5,5831.5,1,,
CLM-68614,Franchise_TX_01,Antimicrobial Treatment,,39.0,139.44,5438.16,2712.24,0,,
CLM-74626,Franchise_TX_01,Dehumidifier Rental,,45.0,90.26,4061.7,2327.33,0,,
CLM-84959,Franchise_TX_01,Antimicrobial Treatment,,37.0,117.18,4335.66,4335.66,1,,
CLM-64600,Franchise_NY_12,Antimicrobial Treatment,,43.0,104.53,4494.79,4494.79,1,,
CLM-53624,Franchise_NY_12,Baseboard Replacement,,26.0,50.62,1316.12,655.2,0,,
CLM-81593,Franchise_NY_12,Baseboard Replacement,,29.0,62.76,1820.04,1820.04,1,,
CLM-21837,Franchise_TX_01,Water Extraction - MISC,,1.0,106.24,106.24,106.24,1,,
CLM-10783,Franchise_NY_12,Antimicrobial Treatment,,21.0,123.03,2583.63,2583.63,1,,
CLM-24801,Franchise_FL_04,Water Extraction,2025-05-27,11.0,100.18,1101.98,1101.98,1,5.0,1.0
CLM-68218,Franchise_NY_12,Drywall Repair,,46.0,89.65,4123.9,3105.03,0,,
CLM-65417,Franchise_TX_01,Dehumidifier Rental - MISC,,21.0,94.85,1991.85,1991.85,1,,
CLM-88399,Franchise_FL_04,Dehumidifier Rental,2025-06-13,49.0,84.87,4158.63,4158.63,1,6.0,4.0
CLM-89226,Franchise_NY_12,Water Extraction,,3.0,47.21,141.63,68.62,0,,
CLM-60498,Franchise_FL_04,Dehumidifier Rental,2025-11-20,11.0,65.73,723.03,569.68,0,11.0,3.0
CLM-94326,Franchise_NY_12,Dehumidifier Rental,,35.0,17.81,623.35,311.03,0,,
CLM-54819,Franchise_FL_04,Drywall Repair,2025-04-24,3.0,48.61,145.83,145.83,1,4.0,3.0
CLM-75543,Franchise_FL_04,Water Extraction,2025-05-15,48.0,107.58,5163.84,5163.84,1,5.0,3.0
CLM-46151,Franchise_TX_01,Water Extraction,,45.0,80.54,3624.3,2677.39,0,,
CLM-72209,Franchise_TX_01,Dehumidifier Rental,,12.0,38.71,464.52,245.17,0,,
CLM-93431,Franchise_FL_04,Antimicrobial Treatment,2025-10-31,27.0,124.03,3348.81,1785.55,0,10.0,4.0
CLM-15404,Franchise_FL_04,Antimicrobial Treatment,2025-05-29,26.0,51.02,1326.52,1326.52,1,5.0,3.0
CLM-91911,Franchise_TX_01,Water Extraction - MISC,,18.0,34.04,612.72,612.72,1,,
CLM-31320,Franchise_TX_01,Baseboard Replacement,,47.0,148.85,6995.95,4066.13,0,,
CLM-71490,Franchise_TX_01,Dehumidifier Rental - MISC,,20.0,114.66,2293.2,2293.2,1,,
CLM-45738,Franchise_NY_12,Dehumidifier Rental,,22.0,35.2,774.4,774.4,1,,
CLM-78997,Franchise_FL_04,Antimicrobial Treatment,2025-12-21,12.0,94.39,1132.68,1132.68,1,12.0,6.0
CLM-46699,Franchise_FL_04,Baseboard Replacement,2025-03-08,24.0,62.23,1493.52,649.28,0,3.0,5.0
CLM-94120,Franchise_TX_01,Antimicrobial Treatment,,12.0,124.79,1497.48,929.39,0,,
CLM-68729,Franchise_FL_04,Dehumidifier Rental,2025-02-13,26.0,26.46,687.96,572.9,0,2.0,3.0
CLM-19209,Franchise_FL_04,Drywall Repair,2025-05-27,42.0,146.68,6160.56,3047.68,0,5.0,1.0
CLM-13159,Franchise_FL_04,Drywall Repair,2025-08-08,45.0,87.93,3956.85,3956.85,1,8.0,4.0
CLM-56041,Franchise_TX_01,Antimicrobial Treatment,,38.0,30.25,1149.5,758.37,0,,
CLM-22782,Franchise_NY_12,Dehumidifier Rental,,12.0,50.74,608.88,608.88,1,,
CLM-89942,Franchise_TX_01,Water Extraction - MISC,,26.0,39.07,1015.82,807.56,0,,
CLM-53427,Franchise_NY_12,Drywall Repair,,40.0,43.5,1740.0,1740.0,1,,
CLM-84455,Franchise_NY_12,Water Extraction,,47.0,17.38,816.86,816.86,1,,
CLM-53281,Franchise_TX_01,Baseboard Replacement,,21.0,127.95,2686.95,2686.95,1,,
CLM-33449,Franchise_FL_04,Baseboard Replacement,2025-06-15,17.0,70.43,1197.31,1197.31,1,6.0,6.0
CLM-67922,Franchise_NY_12,Water Extraction,,4.0,77.66,310.64,206.81,0,,
CLM-57948,Franchise_NY_12,Dehumidifier Rental,,45.0,62.24,2800.8,2800.8,1,,
CLM-16424,Franchise_FL_04,Drywall Repair,2025-09-13,46.0,47.15,2168.9,2168.9,1,9.0,5.0
CLM-51249,Franchise_FL_04,Dehumidifier Rental,2025-06-23,3.0,77.82,233.46,233.46,1,6.0,0.0
CLM-67017,Franchise_FL_04,Baseboard Replacement,2025-01-07,43.0,127.65,5488.95,5488.95,1,1.0,1.0
CLM-77181,Franchise_TX_01,Water Extraction - MISC,,39.0,42.59,1661.01,1134.81,0,,
CLM-48087,Franchise_TX_01,Drywall Repair,,34.0,138.28,4701.52,2737.77,0,,
CLM-13961,Franchise_FL_04,Dehumidifier Rental,2025-04-28,15.0,123.37,1850.55,1850.55,1,4.0,0.0
CLM-33711,Franchise_NY_12,Baseboard Replacement,,28.0,49.97,1399.16,785.54,0,,
CLM-55545,Franchise_FL_04,Antimicrobial Treatment,2025-08-11,20.0,32.13,642.6,436.83,0,8.0,0.0
CLM-13632,Franchise_FL_04,Antimicrobial Treatment,2025-08-15,31.0,108.79,3372.49,1367.1,0,8.0,4.0
CLM-36630,Franchise_NY_12,Baseboard Replacement,,17.0,108.05,1836.85,1502.14,0,,
CLM-36517,Franchise_TX_01,Drywall Repair,,27.0,43.99,1187.73,581.66,0,,
CLM-29346,Franchise_FL_04,Baseboard Replacement,2025-02-05,46.0,53.6,2465.6,1686.72,0,2.0,2.0
CLM-85689,Franchise_TX_01,Baseboard Replacement - MISC,,15.0,145.57,2183.55,1073.66,0,,
CLM-69925,Franchise_FL_04,Drywall Repair,2025-11-04,50.0,72.37,3618.5,2320.85,0,11.0,1.0
CLM-26192,Franchise_FL_04,Dehumidifier Rental,2025-06-26,15.0,111.82,1677.3,1677.3,1,6.0,3.0
CLM-25359,Franchise_TX_01,Drywall Repair,,50.0,84.35,4217.5,4217.5,1,,
CLM-39268,Franchise_TX_01,Antimicrobial Treatment,,22.0,64.82,1426.04,648.02,0,,
CLM-62380,Franchise_NY_12,Baseboard Replacement,,16.0,106.1,1697.6,1012.38,0,,
CLM-51644,Franchise_NY_12,Baseboard Replacement,,27.0,142.82,3856.14,2008.64,0,,
CLM-57457,Franchise_NY_12,Water Extraction,,49.0,44.26,2168.74,1288.51,0,,
CLM-79461,Franchise_NY_12,Dehumidifier Rental,,31.0,127.97,3967.07,3967.07,1,,
CLM-76673,Franchise_NY_12,Drywall Repair,,22.0,33.63,739.86,739.86,1,,
CLM-13546,Franchise_FL_04,Water Extraction,2025-10-08,32.0,80.47,2575.04,2575.04,1,10.0,2.0
CLM-50963,Franchise_FL_04,Water Extraction,2025-05-06,7.0,149.54,1046.78,1046.78,1,5.0,1.0
CLM-78976,Franchise_FL_04,Drywall Repair,2025-09-22,40.0,149.93,5997.2,5997.2,1,9.0,0.0
CLM-70468,Franchise_NY_12,Water Extraction,,14.0,65.39,915.46,758.54,0,,
CLM-12620,Franchise_FL_04,Dehumidifier Rental,2025-02-14,23.0,75.31,1732.13,1433.68,0,2.0,4.0
CLM-33974,Franchise_TX_01,Drywall Repair,,30.0,30.7,921.0,921.0,1,,
CLM-36823,Franchise_NY_12,Water Extraction,,16.0,95.22,1523.52,1523.52,1,,
CLM-97868,Franchise_NY_12,Dehumidifier Rental,,1.0,28.87,28.87,28.87,1,,
CLM-57706,Franchise_TX_01,Antimicrobial Treatment,,19.0,57.4,1090.6,1090.6,1,,
CLM-60395,Franchise_NY_12,Antimicrobial Treatment,,40.0,27.19,1087.6,1087.6,1,,
CLM-51083,Franchise_FL_04,Drywall Repair,2025-01-04,7.0,58.93,412.51,332.98,0,1.0,5.0
CLM-29220,Franchise_NY_12,Drywall Repair,,6.0,97.61,585.66,585.66,1,,
CLM-35961,Franchise_NY_12,Baseboard Replacement,,48.0,65.07,3123.36,1340.53,0,,
CLM-71864,Franchise_TX_01,Dehumidifier Rental,,16.0,106.07,1697.12,1697.12,1,,
CLM-60094,Franchise_FL_04,Dehumidifier Rental,2025-12-07,2.0,135.65,271.3,271.3,1,12.0,6.0
CLM-57176,Franchise_FL_04,Antimicrobial Treatment,2025-12-25,12.0,139.41,1672.92,1468.14,0,12.0,3.0
CLM-10720,Franchise_FL_04,Baseboard Replacement,2025-07-12,37.0,122.17,4520.29,1964.49,0,7.0,5.0
CLM-91764,Franchise_FL_04,Dehumidifier Rental,2025-03-01,49.0,33.59,1645.91,1645.91,1,3.0,5.0
CLM-63876,Franchise_NY_12,Drywall Repair,,14.0,147.37,2063.18,2063.18,1,,
CLM-75322,Franchise_FL_04,Drywall Repair,2025-03-05,14.0,110.56,1547.84,1547.84,1,3.0,2.0
CLM-34918,Franchise_NY_12,Antimicrobial Treatment,,38.0,41.09,1561.42,1561.42,1,,
CLM-98196,Franchise_FL_04,Antimicrobial Treatment,2025-04-28,6.0,135.63,813.78,813.78,1,4.0,0.0
CLM-82698,Franchise_NY_12,Water Extraction,,50.0,138.72,6936.0,6936.0,1,,
CLM-68204,Franchise_NY_12,Drywall Repair,,1.0,81.2,81.2,60.24,0,,
CLM-60089,Franchise_TX_01,Drywall Repair,,11.0,39.28,432.08,432.08,1,,
CLM-92131,Franchise_FL_04,Drywall Repair,2025-11-27,14.0,36.85,515.9,312.94,0,11.0,3.0
CLM-33663,Franchise_TX_01,Water Extraction - MISC,,37.0,144.23,5336.51,5336.51,1,,
CLM-36847,Franchise_TX_01,Drywall Repair,,50.0,109.61,5480.5,5480.5,1,,
CLM-88596,Franchise_NY_12,Water Extraction,,33.0,50.1,1653.3,1653.3,1,,
CLM-23220,Franchise_NY_12,Dehumidifier Rental,,14.0,112.77,1578.78,1578.78,1,,
CLM-37832,Franchise_NY_12,Baseboard Replacement,,40.0,118.63,4745.2,4745.2,1,,
CLM-21465,Franchise_TX_01,Antimicrobial Treatment,,47.0,99.19,4661.93,2082.37,0,,
CLM-17531,Franchise_NY_12,Baseboard Replacement,,15.0,91.56,1373.4,1373.4,1,,
CLM-54773,Franchise_NY_12,Antimicrobial Treatment,,6.0,102.59,615.54,615.54,1,,
CLM-55570,Franchise_FL_04,Drywall Repair,2025-01-02,38.0,115.24,4379.12,3933.78,0,1.0,3.0
CLM-16014,Franchise_NY_12,Water Extraction,,26.0,21.6,561.6,561.6,1,,
CLM-27454,Franchise_TX_01,Water Extraction,,7.0,149.34,1045.38,1045.38,1,,
CLM-85222,Franchise_FL_04,Drywall Repair,2025-09-16,11.0,38.79,426.69,426.69,1,9.0,1.0
CLM-18966,Franchise_NY_12,Drywall Repair,,28.0,25.1,702.8,445.86,0,,
CLM-81494,Franchise_FL_04,Water Extraction,2025-11-23,7.0,36.28,253.96,253.96,1,11.0,6.0
CLM-29315,Franchise_FL_04,Drywall Repair,2025-12-14,17.0,99.9,1698.3,1698.3,1,12.0,6.0
CLM-82494,Franchise_FL_04,Drywall Repair,2025-11-14,28.0,53.83,1507.24,1507.24,1,11.0,4.0
CLM-45750,Franchise_NY_12,Drywall Repair,,42.0,33.18,1393.56,1013.09,0,,
CLM-74256,Franchise_FL_04,Dehumidifier Rental,2025-07-01,8.0,48.58,388.64,324.95,0,7.0,1.0
CLM-31968,Franchise_FL_04,Water Extraction,2025-11-12,13.0,82.45,1071.85,1071.85,1,11.0,2.0
CLM-94240,Franchise_NY_12,Dehumidifier Rental,,23.0,18.8,432.4,432.4,1,,
CLM-55770,Franchise_TX_01,Antimicrobial Treatment,,21.0,132.69,2786.49,2786.49,1,,
CLM-53369,Franchise_NY_12,Baseboard Replacement,,40.0,87.6,3504.0,2550.8,0,,
CLM-49997,Franchise_NY_12,Antimicrobial Treatment,,12.0,25.32,303.84,303.84,1,,
CLM-22603,Franchise_TX_01,Antimicrobial Treatment,,12.0,32.17,386.04,386.04,1,,
CLM-27961,Franchise_NY_12,Antimicrobial Treatment,,39.0,80.73,3148.47,2393.05,0,,
CLM-24521,Franchise_NY_12,Water Extraction,,7.0,36.71,256.97,256.97,1,,
CLM-22653,Franchise_NY_12,Antimicrobial Treatment,,41.0,104.1,4268.1,4268.1,1,,
CLM-15855,Franchise_FL_04,Antimicrobial Treatment,2025-07-28,41.0,56.4,2312.4,2312.4,1,7.0,0.0
CLM-48736,Franchise_TX_01,Drywall Repair,,14.0,133.21,1864.94,1864.94,1,,
CLM-56069,Franchise_NY_12,Dehumidifier Rental,,36.0,24.53,883.08,614.71,0,,
CLM-78403,Franchise_NY_12,Water Extraction,,49.0,131.81,6458.69,4211.48,0,,
CLM-62826,Franchise_NY_12,Antimicrobial Treatment,,34.0,94.36,3208.24,3208.24,1,,
CLM-18970,Franchise_TX_01,Baseboard Replacement,,36.0,102.43,3687.48,3687.48,1,,
CLM-33273,Franchise_TX_01,Dehumidifier Rental - MISC,,10.0,84.15,841.5,841.5,1,,
CLM-36813,Franchise_FL_04,Baseboard Replacement,2025-03-22,27.0,43.12,1164.24,847.21,0,3.0,5.0
CLM-15916,Franchise_FL_04,Water Extraction,2025-06-08,48.0,140.08,6723.84,6723.84,1,6.0,6.0
CLM-35974,Franchise_FL_04,Drywall Repair,2025-07-22,24.0,91.99,2207.76,2207.76,1,7.0,1.0
CLM-93897,Franchise_TX_01,Drywall Repair - MISC,,13.0,46.16,600.08,600.08,1,,
CLM-17637,Franchise_FL_04,Drywall Repair,2025-01-04,18.0,91.62,1649.16,1649.16,1,1.0,5.0
CLM-16760,Franchise_TX_01,Dehumidifier Rental,,6.0,116.08,696.48,534.01,0,,
CLM-15948,Franchise_TX_01,Baseboard Replacement,,29.0,22.99,666.71,666.71,1,,
CLM-34784,Franchise_NY_12,Water Extraction,,45.0,80.92,3641.4,1962.76,0,,
CLM-87553,Franchise_TX_01,Baseboard Replacement,,19.0,96.72,1837.68,1046.46,0,,
CLM-44695,Franchise_FL_04,Baseboard Replacement,2025-11-30,2.0,39.05,78.1,62.15,0,11.0,6.0
CLM-41613,Franchise_FL_04,Drywall Repair,2025-01-16,7.0,20.19,141.33,141.33,1,1.0,3.0
CLM-79910,Franchise_NY_12,Drywall Repair,,36.0,110.17,3966.12,2961.2,0,,
CLM-99255,Franchise_NY_12,Baseboard Replacement,,3.0,55.29,165.87,99.39,0,,
CLM-97742,Franchise_TX_01,Drywall Repair,,10.0,137.92,1379.2,1379.2,1,,
CLM-41500,Franchise_FL_04,Drywall Repair,2025-12-26,13.0,93.71,1218.23,1218.23,1,12.0,4.0
CLM-78756,Franchise_TX_01,Baseboard Replacement - MISC,,17.0,24.7,419.9,294.99,0,,
CLM-11394,Franchise_NY_12,Dehumidifier Rental,,45.0,65.28,2937.6,2937.6,1,,
CLM-52518,Franchise_FL_04,Drywall Repair,2025-12-26,34.0,70.11,2383.74,2121.08,0,12.0,4.0
CLM-35714,Franchise_FL_04,Drywall Repair,2025-05-28,27.0,142.78,3855.06,2403.49,0,5.0,2.0
CLM-75150,Franchise_TX_01,Antimicrobial Treatment,,30.0,144.87,4346.1,3445.67,0,,
CLM-49384,Franchise_TX_01,Dehumidifier Rental,,2.0,35.73,71.46,71.46,1,,
CLM-94354,Franchise_FL_04,Baseboard Replacement,2025-04-26,26.0,55.52,1443.52,1443.52,1,4.0,5.0
CLM-28967,Franchise_NY_12,Baseboard Replacement,,49.0,49.62,2431.38,1171.62,0,,
CLM-85455,Franchise_TX_01,Drywall Repair,,24.0,46.22,1109.28,1109.28,1,,
CLM-62775,Franchise_TX_01,Water Extraction,,25.0,119.62,2990.5,2990.5,1,,
CLM-46154,Franchise_FL_04,Water Extraction,2025-03-16,13.0,135.91,1766.83,1766.83,1,3.0,6.0
CLM-44500,Franchise_TX_01,Water Extraction,,35.0,100.02,3500.7,1412.73,0,,
CLM-82328,Franchise_NY_12,Drywall Repair,,8.0,142.03,1136.24,995.48,0,,
CLM-86382,Franchise_FL_04,Drywall Repair,2025-12-05,14.0,15.64,218.96,196.16,0,12.0,4.0
CLM-69787,Franchise_FL_04,Baseboard Replacement,2025-06-04,32.0,108.69,3478.08,2863.46,0,6.0,2.0
CLM-69849,Franchise_TX_01,Drywall Repair - MISC,,35.0,54.73,1915.55,1915.55,1,,
CLM-94603,Franchise_TX_01,Antimicrobial Treatment - MISC,,22.0,138.49,3046.78,3046.78,1,,
CLM-50147,Franchise_FL_04,Drywall Repair,2025-03-01,21.0,87.09,1828.89,1231.62,0,3.0,5.0
CLM-23316,Franchise_FL_04,Antimicrobial Treatment,2025-07-08,19.0,87.59,1664.21,1664.21,1,7.0,1.0
CLM-54514,Franchise_NY_12,Baseboard Replacement,,4.0,115.18,460.72,460.72,1,,
CLM-67810,Franchise_FL_04,Antimicrobial Treatment,2025-09-22,1.0,83.05,83.05,83.05,1,9.0,0.0
CLM-27031,Franchise_NY_12,Drywall Repair,,46.0,22.86,1051.56,823.74,0,,
CLM-10535,Franchise_TX_01,Water Extraction - MISC,,36.0,109.19,3930.84,2683.3,0,,
CLM-47705,Franchise_NY_12,Dehumidifier Rental,,1.0,42.55,42.55,42.55,1,,
CLM-67700,Franchise_NY_12,Drywall Repair,,37.0,24.54,907.98,523.4,0,,
CLM-18268,Franchise_TX_01,Baseboard Replacement,,2.0,56.1,112.2,54.82,0,,
CLM-41662,Franchise_TX_01,Dehumidifier Rental,,47.0,131.29,6170.63,6170.63,1,,
CLM-96812,Franchise_TX_01,Antimicrobial Treatment,,41.0,144.23,5913.43,5913.43,1,,
CLM-76813,Franchise_FL_04,Water Extraction,2025-01-24,20.0,40.75,815.0,707.5,0,1.0,4.0
CLM-22702,Franchise_NY_12,Baseboard Replacement,,1.0,97.78,97.78,97.78,1,,
CLM-93463,Franchise_NY_12,Antimicrobial Treatment,,32.0,38.59,1234.88,1234.88,1,,
CLM-20634,Franchise_TX_01,Antimicrobial Treatment,,18.0,32.04,576.72,438.16,0,,
CLM-96340,Franchise_FL_04,Antimicrobial Treatment,2025-10-25,1.0,110.85,110.85,75.94,0,10.0,5.0
CLM-22803,Franchise_TX_01,Antimicrobial Treatment,,29.0,102.81,2981.49,2981.49,1,,
CLM-20837,Franchise_TX_01,Baseboard Replacement - MISC,,5.0,104.92,524.6,524.6,1,,
CLM-20503,Franchise_FL_04,Antimicrobial Treatment,2025-02-22,5.0,144.85,724.25,724.25,1,2.0,5.0
CLM-78443,Franchise_NY_12,Drywall Repair,,42.0,47.07,1976.94,1976.94,1,,
CLM-22033,Franchise_TX_01,Dehumidifier Rental,,34.0,36.57,1243.38,1243.38,1,,
CLM-80592,Franchise_NY_12,Drywall Repair,,21.0,28.09,589.89,589.89,1,,
CLM-43529,Franchise_TX_01,Antimicrobial Treatment - MISC,,7.0,106.17,743.19,743.19,1,,
CLM-42098,Franchise_TX_01,Antimicrobial Treatment - MISC,,9.0,64.87,583.83,583.83,1,,
CLM-28787,Franchise_TX_01,Dehumidifier Rental,,30.0,112.22,3366.6,3366.6,1,,
CLM-90416,Franchise_TX_01,Drywall Repair - MISC,,45.0,15.49,697.05,697.05,1,,
CLM-95914,Franchise_TX_01,Dehumidifier Rental,,21.0,50.08,1051.68,1051.68,1,,
CLM-30898,Franchise_TX_01,Drywall Repair,,37.0,54.15,2003.55,1801.96,0,,
CLM-44700,Franchise_TX_01,Dehumidifier Rental - MISC,,4.0,136.24,544.96,544.96,1,,
CLM-46126,Franchise_TX_01,Water Extraction,,19.0,56.12,1066.28,590.13,0,,
CLM-24406,Franchise_NY_12,Dehumidifier Rental,,4.0,85.36,341.44,341.44,1,,
CLM-19629,Franchise_FL_04,Drywall Repair,2025-02-16,41.0,40.77,1671.57,1337.45,0,2.0,6.0
CLM-87484,Franchise_TX_01,Water Extraction,,38.0,112.2,4263.6,2948.32,0,,
CLM-16863,Franchise_TX_01,Dehumidifier Rental - MISC,,30.0,102.34,3070.2,3070.2,1,,
CLM-81051,Franchise_NY_12,Water Extraction,,50.0,91.46,4573.0,2233.02,0,,
CLM-65740,Franchise_FL_04,Water Extraction,2025-11-16,33.0,67.89,2240.37,952.17,0,11.0,6.0
CLM-18532,Franchise_TX_01,Water Extraction,,5.0,130.24,651.2,651.2,1,,
CLM-72029,Franchise_FL_04,Dehumidifier Rental,2025-07-30,8.0,98.5,788.0,788.0,1,7.0,2.0
CLM-40351,Franchise_TX_01,Dehumidifier Rental,,31.0,110.6,3428.6,1743.39,0,,
CLM-36957,Franchise_FL_04,Drywall Repair,2025-06-15,46.0,16.01,736.46,503.32,0,6.0,6.0
CLM-74097,Franchise_FL_04,Antimicrobial Treatment,2025-11-11,10.0,108.49,1084.9,460.77,0,11.0,1.0
CLM-85506,Franchise_TX_01,Antimicrobial Treatment,,33.0,88.52,2921.16,1822.1,0,,
CLM-72223,Franchise_FL_04,Water Extraction,2025-07-26,1.0,59.4,59.4,59.4,1,7.0,5.0
CLM-76781,Franchise_NY_12,Baseboard Replacement,,1.0,135.23,135.23,94.2,0,,
CLM-41640,Franchise_TX_01,Dehumidifier Rental,,8.0,126.68,1013.44,717.77,0,,
CLM-73454,Franchise_NY_12,Baseboard Replacement,,42.0,53.11,2230.62,1554.01,0,,
CLM-52463,Franchise_TX_01,Baseboard Replacement,,44.0,133.23,5862.12,3316.26,0,,
CLM-53025,Franchise_FL_04,Antimicrobial Treatment,2025-07-04,47.0,48.04,2257.88,2257.88,1,7.0,4.0
CLM-11994,Franchise_FL_04,Antimicrobial Treatment,2025-03-22,33.0,43.14,1423.62,1423.62,1,3.0,5.0
CLM-99731,Franchise_FL_04,Dehumidifier Rental,2025-10-01,48.0,74.22,3562.56,3562.56,1,10.0,2.0
CLM-58430,Franchise_TX_01,Drywall Repair,,5.0,104.34,521.7,521.7,1,,
CLM-74405,Franchise_FL_04,Drywall Repair,2025-06-13,46.0,67.82,3119.72,3119.72,1,6.0,4.0
CLM-55544,Franchise_NY_12,Baseboard Replacement,,31.0,141.94,4400.14,4400.14,1,,
CLM-38716,Franchise_NY_12,Dehumidifier Rental,,25.0,111.19,2779.75,2779.75,1,,
CLM-52787,Franchise_NY_12,Water Extraction,,16.0,144.05,2304.8,2304.8,1,,
CLM-34797,Franchise_FL_04,Antimicrobial Treatment,2025-06-22,48.0,136.78,6565.44,6565.44,1,6.0,6.0
CLM-27026,Franchise_TX_01,Antimicrobial Treatment,,6.0,121.56,729.36,729.36,1,,
CLM-99603,Franchise_NY_12,Dehumidifier Rental,,24.0,77.37,1856.88,1856.88,1,,
CLM-87370,Franchise_TX_01,Water Extraction,,34.0,146.89,4994.26,4994.26,1,,
CLM-20751,Franchise_TX_01,Dehumidifier Rental - MISC,,18.0,46.4,835.2,599.37,0,,
CLM-43526,Franchise_FL_04,Drywall Repair,2025-09-10,42.0,25.53,1072.26,1072.26,1,9.0,2.0
CLM-58151,Franchise_TX_01,Water Extraction,,33.0,71.84,2370.72,2370.72,1,,
CLM-90494,Franchise_TX_01,Dehumidifier Rental,,1.0,107.29,107.29,107.29,1,,
CLM-16047,Franchise_NY_12,Baseboard Replacement,,23.0,133.15,3062.45,1337.37,0,,
CLM-39292,Franchise_TX_01,Antimicrobial Treatment,,21.0,112.54,2363.34,2363.34,1,,
CLM-45317,Franchise_TX_01,Baseboard Replacement,,16.0,51.25,820.0,820.0,1,,
CLM-32343,Franchise_NY_12,Antimicrobial Treatment,,42.0,65.24,2740.08,2740.08,1,,
CLM-69615,Franchise_TX_01,Antimicrobial Treatment,,40.0,143.22,5728.8,5728.8,1,,
CLM-85451,Franchise_TX_01,Antimicrobial Treatment,,27.0,70.78,1911.06,1911.06,1,,
CLM-12763,Franchise_TX_01,Dehumidifier Rental,,22.0,94.13,2070.86,958.14,0,,
CLM-45346,Franchise_FL_04,Drywall Repair,2025-12-23,25.0,120.09,3002.25,3002.25,1,12.0,1.0
CLM-35786,Franchise_NY_12,Baseboard Replacement,,13.0,91.78,1193.14,1193.14,1,,
CLM-53872,Franchise_NY_12,Drywall Repair,,4.0,74.09,296.36,296.36,1,,
CLM-26648,Franchise_NY_12,Baseboard Replacement,,41.0,111.49,4571.09,4571.09,1,,
CLM-32755,Franchise_TX_01,Drywall Repair,,26.0,112.69,2929.94,2929.94,1,,
CLM-42866,Franchise_NY_12,Dehumidifier Rental,,32.0,54.58,1746.56,1746.56,1,,
CLM-73614,Franchise_FL_04,Baseboard Replacement,2025-06-23,35.0,59.06,2067.1,1301.22,0,6.0,0.0
CLM-77809,Franchise_FL_04,Water Extraction,2025-12-27,30.0,48.86,1465.8,1465.8,1,12.0,5.0
CLM-25783,Franchise_TX_01,Antimicrobial Treatment,,24.0,135.6,3254.4,1596.81,0,,
CLM-57264,Franchise_TX_01,Dehumidifier Rental,,3.0,70.49,211.47,159.33,0,,
CLM-97721,Franchise_TX_01,Water Extraction,,7.0,25.0,175.0,140.84,0,,
CLM-97290,Franchise_FL_04,Drywall Repair,2025-10-30,21.0,38.63,811.23,811.23,1,10.0,3.0
CLM-36703,Franchise_FL_04,Drywall Repair,2025-03-06,1.0,73.05,73.05,32.31,0,3.0,3.0
CLM-52698,Franchise_NY_12,Dehumidifier Rental,,43.0,32.18,1383.74,846.05,0,,
CLM-57173,Franchise_NY_12,Water Extraction,,45.0,80.4,3618.0,3618.0,1,,
CLM-12668,Franchise_TX_01,Baseboard Replacement,,38.0,27.06,1028.28,1028.28,1,,
CLM-82558,Franchise_TX_01,Baseboard Replacement,,11.0,101.43,1115.73,1115.73,1,,
CLM-98934,Franchise_NY_12,Drywall Repair,,17.0,60.5,1028.5,1028.5,1,,
CLM-92507,Franchise_TX_01,Drywall Repair,,10.0,118.82,1188.2,1188.2,1,,
CLM-14613,Franchise_TX_01,Dehumidifier Rental,,23.0,22.01,506.23,506.23,1,,
CLM-33117,Franchise_FL_04,Antimicrobial Treatment,2025-08-22,17.0,77.22,1312.74,577.65,0,8.0,4.0
CLM-84855,Franchise_TX_01,Dehumidifier Rental,,28.0,72.61,2033.08,2033.08,1,,
CLM-25278,Franchise_NY_12,Water Extraction,,34.0,111.39,3787.26,3787.26,1,,
CLM-74470,Franchise_FL_04,Dehumidifier Rental,2025-05-05,30.0,138.71,4161.3,4161.3,1,5.0,0.0
CLM-99538,Franchise_TX_01,Drywall Repair - MISC,,28.0,120.71,3379.88,3379.88,1,,
CLM-67956,Franchise_TX_01,Dehumidifier Rental,,2.0,92.65,185.3,156.48,0,,
CLM-55924,Franchise_NY_12,Antimicrobial Treatment,,36.0,88.65,3191.4,1277.7,0,,
CLM-30120,Franchise_FL_04,Baseboard Replacement,2025-03-26,35.0,81.68,2858.8,2858.8,1,3.0,2.0
CLM-47896,Franchise_FL_04,Water Extraction,2025-06-15,9.0,132.79,1195.11,1195.11,1,6.0,6.0
CLM-84133,Franchise_TX_01,Water Extraction,,44.0,32.95,1449.8,1449.8,1,,
CLM-56934,Franchise_NY_12,Water Extraction,,26.0,140.64,3656.64,3656.64,1,,
CLM-72160,Franchise_FL_04,Antimicrobial Treatment,2025-08-31,33.0,128.84,4251.72,2179.08,0,8.0,6.0
CLM-50247,Franchise_NY_12,Drywall Repair,,15.0,59.81,897.15,554.52,0,,
CLM-61992,Franchise_TX_01,Antimicrobial Treatment - MISC,,31.0,86.05,2667.55,2667.55,1,,
CLM-61246,Franchise_NY_12,Dehumidifier Rental,,18.0,76.67,1380.06,1031.36,0,,
CLM-19680,Franchise_FL_04,Dehumidifier Rental,2025-02-20,34.0,108.29,3681.86,3681.86,1,2.0,3.0
CLM-22637,Franchise_NY_12,Antimicrobial Treatment,,8.0,79.82,638.56,476.32,0,,
CLM-15219,Franchise_NY_12,Dehumidifier Rental,,26.0,90.93,2364.18,1110.59,0,,
CLM-80722,Franchise_FL_04,Antimicrobial Treatment,2025-12-15,20.0,33.26,665.2,409.51,0,12.0,0.0
CLM-70535,Franchise_NY_12,Baseboard Replacement,,2.0,125.76,251.52,172.06,0,,
CLM-29715,Franchise_NY_12,Dehumidifier Rental,,43.0,48.84,2100.12,1674.75,0,,
CLM-78254,Franchise_TX_01,Dehumidifier Rental,,43.0,25.35,1090.05,1090.05,1,,
CLM-45522,Franchise_NY_12,Dehumidifier Rental,,11.0,108.7,1195.7,1018.28,0,,
CLM-47726,Franchise_NY_12,Drywall Repair,,35.0,100.07,3502.45,3502.45,1,,
CLM-81454,Franchise_TX_01,Water Extraction,,15.0,43.44,651.6,651.6,1,,
CLM-71472,Franchise_TX_01,Drywall Repair,,17.0,72.84,1238.28,1238.28,1,,
CLM-53061,Franchise_NY_12,Dehumidifier Rental,,28.0,113.97,3191.16,3191.16,1,,
CLM-54800,Franchise_NY_12,Baseboard Replacement,,28.0,45.56,1275.68,1037.87,0,,
CLM-80194,Franchise_NY_12,Baseboard Replacement,,40.0,81.98,3279.2,1799.43,0,,
CLM-73885,Franchise_NY_12,Antimicrobial Treatment,,38.0,39.38,1496.44,1496.44,1,,
CLM-79230,Franchise_TX_01,Baseboard Replacement,,29.0,27.91,809.39,809.39,1,,
CLM-46367,Franchise_FL_04,Drywall Repair,2025-03-11,44.0,70.71,3111.24,3111.24,1,3.0,1.0
CLM-47493,Franchise_TX_01,Drywall Repair - MISC,,3.0,96.69,290.07,290.07,1,,
CLM-60229,Franchise_NY_12,Drywall Repair,,27.0,115.08,3107.16,1260.32,0,,
CLM-73095,Franchise_NY_12,Antimicrobial Treatment,,22.0,120.25,2645.5,2645.5,1,,
CLM-42099,Franchise_NY_12,Baseboard Replacement,,28.0,37.77,1057.56,1057.56,1,,
CLM-39022,Franchise_NY_12,Water Extraction,,45.0,61.75,2778.75,1557.3,0,,
CLM-17967,Franchise_FL_04,Baseboard Replacement,2025-11-24,16.0,15.13,242.08,242.08,1,11.0,0.0
CLM-40614,Franchise_NY_12,Water Extraction,,36.0,119.75,4311.0,4311.0,1,,
CLM-65470,Franchise_NY_12,Drywall Repair,,34.0,58.95,2004.3,2004.3,1,,
CLM-76671,Franchise_FL_04,Water Extraction,2025-04-22,29.0,102.9,2984.1,2984.1,1,4.0,1.0
CLM-52390,Franchise_NY_12,Antimicrobial Treatment,,42.0,135.36,5685.12,2554.88,0,,
CLM-68291,Franchise_FL_04,Dehumidifier Rental,2025-01-13,8.0,85.75,686.0,686.0,1,1.0,0.0
CLM-62017,Franchise_NY_12,Baseboard Replacement,,27.0,112.78,3045.06,3045.06,1,,
CLM-21366,Franchise_TX_01,Water Extraction,,36.0,89.83,3233.88,3233.88,1,,
CLM-44924,Franchise_FL_04,Baseboard Replacement,2025-06-08,19.0,91.93,1746.67,1746.67,1,6.0,6.0
CLM-65962,Franchise_TX_01,Baseboard Replacement,,20.0,72.88,1457.6,785.3,0,,
CLM-36831,Franchise_TX_01,Antimicrobial Treatment,,48.0,30.08,1443.84,943.4,0,,
CLM-40685,Franchise_FL_04,Baseboard Replacement,2025-03-03,38.0,72.95,2772.1,2772.1,1,3.0,0.0
CLM-75389,Franchise_TX_01,Dehumidifier Rental,,41.0,91.42,3748.22,3748.22,1,,
CLM-96016,Franchise_NY_12,Water Extraction,,40.0,107.11,4284.4,4284.4,1,,
CLM-29569,Franchise_TX_01,Antimicrobial Treatment,,21.0,45.58,957.18,957.18,1,,
CLM-62976,Franchise_NY_12,Drywall Repair,,23.0,86.47,1988.81,1988.81,1,,
CLM-21286,Franchise_TX_01,Water Extraction,,43.0,93.51,4020.93,3399.83,0,,
CLM-91668,Franchise_TX_01,Dehumidifier Rental - MISC,,11.0,133.55,1469.05,1469.05,1,,
CLM-14690,Franchise_FL_04,Baseboard Replacement,2025-12-02,29.0,126.52,3669.08,3669.08,1,12.0,1.0
CLM-36570,Franchise_FL_04,Antimicrobial Treatment,2025-12-16,2.0,49.54,99.08,42.75,0,12.0,1.0
CLM-30394,Franchise_NY_12,Baseboard Replacement,,30.0,32.35,970.5,970.5,1,,
CLM-54920,Franchise_FL_04,Water Extraction,2025-09-01,30.0,79.71,2391.3,1335.23,0,9.0,0.0
CLM-90141,Franchise_FL_04,Dehumidifier Rental,2025-09-26,37.0,31.72,1173.64,1035.88,0,9.0,4.0
CLM-58958,Franchise_FL_04,Water Extraction,2025-02-08,40.0,112.04,4481.6,4481.6,1,2.0,5.0
CLM-27155,Franchise_NY_12,Dehumidifier Rental,,6.0,133.07,798.42,798.42,1,,
CLM-29495,Franchise_FL_04,Drywall Repair,2025-11-08,29.0,96.78,2806.62,2806.62,1,11.0,5.0
CLM-67714,Franchise_NY_12,Drywall Repair,,9.0,105.91,953.19,953.19,1,,
CLM-16683,Franchise_FL_04,Antimicrobial Treatment,2025-05-04,9.0,131.96,1187.64,1187.64,1,5.0,6.0
CLM-51485,Franchise_TX_01,Baseboard Replacement,,6.0,139.48,836.88,617.57,0,,
CLM-27995,Franchise_FL_04,Drywall Repair,2025-04-04,35.0,71.76,2511.6,2511.6,1,4.0,4.0
CLM-10880,Franchise_TX_01,Baseboard Replacement,,7.0,141.53,990.71,990.71,1,,
CLM-54020,Franchise_NY_12,Water Extraction,,16.0,139.11,2225.76,2225.76,1,,
CLM-84859,Franchise_NY_12,Drywall Repair,,14.0,123.82,1733.48,1232.03,0,,
CLM-24575,Franchise_NY_12,Antimicrobial Treatment,,46.0,114.7,5276.2,3755.11,0,,
CLM-57114,Franchise_NY_12,Antimicrobial Treatment,,49.0,107.84,5284.16,4626.74,0,,
CLM-15515,Franchise_FL_04,Water Extraction,2025-02-06,15.0,15.51,232.65,138.92,0,2.0,3.0
CLM-51152,Franchise_TX_01,Antimicrobial Treatment,,44.0,113.35,4987.4,4987.4,1,,
CLM-51851,Franchise_NY_12,Antimicrobial Treatment,,31.0,38.32,1187.92,1187.92,1,,
CLM-48117,Franchise_FL_04,Water Extraction,2025-03-29,30.0,134.68,4040.4,4040.4,1,3.0,5.0
CLM-45903,Franchise_NY_12,Antimicrobial Treatment,,34.0,27.92,949.28,440.52,0,,
CLM-50919,Franchise_TX_01,Water Extraction,,9.0,16.66,149.94,91.19,0,,
CLM-82421,Franchise_FL_04,Baseboard Replacement,2025-05-12,9.0,23.97,215.73,215.73,1,5.0,0.0
CLM-44704,Franchise_TX_01,Dehumidifier Rental,,44.0,109.78,4830.32,2520.47,0,,
CLM-63881,Franchise_TX_01,Water Extraction,,2.0,141.7,283.4,283.4,1,,
CLM-61456,Franchise_FL_04,Dehumidifier Rental,2025-04-30,16.0,77.75,1244.0,1244.0,1,4.0,2.0
CLM-49544,Franchise_NY_12,Dehumidifier Rental,,1.0,104.66,104.66,78.0,0,,
CLM-88599,Franchise_NY_12,Dehumidifier Rental,,2.0,114.57,229.14,199.87,0,,
CLM-93663,Franchise_NY_12,Dehumidifier Rental,,29.0,40.64,1178.56,1178.56,1,,
CLM-81724,Franchise_NY_12,Baseboard Replacement,,19.0,50.93,967.67,587.34,0,,
CLM-73165,Franchise_NY_12,Baseboard Replacement,,9.0,146.08,1314.72,927.21,0,,
CLM-67851,Franchise_NY_12,Drywall Repair,,16.0,114.74,1835.84,756.96,0,,
CLM-25522,Franchise_FL_04,Water Extraction,2025-02-04,32.0,120.88,3868.16,2476.2,0,2.0,1.0
CLM-40906,Franchise_TX_01,Drywall Repair,,22.0,45.77,1006.94,1006.94,1,,
CLM-24348,Franchise_TX_01,Water Extraction,,31.0,76.53,2372.43,2372.43,1,,
CLM-74546,Franchise_TX_01,Baseboard Replacement,,45.0,141.86,6383.7,6383.7,1,,
CLM-21579,Franchise_NY_12,Water Extraction,,38.0,149.7,5688.6,5688.6,1,,
CLM-40883,Franchise_FL_04,Dehumidifier Rental,2025-09-10,46.0,115.15,5296.9,4695.37,0,9.0,2.0
CLM-44134,Franchise_NY_12,Antimicrobial Treatment,,29.0,43.19,1252.51,1252.51,1,,
CLM-39902,Franchise_TX_01,Baseboard Replacement,,9.0,18.77,168.93,168.93,1,,
CLM-63866,Franchise_TX_01,Dehumidifier Rental,,47.0,74.37,3495.39,2667.74,0,,
CLM-60520,Franchise_TX_01,Baseboard Replacement,,48.0,68.86,3305.28,2890.64,0,,
CLM-42113,Franchise_TX_01,Water Extraction,,1.0,31.39,31.39,31.39,1,,
CLM-21320,Franchise_TX_01,Water Extraction,,32.0,133.49,4271.68,3416.64,0,,
CLM-47858,Franchise_FL_04,Baseboard Replacement,2025-08-21,38.0,55.41,2105.58,1585.71,0,8.0,3.0
CLM-76307,Franchise_FL_04,Water Extraction,2025-12-25,22.0,18.78,413.16,367.08,0,12.0,3.0
CLM-88079,Franchise_FL_04,Water Extraction,2025-09-13,25.0,127.1,3177.5,3177.5,1,9.0,5.0
CLM-99539,Franchise_TX_01,Drywall Repair,,39.0,17.38,677.82,677.82,1,,
CLM-43740,Franchise_FL_04,Drywall Repair,2025-10-02,44.0,21.3,937.2,937.2,1,10.0,3.0
CLM-55478,Franchise_NY_12,Baseboard Replacement,,30.0,74.3,2229.0,2229.0,1,,
CLM-85996,Franchise_NY_12,Water Extraction,,22.0,141.84,3120.48,2560.95,0,,
CLM-41829,Franchise_TX_01,Drywall Repair,,44.0,131.59,5789.96,2523.68,0,,
CLM-92087,Franchise_TX_01,Water Extraction,,11.0,91.85,1010.35,525.06,0,,
CLM-73062,Franchise_TX_01,Water Extraction,,18.0,30.01,540.18,540.18,1,,
CLM-69615,Franchise_TX_01,Dehumidifier Rental,,50.0,134.81,6740.5,5631.12,0,,
CLM-14672,Franchise_NY_12,Water Extraction,,50.0,75.21,3760.5,2026.94,0,,
CLM-23907,Franchise_TX_01,Drywall Repair,,36.0,75.62,2722.32,2722.32,1,,
CLM-34631,Franchise_NY_12,Dehumidifier Rental,,13.0,108.32,1408.16,1408.16,1,,
CLM-64013,Franchise_TX_01,Drywall Repair,,34.0,44.2,1502.8,1502.8,1,,
CLM-37134,Franchise_FL_04,Water Extraction,2025-09-02,9.0,94.32,848.88,848.88,1,9.0,1.0
CLM-70887,Franchise_TX_01,Dehumidifier Rental,,30.0,28.47,854.1,854.1,1,,
CLM-34974,Franchise_TX_01,Drywall Repair,,21.0,49.93,1048.53,1048.53,1,,
CLM-92380,Franchise_TX_01,Dehumidifier Rental,,21.0,104.47,2193.87,1102.25,0,,
CLM-92088,Franchise_NY_12,Water Extraction,,26.0,61.98,1611.48,1611.48,1,,
CLM-59299,Franchise_NY_12,Antimicrobial Treatment,,14.0,35.83,501.62,399.14,0,,
CLM-42965,Franchise_TX_01,Drywall Repair,,43.0,34.18,1469.74,1469.74,1,,
CLM-56512,Franchise_TX_01,Dehumidifier Rental - MISC,,12.0,130.2,1562.4,990.76,0,,
CLM-81558,Franchise_FL_04,Drywall Repair,2025-04-08,46.0,43.86,2017.56,2017.56,1,4.0,1.0
CLM-25323,Franchise_FL_04,Dehumidifier Rental,2025-12-24,6.0,108.75,652.5,652.5,1,12.0,2.0
CLM-17632,Franchise_FL_04,Baseboard Replacement,2025-07-16,1.0,44.53,44.53,44.53,1,7.0,2.0
CLM-13714,Franchise_NY_12,Baseboard Replacement,,22.0,65.05,1431.1,1431.1,1,,
CLM-78105,Franchise_TX_01,Antimicrobial Treatment,,6.0,25.72,154.32,127.67,0,,
CLM-16988,Franchise_FL_04,Drywall Repair,2025-07-14,13.0,16.19,210.47,147.19,0,7.0,0.0
CLM-96695,Franchise_FL_04,Antimicrobial Treatment,2025-10-17,45.0,93.33,4199.85,2639.66,0,10.0,4.0
CLM-15456,Franchise_TX_01,Antimicrobial Treatment,,47.0,88.96,4181.12,3010.16,0,,
CLM-60735,Franchise_FL_04,Drywall Repair,2025-02-08,10.0,144.63,1446.3,604.77,0,2.0,5.0
CLM-22496,Franchise_TX_01,Antimicrobial Treatment,,46.0,73.81,3395.26,3395.26,1,,
CLM-87403,Franchise_TX_01,Antimicrobial Treatment,,38.0,44.41,1687.58,1687.58,1,,
CLM-48825,Franchise_TX_01,Water Extraction,,28.0,52.77,1477.56,1048.65,0,,
CLM-62539,Franchise_NY_12,Antimicrobial Treatment,,13.0,40.92,531.96,531.96,1,,
CLM-13668,Franchise_TX_01,Dehumidifier Rental,,43.0,89.56,3851.08,2478.71,0,,
CLM-42949,Franchise_TX_01,Water Extraction,,29.0,19.24,557.96,557.96,1,,
CLM-55070,Franchise_NY_12,Water Extraction,,37.0,70.54,2609.98,2609.98,1,,
CLM-94098,Franchise_NY_12,Baseboard Replacement,,40.0,73.82,2952.8,1900.1,0,,
CLM-33377,Franchise_TX_01,Water Extraction,,32.0,110.04,3521.28,2628.74,0,,
CLM-93055,Franchise_FL_04,Dehumidifier Rental,2025-01-01,46.0,133.42,6137.32,6137.32,1,1.0,2.0
CLM-99822,Franchise_NY_12,Water Extraction,,21.0,126.97,2666.37,1460.96,0,,
CLM-25744,Franchise_TX_01,Dehumidifier Rental,,30.0,29.13,873.9,564.96,0,,
CLM-24076,Franchise_NY_12,Baseboard Replacement,,45.0,119.43,5374.35,5374.35,1,,
CLM-34945,Franchise_FL_04,Drywall Repair,2025-11-11,37.0,88.62,3278.94,3278.94,1,11.0,1.0
CLM-94397,Franchise_NY_12,Water Extraction,,45.0,82.25,3701.25,3701.25,1,,
CLM-47329,Franchise_TX_01,Dehumidifier Rental,,46.0,19.14,880.44,502.98,0,,
CLM-29676,Franchise_FL_04,Antimicrobial Treatment,2025-06-08,20.0,132.29,2645.8,1379.52,0,6.0,6.0
CLM-57552,Franchise_NY_12,Water Extraction,,14.0,87.39,1223.46,1223.46,1,,
CLM-76786,Franchise_TX_01,Water Extraction,,20.0,15.44,308.8,235.85,0,,
CLM-23749,Franchise_NY_12,Dehumidifier Rental,,7.0,16.47,115.29,115.29,1,,
CLM-25836,Franchise_TX_01,Water Extraction,,10.0,76.58,765.8,765.8,1,,
CLM-58532,Franchise_FL_04,Antimicrobial Treatment,2025-03-20,1.0,100.82,100.82,41.55,0,3.0,3.0
CLM-80475,Franchise_NY_12,Drywall Repair,,25.0,98.16,2454.0,1687.45,0,,
CLM-65670,Franchise_TX_01,Water Extraction,,25.0,149.08,3727.0,3727.0,1,,
CLM-66155,Franchise_FL_04,Water Extraction,2025-02-28,27.0,145.32,3923.64,2114.06,0,2.0,4.0
CLM-31091,Franchise_NY_12,Dehumidifier Rental,,31.0,31.81,986.11,986.11,1,,
CLM-29293,Franchise_NY_12,Baseboard Replacement,,27.0,143.8,3882.6,3882.6,1,,
CLM-99068,Franchise_FL_04,Baseboard Replacement,2025-10-12,47.0,112.31,5278.57,3857.71,0,10.0,6.0
CLM-38203,Franchise_TX_01,Antimicrobial Treatment,,24.0,139.18,3340.32,1758.85,0,,
CLM-73675,Franchise_FL_04,Water Extraction,2025-09-10,3.0,80.7,242.1,242.1,1,9.0,2.0
CLM-32205,Franchise_FL_04,Baseboard Replacement,2025-12-22,24.0,143.26,3438.24,3438.24,1,12.0,0.0
CLM-44873,Franchise_NY_12,Baseboard Replacement,,29.0,133.34,3866.86,3085.87,0,,
CLM-17298,Franchise_NY_12,Dehumidifier Rental,,24.0,58.67,1408.08,1408.08,1,,
CLM-58012,Franchise_FL_04,Dehumidifier Rental,2025-06-28,35.0,140.35,4912.25,3193.58,0,6.0,5.0
CLM-44788,Franchise_TX_01,Antimicrobial Treatment,,37.0,18.2,673.4,673.4,1,,
CLM-52506,Franchise_TX_01,Baseboard Replacement,,29.0,112.45,3261.05,1908.28,0,,
CLM-61881,Franchise_FL_04,Baseboard Replacement,2025-10-15,1.0,34.18,34.18,34.18,1,10.0,2.0
CLM-75920,Franchise_NY_12,Antimicrobial Treatment,,32.0,64.2,2054.4,2054.4,1,,
CLM-88936,Franchise_NY_12,Antimicrobial Treatment,,47.0,112.69,5296.43,5296.43,1,,
CLM-34703,Franchise_FL_04,Baseboard Replacement,2025-02-22,31.0,55.77,1728.87,1208.79,0,2.0,5.0
CLM-34570,Franchise_TX_01,Water Extraction,,18.0,73.53,1323.54,1323.54,1,,
CLM-70338,Franchise_TX_01,Water Extraction,,36.0,115.04,4141.44,4141.44,1,,
CLM-24179,Franchise_FL_04,Baseboard Replacement,2025-01-26,7.0,72.74,509.18,509.18,1,1.0,6.0
CLM-94037,Franchise_TX_01,Dehumidifier Rental,,4.0,81.07,324.28,324.28,1,,
CLM-19871,Franchise_FL_04,Water Extraction,2025-08-25,10.0,114.21,1142.1,1142.1,1,8.0,0.0
CLM-76765,Franchise_TX_01,Dehumidifier Rental,,14.0,36.6,512.4,428.67,0,,
CLM-79344,Franchise_NY_12,Water Extraction,,32.0,113.68,3637.76,3637.76,1,,
CLM-46886,Franchise_TX_01,Drywall Repair,,34.0,99.43,3380.62,3380.62,1,,
CLM-56984,Franchise_TX_01,Baseboard Replacement - MISC,,31.0,40.91,1268.21,1268.21,1,,
CLM-51462,Franchise_NY_12,Water Extraction,,17.0,118.01,2006.17,2006.17,1,,
CLM-74666,Franchise_NY_12,Antimicrobial Treatment,,47.0,86.79,4079.13,1743.28,0,,
CLM-92713,Franchise_FL_04,Antimicrobial Treatment,2025-03-10,14.0,93.46,1308.44,1000.59,0,3.0,0.0
CLM-24219,Franchise_FL_04,Antimicrobial Treatment,2025-12-18,48.0,32.76,1572.48,1572.48,1,12.0,3.0
CLM-47943,Franchise_TX_01,Water Extraction - MISC,,32.0,45.75,1464.0,989.52,0,,
CLM-66219,Franchise_FL_04,Antimicrobial Treatment,2025-07-19,15.0,40.16,602.4,602.4,1,7.0,5.0
CLM-74209,Franchise_TX_01,Baseboard Replacement,,1.0,136.78,136.78,136.78,1,,
CLM-32170,Franchise_NY_12,Antimicrobial Treatment,,41.0,86.35,3540.35,3540.35,1,,
CLM-69851,Franchise_TX_01,Dehumidifier Rental,,20.0,38.95,779.0,357.81,0,,
CLM-20269,Franchise_TX_01,Dehumidifier Rental,,40.0,110.7,4428.0,3843.55,0,,
CLM-29695,Franchise_TX_01,Dehumidifier Rental,,4.0,110.81,443.24,443.24,1,,
CLM-25396,Franchise_FL_04,Drywall Repair,2025-11-05,45.0,119.84,5392.8,5392.8,1,11.0,2.0
CLM-32798,Franchise_TX_01,Dehumidifier Rental,,22.0,76.14,1675.08,687.61,0,,
CLM-86499,Franchise_TX_01,Baseboard Replacement,,46.0,74.29,3417.34,3417.34,1,,
CLM-19851,Franchise_NY_12,Dehumidifier Rental,,22.0,93.06,2047.32,1363.84,0,,
CLM-76058,Franchise_TX_01,Antimicrobial Treatment,,18.0,93.32,1679.76,1309.31,0,,
CLM-88506,Franchise_NY_12,Dehumidifier Rental,,45.0,43.75,1968.75,837.93,0,,
CLM-58832,Franchise_FL_04,Dehumidifier Rental,2025-02-01,19.0,28.05,532.95,532.95,1,2.0,5.0
CLM-81338,Franchise_NY_12,Water Extraction,,37.0,102.75,3801.75,3801.75,1,,
CLM-80097,Franchise_TX_01,Antimicrobial Treatment - MISC,,14.0,104.6,1464.4,1464.4,1,,
CLM-57508,Franchise_TX_01,Antimicrobial Treatment - MISC,,13.0,25.38,329.94,329.94,1,,
CLM-49634,Franchise_TX_01,Water Extraction,,25.0,24.16,604.0,357.36,0,,
CLM-52702,Franchise_NY_12,Water Extraction,,22.0,113.59,2498.98,2498.98,1,,
CLM-39710,Franchise_FL_04,Drywall Repair,2025-03-10,14.0,82.24,1151.36,961.21,0,3.0,0.0
CLM-23736,Franchise_FL_04,Antimicrobial Treatment,2025-06-22,20.0,117.83,2356.6,2356.6,1,6.0,6.0
CLM-20147,Franchise_TX_01,Water Extraction,,2.0,17.71,35.42,35.42,1,,
CLM-81862,Franchise_TX_01,Water Extraction,,28.0,146.65,4106.2,1672.77,0,,
CLM-55514,Franchise_FL_04,Baseboard Replacement,2025-03-28,17.0,59.94,1018.98,1018.98,1,3.0,4.0
CLM-25992,Franchise_TX_01,Baseboard Replacement,,2.0,19.42,38.84,25.23,0,,
CLM-17241,Franchise_TX_01,Baseboard Replacement,,36.0,113.0,4068.0,4068.0,1,,
CLM-65439,Franchise_FL_04,Dehumidifier Rental,2025-12-25,35.0,16.02,560.7,560.7,1,12.0,3.0
CLM-75196,Franchise_NY_12,Water Extraction,,17.0,67.34,1144.78,1144.78,1,,
CLM-86170,Franchise_FL_04,Antimicrobial Treatment,2025-06-15,43.0,92.23,3965.89,3169.82,0,6.0,6.0
CLM-33399,Franchise_FL_04,Baseboard Replacement,2025-08-03,28.0,101.88,2852.64,2206.17,0,8.0,6.0
CLM-24068,Franchise_TX_01,Antimicrobial Treatment,,3.0,83.94,251.82,251.82,1,,
CLM-49019,Franchise_NY_12,Dehumidifier Rental,,22.0,147.02,3234.44,3234.44,1,,
CLM-27964,Franchise_NY_12,Antimicrobial Treatment,,28.0,50.96,1426.88,1012.81,0,,
CLM-66009,Franchise_TX_01,Drywall Repair,,32.0,23.64,756.48,580.37,0,,
CLM-95254,Franchise_NY_12,Water Extraction,,25.0,68.44,1711.0,1270.3,0,,
CLM-29707,Franchise_NY_12,Drywall Repair,,13.0,27.66,359.58,359.58,1,,
CLM-34951,Franchise_TX_01,Drywall Repair,,13.0,73.14,950.82,950.82,1,,
CLM-94677,Franchise_NY_12,Antimicrobial Treatment,,47.0,76.17,3579.99,2062.89,0,,
CLM-11586,Franchise_TX_01,Drywall Repair - MISC,,20.0,50.0,1000.0,1000.0,1,,
CLM-59971,Franchise_NY_12,Baseboard Replacement,,13.0,18.66,242.58,145.57,0,,
CLM-36413,Franchise_FL_04,Dehumidifier Rental,2025-10-31,43.0,97.48,4191.64,4191.64,1,10.0,4.0
CLM-51415,Franchise_FL_04,Dehumidifier Rental,2025-07-18,49.0,64.24,3147.76,1849.73,0,7.0,4.0
CLM-40551,Franchise_NY_12,Antimicrobial Treatment,,33.0,119.89,3956.37,3956.37,1,,
CLM-23750,Franchise_TX_01,Baseboard Replacement,,8.0,85.67,685.36,685.36,1,,
CLM-48434,Franchise_FL_04,Drywall Repair,2025-01-01,5.0,76.23,381.15,381.15,1,1.0,2.0
CLM-59003,Franchise_FL_04,Baseboard Replacement,2025-10-10,47.0,127.24,5980.28,5980.28,1,10.0,4.0
CLM-82377,Franchise_TX_01,Antimicrobial Treatment,,26.0,59.56,1548.56,1548.56,1,,
CLM-86804,Franchise_NY_12,Baseboard Replacement,,20.0,126.9,2538.0,1504.84,0,,
CLM-10408,Franchise_NY_12,Water Extraction,,42.0,99.95,4197.9,4197.9,1,,
CLM-38325,Franchise_FL_04,Baseboard Replacement,2025-03-23,21.0,119.17,2502.57,2502.57,1,3.0,6.0
CLM-97534,Franchise_FL_04,Antimicrobial Treatment,2025-06-09,43.0,143.5,6170.5,6170.5,1,6.0,0.0
CLM-20735,Franchise_FL_04,Dehumidifier Rental,2025-04-15,29.0,114.19,3311.51,3311.51,1,4.0,1.0
CLM-78460,Franchise_TX_01,Drywall Repair - MISC,,17.0,40.57,689.69,689.69,1,,
CLM-64741,Franchise_TX_01,Antimicrobial Treatment,,14.0,139.92,1958.88,1958.88,1,,
CLM-21620,Franchise_NY_12,Dehumidifier Rental,,49.0,85.64,4196.36,4196.36,1,,
CLM-54985,Franchise_FL_04,Water Extraction,2025-03-03,15.0,84.32,1264.8,1264.8,1,3.0,0.0
CLM-33693,Franchise_NY_12,Antimicrobial Treatment,,40.0,109.03,4361.2,3891.35,0,,
CLM-53306,Franchise_TX_01,Water Extraction - MISC,,43.0,26.57,1142.51,558.03,0,,
CLM-98297,Franchise_NY_12,Antimicrobial Treatment,,16.0,24.91,398.56,398.56,1,,
CLM-40938,Franchise_NY_12,Antimicrobial Treatment,,28.0,120.57,3375.96,3375.96,1,,
CLM-89418,Franchise_TX_01,Drywall Repair,,7.0,52.41,366.87,366.87,1,,
CLM-79898,Franchise_FL_04,Baseboard Replacement,2025-08-31,4.0,124.35,497.4,430.67,0,8.0,6.0
CLM-93012,Franchise_NY_12,Dehumidifier Rental,,27.0,54.12,1461.24,1461.24,1,,
CLM-43330,Franchise_TX_01,Drywall Repair - MISC,,12.0,125.52,1506.24,989.17,0,,
CLM-17627,Franchise_TX_01,Baseboard Replacement,,20.0,106.07,2121.4,1123.87,0,,
CLM-19473,Franchise_FL_04,Baseboard Replacement,2025-05-05,6.0,99.45,596.7,340.95,0,5.0,0.0
CLM-45619,Franchise_NY_12,Drywall Repair,,19.0,41.26,783.94,783.94,1,,
CLM-80458,Franchise_TX_01,Water Extraction,,39.0,91.07,3551.73,3551.73,1,,
CLM-97027,Franchise_NY_12,Dehumidifier Rental,,33.0,74.84,2469.72,1940.2,0,,
CLM-15040,Franchise_NY_12,Antimicrobial Treatment,,18.0,90.48,1628.64,1628.64,1,,
CLM-19764,Franchise_FL_04,Water Extraction,2025-08-30,21.0,49.76,1044.96,1044.96,1,8.0,5.0
CLM-77698,Franchise_NY_12,Drywall Repair,,33.0,127.74,4215.42,2008.81,0,,
CLM-78237,Franchise_FL_04,Baseboard Replacement,2025-10-21,4.0,124.79,499.16,392.5,0,10.0,1.0
CLM-91882,Franchise_NY_12,Water Extraction,,20.0,135.91,2718.2,2428.29,0,,
CLM-62954,Franchise_FL_04,Water Extraction,2025-01-25,15.0,86.25,1293.75,624.04,0,1.0,5.0
CLM-19942,Franchise_NY_12,Drywall Repair,,14.0,79.89,1118.46,717.52,0,,
CLM-36004,Franchise_TX_01,Baseboard Replacement - MISC,,34.0,107.96,3670.64,2462.32,0,,
CLM-12636,Franchise_FL_04,Drywall Repair,2025-10-03,25.0,144.51,3612.75,3612.75,1,10.0,4.0
CLM-61003,Franchise_NY_12,Dehumidifier Rental,,11.0,47.42,521.62,231.54,0,,
CLM-72493,Franchise_NY_12,Antimicrobial Treatment,,1.0,124.8,124.8,110.04,0,,
CLM-99430,Franchise_TX_01,Antimicrobial Treatment - MISC,,5.0,145.25,726.25,472.81,0,,
CLM-96747,Franchise_NY_12,Drywall Repair,,21.0,21.53,452.13,452.13,1,,
CLM-48170,Franchise_NY_12,Water Extraction,,3.0,44.23,132.69,132.69,1,,
CLM-25291,Franchise_FL_04,Drywall Repair,2025-07-11,4.0,128.4,513.6,513.6,1,7.0,4.0
CLM-96960,Franchise_NY_12,Baseboard Replacement,,4.0,134.33,537.32,356.05,0,,
CLM-21339,Franchise_FL_04,Baseboard Replacement,2025-02-24,4.0,65.09,260.36,260.36,1,2.0,0.0
CLM-86499,Franchise_TX_01,Dehumidifier Rental,,3.0,138.36,415.08,314.14,0,,
CLM-59807,Franchise_FL_04,Baseboard Replacement,2025-09-08,22.0,137.92,3034.24,2300.85,0,9.0,0.0
CLM-60678,Franchise_NY_12,Water Extraction,,41.0,49.52,2030.32,2030.32,1,,
CLM-78414,Franchise_NY_12,Drywall Repair,,22.0,23.36,513.92,513.92,1,,
CLM-23243,Franchise_FL_04,Water Extraction,2025-08-19,39.0,114.19,4453.41,1925.37,0,8.0,1.0
CLM-54702,Franchise_NY_12,Water Extraction,,34.0,55.11,1873.74,1060.94,0,,
CLM-93432,Franchise_FL_04,Antimicrobial Treatment,2025-08-09,29.0,90.4,2621.6,2621.6,1,8.0,5.0
CLM-33556,Franchise_FL_04,Baseboard Replacement,2025-11-18,32.0,62.14,1988.48,987.55,0,11.0,1.0
CLM-20279,Franchise_NY_12,Water Extraction,,22.0,116.39,2560.58,2560.58,1,,
CLM-10739,Franchise_FL_04,Antimicrobial Treatment,2025-05-28,9.0,127.49,1147.41,1147.41,1,5.0,2.0
CLM-78307,Franchise_NY_12,Baseboard Replacement,,40.0,68.45,2738.0,1644.27,0,,
CLM-19915,Franchise_NY_12,Antimicrobial Treatment,,28.0,136.7,3827.6,3827.6,1,,
CLM-26090,Franchise_TX_01,Dehumidifier Rental,,39.0,132.63,5172.57,5172.57,1,,
CLM-16968,Franchise_TX_01,Antimicrobial Treatment,,26.0,45.07,1171.82,1171.82,1,,
CLM-90964,Franchise_TX_01,Drywall Repair,,8.0,147.03,1176.24,996.24,0,,
CLM-20668,Franchise_FL_04,Drywall Repair,2025-12-04,37.0,29.95,1108.15,1108.15,1,12.0,3.0
CLM-65900,Franchise_TX_01,Baseboard Replacement,,12.0,18.68,224.16,224.16,1,,
CLM-78788,Franchise_NY_12,Drywall Repair,,31.0,107.35,3327.85,2931.07,0,,
CLM-47656,Franchise_NY_12,Antimicrobial Treatment,,38.0,67.98,2583.24,2583.24,1,,
CLM-74610,Franchise_FL_04,Baseboard Replacement,2025-01-06,33.0,99.28,3276.24,1536.63,0,1.0,0.0
CLM-72421,Franchise_NY_12,Baseboard Replacement,,16.0,36.89,590.24,251.03,0,,
CLM-42005,Franchise_FL_04,Baseboard Replacement,2025-08-11,6.0,105.6,633.6,633.6,1,8.0,0.0
CLM-58508,Franchise_TX_01,Antimicrobial Treatment,,40.0,107.54,4301.6,3145.92,0,,
CLM-97209,Franchise_FL_04,Baseboard Replacement,2025-06-01,37.0,101.48,3754.76,3149.56,0,6.0,6.0
CLM-59303,Franchise_NY_12,Baseboard Replacement,,31.0,45.27,1403.37,1403.37,1,,
CLM-25395,Franchise_TX_01,Dehumidifier Rental,,50.0,69.52,3476.0,3476.0,1,,
CLM-75159,Franchise_FL_04,Antimicrobial Treatment,2025-08-11,8.0,142.01,1136.08,1136.08,1,8.0,0.0
CLM-71175,Franchise_TX_01,Drywall Repair,,17.0,98.96,1682.32,692.89,0,,
CLM-22515,Franchise_FL_04,Water Extraction,2025-07-30,32.0,81.11,2595.52,2595.52,1,7.0,2.0
CLM-10604,Franchise_NY_12,Dehumidifier Rental,,47.0,99.03,4654.41,4654.41,1,,
CLM-62982,Franchise_TX_01,Drywall Repair,,41.0,27.14,1112.74,603.55,0,,
CLM-62593,Franchise_NY_12,Antimicrobial Treatment,,16.0,42.19,675.04,675.04,1,,
CLM-98766,Franchise_FL_04,Dehumidifier Rental,2025-01-08,46.0,61.78,2841.88,2073.31,0,1.0,2.0
CLM-39182,Franchise_TX_01,Dehumidifier Rental,,21.0,131.84,2768.64,2768.64,1,,
CLM-96573,Franchise_FL_04,Dehumidifier Rental,2025-10-28,2.0,84.46,168.92,119.14,0,10.0,1.0
CLM-57222,Franchise_FL_04,Dehumidifier Rental,2025-12-12,39.0,123.07,4799.73,4799.73,1,12.0,4.0
CLM-17657,Franchise_TX_01,Water Extraction,,17.0,77.05,1309.85,665.74,0,,
CLM-56543,Franchise_FL_04,Dehumidifier Rental,2025-12-15,12.0,115.42,1385.04,1385.04,1,12.0,0.0
CLM-44631,Franchise_FL_04,Water Extraction,2025-08-02,26.0,138.77,3608.02,3608.02,1,8.0,5.0
CLM-33304,Franchise_FL_04,Baseboard Replacement,2025-07-12,2.0,66.63,133.26,68.49,0,7.0,5.0
CLM-83495,Franchise_TX_01,Antimicrobial Treatment,,5.0,46.33,231.65,231.65,1,,
CLM-24585,Franchise_TX_01,Water Extraction - MISC,,44.0,117.1,5152.4,2432.82,0,,
CLM-57768,Franchise_TX_01,Water Extraction,,6.0,147.06,882.36,619.46,0,,
CLM-28435,Franchise_NY_12,Dehumidifier Rental,,22.0,148.29,3262.38,1740.29,0,,
CLM-13557,Franchise_TX_01,Dehumidifier Rental,,7.0,20.71,144.97,144.97,1,,
CLM-81213,Franchise_FL_04,Drywall Repair,2025-10-16,17.0,23.52,399.84,399.84,1,10.0,3.0
CLM-90891,Franchise_TX_01,Antimicrobial Treatment,,1.0,132.52,132.52,132.52,1,,
CLM-32029,Franchise_TX_01,Baseboard Replacement,,5.0,136.94,684.7,684.7,1,,
CLM-28692,Franchise_NY_12,Drywall Repair,,30.0,148.84,4465.2,1967.95,0,,
CLM-92612,Franchise_NY_12,Water Extraction,,6.0,114.78,688.68,688.68,1,,
CLM-40236,Franchise_TX_01,Water Extraction,,27.0,123.17,3325.59,2362.08,0,,
CLM-86073,Franchise_NY_12,Dehumidifier Rental,,32.0,64.16,2053.12,2053.12,1,,
CLM-62520,Franchise_NY_12,Drywall Repair,,27.0,30.33,818.91,818.91,1,,
CLM-48501,Franchise_TX_01,Baseboard Replacement - MISC,,12.0,142.78,1713.36,1276.69,0,,
CLM-41724,Franchise_TX_01,Drywall Repair,,46.0,54.22,2494.12,2494.12,1,,
CLM-19257,Franchise_FL_04,Baseboard Replacement,2025-11-08,39.0,130.55,5091.45,5091.45,1,11.0,5.0
CLM-64126,Franchise_NY_12,Baseboard Replacement,,13.0,116.74,1517.62,1517.62,1,,
CLM-38887,Franchise_FL_04,Drywall Repair,2025-11-28,40.0,106.47,4258.8,3145.63,0,11.0,4.0
CLM-54290,Franchise_TX_01,Water Extraction,,45.0,147.59,6641.55,2995.49,0,,
CLM-22890,Franchise_TX_01,Baseboard Replacement,,31.0,122.36,3793.16,2662.85,0,,
CLM-65587,Franchise_TX_01,Antimicrobial Treatment,,47.0,74.11,3483.17,3483.17,1,,
CLM-59244,Franchise_NY_12,Water Extraction,,29.0,38.87,1127.23,662.99,0,,
CLM-78592,Franchise_FL_04,Baseboard Replacement,2025-01-25,3.0,30.07,90.21,90.21,1,1.0,5.0
CLM-82954,Franchise_TX_01,Baseboard Replacement - MISC,,50.0,22.4,1120.0,1120.0,1,,
CLM-97030,Franchise_NY_12,Water Extraction,,45.0,19.12,860.4,860.4,1,,
CLM-58397,Franchise_TX_01,Baseboard Replacement,,50.0,29.78,1489.0,1489.0,1,,
CLM-93250,Franchise_TX_01,Drywall Repair,,31.0,87.31,2706.61,1221.31,0,,
CLM-84234,Franchise_NY_12,Water Extraction,,30.0,115.15,3454.5,3454.5,1,,
CLM-41583,Franchise_TX_01,Antimicrobial Treatment,,3.0,29.96,89.88,89.88,1,,
CLM-36408,Franchise_TX_01,Drywall Repair - MISC,,13.0,147.86,1922.18,1922.18,1,,
CLM-40356,Franchise_FL_04,Antimicrobial Treatment,2025-05-06,1.0,94.01,94.01,94.01,1,5.0,1.0
CLM-79940,Franchise_FL_04,Baseboard Replacement,2025-03-25,50.0,103.99,5199.5,2656.68,0,3.0,1.0
CLM-35907,Franchise_TX_01,Drywall Repair,,3.0,57.92,173.76,173.76,1,,
CLM-16088,Franchise_TX_01,Water Extraction,,8.0,28.61,228.88,228.88,1,,
CLM-70635,Franchise_FL_04,Baseboard Replacement,2025-07-12,44.0,82.31,3621.64,3621.64,1,7.0,5.0
CLM-66703,Franchise_NY_12,Drywall Repair,,39.0,94.48,3684.72,3264.4,0,,
CLM-99429,Franchise_FL_04,Baseboard Replacement,2025-10-10,21.0,127.56,2678.76,2678.76,1,10.0,4.0
CLM-61297,Franchise_NY_12,Dehumidifier Rental,,48.0,145.79,6997.92,6997.92,1,,
CLM-48568,Franchise_NY_12,Antimicrobial Treatment,,21.0,35.55,746.55,581.42,0,,
CLM-54661,Franchise_TX_01,Baseboard Replacement,,6.0,24.22,145.32,73.26,0,,
CLM-76583,Franchise_FL_04,Baseboard Replacement,2025-10-25,29.0,87.11,2526.19,2526.19,1,10.0,5.0
CLM-37944,Franchise_NY_12,Water Extraction,,40.0,134.16,5366.4,5366.4,1,,
CLM-49410,Franchise_FL_04,Antimicrobial Treatment,2025-11-24,6.0,47.53,285.18,182.97,0,11.0,0.0
CLM-10518,Franchise_NY_12,Drywall Repair,,7.0,146.71,1026.97,1026.97,1,,
CLM-46573,Franchise_TX_01,Dehumidifier Rental,,23.0,98.94,2275.62,1027.66,0,,
CLM-24740,Franchise_FL_04,Antimicrobial Treatment,2025-11-25,15.0,20.67,310.05,310.05,1,11.0,1.0
CLM-58670,Franchise_FL_04,Drywall Repair,2025-07-23,34.0,45.77,1556.18,1556.18,1,7.0,2.0
CLM-52141,Franchise_NY_12,Dehumidifier Rental,,15.0,102.09,1531.35,877.89,0,,
CLM-87816,Franchise_TX_01,Baseboard Replacement,,36.0,77.02,2772.72,2772.72,1,,
CLM-10178,Franchise_NY_12,Drywall Repair,,35.0,106.43,3725.05,3725.05,1,,
CLM-59845,Franchise_NY_12,Drywall Repair,,34.0,75.85,2578.9,2578.9,1,,
CLM-70426,Franchise_TX_01,Dehumidifier Rental,,27.0,61.47,1659.69,1659.69,1,,
CLM-30987,Franchise_TX_01,Water Extraction,,22.0,66.61,1465.42,1465.42,1,,
CLM-17010,Franchise_NY_12,Drywall Repair,,45.0,116.49,5242.05,4019.38,0,,
CLM-10779,Franchise_FL_04,Drywall Repair,2025-06-14,9.0,95.05,855.45,855.45,1,6.0,5.0
CLM-42776,Franchise_NY_12,Antimicrobial Treatment,,7.0,142.24,995.68,995.68,1,,
CLM-74351,Franchise_TX_01,Drywall Repair,,10.0,57.36,573.6,573.6,1,,
CLM-16028,Franchise_FL_04,Antimicrobial Treatment,2025-07-22,35.0,45.32,1586.2,822.67,0,7.0,1.0
CLM-46146,Franchise_NY_12,Drywall Repair,,31.0,32.34,1002.54,1002.54,1,,
CLM-53180,Franchise_NY_12,Water Extraction,,49.0,108.27,5305.23,5305.23,1,,
CLM-26863,Franchise_NY_12,Water Extraction,,46.0,55.11,2535.06,2535.06,1,,
CLM-26016,Franchise_NY_12,Dehumidifier Rental,,10.0,44.66,446.6,446.6,1,,
CLM-40717,Franchise_FL_04,Water Extraction,2025-04-02,41.0,20.21,828.61,828.61,1,4.0,2.0
CLM-77068,Franchise_FL_04,Antimicrobial Treatment,2025-10-14,17.0,136.14,2314.38,2314.38,1,10.0,1.0
CLM-27876,Franchise_NY_12,Water Extraction,,50.0,26.42,1321.0,585.19,0,,
CLM-45291,Franchise_FL_04,Water Extraction,2025-03-10,41.0,79.15,3245.15,3245.15,1,3.0,0.0
CLM-53237,Franchise_NY_12,Baseboard Replacement,,40.0,42.84,1713.6,914.33,0,,
CLM-37216,Franchise_NY_12,Baseboard Replacement,,5.0,118.25,591.25,488.83,0,,
CLM-57198,Franchise_TX_01,Dehumidifier Rental,,47.0,129.9,6105.3,5158.92,0,,
CLM-53369,Franchise_FL_04,Dehumidifier Rental,2025-01-02,8.0,23.27,186.16,78.19,0,1.0,3.0
CLM-99737,Franchise_FL_04,Dehumidifier Rental,2025-03-29,32.0,131.64,4212.48,3006.75,0,3.0,5.0
CLM-62445,Franchise_FL_04,Antimicrobial Treatment,2025-01-03,3.0,104.38,313.14,313.14,1,1.0,4.0
CLM-97741,Franchise_TX_01,Dehumidifier Rental,,41.0,45.28,1856.48,1856.48,1,,
CLM-72595,Franchise_NY_12,Dehumidifier Rental,,50.0,84.94,4247.0,4247.0,1,,
CLM-62142,Franchise_NY_12,Water Extraction,,26.0,141.98,3691.48,2507.41,0,,
CLM-59313,Franchise_TX_01,Water Extraction - MISC,,23.0,71.23,1638.29,1638.29,1,,
CLM-19993,Franchise_NY_12,Dehumidifier Rental,,10.0,17.43,174.3,83.51,0,,
CLM-30585,Franchise_NY_12,Dehumidifier Rental,,48.0,79.87,3833.76,3833.76,1,,
CLM-11461,Franchise_FL_04,Antimicrobial Treatment,2025-01-17,7.0,147.04,1029.28,675.28,0,1.0,4.0
CLM-35878,Franchise_FL_04,Water Extraction,2025-03-01,15.0,147.58,2213.7,2213.7,1,3.0,5.0
CLM-86789,Franchise_NY_12,Dehumidifier Rental,,35.0,144.02,5040.7,5040.7,1,,
CLM-52102,Franchise_FL_04,Antimicrobial Treatment,2025-07-02,31.0,139.03,4309.93,3755.14,0,7.0,2.0
CLM-95720,Franchise_NY_12,Water Extraction,,7.0,143.52,1004.64,558.15,0,,
CLM-98943,Franchise_FL_04,Dehumidifier Rental,2025-01-16,22.0,66.96,1473.12,1473.12,1,1.0,3.0
CLM-48578,Franchise_FL_04,Dehumidifier Rental,2025-05-22,16.0,123.62,1977.92,1977.92,1,5.0,3.0
CLM-39275,Franchise_NY_12,Water Extraction,,29.0,68.62,1989.98,1107.84,0,,
CLM-39730,Franchise_NY_12,Baseboard Replacement,,29.0,100.82,2923.78,2923.78,1,,
CLM-31581,Franchise_NY_12,Baseboard Replacement,,33.0,52.05,1717.65,1717.65,1,,
CLM-40283,Franchise_NY_12,Baseboard Replacement,,7.0,89.68,627.76,627.76,1,,
CLM-27717,Franchise_FL_04,Drywall Repair,2025-06-21,16.0,149.67,2394.72,1700.82,0,6.0,5.0
CLM-74300,Franchise_TX_01,Drywall Repair,,25.0,135.81,3395.25,3395.25,1,,
CLM-17816,Franchise_FL_04,Dehumidifier Rental,2025-07-13,30.0,75.25,2257.5,2257.5,1,7.0,6.0
CLM-90817,Franchise_TX_01,Dehumidifier Rental,,28.0,88.01,2464.28,2464.28,1,,
CLM-85999,Franchise_TX_01,Baseboard Replacement,,32.0,108.2,3462.4,3462.4,1,,
CLM-49264,Franchise_TX_01,Dehumidifier Rental - MISC,,25.0,94.55,2363.75,2363.75,1,,
CLM-58297,Franchise_TX_01,Dehumidifier Rental,,34.0,67.7,2301.8,2301.8,1,,
CLM-89085,Franchise_NY_12,Baseboard Replacement,,25.0,79.87,1996.75,1996.75,1,,
CLM-55182,Franchise_FL_04,Antimicrobial Treatment,2025-01-16,15.0,116.42,1746.3,1016.3,0,1.0,3.0
CLM-79949,Franchise_FL_04,Water Extraction,2025-10-19,4.0,50.39,201.56,201.56,1,10.0,6.0
CLM-41023,Franchise_FL_04,Water Extraction,2025-03-21,24.0,45.16,1083.84,962.0,0,3.0,4.0
CLM-43085,Franchise_NY_12,Drywall Repair,,36.0,55.17,1986.12,1986.12,1,,
CLM-16719,Franchise_FL_04,Water Extraction,2025-07-21,46.0,66.71,3068.66,3068.66,1,7.0,0.0
CLM-98326,Franchise_NY_12,Antimicrobial Treatment,,21.0,128.7,2702.7,2702.7,1,,
CLM-26894,Franchise_TX_01,Dehumidifier Rental,,50.0,92.0,4600.0,4600.0,1,,
CLM-26353,Franchise_TX_01,Dehumidifier Rental,,13.0,94.59,1229.67,1044.81,0,,
CLM-45113,Franchise_NY_12,Water Extraction,,3.0,72.95,218.85,218.85,1,,
CLM-48052,Franchise_TX_01,Drywall Repair,,10.0,63.31,633.1,633.1,1,,
CLM-91258,Franchise_TX_01,Dehumidifier Rental,,35.0,147.27,5154.45,2141.8,0,,
CLM-75646,Franchise_FL_04,Baseboard Replacement,2025-02-27,12.0,85.41,1024.92,441.31,0,2.0,3.0
CLM-43066,Franchise_TX_01,Water Extraction - MISC,,39.0,43.77,1707.03,1707.03,1,,
CLM-51415,Franchise_FL_04,Baseboard Replacement,2025-01-13,48.0,49.56,2378.88,1856.52,0,1.0,0.0
CLM-58116,Franchise_FL_04,Water Extraction,2025-03-19,37.0,20.77,768.49,768.49,1,3.0,2.0
CLM-79118,Franchise_TX_01,Baseboard Replacement,,35.0,92.94,3252.9,1314.61,0,,
CLM-62264,Franchise_TX_01,Drywall Repair,,48.0,51.53,2473.44,2119.76,0,,
CLM-78552,Franchise_FL_04,Water Extraction,2025-05-30,7.0,106.9,748.3,560.04,0,5.0,4.0
CLM-11299,Franchise_TX_01,Water Extraction,,38.0,19.41,737.58,737.58,1,,
CLM-24911,Franchise_FL_04,Drywall Repair,2025-08-31,7.0,117.37,821.59,821.59,1,8.0,6.0
CLM-83510,Franchise_TX_01,Baseboard Replacement,,9.0,136.11,1224.99,553.71,0,,
CLM-81600,Franchise_FL_04,Drywall Repair,2025-08-10,24.0,141.06,3385.44,3037.68,0,8.0,6.0
CLM-76850,Franchise_NY_12,Dehumidifier Rental,,45.0,148.09,6664.05,4649.44,0,,
CLM-54576,Franchise_TX_01,Drywall Repair,,45.0,26.34,1185.3,658.33,0,,
CLM-92276,Franchise_FL_04,Dehumidifier Rental,2025-07-01,40.0,74.5,2980.0,2980.0,1,7.0,1.0
CLM-26387,Franchise_NY_12,Baseboard Replacement,,38.0,73.56,2795.28,2795.28,1,,
CLM-30363,Franchise_NY_12,Drywall Repair,,50.0,79.08,3954.0,3954.0,1,,
CLM-53246,Franchise_NY_12,Drywall Repair,,7.0,95.45,668.15,668.15,1,,
CLM-96632,Franchise_FL_04,Dehumidifier Rental,2025-12-29,9.0,128.32,1154.88,1154.88,1,12.0,0.0
CLM-81837,Franchise_NY_12,Water Extraction,,14.0,56.69,793.66,376.41,0,,
CLM-85036,Franchise_FL_04,Water Extraction,2025-02-13,18.0,43.98,791.64,791.64,1,2.0,3.0
CLM-80912,Franchise_TX_01,Antimicrobial Treatment - MISC,,46.0,146.82,6753.72,6753.72,1,,
CLM-64718,Franchise_NY_12,Baseboard Replacement,,46.0,114.65,5273.9,2124.72,0,,
CLM-23851,Franchise_FL_04,Antimicrobial Treatment,2025-08-07,32.0,16.13,516.16,516.16,1,8.0,3.0
CLM-38839,Franchise_FL_04,Drywall Repair,2025-08-22,22.0,21.42,471.24,471.24,1,8.0,4.0
CLM-75226,Franchise_TX_01,Drywall Repair,,12.0,124.99,1499.88,1242.49,0,,
CLM-97516,Franchise_TX_01,Water Extraction - MISC,,29.0,38.45,1115.05,805.14,0,,
CLM-29200,Franchise_TX_01,Water Extraction,,5.0,69.66,348.3,185.45,0,,
CLM-83627,Franchise_NY_12,Drywall Repair,,20.0,101.67,2033.4,2033.4,1,,
CLM-88720,Franchise_TX_01,Dehumidifier Rental,,31.0,44.51,1379.81,598.48,0,,
CLM-67228,Franchise_TX_01,Dehumidifier Rental,,5.0,48.2,241.0,241.0,1,,
CLM-53570,Franchise_FL_04,Water Extraction,2025-09-19,24.0,51.06,1225.44,1225.44,1,9.0,4.0
CLM-46820,Franchise_FL_04,Baseboard Replacement,2025-06-25,41.0,38.67,1585.47,1080.54,0,6.0,2.0
CLM-21578,Franchise_FL_04,Antimicrobial Treatment,2025-12-05,30.0,116.31,3489.3,3489.3,1,12.0,4.0
CLM-58413,Franchise_NY_12,Water Extraction,,32.0,144.22,4615.04,4615.04,1,,
CLM-45704,Franchise_TX_01,Drywall Repair,,28.0,132.23,3702.44,3702.44,1,,
CLM-91993,Franchise_NY_12,Antimicrobial Treatment,,26.0,33.77,878.02,878.02,1,,
CLM-93836,Franchise_TX_01,Dehumidifier Rental - MISC,,37.0,76.52,2831.24,1243.75,0,,
CLM-72191,Franchise_TX_01,Water Extraction,,43.0,42.03,1807.29,1807.29,1,,
CLM-31480,Franchise_NY_12,Antimicrobial Treatment,,3.0,105.67,317.01,317.01,1,,
CLM-10113,Franchise_NY_12,Dehumidifier Rental,,22.0,125.84,2768.48,2768.48,1,,
CLM-77816,Franchise_NY_12,Water Extraction,,22.0,112.1,2466.2,2466.2,1,,
CLM-48779,Franchise_FL_04,Baseboard Replacement,2025-05-23,46.0,15.82,727.72,727.72,1,5.0,4.0
CLM-25719,Franchise_TX_01,Dehumidifier Rental - MISC,,50.0,104.39,5219.5,5219.5,1,,
CLM-41171,Franchise_FL_04,Drywall Repair,2025-04-21,38.0,61.89,2351.82,1657.97,0,4.0,0.0
CLM-19174,Franchise_TX_01,Antimicrobial Treatment,,29.0,90.76,2632.04,2632.04,1,,
CLM-50246,Franchise_FL_04,Dehumidifier Rental,2025-09-08,5.0,32.54,162.7,162.7,1,9.0,0.0
CLM-82107,Franchise_TX_01,Water Extraction,,15.0,62.26,933.9,933.9,1,,
CLM-88955,Franchise_FL_04,Drywall Repair,2025-01-09,43.0,65.49,2816.07,2816.07,1,1.0,3.0
CLM-19956,Franchise_TX_01,Water Extraction,,28.0,107.93,3022.04,2222.31,0,,
CLM-64306,Franchise_NY_12,Drywall Repair,,15.0,83.1,1246.5,524.84,0,,
CLM-16834,Franchise_NY_12,Baseboard Replacement,,12.0,121.94,1463.28,1141.1,0,,
CLM-78143,Franchise_TX_01,Dehumidifier Rental - MISC,,20.0,29.31,586.2,586.2,1,,
CLM-43872,Franchise_TX_01,Antimicrobial Treatment,,28.0,37.64,1053.92,1053.92,1,,
CLM-19628,Franchise_NY_12,Dehumidifier Rental,,24.0,144.79,3474.96,1867.57,0,,
CLM-29035,Franchise_TX_01,Dehumidifier Rental,,44.0,121.63,5351.72,5351.72,1,,
CLM-97543,Franchise_TX_01,Dehumidifier Rental,,47.0,122.14,5740.58,2450.95,0,,
CLM-90661,Franchise_NY_12,Water Extraction,,42.0,149.47,6277.74,6277.74,1,,
CLM-32947,Franchise_TX_01,Water Extraction,,22.0,84.62,1861.64,937.32,0,,
CLM-42960,Franchise_TX_01,Antimicrobial Treatment,,36.0,38.96,1402.56,1200.97,0,,
CLM-27476,Franchise_FL_04,Antimicrobial Treatment,2025-10-07,40.0,70.74,2829.6,2394.66,0,10.0,1.0
CLM-64582,Franchise_TX_01,Baseboard Replacement - MISC,,8.0,29.01,232.08,232.08,1,,
CLM-17108,Franchise_FL_04,Antimicrobial Treatment,2025-05-19,9.0,96.13,865.17,650.25,0,5.0,0.0
CLM-58943,Franchise_NY_12,Antimicrobial Treatment,,29.0,110.9,3216.1,2632.79,0,,
CLM-95864,Franchise_TX_01,Baseboard Replacement - MISC,,40.0,146.69,5867.6,2846.8,0,,
CLM-84981,Franchise_TX_01,Baseboard Replacement - MISC,,9.0,27.09,243.81,155.55,0,,
CLM-82878,Franchise_FL_04,Antimicrobial Treatment,2025-01-16,18.0,117.19,2109.42,2109.42,1,1.0,3.0
CLM-39089,Franchise_NY_12,Antimicrobial Treatment,,29.0,83.11,2410.19,2410.19,1,,
CLM-34141,Franchise_NY_12,Drywall Repair,,5.0,78.51,392.55,392.55,1,,
CLM-15928,Franchise_NY_12,Drywall Repair,,49.0,121.65,5960.85,3711.21,0,,
CLM-46446,Franchise_NY_12,Baseboard Replacement,,44.0,20.44,899.36,899.36,1,,
CLM-19077,Franchise_NY_12,Water Extraction,,9.0,124.08,1116.72,1116.72,1,,
CLM-10508,Franchise_TX_01,Drywall Repair,,5.0,25.23,126.15,61.31,0,,
CLM-65642,Franchise_FL_04,Drywall Repair,2025-03-28,47.0,130.17,6117.99,6117.99,1,3.0,4.0
CLM-24212,Franchise_NY_12,Antimicrobial Treatment,,15.0,80.51,1207.65,1207.65,1,,
CLM-13779,Franchise_TX_01,Antimicrobial Treatment,,37.0,94.03,3479.11,2235.7,0,,
CLM-64710,Franchise_TX_01,Dehumidifier Rental,,18.0,60.41,1087.38,1087.38,1,,
CLM-75674,Franchise_FL_04,Baseboard Replacement,2025-08-02,19.0,130.76,2484.44,2202.17,0,8.0,5.0
CLM-90685,Franchise_NY_12,Antimicrobial Treatment,,16.0,117.15,1874.4,841.74,0,,
CLM-17764,Franchise_FL_04,Drywall Repair,2025-06-30,8.0,74.96,599.68,599.68,1,6.0,0.0
CLM-88053,Franchise_NY_12,Drywall Repair,,20.0,106.47,2129.4,1172.98,0,,
CLM-93947,Franchise_NY_12,Baseboard Replacement,,22.0,142.75,3140.5,3140.5,1,,
CLM-11884,Franchise_TX_01,Water Extraction - MISC,,31.0,55.83,1730.73,1730.73,1,,
CLM-95542,Franchise_NY_12,Drywall Repair,,5.0,15.95,79.75,79.75,1,,
CLM-19792,Franchise_FL_04,Water Extraction,2025-08-02,19.0,123.1,2338.9,1094.96,0,8.0,5.0
CLM-65029,Franchise_NY_12,Dehumidifier Rental,,41.0,111.3,4563.3,3955.57,0,,
CLM-53838,Franchise_NY_12,Drywall Repair,,44.0,117.7,5178.8,2647.89,0,,
CLM-12808,Franchise_NY_12,Baseboard Replacement,,36.0,25.55,919.8,919.8,1,,
CLM-72832,Franchise_FL_04,Drywall Repair,2025-02-18,28.0,145.03,4060.84,2355.43,0,2.0,1.0
CLM-49267,Franchise_NY_12,Drywall Repair,,7.0,121.0,847.0,701.53,0,,
CLM-92890,Franchise_NY_12,Baseboard Replacement,,15.0,104.96,1574.4,1574.4,1,,
CLM-65621,Franchise_TX_01,Drywall Repair,,15.0,107.26,1608.9,1608.9,1,,
CLM-94945,Franchise_FL_04,Water Extraction,2025-12-19,24.0,56.1,1346.4,1346.4,1,12.0,4.0
CLM-38338,Franchise_TX_01,Dehumidifier Rental,,6.0,46.47,278.82,116.39,0,,
CLM-21417,Franchise_NY_12,Water Extraction,,50.0,109.65,5482.5,4772.1,0,,
CLM-23573,Franchise_TX_01,Antimicrobial Treatment,,40.0,102.0,4080.0,4080.0,1,,
CLM-13432,Franchise_TX_01,Baseboard Replacement - MISC,,33.0,143.21,4725.93,3862.34,0,,
CLM-12022,Franchise_NY_12,Drywall Repair,,6.0,137.44,824.64,824.64,1,,
CLM-78486,Franchise_TX_01,Baseboard Replacement,,24.0,85.75,2058.0,2058.0,1,,
CLM-71155,Franchise_TX_01,Drywall Repair,,14.0,28.14,393.96,347.34,0,,
CLM-21222,Franchise_TX_01,Water Extraction,,30.0,82.38,2471.4,2471.4,1,,
CLM-60109,Franchise_TX_01,Baseboard Replacement,,4.0,67.91,271.64,271.64,1,,
CLM-87949,Franchise_TX_01,Water Extraction - MISC,,29.0,115.74,3356.46,3356.46,1,,
CLM-99325,Franchise_NY_12,Drywall Repair,,6.0,132.79,796.74,641.36,0,,
CLM-30831,Franchise_TX_01,Baseboard Replacement,,46.0,111.06,5108.76,5108.76,1,,
CLM-71626,Franchise_TX_01,Drywall Repair,,22.0,119.07,2619.54,2286.37,0,,
CLM-78651,Franchise_FL_04,Baseboard Replacement,2025-09-14,40.0,141.5,5660.0,2546.08,0,9.0,6.0
CLM-82112,Franchise_NY_12,Drywall Repair,,3.0,125.71,377.13,377.13,1,,
CLM-38376,Franchise_TX_01,Drywall Repair,,35.0,115.52,4043.2,4043.2,1,,
CLM-49784,Franchise_TX_01,Antimicrobial Treatment,,40.0,25.03,1001.2,1001.2,1,,
CLM-24684,Franchise_NY_12,Drywall Repair,,25.0,87.18,2179.5,1894.31,0,,
CLM-94042,Franchise_TX_01,Baseboard Replacement - MISC,,48.0,137.91,6619.68,5040.14,0,,
CLM-50413,Franchise_TX_01,Antimicrobial Treatment,,49.0,135.91,6659.59,6659.59,1,,
CLM-93557,Franchise_TX_01,Antimicrobial Treatment - MISC,,10.0,78.21,782.1,480.57,0,,
CLM-23887,Franchise_FL_04,Baseboard Replacement,2025-07-23,17.0,67.78,1152.26,609.39,0,7.0,2.0
CLM-13026,Franchise_TX_01,Drywall Repair,,29.0,142.51,4132.79,3314.73,0,,
CLM-42804,Franchise_NY_12,Antimicrobial Treatment,,12.0,57.49,689.88,391.71,0,,
CLM-56379,Franchise_TX_01,Water Extraction - MISC,,29.0,36.04,1045.16,1045.16,1,,
CLM-45190,Franchise_NY_12,Dehumidifier Rental,,16.0,64.61,1033.76,761.57,0,,
CLM-66011,Franchise_TX_01,Baseboard Replacement,,3.0,87.12,261.36,115.72,0,,
CLM-20790,Franchise_NY_12,Drywall Repair,,42.0,130.27,5471.34,5471.34,1,,
CLM-47737,Franchise_FL_04,Water Extraction,2025-09-29,13.0,141.41,1838.33,1838.33,1,9.0,0.0
CLM-95596,Franchise_TX_01,Baseboard Replacement - MISC,,34.0,33.47,1137.98,1137.98,1,,
CLM-76249,Franchise_TX_01,Dehumidifier Rental,,28.0,116.96,3274.88,2357.15,0,,
CLM-77494,Franchise_TX_01,Baseboard Replacement,,3.0,143.4,430.2,278.64,0,,
CLM-31310,Franchise_NY_12,Drywall Repair,,16.0,55.8,892.8,892.8,1,,
CLM-21579,Franchise_TX_01,Water Extraction,,6.0,50.32,301.92,242.34,0,,
CLM-70064,Franchise_FL_04,Baseboard Replacement,2025-05-25,49.0,138.71,6796.79,4674.21,0,5.0,6.0
CLM-50774,Franchise_FL_04,Baseboard Replacement,2025-11-26,1.0,97.11,97.11,97.11,1,11.0,2.0
CLM-20908,Franchise_NY_12,Baseboard Replacement,,30.0,44.71,1341.3,944.06,0,,
CLM-99953,Franchise_NY_12,Baseboard Replacement,,43.0,93.51,4020.93,4020.93,1,,
CLM-64646,Franchise_TX_01,Water Extraction,,29.0,24.86,720.94,720.94,1,,
CLM-20301,Franchise_FL_04,Baseboard Replacement,2025-08-15,19.0,145.9,2772.1,2772.1,1,8.0,4.0
CLM-85646,Franchise_NY_12,Dehumidifier Rental,,1.0,111.47,111.47,111.47,1,,
CLM-63167,Franchise_TX_01,Baseboard Replacement,,36.0,25.48,917.28,917.28,1,,
CLM-15885,Franchise_TX_01,Water Extraction,,41.0,46.62,1911.42,1602.5,0,,
CLM-18895,Franchise_NY_12,Water Extraction,,6.0,89.74,538.44,440.72,0,,
CLM-27373,Franchise_FL_04,Antimicrobial Treatment,2025-02-27,35.0,34.85,1219.75,637.94,0,2.0,3.0
CLM-14647,Franchise_NY_12,Baseboard Replacement,,5.0,107.95,539.75,539.75,1,,
CLM-22262,Franchise_NY_12,Drywall Repair,,16.0,106.37,1701.92,1701.92,1,,
CLM-96073,Franchise_FL_04,Drywall Repair,2025-11-25,20.0,60.4,1208.0,1208.0,1,11.0,1.0
CLM-11354,Franchise_FL_04,Water Extraction,2025-01-26,5.0,61.39,306.95,218.27,0,1.0,6.0
CLM-54003,Franchise_TX_01,Water Extraction,,41.0,37.17,1523.97,1523.97,1,,
CLM-72533,Franchise_TX_01,Dehumidifier Rental,,5.0,148.17,740.85,500.16,0,,
CLM-39028,Franchise_TX_01,Antimicrobial Treatment,,48.0,58.9,2827.2,2144.93,0,,
CLM-87727,Franchise_FL_04,Drywall Repair,2025-11-05,2.0,63.98,127.96,127.96,1,11.0,2.0
CLM-46054,Franchise_TX_01,Antimicrobial Treatment,,18.0,41.21,741.78,659.09,0,,
CLM-52988,Franchise_TX_01,Antimicrobial Treatment,,29.0,39.22,1137.38,1137.38,1,,
CLM-77991,Franchise_NY_12,Dehumidifier Rental,,10.0,103.83,1038.3,1038.3,1,,
CLM-83295,Franchise_TX_01,Baseboard Replacement,,41.0,138.0,5658.0,2527.85,0,,
CLM-75638,Franchise_NY_12,Baseboard Replacement,,42.0,41.41,1739.22,1739.22,1,,
CLM-72357,Franchise_FL_04,Water Extraction,2025-01-07,45.0,33.23,1495.35,1495.35,1,1.0,1.0
CLM-31973,Franchise_FL_04,Baseboard Replacement,2025-10-24,20.0,119.9,2398.0,2398.0,1,10.0,4.0
CLM-94348,Franchise_FL_04,Antimicrobial Treatment,2025-09-03,5.0,134.24,671.2,671.2,1,9.0,2.0
CLM-99422,Franchise_FL_04,Drywall Repair,2025-01-06,38.0,122.98,4673.24,4105.7,0,1.0,0.0
CLM-92669,Franchise_NY_12,Baseboard Replacement,,4.0,139.83,559.32,331.08,0,,
CLM-84466,Franchise_FL_04,Antimicrobial Treatment,2025-07-11,21.0,17.13,359.73,274.67,0,7.0,4.0
CLM-80171,Franchise_FL_04,Baseboard Replacement,2025-09-29,25.0,77.18,1929.5,1929.5,1,9.0,0.0
CLM-44951,Franchise_NY_12,Drywall Repair,,15.0,63.56,953.4,953.4,1,,
CLM-77294,Franchise_TX_01,Drywall Repair,,38.0,46.36,1761.68,1109.49,0,,
CLM-51800,Franchise_NY_12,Water Extraction,,31.0,39.32,1218.92,990.72,0,,
CLM-94105,Franchise_TX_01,Dehumidifier Rental,,46.0,130.64,6009.44,6009.44,1,,
CLM-50980,Franchise_FL_04,Water Extraction,2025-01-06,20.0,45.01,900.2,900.2,1,1.0,0.0
CLM-51933,Franchise_TX_01,Baseboard Replacement,,32.0,87.26,2792.32,2792.32,1,,
CLM-40093,Franchise_FL_04,Antimicrobial Treatment,2025-03-26,2.0,101.17,202.34,159.72,0,3.0,2.0
CLM-40698,Franchise_FL_04,Antimicrobial Treatment,2025-08-15,19.0,98.39,1869.41,1622.39,0,8.0,4.0
CLM-56717,Franchise_FL_04,Drywall Repair,2025-09-08,44.0,46.19,2032.36,1130.45,0,9.0,0.0
CLM-69965,Franchise_TX_01,Water Extraction,,29.0,89.84,2605.36,1092.45,0,,
CLM-96271,Franchise_NY_12,Antimicrobial Treatment,,24.0,143.51,3444.24,2676.3,0,,
CLM-26348,Franchise_FL_04,Antimicrobial Treatment,2025-11-09,49.0,34.34,1682.66,1682.66,1,11.0,6.0
CLM-35023,Franchise_NY_12,Baseboard Replacement,,41.0,130.54,5352.14,5352.14,1,,
CLM-51669,Franchise_FL_04,Dehumidifier Rental,2025-01-28,1.0,48.17,48.17,48.17,1,1.0,1.0
CLM-97456,Franchise_NY_12,Drywall Repair,,15.0,72.23,1083.45,438.3,0,,
CLM-30263,Franchise_FL_04,Dehumidifier Rental,2025-05-12,50.0,94.86,4743.0,4743.0,1,5.0,0.0
CLM-98608,Franchise_TX_01,Water Extraction,,6.0,121.9,731.4,731.4,1,,
CLM-76711,Franchise_NY_12,Water Extraction,,39.0,96.25,3753.75,2943.5,0,,
CLM-38907,Franchise_NY_12,Drywall Repair,,37.0,73.14,2706.18,2706.18,1,,
CLM-91937,Franchise_NY_12,Water Extraction,,15.0,50.01,750.15,524.61,0,,
CLM-93586,Franchise_TX_01,Baseboard Replacement,,42.0,46.57,1955.94,1955.94,1,,
CLM-95862,Franchise_TX_01,Baseboard Replacement,,15.0,138.58,2078.7,2078.7,1,,
CLM-66139,Franchise_NY_12,Water Extraction,,36.0,57.5,2070.0,2070.0,1,,
CLM-81322,Franchise_TX_01,Drywall Repair,,25.0,122.66,3066.5,3066.5,1,,
CLM-30117,Franchise_TX_01,Antimicrobial Treatment,,22.0,108.68,2390.96,2126.55,0,,
CLM-88756,Franchise_NY_12,Antimicrobial Treatment,,16.0,45.52,728.32,728.32,1,,
CLM-37259,Franchise_NY_12,Drywall Repair,,18.0,103.69,1866.42,1272.15,0,,
CLM-64341,Franchise_NY_12,Drywall Repair,,46.0,41.63,1914.98,1914.98,1,,
CLM-80278,Franchise_TX_01,Water Extraction,,47.0,54.53,2562.91,1627.0,0,,
CLM-74301,Franchise_FL_04,Baseboard Replacement,2025-03-13,4.0,102.18,408.72,408.72,1,3.0,3.0
CLM-69094,Franchise_TX_01,Antimicrobial Treatment,,32.0,134.71,4310.72,4310.72,1,,
CLM-80555,Franchise_NY_12,Water Extraction,,41.0,58.61,2403.01,2403.01,1,,
CLM-81254,Franchise_NY_12,Water Extraction,,39.0,15.48,603.72,603.72,1,,
CLM-36476,Franchise_TX_01,Dehumidifier Rental,,24.0,57.73,1385.52,1385.52,1,,
CLM-29695,Franchise_NY_12,Baseboard Replacement,,24.0,40.33,967.92,967.92,1,,
CLM-99388,Franchise_TX_01,Baseboard Replacement,,8.0,95.94,767.52,767.52,1,,
CLM-36152,Franchise_TX_01,Drywall Repair,,33.0,82.97,2738.01,2738.01,1,,
CLM-71986,Franchise_TX_01,Drywall Repair,,48.0,97.49,4679.52,3075.16,0,,
CLM-17093,Franchise_FL_04,Antimicrobial Treatment,2025-03-23,25.0,30.22,755.5,755.5,1,3.0,6.0
CLM-68294,Franchise_TX_01,Antimicrobial Treatment - MISC,,6.0,148.64,891.84,891.84,1,,
CLM-22916,Franchise_NY_12,Baseboard Replacement,,36.0,37.48,1349.28,1349.28,1,,
CLM-53829,Franchise_FL_04,Baseboard Replacement,2025-12-18,37.0,65.92,2439.04,2439.04,1,12.0,3.0
CLM-25949,Franchise_NY_12,Baseboard Replacement,,24.0,32.25,774.0,774.0,1,,
CLM-10739,Franchise_FL_04,Drywall Repair,2025-07-31,6.0,86.83,520.98,398.7,0,7.0,3.0
CLM-34534,Franchise_TX_01,Drywall Repair - MISC,,21.0,138.22,2902.62,2902.62,1,,
CLM-55253,Franchise_FL_04,Water Extraction,2025-10-31,34.0,45.16,1535.44,1066.67,0,10.0,4.0
CLM-99348,Franchise_TX_01,Dehumidifier Rental,,5.0,122.89,614.45,614.45,1,,
CLM-77280,Franchise_TX_01,Dehumidifier Rental,,7.0,145.14,1015.98,1015.98,1,,
CLM-46854,Franchise_NY_12,Baseboard Replacement,,50.0,77.3,3865.0,3865.0,1,,
CLM-58082,Franchise_TX_01,Dehumidifier Rental - MISC,,14.0,27.77,388.78,331.07,0,,
CLM-73466,Franchise_TX_01,Drywall Repair,,50.0,18.49,924.5,924.5,1,,
CLM-15662,Franchise_FL_04,Baseboard Replacement,2025-05-03,28.0,100.75,2821.0,2821.0,1,5.0,5.0
CLM-64771,Franchise_TX_01,Antimicrobial Treatment,,34.0,32.28,1097.52,977.35,0,,
CLM-90205,Franchise_NY_12,Water Extraction,,32.0,141.86,4539.52,4539.52,1,,
CLM-72892,Franchise_TX_01,Drywall Repair,,43.0,130.24,5600.32,5600.32,1,,
CLM-43105,Franchise_TX_01,Baseboard Replacement - MISC,,22.0,77.41,1703.02,759.81,0,,
CLM-59360,Franchise_FL_04,Drywall Repair,2025-06-10,18.0,123.11,2215.98,1344.69,0,6.0,1.0
CLM-78673,Franchise_TX_01,Antimicrobial Treatment,,32.0,96.38,3084.16,2031.64,0,,
CLM-22132,Franchise_FL_04,Water Extraction,2025-01-07,20.0,103.97,2079.4,1507.76,0,1.0,1.0
CLM-26519,Franchise_FL_04,Drywall Repair,2025-07-31,12.0,31.33,375.96,295.51,0,7.0,3.0
CLM-12073,Franchise_TX_01,Baseboard Replacement,,15.0,43.27,649.05,649.05,1,,
CLM-60419,Franchise_FL_04,Dehumidifier Rental,2025-02-04,20.0,60.4,1208.0,1208.0,1,2.0,1.0
CLM-45520,Franchise_TX_01,Dehumidifier Rental,,40.0,40.83,1633.2,1633.2,1,,
CLM-83334,Franchise_NY_12,Drywall Repair,,25.0,127.17,3179.25,1690.47,0,,
CLM-41251,Franchise_NY_12,Baseboard Replacement,,45.0,93.98,4229.1,4229.1,1,,
CLM-10247,Franchise_FL_04,Drywall Repair,2025-12-14,32.0,71.79,2297.28,2297.28,1,12.0,6.0
CLM-67920,Franchise_TX_01,Baseboard Replacement,,44.0,97.18,4275.92,3563.18,0,,
CLM-58025,Franchise_NY_12,Baseboard Replacement,,42.0,120.31,5053.02,5053.02,1,,
CLM-47140,Franchise_TX_01,Water Extraction - MISC,,34.0,49.71,1690.14,1296.4,0,,
CLM-75047,Franchise_TX_01,Antimicrobial Treatment - MISC,,38.0,76.4,2903.2,2903.2,1,,
CLM-38731,Franchise_NY_12,Drywall Repair,,1.0,67.87,67.87,45.42,0,,
CLM-94921,Franchise_NY_12,Drywall Repair,,16.0,137.32,2197.12,1241.79,0,,
CLM-18412,Franchise_TX_01,Drywall Repair,,33.0,96.66,3189.78,2563.98,0,,
CLM-56053,Franchise_TX_01,Dehumidifier Rental,,12.0,68.13,817.56,644.91,0,,
CLM-65857,Franchise_TX_01,Drywall Repair - MISC,,24.0,130.91,3141.84,3141.84,1,,
CLM-93461,Franchise_NY_12,Dehumidifier Rental,,13.0,87.84,1141.92,467.83,0,,
CLM-95727,Franchise_TX_01,Drywall Repair,,35.0,23.15,810.25,810.25,1,,
CLM-44443,Franchise_TX_01,Dehumidifier Rental,,31.0,48.5,1503.5,1270.85,0,,
CLM-93562,Franchise_NY_12,Antimicrobial Treatment,,7.0,28.0,196.0,104.57,0,,
CLM-49225,Franchise_FL_04,Antimicrobial Treatment,2025-05-29,35.0,127.0,4445.0,4445.0,1,5.0,3.0
CLM-78265,Franchise_TX_01,Water Extraction,,21.0,147.07,3088.47,3088.47,1,,
CLM-11418,Franchise_TX_01,Antimicrobial Treatment - MISC,,4.0,76.04,304.16,215.14,0,,
CLM-84873,Franchise_TX_01,Dehumidifier Rental,,19.0,47.77,907.63,733.25,0,,
CLM-32018,Franchise_NY_12,Drywall Repair,,13.0,138.07,1794.91,1469.83,0,,
CLM-76185,Franchise_NY_12,Antimicrobial Treatment,,5.0,147.67,738.35,402.63,0,,
CLM-70785,Franchise_NY_12,Baseboard Replacement,,40.0,98.75,3950.0,2810.6,0,,
CLM-55411,Franchise_FL_04,Antimicrobial Treatment,2025-04-26,39.0,86.45,3371.55,3371.55,1,4.0,5.0
CLM-24799,Franchise_TX_01,Drywall Repair,,39.0,18.77,732.03,617.2,0,,
CLM-63348,Franchise_FL_04,Antimicrobial Treatment,2025-03-03,4.0,55.59,222.36,222.36,1,3.0,0.0
CLM-28499,Franchise_FL_04,Antimicrobial Treatment,2025-02-02,32.0,34.76,1112.32,884.43,0,2.0,6.0
CLM-42917,Franchise_NY_12,Drywall Repair,,31.0,50.95,1579.45,909.36,0,,
CLM-65006,Franchise_TX_01,Baseboard Replacement,,10.0,57.73,577.3,577.3,1,,
CLM-82351,Franchise_NY_12,Drywall Repair,,12.0,125.72,1508.64,1347.88,0,,
CLM-97833,Franchise_TX_01,Dehumidifier Rental,,27.0,62.86,1697.22,1318.43,0,,
CLM-83597,Franchise_TX_01,Dehumidifier Rental,,50.0,40.44,2022.0,1467.88,0,,
CLM-53379,Franchise_TX_01,Baseboard Replacement,,17.0,131.64,2237.88,2237.88,1,,
CLM-30259,Franchise_NY_12,Baseboard Replacement,,38.0,72.85,2768.3,2768.3,1,,
CLM-95291,Franchise_NY_12,Baseboard Replacement,,40.0,138.56,5542.4,5542.4,1,,
CLM-87698,Franchise_NY_12,Water Extraction,,28.0,79.08,2214.24,2214.24,1,,
CLM-92806,Franchise_NY_12,Water Extraction,,37.0,122.54,4533.98,3717.86,0,,
CLM-80602,Franchise_FL_04,Baseboard Replacement,2025-12-26,5.0,23.13,115.65,115.65,1,12.0,4.0
CLM-72683,Franchise_TX_01,Drywall Repair,,20.0,51.94,1038.8,1038.8,1,,
CLM-31225,Franchise_TX_01,Dehumidifier Rental - MISC,,36.0,27.76,999.36,999.36,1,,
CLM-46838,Franchise_NY_12,Baseboard Replacement,,34.0,39.96,1358.64,1358.64,1,,
CLM-37035,Franchise_FL_04,Water Extraction,2025-05-29,35.0,40.81,1428.35,1083.09,0,5.0,3.0
CLM-65469,Franchise_FL_04,Antimicrobial Treatment,2025-11-21,50.0,120.6,6030.0,2866.45,0,11.0,4.0
CLM-78105,Franchise_FL_04,Dehumidifier Rental,2025-09-11,35.0,123.9,4336.5,4336.5,1,9.0,3.0
CLM-39774,Franchise_FL_04,Baseboard Replacement,2025-03-01,31.0,82.19,2547.89,1878.82,0,3.0,5.0
CLM-78037,Franchise_NY_12,Antimicrobial Treatment,,48.0,102.21,4906.08,2483.43,0,,
CLM-14125,Franchise_TX_01,Baseboard Replacement,,29.0,61.87,1794.23,1204.82,0,,
CLM-81660,Franchise_NY_12,Baseboard Replacement,,21.0,73.8,1549.8,1549.8,1,,
CLM-10877,Franchise_FL_04,Antimicrobial Treatment,2025-12-01,41.0,17.99,737.59,361.06,0,12.0,0.0
CLM-78999,Franchise_NY_12,Water Extraction,,47.0,30.62,1439.14,1439.14,1,,
CLM-70446,Franchise_TX_01,Water Extraction - MISC,,14.0,126.47,1770.58,1770.58,1,,
CLM-24639,Franchise_NY_12,Dehumidifier Rental,,47.0,129.87,6103.89,4039.99,0,,
CLM-61102,Franchise_TX_01,Dehumidifier Rental - MISC,,40.0,142.03,5681.2,5681.2,1,,
CLM-29836,Franchise_TX_01,Dehumidifier Rental,,36.0,17.33,623.88,459.85,0,,
CLM-88214,Franchise_TX_01,Antimicrobial Treatment,,23.0,144.47,3322.81,3322.81,1,,
CLM-22795,Franchise_NY_12,Baseboard Replacement,,45.0,84.65,3809.25,3809.25,1,,
CLM-65135,Franchise_TX_01,Baseboard Replacement,,48.0,105.21,5050.08,2571.55,0,,
CLM-55611,Franchise_TX_01,Dehumidifier Rental,,1.0,128.7,128.7,55.44,0,,
CLM-61899,Franchise_FL_04,Water Extraction,2025-09-04,23.0,67.45,1551.35,1551.35,1,9.0,3.0
CLM-24221,Franchise_FL_04,Antimicrobial Treatment,2025-07-27,21.0,101.13,2123.73,1168.12,0,7.0,6.0
CLM-86882,Franchise_NY_12,Dehumidifier Rental,,20.0,149.55,2991.0,2687.11,0,,
CLM-36156,Franchise_FL_04,Dehumidifier Rental,2025-12-05,47.0,82.83,3893.01,3893.01,1,12.0,4.0
CLM-92079,Franchise_NY_12,Antimicrobial Treatment,,40.0,73.24,2929.6,2162.58,0,,
CLM-10208,Franchise_NY_12,Dehumidifier Rental,,16.0,23.41,374.56,253.22,0,,
CLM-12678,Franchise_NY_12,Dehumidifier Rental,,3.0,120.82,362.46,162.13,0,,
CLM-30690,Franchise_FL_04,Baseboard Replacement,2025-04-21,13.0,64.73,841.49,841.49,1,4.0,0.0
CLM-42217,Franchise_TX_01,Antimicrobial Treatment,,11.0,88.46,973.06,538.22,0,,
CLM-17697,Franchise_NY_12,Drywall Repair,,8.0,30.04,240.32,240.32,1,,
CLM-23614,Franchise_TX_01,Dehumidifier Rental,,3.0,125.52,376.56,376.56,1,,
CLM-85550,Franchise_FL_04,Baseboard Replacement,2025-02-04,31.0,61.41,1903.71,1903.71,1,2.0,1.0
CLM-84799,Franchise_TX_01,Dehumidifier Rental,,43.0,139.63,6004.09,6004.09,1,,
CLM-89730,Franchise_FL_04,Dehumidifier Rental,2025-03-02,22.0,123.68,2720.96,2116.15,0,3.0,6.0
CLM-79376,Franchise_TX_01,Water Extraction,,36.0,15.86,570.96,570.96,1,,
CLM-63766,Franchise_FL_04,Water Extraction,2025-08-19,30.0,118.33,3549.9,3549.9,1,8.0,1.0
CLM-36431,Franchise_TX_01,Baseboard Replacement,,24.0,125.62,3014.88,3014.88,1,,
CLM-16089,Franchise_TX_01,Drywall Repair,,38.0,142.43,5412.34,3960.02,0,,
CLM-63578,Franchise_NY_12,Baseboard Replacement,,10.0,127.11,1271.1,953.74,0,,
CLM-91464,Franchise_FL_04,Baseboard Replacement,2025-05-16,46.0,34.28,1576.88,1133.23,0,5.0,4.0
CLM-77793,Franchise_TX_01,Baseboard Replacement,,24.0,51.65,1239.6,807.31,0,,
CLM-26164,Franchise_NY_12,Water Extraction,,8.0,76.04,608.32,608.32,1,,
CLM-21254,Franchise_FL_04,Water Extraction,2025-12-16,34.0,41.47,1409.98,780.92,0,12.0,1.0
CLM-15056,Franchise_NY_12,Antimicrobial Treatment,,41.0,114.57,4697.37,4697.37,1,,
CLM-16168,Franchise_FL_04,Dehumidifier Rental,2025-09-20,19.0,80.49,1529.31,1529.31,1,9.0,5.0
CLM-62806,Franchise_FL_04,Drywall Repair,2025-04-13,45.0,46.09,2074.05,2074.05,1,4.0,6.0
CLM-10651,Franchise_TX_01,Dehumidifier Rental,,30.0,136.3,4089.0,4089.0,1,,
CLM-83051,Franchise_TX_01,Baseboard Replacement,,17.0,144.36,2454.12,1655.37,0,,
CLM-16943,Franchise_NY_12,Drywall Repair,,3.0,116.11,348.33,210.86,0,,
CLM-38565,Franchise_TX_01,Water Extraction,,14.0,19.73,276.22,218.25,0,,
CLM-60650,Franchise_FL_04,Dehumidifier Rental,2025-09-29,36.0,32.83,1181.88,867.53,0,9.0,0.0
CLM-19479,Franchise_FL_04,Drywall Repair,2025-01-24,23.0,85.7,1971.1,1295.11,0,1.0,4.0
CLM-29993,Franchise_NY_12,Drywall Repair,,45.0,99.23,4465.35,2667.53,0,,
CLM-92549,Franchise_NY_12,Antimicrobial Treatment,,1.0,130.96,130.96,75.22,0,,
CLM-68665,Franchise_TX_01,Dehumidifier Rental,,3.0,39.56,118.68,118.68,1,,
CLM-84204,Franchise_TX_01,Dehumidifier Rental,,28.0,109.02,3052.56,3052.56,1,,
CLM-53158,Franchise_NY_12,Dehumidifier Rental,,1.0,133.5,133.5,108.28,0,,
CLM-73957,Franchise_NY_12,Baseboard Replacement,,45.0,64.68,2910.6,2480.25,0,,
CLM-26447,Franchise_TX_01,Drywall Repair,,18.0,68.34,1230.12,1230.12,1,,
CLM-90701,Franchise_FL_04,Baseboard Replacement,2025-01-13,49.0,60.56,2967.44,2967.44,1,1.0,0.0
CLM-71117,Franchise_FL_04,Drywall Repair,2025-04-10,17.0,129.94,2208.98,1767.78,0,4.0,3.0
CLM-15240,Franchise_NY_12,Dehumidifier Rental,,45.0,49.27,2217.15,1752.4,0,,
CLM-94051,Franchise_FL_04,Dehumidifier Rental,2025-01-02,33.0,124.91,4122.03,4122.03,1,1.0,3.0
CLM-74502,Franchise_FL_04,Antimicrobial Treatment,2025-03-27,25.0,117.35,2933.75,2933.75,1,3.0,3.0
CLM-34136,Franchise_NY_12,Drywall Repair,,42.0,35.14,1475.88,1255.42,0,,
CLM-96404,Franchise_FL_04,Antimicrobial Treatment,2025-07-23,24.0,110.36,2648.64,2648.64,1,7.0,2.0
CLM-90280,Franchise_FL_04,Antimicrobial Treatment,2025-03-21,22.0,111.79,2459.38,2459.38,1,3.0,4.0
CLM-82254,Franchise_NY_12,Water Extraction,,14.0,49.71,695.94,495.57,0,,
CLM-18890,Franchise_FL_04,Dehumidifier Rental,2025-12-24,13.0,75.55,982.15,982.15,1,12.0,2.0
CLM-19899,Franchise_TX_01,Dehumidifier Rental,,26.0,38.45,999.7,999.7,1,,
CLM-32516,Franchise_NY_12,Baseboard Replacement,,9.0,52.95,476.55,476.55,1,,
CLM-78336,Franchise_NY_12,Baseboard Replacement,,32.0,73.26,2344.32,2344.32,1,,
CLM-70514,Franchise_NY_12,Water Extraction,,7.0,32.23,225.61,182.53,0,,
CLM-76774,Franchise_NY_12,Baseboard Replacement,,40.0,133.74,5349.6,5349.6,1,,
CLM-90401,Franchise_NY_12,Water Extraction,,33.0,50.51,1666.83,1666.83,1,,
CLM-61813,Franchise_TX_01,Dehumidifier Rental - MISC,,39.0,52.41,2043.99,2043.99,1,,
CLM-78011,Franchise_FL_04,Dehumidifier Rental,2025-02-21,46.0,147.0,6762.0,6762.0,1,2.0,4.0
CLM-53154,Franchise_TX_01,Baseboard Replacement,,38.0,114.46,4349.48,3000.16,0,,
CLM-57915,Franchise_NY_12,Water Extraction,,3.0,74.88,224.64,107.37,0,,
CLM-92792,Franchise_TX_01,Water Extraction,,32.0,90.62,2899.84,2400.29,0,,
CLM-12131,Franchise_FL_04,Water Extraction,2025-11-19,1.0,101.92,101.92,86.9,0,11.0,2.0
CLM-26435,Franchise_TX_01,Drywall Repair,,14.0,125.08,1751.12,1751.12,1,,
CLM-45571,Franchise_TX_01,Baseboard Replacement,,3.0,98.4,295.2,295.2,1,,
CLM-53167,Franchise_FL_04,Water Extraction,2025-03-06,30.0,86.63,2598.9,1645.92,0,3.0,3.0
CLM-45957,Franchise_TX_01,Dehumidifier Rental,,19.0,58.35,1108.65,645.57,0,,
CLM-11511,Franchise_TX_01,Dehumidifier Rental,,48.0,103.8,4982.4,2167.75,0,,
CLM-71578,Franchise_TX_01,Dehumidifier Rental,,2.0,119.53,239.06,239.06,1,,
CLM-36899,Franchise_NY_12,Baseboard Replacement,,50.0,74.93,3746.5,1500.03,0,,
CLM-63793,Franchise_FL_04,Antimicrobial Treatment,2025-12-29,50.0,52.67,2633.5,1109.28,0,12.0,0.0
CLM-31035,Franchise_TX_01,Antimicrobial Treatment - MISC,,41.0,94.93,3892.13,3892.13,1,,
CLM-23083,Franchise_FL_04,Drywall Repair,2025-05-29,24.0,39.55,949.2,949.2,1,5.0,3.0
CLM-78367,Franchise_TX_01,Drywall Repair,,36.0,133.37,4801.32,4801.32,1,,
CLM-54605,Franchise_FL_04,Baseboard Replacement,2025-08-14,37.0,35.61,1317.57,1317.57,1,8.0,3.0
CLM-49028,Franchise_NY_12,Antimicrobial Treatment,,5.0,131.8,659.0,659.0,1,,
CLM-87428,Franchise_FL_04,Drywall Repair,2025-01-24,24.0,98.83,2371.92,2371.92,1,1.0,4.0
CLM-19888,Franchise_FL_04,Dehumidifier Rental,2025-04-25,18.0,22.19,399.42,399.42,1,4.0,4.0
CLM-97025,Franchise_NY_12,Baseboard Replacement,,1.0,80.86,80.86,80.86,1,,
CLM-48722,Franchise_NY_12,Drywall Repair,,33.0,101.25,3341.25,3341.25,1,,
CLM-84497,Franchise_FL_04,Antimicrobial Treatment,2025-02-23,47.0,138.61,6514.67,6514.67,1,2.0,6.0
CLM-12471,Franchise_NY_12,Dehumidifier Rental,,7.0,80.26,561.82,561.82,1,,
CLM-60360,Franchise_NY_12,Drywall Repair,,25.0,19.78,494.5,494.5,1,,
CLM-47398,Franchise_FL_04,Antimicrobial Treatment,2025-08-07,12.0,38.46,461.52,277.38,0,8.0,3.0
CLM-94990,Franchise_FL_04,Baseboard Replacement,2025-04-20,16.0,145.89,2334.24,2334.24,1,4.0,6.0
CLM-23799,Franchise_FL_04,Drywall Repair,2025-12-28,50.0,45.66,2283.0,2283.0,1,12.0,6.0
CLM-56436,Franchise_TX_01,Drywall Repair,,39.0,98.11,3826.29,3826.29,1,,
CLM-70529,Franchise_NY_12,Baseboard Replacement,,49.0,15.82,775.18,389.57,0,,
CLM-83903,Franchise_TX_01,Baseboard Replacement - MISC,,34.0,48.5,1649.0,1649.0,1,,
CLM-55375,Franchise_NY_12,Dehumidifier Rental,,41.0,34.67,1421.47,1421.47,1,,
CLM-53058,Franchise_TX_01,Baseboard Replacement,,49.0,113.81,5576.69,5576.69,1,,
CLM-48169,Franchise_TX_01,Water Extraction,,20.0,107.38,2147.6,2147.6,1,,
CLM-13808,Franchise_NY_12,Baseboard Replacement,,15.0,88.16,1322.4,1322.4,1,,
CLM-47687,Franchise_FL_04,Dehumidifier Rental,2025-07-14,38.0,91.71,3484.98,1953.15,0,7.0,0.0
CLM-88555,Franchise_FL_04,Drywall Repair,2025-01-08,9.0,21.26,191.34,191.34,1,1.0,2.0
CLM-51254,Franchise_NY_12,Antimicrobial Treatment,,15.0,111.97,1679.55,1679.55,1,,
CLM-97445,Franchise_FL_04,Antimicrobial Treatment,2025-11-29,21.0,53.24,1118.04,1118.04,1,11.0,5.0
CLM-23934,Franchise_NY_12,Baseboard Replacement,,19.0,84.23,1600.37,1600.37,1,,
CLM-92510,Franchise_NY_12,Baseboard Replacement,,26.0,49.03,1274.78,1274.78,1,,
CLM-56262,Franchise_NY_12,Antimicrobial Treatment,,24.0,97.52,2340.48,1605.4,0,,
CLM-45302,Franchise_NY_12,Antimicrobial Treatment,,11.0,116.5,1281.5,1281.5,1,,
CLM-94134,Franchise_NY_12,Antimicrobial Treatment,,8.0,114.11,912.88,596.27,0,,
CLM-93942,Franchise_NY_12,Baseboard Replacement,,43.0,116.65,5015.95,5015.95,1,,
CLM-19047,Franchise_TX_01,Water Extraction,,2.0,108.39,216.78,216.78,1,,
CLM-47531,Franchise_NY_12,Antimicrobial Treatment,,42.0,93.8,3939.6,1632.68,0,,
CLM-32738,Franchise_TX_01,Water Extraction,,10.0,102.98,1029.8,893.62,0,,
CLM-30303,Franchise_FL_04,Antimicrobial Treatment,2025-08-02,8.0,72.64,581.12,278.32,0,8.0,5.0
CLM-23291,Franchise_FL_04,Antimicrobial Treatment,2025-03-19,1.0,63.65,63.65,36.35,0,3.0,2.0
CLM-80958,Franchise_NY_12,Water Extraction,,13.0,117.25,1524.25,1524.25,1,,
CLM-60137,Franchise_NY_12,Baseboard Replacement,,31.0,149.12,4622.72,4622.72,1,,
CLM-76533,Franchise_NY_12,Antimicrobial Treatment,,16.0,40.9,654.4,323.4,0,,
CLM-25843,Franchise_TX_01,Drywall Repair,,2.0,79.7,159.4,159.4,1,,
CLM-99557,Franchise_FL_04,Dehumidifier Rental,2025-12-25,36.0,120.16,4325.76,2328.04,0,12.0,3.0
CLM-30452,Franchise_FL_04,Antimicrobial Treatment,2025-11-07,9.0,57.75,519.75,519.75,1,11.0,4.0
CLM-20228,Franchise_TX_01,Baseboard Replacement,,13.0,108.5,1410.5,1266.58,0,,
CLM-62233,Franchise_NY_12,Baseboard Replacement,,21.0,22.94,481.74,238.23,0,,
CLM-20048,Franchise_TX_01,Dehumidifier Rental,,25.0,107.36,2684.0,1167.63,0,,
CLM-96336,Franchise_FL_04,Antimicrobial Treatment,2025-10-19,36.0,37.58,1352.88,1352.88,1,10.0,6.0
CLM-52360,Franchise_FL_04,Water Extraction,2025-02-11,1.0,62.0,62.0,62.0,1,2.0,1.0
CLM-61301,Franchise_TX_01,Baseboard Replacement,,27.0,104.58,2823.66,2823.66,1,,
CLM-65009,Franchise_FL_04,Baseboard Replacement,2025-12-10,5.0,20.26,101.3,45.48,0,12.0,2.0
CLM-89845,Franchise_TX_01,Drywall Repair,,25.0,17.65,441.25,193.7,0,,
CLM-44965,Franchise_FL_04,Dehumidifier Rental,2025-12-28,3.0,119.13,357.39,357.39,1,12.0,6.0
CLM-17365,Franchise_FL_04,Antimicrobial Treatment,2025-09-26,11.0,116.27,1278.97,1278.97,1,9.0,4.0
CLM-65072,Franchise_FL_04,Drywall Repair,2025-09-02,35.0,78.86,2760.1,1536.63,0,9.0,1.0
CLM-31508,Franchise_TX_01,Antimicrobial Treatment,,26.0,90.19,2344.94,2344.94,1,,
CLM-62442,Franchise_NY_12,Antimicrobial Treatment,,8.0,143.26,1146.08,523.93,0,,
CLM-32643,Franchise_TX_01,Dehumidifier Rental - MISC,,39.0,61.52,2399.28,2399.28,1,,
CLM-48483,Franchise_TX_01,Drywall Repair - MISC,,24.0,84.74,2033.76,2033.76,1,,
CLM-15589,Franchise_NY_12,Water Extraction,,20.0,42.62,852.4,852.4,1,,
CLM-59648,Franchise_FL_04,Baseboard Replacement,2025-06-10,43.0,19.96,858.28,858.28,1,6.0,1.0
CLM-74830,Franchise_FL_04,Antimicrobial Treatment,2025-10-13,25.0,23.8,595.0,595.0,1,10.0,0.0
CLM-11142,Franchise_TX_01,Antimicrobial Treatment,,3.0,16.23,48.69,27.48,0,,
CLM-56774,Franchise_NY_12,Dehumidifier Rental,,13.0,22.93,298.09,298.09,1,,
CLM-63631,Franchise_TX_01,Baseboard Replacement - MISC,,34.0,122.21,4155.14,2610.49,0,,
CLM-63579,Franchise_TX_01,Antimicrobial Treatment - MISC,,20.0,39.95,799.0,436.1,0,,
CLM-15883,Franchise_FL_04,Baseboard Replacement,2025-02-04,26.0,122.37,3181.62,2225.94,0,2.0,1.0
CLM-58953,Franchise_NY_12,Dehumidifier Rental,,24.0,79.26,1902.24,1902.24,1,,
CLM-79474,Franchise_NY_12,Drywall Repair,,23.0,57.7,1327.1,1327.1,1,,
CLM-64084,Franchise_TX_01,Baseboard Replacement,,37.0,67.26,2488.62,2488.62,1,,
CLM-80320,Franchise_NY_12,Drywall Repair,,45.0,58.9,2650.5,1721.65,0,,
CLM-81779,Franchise_TX_01,Drywall Repair,,16.0,29.38,470.08,200.12,0,,
CLM-69533,Franchise_TX_01,Dehumidifier Rental,,36.0,53.55,1927.8,1927.8,1,,
CLM-27759,Franchise_NY_12,Baseboard Replacement,,44.0,36.26,1595.44,1595.44,1,,
CLM-62249,Franchise_FL_04,Antimicrobial Treatment,2025-11-21,45.0,58.8,2646.0,2646.0,1,11.0,4.0
CLM-68161,Franchise_TX_01,Antimicrobial Treatment - MISC,,45.0,23.92,1076.4,1076.4,1,,
CLM-91464,Franchise_FL_04,Water Extraction,2025-11-29,1.0,21.04,21.04,8.43,0,11.0,5.0
CLM-48060,Franchise_TX_01,Baseboard Replacement,,5.0,147.04,735.2,735.2,1,,
CLM-99896,Franchise_NY_12,Antimicrobial Treatment,,49.0,147.16,7210.84,7210.84,1,,
CLM-24772,Franchise_TX_01,Dehumidifier Rental,,24.0,66.83,1603.92,1603.92,1,,
CLM-78935,Franchise_TX_01,Baseboard Replacement,,37.0,98.32,3637.84,3637.84,1,,
CLM-88272,Franchise_FL_04,Water Extraction,2025-03-08,50.0,110.62,5531.0,3878.78,0,3.0,5.0
CLM-68863,Franchise_NY_12,Drywall Repair,,49.0,54.19,2655.31,2655.31,1,,
CLM-69157,Franchise_NY_12,Drywall Repair,,23.0,98.98,2276.54,2276.54,1,,
CLM-51597,Franchise_TX_01,Baseboard Replacement,,31.0,46.01,1426.31,832.85,0,,
CLM-26880,Franchise_TX_01,Drywall Repair,,28.0,142.28,3983.84,2839.92,0,,
CLM-93471,Franchise_TX_01,Dehumidifier Rental,,37.0,147.2,5446.4,5446.4,1,,
CLM-27210,Franchise_FL_04,Water Extraction,2025-11-28,33.0,47.19,1557.27,993.81,0,11.0,4.0
CLM-81330,Franchise_NY_12,Dehumidifier Rental,,19.0,44.46,844.74,844.74,1,,
CLM-60676,Franchise_NY_12,Baseboard Replacement,,45.0,38.9,1750.5,1750.5,1,,
CLM-49602,Franchise_NY_12,Drywall Repair,,49.0,16.39,803.11,530.63,0,,
CLM-74520,Franchise_FL_04,Drywall Repair,2025-07-18,21.0,108.91,2287.11,2287.11,1,7.0,4.0
CLM-60467,Franchise_FL_04,Antimicrobial Treatment,2025-01-23,47.0,103.88,4882.36,4882.36,1,1.0,3.0
CLM-43820,Franchise_TX_01,Water Extraction - MISC,,45.0,60.72,2732.4,2410.79,0,,
CLM-84930,Franchise_NY_12,Antimicrobial Treatment,,48.0,79.43,3812.64,3257.96,0,,
CLM-83616,Franchise_NY_12,Drywall Repair,,27.0,117.88,3182.76,2166.84,0,,
CLM-39898,Franchise_NY_12,Water Extraction,,50.0,16.1,805.0,805.0,1,,
CLM-44726,Franchise_FL_04,Drywall Repair,2025-08-26,14.0,103.23,1445.22,1445.22,1,8.0,1.0
CLM-62109,Franchise_NY_12,Antimicrobial Treatment,,41.0,112.97,4631.77,2058.68,0,,
CLM-85856,Franchise_TX_01,Water Extraction,,7.0,138.35,968.45,749.91,0,,
CLM-70652,Franchise_TX_01,Water Extraction,,5.0,124.33,621.65,321.04,0,,
CLM-36882,Franchise_NY_12,Antimicrobial Treatment,,12.0,143.22,1718.64,785.77,0,,
CLM-89094,Franchise_NY_12,Water Extraction,,35.0,123.88,4335.8,2836.54,0,,
CLM-67911,Franchise_TX_01,Dehumidifier Rental - MISC,,42.0,63.5,2667.0,1803.74,0,,
CLM-87546,Franchise_TX_01,Antimicrobial Treatment,,2.0,102.16,204.32,204.32,1,,
CLM-33089,Franchise_NY_12,Dehumidifier Rental,,17.0,141.73,2409.41,1735.15,0,,
CLM-91743,Franchise_TX_01,Water Extraction,,37.0,32.23,1192.51,1192.51,1,,
CLM-40438,Franchise_FL_04,Antimicrobial Treatment,2025-03-23,27.0,55.58,1500.66,849.72,0,3.0,6.0
CLM-42587,Franchise_TX_01,Drywall Repair,,30.0,71.9,2157.0,1249.27,0,,
CLM-63774,Franchise_FL_04,Drywall Repair,2025-09-12,49.0,59.78,2929.22,2929.22,1,9.0,4.0
CLM-50823,Franchise_NY_12,Drywall Repair,,3.0,141.59,424.77,318.73,0,,
CLM-43102,Franchise_TX_01,Drywall Repair - MISC,,30.0,123.55,3706.5,3706.5,1,,
CLM-85636,Franchise_NY_12,Antimicrobial Treatment,,12.0,60.66,727.92,727.92,1,,
CLM-97441,Franchise_NY_12,Dehumidifier Rental,,31.0,98.46,3052.26,3052.26,1,,
CLM-91008,Franchise_TX_01,Water Extraction,,19.0,52.33,994.27,994.27,1,,
CLM-47828,Franchise_FL_04,Dehumidifier Rental,2025-11-09,37.0,56.04,2073.48,2073.48,1,11.0,6.0
CLM-15833,Franchise_TX_01,Drywall Repair,,25.0,89.1,2227.5,2227.5,1,,
CLM-83019,Franchise_NY_12,Dehumidifier Rental,,12.0,26.24,314.88,314.88,1,,
CLM-20620,Franchise_TX_01,Antimicrobial Treatment,,16.0,41.89,670.24,579.37,0,,
CLM-19003,Franchise_NY_12,Antimicrobial Treatment,,27.0,120.91,3264.57,1670.87,0,,
CLM-64058,Franchise_NY_12,Water Extraction,,17.0,72.69,1235.73,1235.73,1,,
CLM-84983,Franchise_NY_12,Water Extraction,,45.0,137.55,6189.75,4245.3,0,,
CLM-58979,Franchise_NY_12,Baseboard Replacement,,23.0,130.62,3004.26,3004.26,1,,
CLM-16543,Franchise_FL_04,Drywall Repair,2025-10-05,4.0,124.92,499.68,499.68,1,10.0,6.0
CLM-40025,Franchise_FL_04,Drywall Repair,2025-07-26,11.0,120.64,1327.04,1327.04,1,7.0,5.0
CLM-88104,Franchise_TX_01,Dehumidifier Rental,,50.0,70.13,3506.5,3506.5,1,,
CLM-99336,Franchise_TX_01,Drywall Repair,,31.0,148.29,4596.99,4596.99,1,,
CLM-41934,Franchise_TX_01,Antimicrobial Treatment,,9.0,127.69,1149.21,1149.21,1,,
CLM-17902,Franchise_FL_04,Baseboard Replacement,2025-11-18,8.0,30.09,240.72,240.72,1,11.0,1.0
CLM-42210,Franchise_TX_01,Antimicrobial Treatment,,33.0,57.23,1888.59,1888.59,1,,
CLM-25295,Franchise_FL_04,Water Extraction,2025-11-11,42.0,67.58,2838.36,2838.36,1,11.0,1.0
CLM-86113,Franchise_TX_01,Antimicrobial Treatment,,41.0,26.97,1105.77,863.3,0,,
CLM-54777,Franchise_NY_12,Drywall Repair,,36.0,36.75,1323.0,748.3,0,,
CLM-45369,Franchise_TX_01,Antimicrobial Treatment,,25.0,18.69,467.25,266.44,0,,
CLM-85554,Franchise_TX_01,Baseboard Replacement,,45.0,79.57,3580.65,3580.65,1,,
CLM-99567,Franchise_TX_01,Baseboard Replacement,,15.0,50.03,750.45,656.91,0,,
CLM-91087,Franchise_NY_12,Antimicrobial Treatment,,30.0,94.26,2827.8,2827.8,1,,
CLM-80936,Franchise_TX_01,Antimicrobial Treatment,,35.0,80.54,2818.9,2818.9,1,,
CLM-18387,Franchise_NY_12,Baseboard Replacement,,48.0,107.94,5181.12,5181.12,1,,
CLM-87487,Franchise_NY_12,Baseboard Replacement,,22.0,123.71,2721.62,1827.16,0,,
CLM-32377,Franchise_TX_01,Water Extraction,,41.0,141.69,5809.29,5809.29,1,,
CLM-17127,Franchise_FL_04,Drywall Repair,2025-04-25,36.0,50.19,1806.84,1806.84,1,4.0,4.0
CLM-18292,Franchise_TX_01,Drywall Repair,,19.0,133.17,2530.23,2530.23,1,,
CLM-79979,Franchise_NY_12,Dehumidifier Rental,,22.0,51.43,1131.46,1131.46,1,,
CLM-68311,Franchise_TX_01,Dehumidifier Rental,,35.0,39.45,1380.75,1380.75,1,,
CLM-14255,Franchise_FL_04,Water Extraction,2025-11-23,1.0,48.95,48.95,41.73,0,11.0,6.0
CLM-32710,Franchise_FL_04,Dehumidifier Rental,2025-01-24,32.0,58.93,1885.76,1885.76,1,1.0,4.0
CLM-53200,Franchise_FL_04,Baseboard Replacement,2025-10-09,6.0,70.32,421.92,421.92,1,10.0,3.0
CLM-93122,Franchise_TX_01,Baseboard Replacement,,40.0,56.39,2255.6,1757.89,0,,
CLM-18928,Franchise_TX_01,Dehumidifier Rental,,20.0,60.44,1208.8,1208.8,1,,
CLM-44507,Franchise_NY_12,Dehumidifier Rental,,40.0,65.27,2610.8,2610.8,1,,
CLM-18163,Franchise_NY_12,Antimicrobial Treatment,,17.0,29.28,497.76,497.76,1,,
CLM-75255,Franchise_NY_12,Drywall Repair,,33.0,80.28,2649.24,1195.35,0,,
CLM-48186,Franchise_FL_04,Water Extraction,2025-12-05,37.0,126.41,4677.17,4677.17,1,12.0,4.0
CLM-74575,Franchise_NY_12,Dehumidifier Rental,,35.0,106.12,3714.2,3714.2,1,,
CLM-11364,Franchise_FL_04,Baseboard Replacement,2025-03-29,1.0,93.26,93.26,93.26,1,3.0,5.0
CLM-49012,Franchise_FL_04,Baseboard Replacement,2025-01-26,12.0,34.31,411.72,411.72,1,1.0,6.0
CLM-51350,Franchise_TX_01,Antimicrobial Treatment,,14.0,46.04,644.56,644.56,1,,
CLM-10832,Franchise_NY_12,Antimicrobial Treatment,,4.0,125.86,503.44,503.44,1,,
CLM-32268,Franchise_FL_04,Antimicrobial Treatment,2025-08-16,33.0,131.22,4330.26,3415.2,0,8.0,5.0
CLM-67350,Franchise_NY_12,Water Extraction,,12.0,49.51,594.12,512.06,0,,
CLM-88497,Franchise_NY_12,Drywall Repair,,33.0,146.01,4818.33,2408.06,0,,
CLM-70753,Franchise_TX_01,Water Extraction,,49.0,43.76,2144.24,2144.24,1,,
CLM-39535,Franchise_TX_01,Dehumidifier Rental,,4.0,147.14,588.56,399.33,0,,
CLM-41187,Franchise_TX_01,Drywall Repair,,32.0,95.38,3052.16,2094.27,0,,
CLM-45137,Franchise_TX_01,Water Extraction,,42.0,100.8,4233.6,4233.6,1,,
CLM-89733,Franchise_NY_12,Drywall Repair,,38.0,82.07,3118.66,1349.93,0,,
CLM-71744,Franchise_FL_04,Drywall Repair,2025-11-04,9.0,50.19,451.71,451.71,1,11.0,1.0
CLM-56245,Franchise_NY_12,Water Extraction,,14.0,63.52,889.28,646.36,0,,
CLM-80810,Franchise_TX_01,Drywall Repair,,27.0,96.43,2603.61,2603.61,1,,
CLM-87221,Franchise_TX_01,Dehumidifier Rental,,18.0,133.7,2406.6,2406.6,1,,
CLM-86923,Franchise_FL_04,Dehumidifier Rental,2025-07-23,43.0,64.04,2753.72,1577.65,0,7.0,2.0
CLM-33907,Franchise_FL_04,Drywall Repair,2025-09-17,30.0,113.98,3419.4,3419.4,1,9.0,2.0
CLM-76716,Franchise_TX_01,Baseboard Replacement,,50.0,97.88,4894.0,4894.0,1,,
CLM-39555,Franchise_TX_01,Drywall Repair - MISC,,43.0,130.81,5624.83,5624.83,1,,
CLM-70258,Franchise_TX_01,Antimicrobial Treatment,,18.0,133.29,2399.22,2399.22,1,,
CLM-32721,Franchise_FL_04,Antimicrobial Treatment,2025-11-06,19.0,124.36,2362.84,1235.22,0,11.0,3.0
CLM-29857,Franchise_TX_01,Drywall Repair - MISC,,14.0,77.74,1088.36,1088.36,1,,
CLM-89530,Franchise_FL_04,Antimicrobial Treatment,2025-05-15,22.0,77.29,1700.38,916.55,0,5.0,3.0
CLM-52925,Franchise_NY_12,Baseboard Replacement,,40.0,82.61,3304.4,3304.4,1,,
CLM-94360,Franchise_FL_04,Antimicrobial Treatment,2025-04-06,24.0,95.95,2302.8,921.79,0,4.0,6.0
CLM-74080,Franchise_FL_04,Antimicrobial Treatment,2025-01-06,1.0,132.65,132.65,71.53,0,1.0,0.0
CLM-50113,Franchise_NY_12,Baseboard Replacement,,12.0,77.34,928.08,721.59,0,,
CLM-49352,Franchise_FL_04,Drywall Repair,2025-05-14,10.0,92.64,926.4,695.67,0,5.0,2.0
CLM-11033,Franchise_NY_12,Antimicrobial Treatment,,27.0,71.98,1943.46,1459.06,0,,
CLM-80751,Franchise_NY_12,Dehumidifier Rental,,20.0,109.29,2185.8,2185.8,1,,
CLM-82589,Franchise_TX_01,Water Extraction,,17.0,43.56,740.52,625.61,0,,
CLM-65571,Franchise_NY_12,Antimicrobial Treatment,,15.0,22.54,338.1,338.1,1,,
CLM-48439,Franchise_TX_01,Water Extraction,,28.0,49.66,1390.48,1390.48,1,,
CLM-63768,Franchise_TX_01,Antimicrobial Treatment - MISC,,25.0,42.52,1063.0,694.48,0,,
CLM-85172,Franchise_TX_01,Dehumidifier Rental,,41.0,124.35,5098.35,5098.35,1,,
CLM-39960,Franchise_FL_04,Antimicrobial Treatment,2025-09-11,47.0,97.27,4571.69,4571.69,1,9.0,3.0
CLM-99755,Franchise_TX_01,Drywall Repair,,1.0,147.76,147.76,66.72,0,,
CLM-34293,Franchise_TX_01,Drywall Repair - MISC,,15.0,128.45,1926.75,831.57,0,,
CLM-90626,Franchise_TX_01,Dehumidifier Rental,,40.0,141.28,5651.2,3124.89,0,,
CLM-71081,Franchise_NY_12,Baseboard Replacement,,34.0,104.99,3569.66,1882.44,0,,
CLM-14389,Franchise_FL_04,Water Extraction,2025-06-15,20.0,49.06,981.2,399.17,0,6.0,6.0
CLM-78184,Franchise_NY_12,Water Extraction,,45.0,146.09,6574.05,6574.05,1,,
CLM-88619,Franchise_NY_12,Antimicrobial Treatment,,1.0,48.06,48.06,48.06,1,,
CLM-61411,Franchise_TX_01,Dehumidifier Rental,,50.0,149.14,7457.0,3632.27,0,,
CLM-76754,Franchise_FL_04,Drywall Repair,2025-08-19,12.0,114.02,1368.24,549.57,0,8.0,1.0
CLM-26916,Franchise_TX_01,Antimicrobial Treatment,,11.0,119.03,1309.33,1309.33,1,,
CLM-84974,Franchise_FL_04,Baseboard Replacement,2025-04-28,2.0,16.11,32.22,14.55,0,4.0,0.0
CLM-24302,Franchise_FL_04,Dehumidifier Rental,2025-05-17,16.0,70.56,1128.96,1128.96,1,5.0,5.0
CLM-19476,Franchise_FL_04,Baseboard Replacement,2025-10-28,19.0,66.34,1260.46,558.18,0,10.0,1.0
CLM-65028,Franchise_FL_04,Drywall Repair,2025-04-11,19.0,15.09,286.71,286.71,1,4.0,4.0
CLM-38095,Franchise_NY_12,Water Extraction,,48.0,141.66,6799.68,6799.68,1,,
CLM-81392,Franchise_NY_12,Water Extraction,,21.0,122.45,2571.45,2571.45,1,,
CLM-22715,Franchise_TX_01,Water Extraction,,27.0,60.01,1620.27,771.68,0,,
CLM-79986,Franchise_FL_04,Baseboard Replacement,2025-04-05,36.0,145.11,5223.96,5223.96,1,4.0,5.0
CLM-71606,Franchise_FL_04,Drywall Repair,2025-07-19,39.0,142.61,5561.79,5561.79,1,7.0,5.0
CLM-13186,Franchise_FL_04,Antimicrobial Treatment,2025-04-10,49.0,77.01,3773.49,2115.67,0,4.0,3.0
CLM-72309,Franchise_TX_01,Water Extraction,,31.0,17.27,535.37,250.96,0,,
CLM-74688,Franchise_TX_01,Dehumidifier Rental,,35.0,54.67,1913.45,1913.45,1,,
CLM-74666,Franchise_NY_12,Baseboard Replacement,,35.0,19.52,683.2,683.2,1,,
CLM-54380,Franchise_TX_01,Water Extraction,,48.0,43.67,2096.16,2096.16,1,,
CLM-94798,Franchise_NY_12,Antimicrobial Treatment,,46.0,33.99,1563.54,1257.16,0,,
CLM-49797,Franchise_FL_04,Antimicrobial Treatment,2025-09-22,22.0,64.66,1422.52,1422.52,1,9.0,0.0
CLM-59474,Franchise_TX_01,Dehumidifier Rental,,28.0,98.41,2755.48,2755.48,1,,
CLM-75897,Franchise_FL_04,Water Extraction,2025-12-21,33.0,69.32,2287.56,2287.56,1,12.0,6.0
CLM-79539,Franchise_FL_04,Dehumidifier Rental,2025-06-25,19.0,94.83,1801.77,1801.77,1,6.0,2.0
CLM-24598,Franchise_NY_12,Baseboard Replacement,,5.0,123.21,616.05,259.16,0,,
CLM-36722,Franchise_NY_12,Baseboard Replacement,,12.0,70.05,840.6,340.99,0,,
CLM-86456,Franchise_TX_01,Baseboard Replacement,,2.0,25.1,50.2,50.2,1,,
CLM-30457,Franchise_NY_12,Baseboard Replacement,,34.0,95.34,3241.56,3241.56,1,,
CLM-33330,Franchise_NY_12,Drywall Repair,,49.0,29.45,1443.05,1443.05,1,,
CLM-62571,Franchise_TX_01,Drywall Repair,,27.0,41.28,1114.56,1114.56,1,,
CLM-46809,Franchise_FL_04,Dehumidifier Rental,2025-09-30,45.0,78.98,3554.1,3554.1,1,9.0,1.0
CLM-95916,Franchise_FL_04,Dehumidifier Rental,2025-03-07,34.0,84.44,2870.96,2870.96,1,3.0,4.0
CLM-46836,Franchise_TX_01,Dehumidifier Rental,,43.0,148.32,6377.76,6377.76,1,,
CLM-52441,Franchise_TX_01,Antimicrobial Treatment,,3.0,29.98,89.94,46.47,0,,
CLM-25069,Franchise_TX_01,Dehumidifier Rental,,21.0,70.72,1485.12,1270.2,0,,
CLM-40941,Franchise_TX_01,Baseboard Replacement,,28.0,98.21,2749.88,2210.01,0,,
CLM-63507,Franchise_FL_04,Antimicrobial Treatment,2025-09-28,39.0,82.02,3198.78,3198.78,1,9.0,6.0
CLM-42243,Franchise_TX_01,Drywall Repair,,12.0,103.11,1237.32,660.0,0,,
CLM-62841,Franchise_FL_04,Baseboard Replacement,2025-04-25,24.0,26.72,641.28,641.28,1,4.0,4.0
CLM-87065,Franchise_TX_01,Antimicrobial Treatment - MISC,,18.0,109.64,1973.52,1212.02,0,,
CLM-58853,Franchise_NY_12,Water Extraction,,4.0,48.16,192.64,192.64,1,,
CLM-40886,Franchise_TX_01,Drywall Repair,,17.0,29.5,501.5,397.17,0,,
CLM-72301,Franchise_FL_04,Drywall Repair,2025-08-05,31.0,138.84,4304.04,4304.04,1,8.0,1.0
CLM-32241,Franchise_TX_01,Baseboard Replacement,,49.0,104.68,5129.32,5129.32,1,,
CLM-84596,Franchise_NY_12,Drywall Repair,,1.0,132.35,132.35,132.35,1,,
CLM-28572,Franchise_FL_04,Water Extraction,2025-01-13,3.0,49.79,149.37,112.3,0,1.0,0.0
CLM-55876,Franchise_NY_12,Baseboard Replacement,,6.0,132.29,793.74,524.9,0,,
CLM-81653,Franchise_TX_01,Dehumidifier Rental,,21.0,119.1,2501.1,2501.1,1,,
CLM-25705,Franchise_TX_01,Baseboard Replacement - MISC,,40.0,101.8,4072.0,3653.91,0,,
CLM-70029,Franchise_NY_12,Dehumidifier Rental,,10.0,55.44,554.4,420.07,0,,
CLM-81969,Franchise_NY_12,Drywall Repair,,24.0,44.7,1072.8,504.46,0,,
CLM-80432,Franchise_FL_04,Dehumidifier Rental,2025-05-13,30.0,126.05,3781.5,3781.5,1,5.0,1.0
CLM-29777,Franchise_NY_12,Antimicrobial Treatment,,41.0,126.86,5201.26,5201.26,1,,
CLM-29613,Franchise_TX_01,Dehumidifier Rental,,37.0,25.87,957.19,714.83,0,,
CLM-66688,Franchise_TX_01,Baseboard Replacement - MISC,,41.0,37.72,1546.52,771.29,0,,
CLM-14336,Franchise_FL_04,Baseboard Replacement,2025-06-23,25.0,148.86,3721.5,3721.5,1,6.0,0.0
CLM-40766,Franchise_FL_04,Baseboard Replacement,2025-03-13,11.0,109.61,1205.71,1205.71,1,3.0,3.0
CLM-17184,Franchise_FL_04,Baseboard Replacement,2025-06-05,19.0,33.79,642.01,642.01,1,6.0,3.0
CLM-12075,Franchise_FL_04,Baseboard Replacement,2025-10-26,4.0,58.74,234.96,171.03,0,10.0,6.0
CLM-41489,Franchise_FL_04,Dehumidifier Rental,2025-10-05,47.0,85.4,4013.8,4013.8,1,10.0,6.0
CLM-71400,Franchise_NY_12,Baseboard Replacement,,10.0,45.38,453.8,230.02,0,,
CLM-46902,Franchise_NY_12,Drywall Repair,,42.0,145.78,6122.76,4148.23,0,,
CLM-25180,Franchise_NY_12,Water Extraction,,50.0,72.07,3603.5,3603.5,1,,
CLM-34906,Franchise_FL_04,Drywall Repair,2025-05-18,18.0,46.4,835.2,835.2,1,5.0,6.0
CLM-56434,Franchise_FL_04,Water Extraction,2025-06-20,18.0,124.7,2244.6,2244.6,1,6.0,4.0
CLM-96070,Franchise_NY_12,Water Extraction,,45.0,84.42,3798.9,3798.9,1,,
CLM-35734,Franchise_FL_04,Dehumidifier Rental,2025-12-31,44.0,149.06,6558.64,3523.4,0,12.0,2.0
CLM-88579,Franchise_TX_01,Dehumidifier Rental,,21.0,25.52,535.92,240.3,0,,
CLM-34970,Franchise_NY_12,Drywall Repair,,41.0,49.69,2037.29,1152.15,0,,
CLM-40979,Franchise_FL_04,Baseboard Replacement,2025-04-14,5.0,107.55,537.75,337.78,0,4.0,0.0
CLM-54797,Franchise_FL_04,Baseboard Replacement,2025-05-26,10.0,105.85,1058.5,504.02,0,5.0,0.0
CLM-19549,Franchise_TX_01,Drywall Repair - MISC,,11.0,46.94,516.34,516.34,1,,
CLM-42058,Franchise_FL_04,Drywall Repair,2025-02-02,36.0,132.62,4774.32,4774.32,1,2.0,6.0
CLM-58785,Franchise_NY_12,Drywall Repair,,50.0,41.23,2061.5,862.52,0,,
CLM-85966,Franchise_FL_04,Drywall Repair,2025-04-05,27.0,39.83,1075.41,650.26,0,4.0,5.0
CLM-37438,Franchise_NY_12,Dehumidifier Rental,,14.0,142.98,2001.72,1606.9,0,,
CLM-15483,Franchise_TX_01,Water Extraction,,39.0,111.01,4329.39,2086.44,0,,
CLM-30487,Franchise_NY_12,Drywall Repair,,29.0,127.56,3699.24,3699.24,1,,
CLM-29000,Franchise_TX_01,Antimicrobial Treatment,,27.0,137.8,3720.6,3720.6,1,,
CLM-52938,Franchise_TX_01,Antimicrobial Treatment - MISC,,35.0,87.36,3057.6,2483.35,0,,
CLM-97111,Franchise_NY_12,Drywall Repair,,38.0,145.09,5513.42,4894.1,0,,
CLM-32259,Franchise_TX_01,Water Extraction,,43.0,90.36,3885.48,3885.48,1,,
CLM-54416,Franchise_NY_12,Baseboard Replacement,,7.0,43.7,305.9,305.9,1,,
CLM-95193,Franchise_FL_04,Antimicrobial Treatment,2025-09-13,35.0,60.68,2123.8,2123.8,1,9.0,5.0
CLM-48541,Franchise_FL_04,Dehumidifier Rental,2025-01-31,28.0,113.62,3181.36,3181.36,1,1.0,4.0
CLM-76770,Franchise_NY_12,Dehumidifier Rental,,8.0,27.71,221.68,221.68,1,,
CLM-98191,Franchise_NY_12,Water Extraction,,39.0,58.56,2283.84,1802.97,0,,
CLM-98533,Franchise_FL_04,Baseboard Replacement,2025-04-30,45.0,121.4,5463.0,4457.18,0,4.0,2.0
CLM-76722,Franchise_TX_01,Antimicrobial Treatment,,33.0,110.4,3643.2,3643.2,1,,
CLM-92873,Franchise_NY_12,Dehumidifier Rental,,30.0,127.28,3818.4,3818.4,1,,
CLM-89558,Franchise_FL_04,Baseboard Replacement,2025-09-19,9.0,34.84,313.56,253.44,0,9.0,4.0
CLM-29927,Franchise_NY_12,Antimicrobial Treatment,,2.0,138.68,277.36,215.91,0,,
CLM-11395,Franchise_FL_04,Dehumidifier Rental,2025-06-19,36.0,71.08,2558.88,2558.88,1,6.0,3.0
CLM-40640,Franchise_NY_12,Drywall Repair,,37.0,116.78,4320.86,4320.86,1,,
CLM-82428,Franchise_NY_12,Water Extraction,,3.0,27.44,82.32,82.32,1,,
CLM-95819,Franchise_FL_04,Antimicrobial Treatment,2025-04-15,19.0,133.2,2530.8,1725.33,0,4.0,1.0
CLM-41582,Franchise_TX_01,Baseboard Replacement,,35.0,29.37,1027.95,1027.95,1,,
CLM-38891,Franchise_NY_12,Antimicrobial Treatment,,37.0,138.07,5108.59,5108.59,1,,
CLM-93923,Franchise_NY_12,Baseboard Replacement,,37.0,133.52,4940.24,4063.91,0,,
CLM-69694,Franchise_NY_12,Baseboard Replacement,,41.0,37.68,1544.88,1376.06,0,,
CLM-95883,Franchise_FL_04,Water Extraction,2025-07-30,13.0,147.35,1915.55,1915.55,1,7.0,2.0
CLM-89272,Franchise_TX_01,Baseboard Replacement,,11.0,115.24,1267.64,935.92,0,,
CLM-20156,Franchise_FL_04,Drywall Repair,2025-10-19,43.0,27.19,1169.17,1169.17,1,10.0,6.0
CLM-39080,Franchise_FL_04,Drywall Repair,2025-12-06,49.0,96.52,4729.48,4729.48,1,12.0,5.0
CLM-76983,Franchise_TX_01,Drywall Repair,,20.0,68.57,1371.4,751.16,0,,
CLM-45218,Franchise_FL_04,Water Extraction,2025-07-22,2.0,45.36,90.72,65.53,0,7.0,1.0
CLM-36557,Franchise_NY_12,Drywall Repair,,25.0,88.52,2213.0,2213.0,1,,
CLM-94458,Franchise_TX_01,Dehumidifier Rental,,35.0,63.66,2228.1,920.68,0,,
CLM-68897,Franchise_NY_12,Baseboard Replacement,,36.0,46.32,1667.52,1667.52,1,,
CLM-47786,Franchise_NY_12,Baseboard Replacement,,39.0,101.71,3966.69,3175.45,0,,
CLM-49768,Franchise_TX_01,Drywall Repair - MISC,,40.0,85.71,3428.4,1510.87,0,,
CLM-88922,Franchise_FL_04,Antimicrobial Treatment,2025-04-22,18.0,126.75,2281.5,1410.87,0,4.0,1.0
CLM-22228,Franchise_TX_01,Water Extraction,,30.0,106.58,3197.4,3197.4,1,,
CLM-85517,Franchise_FL_04,Drywall Repair,2025-11-24,45.0,130.28,5862.6,5862.6,1,11.0,0.0
CLM-67506,Franchise_TX_01,Drywall Repair,,30.0,27.6,828.0,828.0,1,,
CLM-12240,Franchise_NY_12,Dehumidifier Rental,,1.0,61.13,61.13,46.14,0,,
CLM-88865,Franchise_FL_04,Dehumidifier Rental,2025-11-19,29.0,79.26,2298.54,1619.64,0,11.0,2.0
CLM-74425,Franchise_TX_01,Baseboard Replacement - MISC,,4.0,52.41,209.64,209.64,1,,
CLM-27097,Franchise_TX_01,Water Extraction,,43.0,111.08,4776.44,3052.25,0,,
CLM-74856,Franchise_TX_01,Water Extraction,,5.0,106.44,532.2,233.22,0,,
CLM-78426,Franchise_TX_01,Baseboard Replacement,,17.0,37.89,644.13,644.13,1,,
CLM-66422,Franchise_FL_04,Antimicrobial Treatment,2025-05-10,15.0,98.38,1475.7,1475.7,1,5.0,5.0
CLM-12362,Franchise_TX_01,Drywall Repair,,9.0,83.1,747.9,429.93,0,,
CLM-68370,Franchise_TX_01,Drywall Repair,,28.0,57.19,1601.32,1601.32,1,,
CLM-21447,Franchise_FL_04,Baseboard Replacement,2025-01-10,35.0,125.84,4404.4,4404.4,1,1.0,4.0
CLM-82971,Franchise_FL_04,Dehumidifier Rental,2025-10-16,29.0,31.21,905.09,905.09,1,10.0,3.0
CLM-37844,Franchise_FL_04,Baseboard Replacement,2025-01-29,3.0,25.21,75.63,65.11,0,1.0,2.0
CLM-62044,Franchise_NY_12,Water Extraction,,35.0,145.96,5108.6,5108.6,1,,
CLM-44769,Franchise_TX_01,Dehumidifier Rental,,37.0,37.67,1393.79,1393.79,1,,
CLM-16538,Franchise_NY_12,Antimicrobial Treatment,,48.0,134.25,6444.0,5079.24,0,,
CLM-11083,Franchise_NY_12,Water Extraction,,12.0,67.85,814.2,814.2,1,,
CLM-70986,Franchise_NY_12,Baseboard Replacement,,36.0,123.44,4443.84,3098.78,0,,
CLM-41529,Franchise_NY_12,Drywall Repair,,41.0,125.47,5144.27,2071.13,0,,
CLM-39482,Franchise_FL_04,Baseboard Replacement,2025-04-01,49.0,76.45,3746.05,2889.72,0,4.0,1.0
CLM-79383,Franchise_TX_01,Dehumidifier Rental,,40.0,115.03,4601.2,2544.28,0,,
CLM-75797,Franchise_NY_12,Dehumidifier Rental,,37.0,58.2,2153.4,1016.8,0,,
CLM-38165,Franchise_TX_01,Drywall Repair,,13.0,57.66,749.58,421.01,0,,
CLM-70736,Franchise_NY_12,Baseboard Replacement,,2.0,42.34,84.68,84.68,1,,
CLM-18681,Franchise_NY_12,Baseboard Replacement,,9.0,17.92,161.28,161.28,1,,
CLM-50746,Franchise_NY_12,Dehumidifier Rental,,47.0,107.97,5074.59,2494.93,0,,
CLM-50280,Franchise_FL_04,Drywall Repair,2025-12-30,18.0,59.72,1074.96,1074.96,1,12.0,1.0
CLM-25117,Franchise_NY_12,Baseboard Replacement,,8.0,27.91,223.28,223.28,1,,
CLM-25110,Franchise_NY_12,Baseboard Replacement,,7.0,110.56,773.92,773.92,1,,
CLM-43228,Franchise_NY_12,Drywall Repair,,20.0,50.74,1014.8,1014.8,1,,
CLM-84179,Franchise_TX_01,Water Extraction,,41.0,46.59,1910.19,1230.19,0,,
CLM-34174,Franchise_TX_01,Dehumidifier Rental,,7.0,66.36,464.52,201.8,0,,
CLM-16909,Franchise_TX_01,Water Extraction,,26.0,69.5,1807.0,1807.0,1,,
CLM-24644,Franchise_NY_12,Baseboard Replacement,,31.0,107.96,3346.76,1381.79,0,,
CLM-57029,Franchise_NY_12,Drywall Repair,,15.0,104.24,1563.6,1563.6,1,,
CLM-80441,Franchise_NY_12,Baseboard Replacement,,32.0,85.3,2729.6,2729.6,1,,
CLM-33382,Franchise_TX_01,Drywall Repair,,46.0,22.79,1048.34,571.6,0,,
CLM-23886,Franchise_TX_01,Dehumidifier Rental,,50.0,40.83,2041.5,2041.5,1,,
CLM-19390,Franchise_TX_01,Dehumidifier Rental,,32.0,74.57,2386.24,2386.24,1,,
CLM-51180,Franchise_TX_01,Dehumidifier Rental - MISC,,7.0,61.59,431.13,215.38,0,,
CLM-95294,Franchise_NY_12,Baseboard Replacement,,6.0,102.76,616.56,616.56,1,,
CLM-55654,Franchise_TX_01,Dehumidifier Rental,,1.0,129.8,129.8,129.8,1,,
CLM-96083,Franchise_NY_12,Antimicrobial Treatment,,34.0,91.41,3107.94,3107.94,1,,
CLM-93854,Franchise_TX_01,Antimicrobial Treatment - MISC,,47.0,61.11,2872.17,1933.03,0,,
CLM-45099,Franchise_TX_01,Dehumidifier Rental,,6.0,27.6,165.6,165.6,1,,
CLM-94537,Franchise_TX_01,Baseboard Replacement,,45.0,124.98,5624.1,5624.1,1,,
CLM-23641,Franchise_TX_01,Water Extraction,,23.0,78.85,1813.55,1327.33,0,,
CLM-57452,Franchise_NY_12,Water Extraction,,5.0,117.32,586.6,394.83,0,,
CLM-75019,Franchise_FL_04,Antimicrobial Treatment,2025-02-04,13.0,108.52,1410.76,1410.76,1,2.0,1.0
CLM-98687,Franchise_TX_01,Dehumidifier Rental,,8.0,42.08,336.64,147.07,0,,
CLM-57869,Franchise_TX_01,Drywall Repair,,19.0,68.53,1302.07,1302.07,1,,
CLM-56672,Franchise_NY_12,Drywall Repair,,25.0,113.78,2844.5,2844.5,1,,
CLM-94519,Franchise_FL_04,Antimicrobial Treatment,2025-02-19,20.0,79.49,1589.8,1589.8,1,2.0,2.0
CLM-35959,Franchise_NY_12,Antimicrobial Treatment,,6.0,59.54,357.24,357.24,1,,
CLM-81453,Franchise_NY_12,Dehumidifier Rental,,18.0,57.6,1036.8,1036.8,1,,
CLM-61540,Franchise_TX_01,Drywall Repair,,39.0,83.6,3260.4,3260.4,1,,
CLM-48670,Franchise_TX_01,Dehumidifier Rental,,19.0,54.58,1037.02,1037.02,1,,
CLM-70329,Franchise_NY_12,Antimicrobial Treatment,,30.0,32.3,969.0,969.0,1,,
CLM-17703,Franchise_NY_12,Drywall Repair,,35.0,69.14,2419.9,1730.71,0,,
CLM-49766,Franchise_FL_04,Antimicrobial Treatment,2025-04-19,5.0,147.4,737.0,737.0,1,4.0,5.0
CLM-18007,Franchise_FL_04,Drywall Repair,2025-02-18,39.0,122.43,4774.77,4774.77,1,2.0,1.0
CLM-65376,Franchise_NY_12,Drywall Repair,,46.0,131.33,6041.18,6041.18,1,,
CLM-20798,Franchise_NY_12,Baseboard Replacement,,12.0,47.75,573.0,573.0,1,,
CLM-44060,Franchise_NY_12,Water Extraction,,27.0,26.99,728.73,728.73,1,,
CLM-52343,Franchise_TX_01,Dehumidifier Rental,,30.0,86.46,2593.8,1986.79,0,,
CLM-83713,Franchise_NY_12,Water Extraction,,48.0,143.85,6904.8,6904.8,1,,
CLM-44183,Franchise_NY_12,Water Extraction,,25.0,64.88,1622.0,1622.0,1,,
CLM-59026,Franchise_NY_12,Water Extraction,,22.0,23.96,527.12,527.12,1,,
CLM-23303,Franchise_FL_04,Baseboard Replacement,2025-04-15,36.0,30.87,1111.32,956.84,0,4.0,1.0
CLM-74140,Franchise_TX_01,Dehumidifier Rental,,15.0,92.8,1392.0,1392.0,1,,
CLM-39109,Franchise_NY_12,Water Extraction,,10.0,108.59,1085.9,1085.9,1,,
CLM-27918,Franchise_FL_04,Dehumidifier Rental,2025-10-02,7.0,56.02,392.14,392.14,1,10.0,3.0
CLM-10703,Franchise_TX_01,Baseboard Replacement,,19.0,60.04,1140.76,998.19,0,,
CLM-50868,Franchise_FL_04,Drywall Repair,2025-10-09,26.0,103.48,2690.48,2690.48,1,10.0,3.0
CLM-15401,Franchise_TX_01,Antimicrobial Treatment,,48.0,64.06,3074.88,3074.88,1,,
CLM-11142,Franchise_TX_01,Baseboard Replacement,,45.0,68.7,3091.5,1997.78,0,,
CLM-95642,Franchise_FL_04,Drywall Repair,2025-04-30,26.0,45.29,1177.54,1177.54,1,4.0,2.0
CLM-60868,Franchise_TX_01,Dehumidifier Rental,,1.0,79.26,79.26,47.72,0,,
CLM-29575,Franchise_FL_04,Baseboard Replacement,2025-04-28,35.0,42.75,1496.25,1112.06,0,4.0,0.0
CLM-49084,Franchise_TX_01,Baseboard Replacement,,41.0,18.18,745.38,745.38,1,,
CLM-58746,Franchise_TX_01,Water Extraction,,2.0,86.11,172.22,172.22,1,,
CLM-82169,Franchise_TX_01,Dehumidifier Rental,,22.0,46.45,1021.9,1021.9,1,,
CLM-76902,Franchise_TX_01,Antimicrobial Treatment,,40.0,93.15,3726.0,1888.17,0,,
CLM-92246,Franchise_FL_04,Drywall Repair,2025-02-25,33.0,18.48,609.84,441.02,0,2.0,1.0
CLM-84218,Franchise_NY_12,Water Extraction,,23.0,111.62,2567.26,2567.26,1,,
CLM-99533,Franchise_TX_01,Antimicrobial Treatment,,8.0,56.85,454.8,351.78,0,,
CLM-16548,Franchise_FL_04,Baseboard Replacement,2025-04-15,49.0,77.74,3809.26,1817.17,0,4.0,1.0
CLM-61808,Franchise_TX_01,Antimicrobial Treatment - MISC,,27.0,137.11,3701.97,3701.97,1,,
CLM-79694,Franchise_NY_12,Water Extraction,,17.0,77.76,1321.92,1321.92,1,,
CLM-18491,Franchise_NY_12,Water Extraction,,44.0,36.85,1621.4,1309.82,0,,
CLM-33687,Franchise_TX_01,Baseboard Replacement,,43.0,51.63,2220.09,1080.67,0,,
CLM-88704,Franchise_FL_04,Drywall Repair,2025-08-28,15.0,31.33,469.95,469.95,1,8.0,3.0
CLM-58379,Franchise_TX_01,Antimicrobial Treatment,,31.0,146.92,4554.52,4554.52,1,,
CLM-76403,Franchise_TX_01,Drywall Repair,,30.0,66.81,2004.3,2004.3,1,,
CLM-62512,Franchise_NY_12,Water Extraction,,16.0,112.21,1795.36,1795.36,1,,
CLM-39077,Franchise_NY_12,Water Extraction,,39.0,38.68,1508.52,1508.52,1,,
CLM-60515,Franchise_TX_01,Water Extraction,,16.0,42.02,672.32,490.3,0,,
CLM-18944,Franchise_TX_01,Dehumidifier Rental - MISC,,45.0,89.72,4037.4,4037.4,1,,
CLM-36487,Franchise_NY_12,Antimicrobial Treatment,,9.0,136.21,1225.89,545.7,0,,
CLM-55454,Franchise_FL_04,Baseboard Replacement,2025-03-14,28.0,24.19,677.32,551.09,0,3.0,4.0
CLM-97129,Franchise_TX_01,Dehumidifier Rental,,19.0,47.3,898.7,898.7,1,,
CLM-18659,Franchise_NY_12,Baseboard Replacement,,43.0,131.88,5670.84,4927.96,0,,
CLM-53313,Franchise_TX_01,Water Extraction,,1.0,114.35,114.35,87.8,0,,
CLM-81163,Franchise_NY_12,Antimicrobial Treatment,,35.0,136.04,4761.4,4761.4,1,,
CLM-16090,Franchise_NY_12,Dehumidifier Rental,,29.0,119.66,3470.14,2237.29,0,,
CLM-60905,Franchise_FL_04,Dehumidifier Rental,2025-11-10,42.0,62.84,2639.28,2007.68,0,11.0,0.0
CLM-54017,Franchise_TX_01,Baseboard Replacement,,7.0,90.65,634.55,466.62,0,,
CLM-65314,Franchise_NY_12,Antimicrobial Treatment,,17.0,139.32,2368.44,1735.44,0,,
CLM-71797,Franchise_NY_12,Dehumidifier Rental,,38.0,69.05,2623.9,1970.82,0,,
CLM-79314,Franchise_TX_01,Antimicrobial Treatment,,47.0,98.11,4611.17,4611.17,1,,
CLM-51242,Franchise_FL_04,Drywall Repair,2025-01-24,1.0,19.93,19.93,19.93,1,1.0,4.0
CLM-15848,Franchise_TX_01,Antimicrobial Treatment,,16.0,78.51,1256.16,950.92,0,,
CLM-61148,Franchise_NY_12,Antimicrobial Treatment,,30.0,21.67,650.1,568.72,0,,
CLM-65853,Franchise_NY_12,Baseboard Replacement,,11.0,52.57,578.27,578.27,1,,
CLM-77781,Franchise_NY_12,Water Extraction,,1.0,120.99,120.99,120.99,1,,
CLM-28080,Franchise_NY_12,Drywall Repair,,33.0,77.15,2545.95,2545.95,1,,
CLM-98254,Franchise_TX_01,Antimicrobial Treatment,,26.0,21.5,559.0,559.0,1,,
CLM-21640,Franchise_NY_12,Drywall Repair,,28.0,26.66,746.48,746.48,1,,
CLM-91403,Franchise_TX_01,Antimicrobial Treatment,,19.0,70.86,1346.34,1346.34,1,,
CLM-46161,Franchise_TX_01,Antimicrobial Treatment,,36.0,138.67,4992.12,3696.97,0,,
CLM-84012,Franchise_FL_04,Water Extraction,2025-11-28,34.0,113.12,3846.08,2728.62,0,11.0,4.0
CLM-84051,Franchise_TX_01,Drywall Repair,,35.0,17.13,599.55,408.22,0,,
CLM-19305,Franchise_TX_01,Antimicrobial Treatment,,32.0,113.58,3634.56,2610.35,0,,
CLM-88191,Franchise_NY_12,Water Extraction,,37.0,56.66,2096.42,2096.42,1,,
CLM-97850,Franchise_NY_12,Baseboard Replacement,,46.0,134.72,6197.12,2888.51,0,,
CLM-36070,Franchise_NY_12,Baseboard Replacement,,1.0,56.93,56.93,35.72,0,,
CLM-78848,Franchise_FL_04,Baseboard Replacement,2025-06-05,13.0,92.92,1207.96,1207.96,1,6.0,3.0
CLM-63060,Franchise_NY_12,Baseboard Replacement,,7.0,98.47,689.29,593.41,0,,
CLM-78393,Franchise_TX_01,Drywall Repair,,3.0,59.77,179.31,179.31,1,,
CLM-63558,Franchise_NY_12,Antimicrobial Treatment,,17.0,87.8,1492.6,1492.6,1,,
CLM-13735,Franchise_NY_12,Dehumidifier Rental,,48.0,140.35,6736.8,3153.21,0,,
CLM-36586,Franchise_NY_12,Water Extraction,,33.0,26.18,863.94,863.94,1,,
CLM-15381,Franchise_TX_01,Drywall Repair,,41.0,111.13,4556.33,4556.33,1,,
CLM-63995,Franchise_FL_04,Baseboard Replacement,2025-01-02,17.0,88.28,1500.76,948.23,0,1.0,3.0
CLM-47707,Franchise_TX_01,Baseboard Replacement,,12.0,138.85,1666.2,955.17,0,,
CLM-70597,Franchise_NY_12,Drywall Repair,,34.0,25.85,878.9,878.9,1,,
CLM-52413,Franchise_TX_01,Water Extraction - MISC,,49.0,66.58,3262.42,3262.42,1,,
CLM-48733,Franchise_NY_12,Drywall Repair,,34.0,144.68,4919.12,4919.12,1,,
CLM-12092,Franchise_FL_04,Antimicrobial Treatment,2025-07-13,50.0,29.67,1483.5,1032.99,0,7.0,6.0
CLM-41223,Franchise_NY_12,Antimicrobial Treatment,,37.0,106.7,3947.9,3947.9,1,,
CLM-46669,Franchise_FL_04,Antimicrobial Treatment,2025-01-23,7.0,80.73,565.11,565.11,1,1.0,3.0
CLM-12262,Franchise_FL_04,Drywall Repair,2025-11-21,8.0,84.73,677.84,677.84,1,11.0,4.0
CLM-21440,Franchise_NY_12,Dehumidifier Rental,,43.0,87.37,3756.91,2529.72,0,,
CLM-69115,Franchise_TX_01,Water Extraction - MISC,,48.0,131.39,6306.72,5410.89,0,,
CLM-14480,Franchise_TX_01,Baseboard Replacement,,45.0,35.44,1594.8,873.09,0,,
CLM-42686,Franchise_FL_04,Drywall Repair,2025-03-09,32.0,135.72,4343.04,3270.92,0,3.0,6.0
CLM-28386,Franchise_TX_01,Baseboard Replacement,,50.0,42.04,2102.0,1536.81,0,,
CLM-91665,Franchise_NY_12,Baseboard Replacement,,32.0,119.56,3825.92,2900.38,0,,
CLM-58385,Franchise_NY_12,Water Extraction,,38.0,136.82,5199.16,4535.55,0,,
CLM-42263,Franchise_FL_04,Dehumidifier Rental,2025-05-09,19.0,141.01,2679.19,2679.19,1,5.0,4.0
CLM-47995,Franchise_TX_01,Drywall Repair - MISC,,44.0,21.92,964.48,539.18,0,,
CLM-38312,Franchise_TX_01,Dehumidifier Rental - MISC,,46.0,36.02,1656.92,1656.92,1,,
CLM-81759,Franchise_NY_12,Water Extraction,,13.0,105.07,1365.91,561.13,0,,
CLM-41183,Franchise_NY_12,Baseboard Replacement,,50.0,21.55,1077.5,1077.5,1,,
CLM-74568,Franchise_FL_04,Antimicrobial Treatment,2025-02-10,16.0,138.53,2216.48,2216.48,1,2.0,0.0
CLM-47001,Franchise_NY_12,Dehumidifier Rental,,20.0,129.71,2594.2,2219.45,0,,
CLM-61349,Franchise_NY_12,Dehumidifier Rental,,32.0,29.21,934.72,934.72,1,,
CLM-90766,Franchise_FL_04,Dehumidifier Rental,2025-09-12,37.0,25.51,943.87,943.87,1,9.0,4.0
CLM-42812,Franchise_NY_12,Water Extraction,,14.0,128.94,1805.16,1805.16,1,,
CLM-52034,Franchise_NY_12,Water Extraction,,35.0,31.19,1091.65,901.31,0,,
CLM-10782,Franchise_TX_01,Water Extraction - MISC,,27.0,143.63,3878.01,3878.01,1,,
CLM-96236,Franchise_FL_04,Dehumidifier Rental,2025-06-22,22.0,60.52,1331.44,720.67,0,6.0,6.0
CLM-64733,Franchise_TX_01,Antimicrobial Treatment,,8.0,117.55,940.4,940.4,1,,
CLM-99086,Franchise_FL_04,Drywall Repair,2025-03-20,31.0,23.92,741.52,458.24,0,3.0,3.0
CLM-84355,Franchise_NY_12,Water Extraction,,7.0,94.66,662.62,336.35,0,,
CLM-18088,Franchise_NY_12,Water Extraction,,15.0,108.32,1624.8,1189.21,0,,
CLM-12544,Franchise_NY_12,Water Extraction,,44.0,73.07,3215.08,1437.49,0,,
CLM-53563,Franchise_NY_12,Drywall Repair,,33.0,127.2,4197.6,3626.7,0,,
CLM-60738,Franchise_NY_12,Dehumidifier Rental,,7.0,43.0,301.0,301.0,1,,
CLM-29866,Franchise_FL_04,Baseboard Replacement,2025-07-15,49.0,68.19,3341.31,3341.31,1,7.0,1.0
CLM-99256,Franchise_NY_12,Baseboard Replacement,,24.0,114.61,2750.64,2750.64,1,,
CLM-11324,Franchise_NY_12,Antimicrobial Treatment,,3.0,83.52,250.56,174.14,0,,
CLM-51145,Franchise_FL_04,Water Extraction,2025-10-26,3.0,148.2,444.6,444.6,1,10.0,6.0
CLM-35311,Franchise_FL_04,Antimicrobial Treatment,2025-05-22,28.0,106.63,2985.64,2985.64,1,5.0,3.0
CLM-38181,Franchise_NY_12,Drywall Repair,,14.0,32.43,454.02,454.02,1,,
CLM-81134,Franchise_FL_04,Baseboard Replacement,2025-10-09,14.0,36.75,514.5,459.97,0,10.0,3.0
CLM-49509,Franchise_TX_01,Drywall Repair - MISC,,26.0,70.3,1827.8,1827.8,1,,
CLM-11808,Franchise_NY_12,Water Extraction,,29.0,41.21,1195.09,1195.09,1,,
CLM-89581,Franchise_FL_04,Water Extraction,2025-11-26,25.0,129.18,3229.5,3229.5,1,11.0,2.0
CLM-92958,Franchise_FL_04,Antimicrobial Treatment,2025-05-25,30.0,55.98,1679.4,1049.65,0,5.0,6.0
CLM-29055,Franchise_FL_04,Baseboard Replacement,2025-11-20,8.0,79.82,638.56,638.56,1,11.0,3.0
CLM-74021,Franchise_NY_12,Antimicrobial Treatment,,48.0,63.53,3049.44,3049.44,1,,
CLM-50073,Franchise_FL_04,Antimicrobial Treatment,2025-02-21,49.0,96.95,4750.55,2629.82,0,2.0,4.0
CLM-26925,Franchise_FL_04,Antimicrobial Treatment,2025-09-12,39.0,63.25,2466.75,2466.75,1,9.0,4.0
CLM-82424,Franchise_TX_01,Antimicrobial Treatment,,24.0,18.94,454.56,234.54,0,,
CLM-40916,Franchise_TX_01,Dehumidifier Rental,,31.0,62.67,1942.77,1942.77,1,,
CLM-74552,Franchise_FL_04,Dehumidifier Rental,2025-10-24,10.0,140.67,1406.7,1406.7,1,10.0,4.0
CLM-90801,Franchise_TX_01,Water Extraction,,13.0,106.22,1380.86,1380.86,1,,
CLM-79001,Franchise_FL_04,Water Extraction,2025-09-09,46.0,96.49,4438.54,1978.98,0,9.0,1.0
CLM-17493,Franchise_TX_01,Drywall Repair,,19.0,27.44,521.36,227.59,0,,
CLM-46654,Franchise_FL_04,Drywall Repair,2025-10-24,9.0,121.43,1092.87,1092.87,1,10.0,4.0
CLM-39834,Franchise_NY_12,Antimicrobial Treatment,,5.0,23.32,116.6,116.6,1,,
CLM-33152,Franchise_FL_04,Antimicrobial Treatment,2025-10-09,47.0,90.02,4230.94,4230.94,1,10.0,3.0
CLM-47565,Franchise_FL_04,Dehumidifier Rental,2025-10-08,11.0,28.55,314.05,314.05,1,10.0,2.0
CLM-75335,Franchise_NY_12,Dehumidifier Rental,,8.0,29.44,235.52,109.45,0,,
CLM-79497,Franchise_TX_01,Drywall Repair - MISC,,3.0,16.32,48.96,48.96,1,,
CLM-43830,Franchise_TX_01,Dehumidifier Rental,,37.0,116.05,4293.85,4293.85,1,,
CLM-18851,Franchise_FL_04,Drywall Repair,2025-07-10,40.0,108.72,4348.8,2343.55,0,7.0,3.0
CLM-58065,Franchise_TX_01,Baseboard Replacement,,29.0,147.78,4285.62,4285.62,1,,
CLM-33260,Franchise_NY_12,Dehumidifier Rental,,30.0,123.6,3708.0,3708.0,1,,
CLM-59249,Franchise_FL_04,Antimicrobial Treatment,2025-12-19,47.0,146.16,6869.52,3701.45,0,12.0,4.0
CLM-40892,Franchise_NY_12,Water Extraction,,18.0,54.56,982.08,802.76,0,,
CLM-97691,Franchise_NY_12,Antimicrobial Treatment,,20.0,41.32,826.4,826.4,1,,
CLM-53537,Franchise_NY_12,Antimicrobial Treatment,,21.0,100.3,2106.3,1748.11,0,,
CLM-15838,Franchise_FL_04,Dehumidifier Rental,2025-02-27,16.0,47.09,753.44,480.53,0,2.0,3.0
CLM-32673,Franchise_TX_01,Dehumidifier Rental,,1.0,91.59,91.59,91.59,1,,
CLM-75090,Franchise_FL_04,Drywall Repair,2025-06-15,41.0,22.26,912.66,387.52,0,6.0,6.0
CLM-85453,Franchise_TX_01,Water Extraction,,13.0,24.1,313.3,268.57,0,,
CLM-68316,Franchise_TX_01,Dehumidifier Rental,,41.0,26.3,1078.3,1078.3,1,,
CLM-85121,Franchise_FL_04,Water Extraction,2025-05-11,39.0,59.17,2307.63,1922.63,0,5.0,6.0
CLM-13522,Franchise_NY_12,Baseboard Replacement,,33.0,38.04,1255.32,759.0,0,,
CLM-42494,Franchise_FL_04,Dehumidifier Rental,2025-08-24,12.0,128.13,1537.56,1077.89,0,8.0,6.0
CLM-86230,Franchise_TX_01,Baseboard Replacement,,39.0,72.85,2841.15,2841.15,1,,
CLM-13279,Franchise_NY_12,Dehumidifier Rental,,22.0,76.16,1675.52,1675.52,1,,
CLM-65302,Franchise_FL_04,Water Extraction,2025-12-23,2.0,100.32,200.64,200.64,1,12.0,1.0
CLM-82523,Franchise_NY_12,Antimicrobial Treatment,,28.0,80.01,2240.28,2240.28,1,,
CLM-53984,Franchise_FL_04,Antimicrobial Treatment,2025-11-04,22.0,43.82,964.04,964.04,1,11.0,1.0
CLM-45962,Franchise_FL_04,Antimicrobial Treatment,2025-10-25,38.0,107.1,4069.8,3485.23,0,10.0,5.0
CLM-24960,Franchise_NY_12,Water Extraction,,39.0,104.58,4078.62,2991.82,0,,
CLM-93252,Franchise_NY_12,Water Extraction,,12.0,47.15,565.8,565.8,1,,
CLM-30500,Franchise_TX_01,Dehumidifier Rental - MISC,,34.0,41.84,1422.56,1064.71,0,,
CLM-54284,Franchise_FL_04,Water Extraction,2025-05-05,34.0,141.67,4816.78,4816.78,1,5.0,0.0
CLM-54621,Franchise_NY_12,Dehumidifier Rental,,9.0,136.11,1224.99,1224.99,1,,
CLM-41787,Franchise_NY_12,Water Extraction,,11.0,109.08,1199.88,1199.88,1,,
CLM-67145,Franchise_TX_01,Water Extraction,,10.0,109.37,1093.7,1093.7,1,,
CLM-51744,Franchise_NY_12,Antimicrobial Treatment,,14.0,60.33,844.62,562.83,0,,
CLM-38178,Franchise_FL_04,Drywall Repair,2025-04-04,34.0,23.27,791.18,791.18,1,4.0,4.0
CLM-89628,Franchise_NY_12,Drywall Repair,,5.0,111.78,558.9,460.85,0,,
CLM-72709,Franchise_TX_01,Baseboard Replacement,,14.0,36.1,505.4,400.65,0,,
CLM-96985,Franchise_FL_04,Dehumidifier Rental,2025-02-12,10.0,23.9,239.0,239.0,1,2.0,2.0
CLM-31244,Franchise_TX_01,Antimicrobial Treatment,,7.0,100.46,703.22,703.22,1,,
CLM-28088,Franchise_FL_04,Drywall Repair,2025-06-15,39.0,64.11,2500.29,2500.29,1,6.0,6.0
CLM-47943,Franchise_FL_04,Antimicrobial Treatment,2025-10-30,44.0,46.96,2066.24,2066.24,1,10.0,3.0
CLM-57432,Franchise_TX_01,Antimicrobial Treatment,,44.0,109.91,4836.04,4836.04,1,,
CLM-74927,Franchise_TX_01,Antimicrobial Treatment,,14.0,38.18,534.52,534.52,1,,
CLM-65709,Franchise_NY_12,Drywall Repair,,28.0,92.21,2581.88,2581.88,1,,
CLM-71675,Franchise_TX_01,Antimicrobial Treatment,,5.0,97.07,485.35,485.35,1,,
CLM-89249,Franchise_FL_04,Baseboard Replacement,2025-04-23,37.0,92.08,3406.96,2383.17,0,4.0,2.0
CLM-83064,Franchise_FL_04,Dehumidifier Rental,2025-11-03,8.0,110.9,887.2,758.01,0,11.0,0.0
CLM-69174,Franchise_NY_12,Dehumidifier Rental,,9.0,100.17,901.53,901.53,1,,
CLM-88863,Franchise_TX_01,Antimicrobial Treatment,,33.0,115.43,3809.19,3809.19,1,,
CLM-17940,Franchise_TX_01,Water Extraction,,29.0,86.85,2518.65,2518.65,1,,
CLM-20363,Franchise_TX_01,Drywall Repair,,29.0,132.28,3836.12,3836.12,1,,
CLM-69372,Franchise_FL_04,Water Extraction,2025-07-07,14.0,63.32,886.48,886.48,1,7.0,0.0
CLM-13501,Franchise_TX_01,Drywall Repair,,48.0,134.74,6467.52,4131.56,0,,
CLM-57170,Franchise_NY_12,Baseboard Replacement,,46.0,51.5,2369.0,2369.0,1,,
CLM-56447,Franchise_TX_01,Dehumidifier Rental,,27.0,87.45,2361.15,2361.15,1,,
CLM-56592,Franchise_NY_12,Drywall Repair,,43.0,126.38,5434.34,5434.34,1,,
CLM-65275,Franchise_TX_01,Antimicrobial Treatment,,29.0,95.39,2766.31,2766.31,1,,
CLM-23837,Franchise_FL_04,Dehumidifier Rental,2025-05-14,16.0,84.15,1346.4,1346.4,1,5.0,2.0
CLM-32584,Franchise_TX_01,Dehumidifier Rental,,32.0,43.91,1405.12,1405.12,1,,
CLM-66708,Franchise_FL_04,Dehumidifier Rental,2025-06-20,16.0,56.81,908.96,804.73,0,6.0,4.0
CLM-12316,Franchise_NY_12,Antimicrobial Treatment,,50.0,32.68,1634.0,1634.0,1,,
CLM-56234,Franchise_TX_01,Antimicrobial Treatment,,6.0,43.66,261.96,261.96,1,,
CLM-64754,Franchise_FL_04,Water Extraction,2025-10-15,42.0,120.32,5053.44,5053.44,1,10.0,2.0
CLM-75734,Franchise_TX_01,Baseboard Replacement,,30.0,17.41,522.3,522.3,1,,
CLM-67040,Franchise_FL_04,Dehumidifier Rental,2025-07-17,47.0,29.26,1375.22,654.99,0,7.0,3.0
CLM-37068,Franchise_FL_04,Water Extraction,2025-01-11,17.0,142.14,2416.38,1664.8,0,1.0,5.0
CLM-24055,Franchise_FL_04,Water Extraction,2025-07-26,17.0,101.74,1729.58,1729.58,1,7.0,5.0
CLM-68614,Franchise_NY_12,Dehumidifier Rental,,33.0,49.26,1625.58,1625.58,1,,
CLM-37164,Franchise_FL_04,Drywall Repair,2025-09-23,48.0,41.7,2001.6,2001.6,1,9.0,1.0
CLM-24973,Franchise_TX_01,Water Extraction,,23.0,26.09,600.07,600.07,1,,
CLM-80432,Franchise_NY_12,Water Extraction,,23.0,60.22,1385.06,1199.48,0,,
CLM-67709,Franchise_TX_01,Dehumidifier Rental - MISC,,13.0,82.25,1069.25,1069.25,1,,
CLM-17908,Franchise_TX_01,Dehumidifier Rental,,6.0,51.02,306.12,140.0,0,,
CLM-42036,Franchise_FL_04,Antimicrobial Treatment,2025-10-06,46.0,30.26,1391.96,660.35,0,10.0,0.0
CLM-95972,Franchise_FL_04,Water Extraction,2025-04-01,23.0,53.83,1238.09,1238.09,1,4.0,1.0
CLM-11555,Franchise_NY_12,Baseboard Replacement,,23.0,91.65,2107.95,2107.95,1,,
CLM-85033,Franchise_NY_12,Baseboard Replacement,,9.0,144.64,1301.76,923.8,0,,
CLM-99380,Franchise_TX_01,Antimicrobial Treatment - MISC,,12.0,111.43,1337.16,593.01,0,,
CLM-32917,Franchise_FL_04,Drywall Repair,2025-09-15,49.0,47.78,2341.22,1230.65,0,9.0,0.0
CLM-71458,Franchise_TX_01,Drywall Repair - MISC,,28.0,29.92,837.76,593.32,0,,
CLM-68815,Franchise_TX_01,Water Extraction,,7.0,62.33,436.31,436.31,1,,
CLM-78223,Franchise_FL_04,Baseboard Replacement,2025-05-03,29.0,47.27,1370.83,569.69,0,5.0,5.0
CLM-52312,Franchise_FL_04,Drywall Repair,2025-04-13,39.0,41.82,1630.98,1630.98,1,4.0,6.0
CLM-80706,Franchise_TX_01,Baseboard Replacement,,21.0,63.31,1329.51,970.35,0,,
CLM-30799,Franchise_TX_01,Water Extraction,,19.0,15.75,299.25,250.31,0,,
CLM-70302,Franchise_FL_04,Dehumidifier Rental,2025-08-13,30.0,29.29,878.7,590.28,0,8.0,2.0
CLM-80026,Franchise_TX_01,Baseboard Replacement,,25.0,72.88,1822.0,1822.0,1,,
CLM-39558,Franchise_TX_01,Baseboard Replacement,,39.0,97.34,3796.26,3796.26,1,,
CLM-74647,Franchise_TX_01,Water Extraction,,29.0,57.18,1658.22,1658.22,1,,
CLM-54776,Franchise_FL_04,Antimicrobial Treatment,2025-03-03,9.0,96.8,871.2,624.41,0,3.0,0.0
CLM-27315,Franchise_FL_04,Dehumidifier Rental,2025-05-06,45.0,68.63,3088.35,1356.35,0,5.0,1.0
CLM-77548,Franchise_NY_12,Baseboard Replacement,,1.0,92.08,92.08,92.08,1,,
CLM-96853,Franchise_TX_01,Drywall Repair,,2.0,58.58,117.16,74.31,0,,
CLM-71098,Franchise_FL_04,Water Extraction,2025-09-15,22.0,74.72,1643.84,1643.84,1,9.0,0.0
CLM-83456,Franchise_NY_12,Baseboard Replacement,,45.0,146.25,6581.25,5552.43,0,,
CLM-61627,Franchise_TX_01,Antimicrobial Treatment,,48.0,23.54,1129.92,777.33,0,,
CLM-61921,Franchise_TX_01,Water Extraction - MISC,,49.0,58.11,2847.39,2387.35,0,,
CLM-58333,Franchise_FL_04,Antimicrobial Treatment,2025-08-01,16.0,114.46,1831.36,1047.68,0,8.0,4.0
CLM-61917,Franchise_TX_01,Antimicrobial Treatment,,13.0,141.72,1842.36,1842.36,1,,
CLM-74512,Franchise_FL_04,Drywall Repair,2025-11-10,31.0,139.86,4335.66,4335.66,1,11.0,0.0
CLM-44354,Franchise_NY_12,Baseboard Replacement,,41.0,65.02,2665.82,2665.82,1,,
CLM-97547,Franchise_NY_12,Water Extraction,,8.0,46.76,374.08,295.95,0,,
CLM-92518,Franchise_FL_04,Dehumidifier Rental,2025-01-01,20.0,81.73,1634.6,1634.6,1,1.0,2.0
CLM-50243,Franchise_NY_12,Baseboard Replacement,,32.0,35.32,1130.24,1130.24,1,,
CLM-95800,Franchise_FL_04,Antimicrobial Treatment,2025-12-20,7.0,103.86,727.02,727.02,1,12.0,5.0
CLM-68667,Franchise_TX_01,Baseboard Replacement,,48.0,51.6,2476.8,2476.8,1,,
CLM-70430,Franchise_TX_01,Water Extraction,,13.0,42.25,549.25,300.62,0,,
CLM-95775,Franchise_FL_04,Dehumidifier Rental,2025-06-22,39.0,77.15,3008.85,2519.75,0,6.0,6.0
CLM-54510,Franchise_FL_04,Drywall Repair,2025-11-09,21.0,133.59,2805.39,2805.39,1,11.0,6.0
CLM-62165,Franchise_TX_01,Antimicrobial Treatment,,26.0,15.83,411.58,411.58,1,,
CLM-58624,Franchise_NY_12,Antimicrobial Treatment,,42.0,135.57,5693.94,5693.94,1,,
CLM-82279,Franchise_NY_12,Baseboard Replacement,,45.0,17.67,795.15,795.15,1,,
CLM-58470,Franchise_TX_01,Baseboard Replacement,,14.0,77.09,1079.26,760.25,0,,
CLM-69938,Franchise_NY_12,Baseboard Replacement,,13.0,49.78,647.14,551.02,0,,
CLM-29826,Franchise_NY_12,Water Extraction,,18.0,22.81,410.58,410.58,1,,
CLM-30702,Franchise_TX_01,Drywall Repair,,25.0,131.73,3293.25,2328.82,0,,
CLM-87368,Franchise_FL_04,Drywall Repair,2025-05-14,7.0,123.98,867.86,466.27,0,5.0,2.0
CLM-63885,Franchise_FL_04,Baseboard Replacement,2025-02-26,18.0,65.71,1182.78,1182.78,1,2.0,2.0
CLM-20131,Franchise_NY_12,Baseboard Replacement,,13.0,118.73,1543.49,1543.49,1,,
CLM-95999,Franchise_FL_04,Drywall Repair,2025-11-26,31.0,121.47,3765.57,3765.57,1,11.0,2.0
CLM-99881,Franchise_FL_04,Baseboard Replacement,2025-07-30,19.0,135.4,2572.6,2572.6,1,7.0,2.0
CLM-68890,Franchise_TX_01,Drywall Repair,,48.0,64.78,3109.44,3109.44,1,,
CLM-66900,Franchise_TX_01,Antimicrobial Treatment,,3.0,90.77,272.31,272.31,1,,
CLM-62912,Franchise_NY_12,Water Extraction,,5.0,145.21,726.05,354.28,0,,
CLM-87377,Franchise_NY_12,Antimicrobial Treatment,,14.0,22.6,316.4,316.4,1,,
CLM-28802,Franchise_FL_04,Baseboard Replacement,2025-07-08,43.0,28.07,1207.01,520.76,0,7.0,1.0
CLM-21125,Franchise_NY_12,Baseboard Replacement,,26.0,18.82,489.32,489.32,1,,
CLM-75391,Franchise_NY_12,Dehumidifier Rental,,14.0,102.12,1429.68,1429.68,1,,
CLM-45628,Franchise_TX_01,Dehumidifier Rental,,5.0,90.04,450.2,450.2,1,,
CLM-46612,Franchise_FL_04,Dehumidifier Rental,2025-07-14,27.0,88.04,2377.08,1035.38,0,7.0,0.0
CLM-55389,Franchise_NY_12,Antimicrobial Treatment,,42.0,138.07,5798.94,4359.16,0,,
CLM-49220,Franchise_FL_04,Drywall Repair,2025-05-20,41.0,134.53,5515.73,5515.73,1,5.0,1.0
CLM-62346,Franchise_FL_04,Antimicrobial Treatment,2025-04-21,45.0,39.27,1767.15,1080.15,0,4.0,0.0
CLM-61700,Franchise_NY_12,Baseboard Replacement,,9.0,105.58,950.22,546.83,0,,
CLM-48350,Franchise_TX_01,Water Extraction,,35.0,34.08,1192.8,1192.8,1,,
CLM-30330,Franchise_TX_01,Drywall Repair - MISC,,46.0,16.77,771.42,771.42,1,,
CLM-13742,Franchise_FL_04,Dehumidifier Rental,2025-11-29,37.0,148.05,5477.85,2604.73,0,11.0,5.0
CLM-80698,Franchise_FL_04,Dehumidifier Rental,2025-06-18,46.0,45.92,2112.32,2112.32,1,6.0,2.0
CLM-81878,Franchise_NY_12,Drywall Repair,,25.0,43.64,1091.0,1091.0,1,,
CLM-81113,Franchise_TX_01,Water Extraction,,3.0,39.31,117.93,117.93,1,,
CLM-66240,Franchise_TX_01,Antimicrobial Treatment,,44.0,110.67,4869.48,4869.48,1,,
CLM-58728,Franchise_NY_12,Drywall Repair,,34.0,147.89,5028.26,5028.26,1,,
CLM-25167,Franchise_TX_01,Water Extraction,,9.0,38.36,345.24,307.27,0,,
CLM-75778,Franchise_FL_04,Water Extraction,2025-01-23,9.0,114.68,1032.12,734.01,0,1.0,3.0
CLM-50822,Franchise_TX_01,Water Extraction,,47.0,106.73,5016.31,2134.32,0,,
CLM-19690,Franchise_TX_01,Dehumidifier Rental,,40.0,64.36,2574.4,1767.32,0,,
CLM-86295,Franchise_NY_12,Dehumidifier Rental,,18.0,99.07,1783.26,1783.26,1,,
CLM-28866,Franchise_NY_12,Water Extraction,,25.0,72.42,1810.5,1810.5,1,,
CLM-60023,Franchise_TX_01,Baseboard Replacement,,15.0,119.27,1789.05,1789.05,1,,
CLM-23854,Franchise_FL_04,Dehumidifier Rental,2025-11-10,50.0,34.34,1717.0,688.78,0,11.0,0.0
CLM-58440,Franchise_FL_04,Water Extraction,2025-12-01,21.0,48.93,1027.53,638.9,0,12.0,0.0
CLM-78730,Franchise_FL_04,Baseboard Replacement,2025-11-20,1.0,140.8,140.8,103.42,0,11.0,3.0
CLM-95729,Franchise_TX_01,Antimicrobial Treatment - MISC,,3.0,133.28,399.84,249.98,0,,
CLM-91776,Franchise_TX_01,Baseboard Replacement,,46.0,29.76,1368.96,587.85,0,,
CLM-99646,Franchise_NY_12,Drywall Repair,,29.0,74.47,2159.63,2159.63,1,,
CLM-74783,Franchise_FL_04,Dehumidifier Rental,2025-11-26,2.0,36.78,73.56,73.56,1,11.0,2.0
CLM-94352,Franchise_FL_04,Dehumidifier Rental,2025-09-20,45.0,50.51,2272.95,988.28,0,9.0,5.0
CLM-70021,Franchise_FL_04,Baseboard Replacement,2025-04-01,44.0,118.03,5193.32,5193.32,1,4.0,1.0
CLM-13552,Franchise_NY_12,Antimicrobial Treatment,,22.0,106.58,2344.76,2344.76,1,,
CLM-36536,Franchise_FL_04,Drywall Repair,2025-08-07,19.0,126.46,2402.74,1310.79,0,8.0,3.0
CLM-26669,Franchise_NY_12,Antimicrobial Treatment,,7.0,90.61,634.27,289.4,0,,
CLM-53199,Franchise_TX_01,Drywall Repair,,11.0,135.65,1492.15,1492.15,1,,
CLM-19370,Franchise_TX_01,Drywall Repair,,2.0,110.12,220.24,195.73,0,,
CLM-51158,Franchise_TX_01,Drywall Repair,,42.0,88.82,3730.44,3730.44,1,,
CLM-23032,Franchise_NY_12,Baseboard Replacement,,19.0,59.82,1136.58,712.92,0,,
CLM-33875,Franchise_FL_04,Antimicrobial Treatment,2025-01-27,17.0,53.89,916.13,916.13,1,1.0,0.0
CLM-32026,Franchise_NY_12,Drywall Repair,,19.0,147.29,2798.51,2798.51,1,,
CLM-83141,Franchise_NY_12,Baseboard Replacement,,33.0,135.98,4487.34,4487.34,1,,
CLM-65916,Franchise_FL_04,Antimicrobial Treatment,2025-07-19,12.0,83.44,1001.28,530.54,0,7.0,5.0
CLM-22533,Franchise_TX_01,Dehumidifier Rental,,29.0,71.94,2086.26,874.11,0,,
CLM-23712,Franchise_NY_12,Water Extraction,,36.0,49.87,1795.32,1795.32,1,,
CLM-26250,Franchise_NY_12,Baseboard Replacement,,34.0,42.01,1428.34,1168.33,0,,
CLM-13467,Franchise_FL_04,Drywall Repair,2025-11-27,40.0,140.97,5638.8,5638.8,1,11.0,3.0
CLM-41204,Franchise_FL_04,Antimicrobial Treatment,2025-08-31,44.0,93.72,4123.68,3111.47,0,8.0,6.0
CLM-32821,Franchise_NY_12,Drywall Repair,,41.0,113.76,4664.16,3611.96,0,,
CLM-30857,Franchise_NY_12,Dehumidifier Rental,,29.0,35.48,1028.92,588.48,0,,
CLM-35228,Franchise_FL_04,Antimicrobial Treatment,2025-07-23,41.0,144.98,5944.18,5944.18,1,7.0,2.0
CLM-36895,Franchise_TX_01,Dehumidifier Rental,,45.0,24.34,1095.3,1095.3,1,,
CLM-36456,Franchise_NY_12,Baseboard Replacement,,34.0,99.29,3375.86,3375.86,1,,
CLM-95227,Franchise_FL_04,Baseboard Replacement,2025-01-26,4.0,145.88,583.52,383.12,0,1.0,6.0
CLM-94293,Franchise_FL_04,Antimicrobial Treatment,2025-03-16,33.0,135.38,4467.54,4467.54,1,3.0,6.0
CLM-18774,Franchise_TX_01,Baseboard Replacement,,30.0,82.68,2480.4,1604.51,0,,
CLM-88846,Franchise_NY_12,Antimicrobial Treatment,,47.0,120.41,5659.27,5659.27,1,,
CLM-37964,Franchise_FL_04,Dehumidifier Rental,2025-01-14,40.0,29.04,1161.6,1161.6,1,1.0,1.0
CLM-22761,Franchise_NY_12,Baseboard Replacement,,33.0,92.89,3065.37,3065.37,1,,
CLM-70103,Franchise_NY_12,Water Extraction,,42.0,132.93,5583.06,5583.06,1,,
CLM-98732,Franchise_NY_12,Water Extraction,,22.0,73.19,1610.18,666.89,0,,
CLM-63827,Franchise_FL_04,Baseboard Replacement,2025-11-20,27.0,122.76,3314.52,3314.52,1,11.0,3.0
CLM-21026,Franchise_TX_01,Water Extraction,,25.0,56.77,1419.25,973.54,0,,
CLM-72671,Franchise_FL_04,Baseboard Replacement,2026-01-01,20.0,30.23,604.6,604.6,1,1.0,3.0
CLM-87013,Franchise_NY_12,Baseboard Replacement,,35.0,104.64,3662.4,3272.89,0,,
CLM-57286,Franchise_FL_04,Baseboard Replacement,2025-05-12,49.0,107.17,5251.33,2360.9,0,5.0,0.0
CLM-53709,Franchise_NY_12,Antimicrobial Treatment,,7.0,43.72,306.04,306.04,1,,
CLM-45661,Franchise_NY_12,Antimicrobial Treatment,,43.0,73.82,3174.26,3174.26,1,,
CLM-41979,Franchise_TX_01,Baseboard Replacement,,13.0,93.31,1213.03,1213.03,1,,
CLM-94685,Franchise_NY_12,Water Extraction,,30.0,115.2,3456.0,3456.0,1,,
CLM-90403,Franchise_NY_12,Antimicrobial Treatment,,39.0,55.46,2162.94,1684.18,0,,
CLM-99787,Franchise_NY_12,Antimicrobial Treatment,,33.0,76.2,2514.6,2514.6,1,,
CLM-22649,Franchise_FL_04,Drywall Repair,2025-08-12,48.0,32.06,1538.88,1179.18,0,8.0,1.0
CLM-79848,Franchise_TX_01,Antimicrobial Treatment - MISC,,15.0,84.16,1262.4,1262.4,1,,
CLM-24104,Franchise_FL_04,Dehumidifier Rental,2025-06-04,42.0,147.71,6203.82,6203.82,1,6.0,2.0
CLM-71268,Franchise_FL_04,Drywall Repair,2025-08-11,15.0,87.98,1319.7,1093.74,0,8.0,0.0
CLM-97535,Franchise_FL_04,Water Extraction,2025-11-18,42.0,16.73,702.66,702.66,1,11.0,1.0
CLM-99061,Franchise_NY_12,Drywall Repair,,15.0,45.31,679.65,679.65,1,,
CLM-66861,Franchise_NY_12,Drywall Repair,,4.0,94.41,377.64,249.69,0,,
CLM-21405,Franchise_FL_04,Dehumidifier Rental,2025-09-21,23.0,119.37,2745.51,2745.51,1,9.0,6.0
CLM-96652,Franchise_TX_01,Dehumidifier Rental,,2.0,97.87,195.74,139.62,0,,
CLM-56486,Franchise_TX_01,Drywall Repair,,48.0,91.22,4378.56,4378.56,1,,
CLM-68241,Franchise_TX_01,Water Extraction,,3.0,39.63,118.89,78.3,0,,
CLM-39246,Franchise_NY_12,Antimicrobial Treatment,,36.0,93.52,3366.72,3366.72,1,,
CLM-67581,Franchise_TX_01,Water Extraction,,28.0,78.84,2207.52,1214.37,0,,
CLM-34531,Franchise_NY_12,Baseboard Replacement,,21.0,129.58,2721.18,1877.1,0,,
CLM-89249,Franchise_NY_12,Antimicrobial Treatment,,23.0,122.56,2818.88,1133.01,0,,
CLM-77997,Franchise_FL_04,Drywall Repair,2025-11-27,49.0,69.67,3413.83,3413.83,1,11.0,3.0
CLM-63894,Franchise_NY_12,Dehumidifier Rental,,33.0,72.71,2399.43,1102.78,0,,
CLM-61247,Franchise_FL_04,Baseboard Replacement,2025-01-02,34.0,87.74,2983.16,2983.16,1,1.0,3.0
CLM-12165,Franchise_FL_04,Antimicrobial Treatment,2025-07-16,16.0,98.57,1577.12,1577.12,1,7.0,2.0
CLM-34815,Franchise_NY_12,Antimicrobial Treatment,,10.0,82.62,826.2,826.2,1,,
CLM-54504,Franchise_NY_12,Drywall Repair,,31.0,82.8,2566.8,1208.27,0,,
CLM-31782,Franchise_FL_04,Baseboard Replacement,2025-07-13,1.0,72.67,72.67,56.08,0,7.0,6.0
CLM-14752,Franchise_TX_01,Water Extraction,,22.0,72.7,1599.4,734.8,0,,
CLM-13444,Franchise_FL_04,Water Extraction,2025-01-28,29.0,46.93,1360.97,1020.29,0,1.0,1.0
CLM-88225,Franchise_FL_04,Drywall Repair,2025-09-23,5.0,23.83,119.15,85.39,0,9.0,1.0
CLM-26449,Franchise_NY_12,Dehumidifier Rental,,8.0,119.47,955.76,615.92,0,,
CLM-16385,Franchise_FL_04,Drywall Repair,2025-08-30,13.0,26.49,344.37,248.63,0,8.0,5.0
CLM-48622,Franchise_TX_01,Water Extraction,,1.0,141.4,141.4,90.42,0,,
CLM-42871,Franchise_NY_12,Antimicrobial Treatment,,30.0,109.75,3292.5,3292.5,1,,
CLM-71131,Franchise_TX_01,Baseboard Replacement - MISC,,44.0,16.67,733.48,581.12,0,,
CLM-31432,Franchise_NY_12,Antimicrobial Treatment,,38.0,24.27,922.26,922.26,1,,
CLM-79788,Franchise_NY_12,Drywall Repair,,34.0,147.98,5031.32,4072.83,0,,
CLM-88878,Franchise_TX_01,Dehumidifier Rental,,41.0,73.19,3000.79,1974.03,0,,
CLM-59981,Franchise_NY_12,Baseboard Replacement,,43.0,137.1,5895.3,5895.3,1,,
CLM-53451,Franchise_TX_01,Water Extraction,,39.0,89.07,3473.73,3473.73,1,,
CLM-11601,Franchise_TX_01,Drywall Repair,,46.0,149.19,6862.74,6862.74,1,,
CLM-62121,Franchise_TX_01,Dehumidifier Rental,,25.0,108.23,2705.75,2705.75,1,,
CLM-61747,Franchise_FL_04,Antimicrobial Treatment,2025-09-12,24.0,109.96,2639.04,2639.04,1,9.0,4.0
CLM-73296,Franchise_TX_01,Water Extraction,,10.0,118.2,1182.0,1182.0,1,,
CLM-31145,Franchise_NY_12,Dehumidifier Rental,,14.0,17.99,251.86,221.04,0,,
CLM-96835,Franchise_NY_12,Water Extraction,,9.0,52.34,471.06,471.06,1,,
CLM-79614,Franchise_NY_12,Antimicrobial Treatment,,21.0,62.0,1302.0,1302.0,1,,
CLM-85326,Franchise_TX_01,Antimicrobial Treatment,,47.0,124.76,5863.72,5863.72,1,,
CLM-69446,Franchise_TX_01,Drywall Repair,,9.0,71.39,642.51,387.69,0,,
CLM-20425,Franchise_TX_01,Antimicrobial Treatment,,10.0,111.84,1118.4,595.5,0,,
CLM-54442,Franchise_FL_04,Water Extraction,2025-03-28,17.0,46.17,784.89,439.69,0,3.0,4.0
CLM-97838,Franchise_TX_01,Drywall Repair,,14.0,146.29,2048.06,2048.06,1,,
CLM-53913,Franchise_TX_01,Baseboard Replacement,,38.0,74.27,2822.26,2436.88,0,,
CLM-83707,Franchise_FL_04,Dehumidifier Rental,2025-04-30,24.0,26.3,631.2,631.2,1,4.0,2.0
CLM-99699,Franchise_NY_12,Water Extraction,,7.0,123.05,861.35,861.35,1,,
CLM-97119,Franchise_FL_04,Antimicrobial Treatment,2026-01-01,43.0,97.15,4177.45,1888.84,0,1.0,3.0
CLM-91933,Franchise_FL_04,Baseboard Replacement,2025-12-18,18.0,30.23,544.14,544.14,1,12.0,3.0
CLM-96372,Franchise_TX_01,Antimicrobial Treatment,,24.0,40.69,976.56,459.02,0,,
CLM-46191,Franchise_FL_04,Antimicrobial Treatment,2025-06-19,43.0,67.22,2890.46,1355.54,0,6.0,3.0
CLM-87941,Franchise_TX_01,Dehumidifier Rental - MISC,,23.0,43.07,990.61,990.61,1,,
CLM-56334,Franchise_FL_04,Dehumidifier Rental,2025-03-18,31.0,76.6,2374.6,2374.6,1,3.0,1.0
CLM-75293,Franchise_NY_12,Antimicrobial Treatment,,13.0,33.66,437.58,282.64,0,,
CLM-40724,Franchise_TX_01,Baseboard Replacement,,34.0,87.7,2981.8,2278.25,0,,
CLM-71536,Franchise_FL_04,Baseboard Replacement,2025-01-01,41.0,32.01,1312.41,1158.6,0,1.0,2.0
CLM-10346,Franchise_FL_04,Baseboard Replacement,2025-05-12,18.0,68.85,1239.3,1239.3,1,5.0,0.0
CLM-56892,Franchise_TX_01,Antimicrobial Treatment - MISC,,25.0,142.01,3550.25,3550.25,1,,
CLM-83967,Franchise_NY_12,Baseboard Replacement,,18.0,89.41,1609.38,1609.38,1,,
CLM-38077,Franchise_FL_04,Water Extraction,2025-07-13,37.0,91.81,3396.97,3396.97,1,7.0,6.0
CLM-71327,Franchise_TX_01,Baseboard Replacement - MISC,,29.0,99.42,2883.18,1774.78,0,,
CLM-89422,Franchise_FL_04,Antimicrobial Treatment,2025-04-26,44.0,96.6,4250.4,4250.4,1,4.0,5.0
CLM-40110,Franchise_NY_12,Baseboard Replacement,,26.0,21.9,569.4,569.4,1,,
CLM-78020,Franchise_NY_12,Water Extraction,,2.0,38.99,77.98,60.01,0,,
CLM-24823,Franchise_FL_04,Dehumidifier Rental,2025-10-16,36.0,15.08,542.88,542.88,1,10.0,3.0
CLM-72394,Franchise_TX_01,Water Extraction,,27.0,98.06,2647.62,2647.62,1,,
CLM-73590,Franchise_NY_12,Water Extraction,,29.0,72.04,2089.16,2089.16,1,,
CLM-99909,Franchise_NY_12,Baseboard Replacement,,14.0,73.69,1031.66,1031.66,1,,
CLM-22829,Franchise_NY_12,Dehumidifier Rental,,43.0,129.47,5567.21,5567.21,1,,
CLM-18282,Franchise_NY_12,Dehumidifier Rental,,42.0,49.49,2078.58,2078.58,1,,
CLM-72988,Franchise_FL_04,Antimicrobial Treatment,2025-12-15,24.0,34.22,821.28,377.5,0,12.0,0.0
CLM-76265,Franchise_FL_04,Baseboard Replacement,2025-11-20,31.0,20.08,622.48,253.91,0,11.0,3.0
CLM-20976,Franchise_TX_01,Baseboard Replacement,,33.0,98.48,3249.84,3249.84,1,,
CLM-37305,Franchise_NY_12,Baseboard Replacement,,29.0,146.57,4250.53,2024.32,0,,
CLM-50504,Franchise_FL_04,Baseboard Replacement,2025-11-19,42.0,17.91,752.22,752.22,1,11.0,2.0
CLM-45087,Franchise_FL_04,Dehumidifier Rental,2025-02-25,20.0,63.52,1270.4,1270.4,1,2.0,1.0
CLM-81543,Franchise_TX_01,Dehumidifier Rental,,1.0,38.32,38.32,38.32,1,,
CLM-77299,Franchise_NY_12,Antimicrobial Treatment,,38.0,112.61,4279.18,4279.18,1,,
CLM-80434,Franchise_FL_04,Dehumidifier Rental,2025-07-30,24.0,140.71,3377.04,3377.04,1,7.0,2.0
CLM-82611,Franchise_FL_04,Dehumidifier Rental,2025-12-12,45.0,56.54,2544.3,2544.3,1,12.0,4.0
CLM-74581,Franchise_TX_01,Dehumidifier Rental,,34.0,111.71,3798.14,3798.14,1,,
CLM-65427,Franchise_NY_12,Drywall Repair,,20.0,73.95,1479.0,1479.0,1,,
CLM-92544,Franchise_TX_01,Dehumidifier Rental,,15.0,61.8,927.0,927.0,1,,
CLM-13233,Franchise_TX_01,Drywall Repair,,12.0,97.1,1165.2,1165.2,1,,
CLM-43327,Franchise_FL_04,Antimicrobial Treatment,2025-05-31,29.0,128.82,3735.78,3735.78,1,5.0,5.0
CLM-74506,Franchise_NY_12,Antimicrobial Treatment,,37.0,31.1,1150.7,776.34,0,,
CLM-57940,Franchise_TX_01,Water Extraction,,37.0,103.3,3822.1,2977.84,0,,
CLM-79497,Franchise_FL_04,Drywall Repair,2025-02-18,38.0,74.68,2837.84,2455.29,0,2.0,1.0
CLM-34991,Franchise_FL_04,Antimicrobial Treatment,2025-09-09,30.0,97.55,2926.5,2926.5,1,9.0,1.0
CLM-60572,Franchise_TX_01,Baseboard Replacement,,34.0,95.48,3246.32,1334.69,0,,
CLM-85985,Franchise_FL_04,Baseboard Replacement,2025-08-18,25.0,118.0,2950.0,2950.0,1,8.0,0.0
CLM-80807,Franchise_NY_12,Drywall Repair,,10.0,149.84,1498.4,667.67,0,,
CLM-36791,Franchise_TX_01,Water Extraction,,45.0,87.81,3951.45,3380.82,0,,
CLM-96120,Franchise_FL_04,Dehumidifier Rental,2025-08-26,26.0,116.12,3019.12,2418.76,0,8.0,1.0
CLM-88322,Franchise_NY_12,Drywall Repair,,2.0,18.19,36.38,36.38,1,,
CLM-52591,Franchise_TX_01,Dehumidifier Rental,,39.0,35.04,1366.56,818.31,0,,
CLM-50371,Franchise_FL_04,Drywall Repair,2025-03-03,30.0,107.68,3230.4,3230.4,1,3.0,0.0
CLM-30941,Franchise_NY_12,Water Extraction,,13.0,147.08,1912.04,1351.96,0,,
CLM-23649,Franchise_FL_04,Baseboard Replacement,2025-04-17,41.0,48.93,2006.13,1677.76,0,4.0,3.0
CLM-22330,Franchise_FL_04,Dehumidifier Rental,2025-07-01,35.0,124.49,4357.15,4357.15,1,7.0,1.0
CLM-51800,Franchise_TX_01,Drywall Repair - MISC,,23.0,95.44,2195.12,2195.12,1,,
CLM-22901,Franchise_NY_12,Antimicrobial Treatment,,20.0,145.03,2900.6,2900.6,1,,
CLM-94316,Franchise_FL_04,Dehumidifier Rental,2025-01-23,36.0,126.75,4563.0,2059.88,0,1.0,3.0
CLM-81422,Franchise_FL_04,Drywall Repair,2025-06-02,33.0,139.89,4616.37,2268.48,0,6.0,0.0
CLM-32106,Franchise_NY_12,Dehumidifier Rental,,6.0,71.68,430.08,430.08,1,,
CLM-30698,Franchise_TX_01,Dehumidifier Rental,,39.0,97.29,3794.31,3794.31,1,,
CLM-28231,Franchise_TX_01,Antimicrobial Treatment,,40.0,99.42,3976.8,3106.21,0,,
CLM-92573,Franchise_NY_12,Baseboard Replacement,,19.0,96.0,1824.0,1824.0,1,,
CLM-29086,Franchise_FL_04,Dehumidifier Rental,2025-04-25,6.0,48.21,289.26,289.26,1,4.0,4.0
CLM-26716,Franchise_FL_04,Antimicrobial Treatment,2025-08-08,10.0,48.9,489.0,489.0,1,8.0,4.0
CLM-59014,Franchise_TX_01,Baseboard Replacement,,29.0,35.81,1038.49,1038.49,1,,
CLM-46597,Franchise_FL_04,Drywall Repair,2025-11-20,33.0,146.93,4848.69,2912.89,0,11.0,3.0
CLM-47873,Franchise_FL_04,Antimicrobial Treatment,2025-02-01,38.0,115.08,4373.04,4373.04,1,2.0,5.0
CLM-93398,Franchise_NY_12,Dehumidifier Rental,,28.0,66.93,1874.04,1304.48,0,,
CLM-33968,Franchise_FL_04,Antimicrobial Treatment,2026-01-01,18.0,21.05,378.9,212.4,0,1.0,3.0
CLM-32799,Franchise_TX_01,Baseboard Replacement - MISC,,32.0,64.17,2053.44,2053.44,1,,
CLM-79931,Franchise_NY_12,Water Extraction,,35.0,18.05,631.75,631.75,1,,
CLM-90948,Franchise_FL_04,Drywall Repair,2025-06-26,41.0,125.43,5142.63,2896.67,0,6.0,3.0
CLM-42678,Franchise_NY_12,Drywall Repair,,45.0,125.03,5626.35,4948.52,0,,
CLM-86995,Franchise_TX_01,Water Extraction,,34.0,96.53,3282.02,1413.75,0,,
CLM-36838,Franchise_FL_04,Drywall Repair,2025-02-16,33.0,20.12,663.96,590.24,0,2.0,6.0
CLM-16190,Franchise_TX_01,Dehumidifier Rental,,42.0,131.77,5534.34,5534.34,1,,
CLM-70447,Franchise_FL_04,Drywall Repair,2025-02-27,40.0,23.41,936.4,738.86,0,2.0,3.0
CLM-13189,Franchise_TX_01,Dehumidifier Rental,,14.0,109.17,1528.38,1528.38,1,,
CLM-62804,Franchise_TX_01,Drywall Repair,,26.0,44.84,1165.84,1165.84,1,,
CLM-40283,Franchise_FL_04,Drywall Repair,2025-06-27,23.0,146.99,3380.77,3380.77,1,6.0,4.0
CLM-47704,Franchise_NY_12,Antimicrobial Treatment,,23.0,67.76,1558.48,1229.1,0,,
CLM-19990,Franchise_FL_04,Drywall Repair,2025-06-06,24.0,44.56,1069.44,1069.44,1,6.0,4.0
CLM-44801,Franchise_NY_12,Drywall Repair,,35.0,17.98,629.3,629.3,1,,
CLM-13513,Franchise_FL_04,Drywall Repair,2025-06-26,2.0,16.68,33.36,33.36,1,6.0,3.0
CLM-25501,Franchise_NY_12,Water Extraction,,23.0,82.7,1902.1,963.8,0,,
CLM-88355,Franchise_FL_04,Dehumidifier Rental,2025-12-25,42.0,111.79,4695.18,4695.18,1,12.0,3.0
CLM-43725,Franchise_FL_04,Antimicrobial Treatment,2025-03-21,24.0,84.0,2016.0,2016.0,1,3.0,4.0
CLM-30777,Franchise_TX_01,Drywall Repair,,15.0,74.26,1113.9,826.33,0,,
CLM-14545,Franchise_TX_01,Dehumidifier Rental - MISC,,23.0,61.04,1403.92,1403.92,1,,
CLM-19111,Franchise_TX_01,Antimicrobial Treatment,,23.0,114.3,2628.9,2628.9,1,,
CLM-54377,Franchise_FL_04,Baseboard Replacement,2025-09-30,1.0,138.09,138.09,138.09,1,9.0,1.0
CLM-19372,Franchise_FL_04,Antimicrobial Treatment,2025-07-05,1.0,105.44,105.44,105.44,1,7.0,5.0
CLM-78320,Franchise_NY_12,Drywall Repair,,28.0,56.2,1573.6,1106.08,0,,
CLM-25265,Franchise_NY_12,Water Extraction,,29.0,88.56,2568.24,1209.94,0,,
CLM-60037,Franchise_FL_04,Drywall Repair,2025-08-18,42.0,25.22,1059.24,813.95,0,8.0,0.0
CLM-50450,Franchise_NY_12,Drywall Repair,,16.0,15.39,246.24,246.24,1,,
CLM-76107,Franchise_FL_04,Drywall Repair,2025-03-08,9.0,58.4,525.6,428.77,0,3.0,5.0
CLM-48827,Franchise_TX_01,Dehumidifier Rental,,42.0,50.76,2131.92,1476.48,0,,
CLM-20629,Franchise_TX_01,Antimicrobial Treatment,,14.0,113.38,1587.32,1587.32,1,,
CLM-67515,Franchise_NY_12,Water Extraction,,50.0,28.39,1419.5,662.29,0,,
CLM-73668,Franchise_NY_12,Water Extraction,,9.0,111.27,1001.43,1001.43,1,,
CLM-92279,Franchise_NY_12,Antimicrobial Treatment,,40.0,138.32,5532.8,4952.15,0,,
CLM-10210,Franchise_NY_12,Antimicrobial Treatment,,23.0,49.75,1144.25,1144.25,1,,
CLM-20985,Franchise_TX_01,Drywall Repair - MISC,,18.0,66.67,1200.06,1020.11,0,,
CLM-66431,Franchise_TX_01,Baseboard Replacement,,31.0,136.37,4227.47,2029.42,0,,
CLM-85240,Franchise_FL_04,Dehumidifier Rental,2025-11-07,27.0,45.72,1234.44,1234.44,1,11.0,4.0
CLM-19056,Franchise_NY_12,Water Extraction,,12.0,85.1,1021.2,1021.2,1,,
CLM-81113,Franchise_NY_12,Dehumidifier Rental,,17.0,38.54,655.18,509.75,0,,
CLM-79446,Franchise_TX_01,Antimicrobial Treatment,,37.0,98.58,3647.46,3647.46,1,,
CLM-62784,Franchise_NY_12,Baseboard Replacement,,50.0,21.44,1072.0,717.87,0,,
CLM-83113,Franchise_FL_04,Water Extraction,2025-01-23,12.0,115.99,1391.88,1006.16,0,1.0,3.0
CLM-12086,Franchise_NY_12,Drywall Repair,,19.0,56.06,1065.14,1065.14,1,,
CLM-65277,Franchise_FL_04,Water Extraction,2025-01-25,24.0,37.13,891.12,707.9,0,1.0,5.0
CLM-93330,Franchise_NY_12,Dehumidifier Rental,,25.0,72.49,1812.25,1812.25,1,,
CLM-39454,Franchise_NY_12,Dehumidifier Rental,,43.0,106.94,4598.42,4598.42,1,,
CLM-41187,Franchise_TX_01,Baseboard Replacement,,6.0,130.05,780.3,344.48,0,,
CLM-49689,Franchise_TX_01,Drywall Repair - MISC,,15.0,134.66,2019.9,1290.93,0,,
CLM-37837,Franchise_TX_01,Drywall Repair,,18.0,134.35,2418.3,2418.3,1,,
CLM-27999,Franchise_FL_04,Dehumidifier Rental,2025-02-11,22.0,103.61,2279.42,2279.42,1,2.0,1.0
CLM-20981,Franchise_FL_04,Antimicrobial Treatment,2025-07-02,31.0,137.89,4274.59,2939.48,0,7.0,2.0
CLM-19759,Franchise_FL_04,Dehumidifier Rental,2025-01-22,21.0,68.78,1444.38,1444.38,1,1.0,2.0
CLM-10261,Franchise_NY_12,Baseboard Replacement,,39.0,75.81,2956.59,2956.59,1,,
CLM-11897,Franchise_FL_04,Antimicrobial Treatment,2025-07-22,30.0,33.52,1005.6,620.71,0,7.0,1.0
CLM-82746,Franchise_NY_12,Baseboard Replacement,,7.0,49.71,347.97,347.97,1,,
CLM-72712,Franchise_FL_04,Drywall Repair,2025-05-14,48.0,19.68,944.64,686.23,0,5.0,2.0
CLM-69654,Franchise_FL_04,Dehumidifier Rental,2025-05-21,34.0,22.48,764.32,764.32,1,5.0,2.0
CLM-30222,Franchise_TX_01,Antimicrobial Treatment - MISC,,38.0,51.04,1939.52,906.13,0,,
CLM-27407,Franchise_NY_12,Antimicrobial Treatment,,42.0,34.0,1428.0,1428.0,1,,
CLM-26328,Franchise_NY_12,Antimicrobial Treatment,,6.0,130.18,781.08,781.08,1,,
CLM-75234,Franchise_NY_12,Drywall Repair,,18.0,145.06,2611.08,2042.91,0,,
CLM-62721,Franchise_FL_04,Baseboard Replacement,2025-05-12,20.0,47.96,959.2,959.2,1,5.0,0.0
CLM-67942,Franchise_FL_04,Antimicrobial Treatment,2025-03-20,46.0,30.52,1403.92,1403.92,1,3.0,3.0
CLM-46669,Franchise_FL_04,Antimicrobial Treatment,2025-11-21,23.0,149.94,3448.62,3448.62,1,11.0,4.0
CLM-34541,Franchise_TX_01,Water Extraction,,24.0,117.86,2828.64,2828.64,1,,
CLM-24953,Franchise_TX_01,Water Extraction,,27.0,64.29,1735.83,1493.27,0,,
CLM-91301,Franchise_FL_04,Dehumidifier Rental,2025-06-25,36.0,142.85,5142.6,3700.45,0,6.0,2.0
CLM-79396,Franchise_FL_04,Baseboard Replacement,2025-04-29,14.0,38.72,542.08,542.08,1,4.0,1.0
CLM-52912,Franchise_FL_04,Dehumidifier Rental,2025-08-07,48.0,108.04,5185.92,5185.92,1,8.0,3.0
CLM-25662,Franchise_FL_04,Drywall Repair,2025-05-01,8.0,136.07,1088.56,591.32,0,5.0,3.0
CLM-24991,Franchise_FL_04,Water Extraction,2025-10-03,31.0,105.38,3266.78,3266.78,1,10.0,4.0
CLM-71058,Franchise_TX_01,Water Extraction,,30.0,88.87,2666.1,2666.1,1,,
CLM-46193,Franchise_TX_01,Drywall Repair,,13.0,88.49,1150.37,503.23,0,,
CLM-66924,Franchise_FL_04,Drywall Repair,2025-11-13,28.0,86.08,2410.24,2410.24,1,11.0,3.0
CLM-11573,Franchise_NY_12,Dehumidifier Rental,,34.0,66.05,2245.7,2245.7,1,,
CLM-69716,Franchise_TX_01,Water Extraction,,48.0,113.95,5469.6,5469.6,1,,
CLM-23739,Franchise_TX_01,Baseboard Replacement,,15.0,117.99,1769.85,1769.85,1,,
CLM-43316,Franchise_NY_12,Antimicrobial Treatment,,1.0,87.4,87.4,87.4,1,,
CLM-36186,Franchise_TX_01,Baseboard Replacement,,17.0,41.6,707.2,707.2,1,,
CLM-42394,Franchise_FL_04,Antimicrobial Treatment,2025-10-06,14.0,65.62,918.68,918.68,1,10.0,0.0
CLM-56273,Franchise_TX_01,Water Extraction,,6.0,36.66,219.96,219.96,1,,
CLM-41661,Franchise_TX_01,Drywall Repair,,13.0,43.23,561.99,438.35,0,,
CLM-70474,Franchise_TX_01,Drywall Repair,,23.0,49.69,1142.87,537.9,0,,
CLM-11804,Franchise_FL_04,Water Extraction,2025-12-31,3.0,61.47,184.41,184.41,1,12.0,2.0
CLM-46960,Franchise_NY_12,Antimicrobial Treatment,,46.0,28.38,1305.48,1305.48,1,,
CLM-84784,Franchise_NY_12,Drywall Repair,,18.0,109.5,1971.0,1971.0,1,,
CLM-62804,Franchise_NY_12,Water Extraction,,3.0,92.52,277.56,200.66,0,,
CLM-72667,Franchise_TX_01,Antimicrobial Treatment,,18.0,19.48,350.64,350.64,1,,
CLM-46327,Franchise_NY_12,Drywall Repair,,4.0,114.49,457.96,457.96,1,,
CLM-25329,Franchise_FL_04,Water Extraction,2025-08-29,26.0,123.28,3205.28,2216.48,0,8.0,4.0
CLM-39354,Franchise_FL_04,Drywall Repair,2025-09-21,14.0,29.77,416.78,416.78,1,9.0,6.0
CLM-58318,Franchise_NY_12,Dehumidifier Rental,,30.0,69.63,2088.9,2088.9,1,,
CLM-95512,Franchise_TX_01,Baseboard Replacement,,43.0,56.11,2412.73,2412.73,1,,
CLM-55222,Franchise_TX_01,Drywall Repair,,25.0,37.39,934.75,427.79,0,,
CLM-46459,Franchise_TX_01,Baseboard Replacement,,6.0,30.73,184.38,184.38,1,,
CLM-14040,Franchise_FL_04,Antimicrobial Treatment,2025-05-27,6.0,25.39,152.34,99.01,0,5.0,1.0
CLM-12357,Franchise_FL_04,Dehumidifier Rental,2025-06-08,17.0,55.45,942.65,576.38,0,6.0,6.0
CLM-31671,Franchise_NY_12,Baseboard Replacement,,20.0,124.75,2495.0,2107.03,0,,
CLM-94781,Franchise_TX_01,Dehumidifier Rental,,3.0,96.45,289.35,208.81,0,,
CLM-69667,Franchise_TX_01,Antimicrobial Treatment,,4.0,24.7,98.8,98.8,1,,
CLM-69934,Franchise_NY_12,Dehumidifier Rental,,47.0,24.48,1150.56,716.65,0,,
CLM-56125,Franchise_TX_01,Dehumidifier Rental,,50.0,147.9,7395.0,6143.1,0,,
CLM-44341,Franchise_TX_01,Drywall Repair,,8.0,124.23,993.84,537.23,0,,
CLM-88896,Franchise_FL_04,Baseboard Replacement,2025-08-04,36.0,132.08,4754.88,3502.29,0,8.0,0.0
CLM-90562,Franchise_TX_01,Drywall Repair,,13.0,39.29,510.77,304.48,0,,
CLM-19352,Franchise_TX_01,Dehumidifier Rental,,40.0,147.57,5902.8,3516.67,0,,
CLM-13624,Franchise_TX_01,Antimicrobial Treatment,,28.0,111.29,3116.12,3116.12,1,,
CLM-59259,Franchise_FL_04,Antimicrobial Treatment,2025-02-22,21.0,63.75,1338.75,1338.75,1,2.0,5.0
CLM-28946,Franchise_FL_04,Water Extraction,2025-01-29,35.0,42.16,1475.6,823.11,0,1.0,2.0
CLM-97359,Franchise_TX_01,Antimicrobial Treatment,,3.0,15.06,45.18,45.18,1,,
CLM-27764,Franchise_TX_01,Water Extraction,,13.0,54.38,706.94,582.99,0,,
CLM-22107,Franchise_NY_12,Drywall Repair,,13.0,20.83,270.79,270.79,1,,
CLM-17655,Franchise_FL_04,Dehumidifier Rental,2025-01-14,25.0,29.67,741.75,741.75,1,1.0,1.0
CLM-57170,Franchise_FL_04,Baseboard Replacement,2025-01-26,29.0,83.22,2413.38,2413.38,1,1.0,6.0
CLM-11779,Franchise_NY_12,Antimicrobial Treatment,,23.0,48.57,1117.11,1117.11,1,,
CLM-88512,Franchise_FL_04,Water Extraction,2025-11-13,10.0,94.89,948.9,543.79,0,11.0,3.0
CLM-73968,Franchise_TX_01,Dehumidifier Rental,,5.0,61.12,305.6,305.6,1,,
CLM-26121,Franchise_TX_01,Drywall Repair,,23.0,44.47,1022.81,1022.81,1,,
CLM-26376,Franchise_NY_12,Dehumidifier Rental,,37.0,147.78,5467.86,5467.86,1,,
CLM-29623,Franchise_NY_12,Baseboard Replacement,,11.0,64.02,704.22,354.18,0,,
CLM-30481,Franchise_TX_01,Dehumidifier Rental,,3.0,102.09,306.27,232.46,0,,
CLM-40420,Franchise_NY_12,Antimicrobial Treatment,,35.0,76.43,2675.05,1585.54,0,,
CLM-53211,Franchise_NY_12,Water Extraction,,40.0,85.89,3435.6,1522.97,0,,
CLM-10182,Franchise_NY_12,Antimicrobial Treatment,,20.0,85.23,1704.6,1123.76,0,,
CLM-56861,Franchise_TX_01,Antimicrobial Treatment,,3.0,26.63,79.89,69.26,0,,
CLM-41795,Franchise_NY_12,Water Extraction,,11.0,111.55,1227.05,809.73,0,,
CLM-93778,Franchise_TX_01,Water Extraction - MISC,,20.0,138.75,2775.0,1797.07,0,,
CLM-56185,Franchise_TX_01,Drywall Repair,,47.0,65.59,3082.73,1946.65,0,,
CLM-83719,Franchise_TX_01,Antimicrobial Treatment - MISC,,32.0,90.02,2880.64,1330.38,0,,
CLM-53870,Franchise_NY_12,Antimicrobial Treatment,,37.0,121.39,4491.43,4491.43,1,,
CLM-78699,Franchise_TX_01,Water Extraction,,3.0,88.41,265.23,145.23,0,,
CLM-99717,Franchise_FL_04,Water Extraction,2025-03-29,36.0,83.15,2993.4,2111.3,0,3.0,5.0
CLM-67733,Franchise_NY_12,Antimicrobial Treatment,,39.0,135.81,5296.59,4456.39,0,,
CLM-50055,Franchise_TX_01,Baseboard Replacement,,50.0,121.51,6075.5,6075.5,1,,
CLM-28208,Franchise_NY_12,Dehumidifier Rental,,21.0,135.43,2844.03,2844.03,1,,
CLM-65835,Franchise_TX_01,Antimicrobial Treatment - MISC,,47.0,149.45,7024.15,2822.98,0,,
CLM-73198,Franchise_TX_01,Antimicrobial Treatment - MISC,,25.0,68.57,1714.25,1714.25,1,,
CLM-23424,Franchise_FL_04,Dehumidifier Rental,2025-05-18,46.0,32.03,1473.38,635.03,0,5.0,6.0
CLM-35805,Franchise_NY_12,Drywall Repair,,8.0,73.61,588.88,588.88,1,,
CLM-44342,Franchise_FL_04,Baseboard Replacement,2025-04-27,36.0,62.55,2251.8,2251.8,1,4.0,6.0
CLM-85279,Franchise_FL_04,Water Extraction,2025-09-25,18.0,23.06,415.08,415.08,1,9.0,3.0
CLM-49500,Franchise_TX_01,Dehumidifier Rental - MISC,,34.0,141.25,4802.5,4802.5,1,,
CLM-45564,Franchise_FL_04,Water Extraction,2025-12-05,46.0,129.45,5954.7,5954.7,1,12.0,4.0
CLM-72534,Franchise_TX_01,Antimicrobial Treatment,,46.0,69.57,3200.22,3200.22,1,,
CLM-80937,Franchise_TX_01,Water Extraction,,48.0,86.91,4171.68,2072.12,0,,
CLM-97086,Franchise_TX_01,Water Extraction,,5.0,50.34,251.7,130.1,0,,
CLM-82566,Franchise_FL_04,Water Extraction,2025-05-12,45.0,134.98,6074.1,6074.1,1,5.0,0.0
CLM-54827,Franchise_NY_12,Water Extraction,,26.0,80.8,2100.8,1637.36,0,,
CLM-82803,Franchise_FL_04,Drywall Repair,2025-02-13,25.0,111.49,2787.25,1142.75,0,2.0,3.0
CLM-62449,Franchise_FL_04,Water Extraction,2025-06-23,45.0,76.58,3446.1,3446.1,1,6.0,0.0
CLM-54163,Franchise_TX_01,Drywall Repair,,49.0,65.52,3210.48,3210.48,1,,
CLM-41606,Franchise_NY_12,Antimicrobial Treatment,,20.0,80.71,1614.2,1614.2,1,,
CLM-48754,Franchise_NY_12,Dehumidifier Rental,,47.0,50.15,2357.05,2357.05,1,,
CLM-87966,Franchise_NY_12,Water Extraction,,44.0,147.87,6506.28,3852.58,0,,
CLM-83507,Franchise_FL_04,Baseboard Replacement,2025-09-18,45.0,53.79,2420.55,1570.2,0,9.0,3.0
CLM-20876,Franchise_TX_01,Antimicrobial Treatment,,22.0,24.96,549.12,549.12,1,,
CLM-57802,Franchise_FL_04,Drywall Repair,2025-02-11,48.0,52.61,2525.28,2525.28,1,2.0,1.0
CLM-81193,Franchise_FL_04,Drywall Repair,2025-02-13,47.0,76.1,3576.7,3576.7,1,2.0,3.0
CLM-35124,Franchise_TX_01,Drywall Repair,,46.0,96.69,4447.74,4447.74,1,,
CLM-27285,Franchise_NY_12,Water Extraction,,9.0,39.07,351.63,164.74,0,,
CLM-61952,Franchise_NY_12,Antimicrobial Treatment,,11.0,119.41,1313.51,640.25,0,,
CLM-69352,Franchise_TX_01,Dehumidifier Rental,,34.0,145.72,4954.48,4954.48,1,,
CLM-62960,Franchise_TX_01,Baseboard Replacement,,11.0,43.0,473.0,376.11,0,,
CLM-73573,Franchise_NY_12,Water Extraction,,1.0,52.34,52.34,52.34,1,,
CLM-63970,Franchise_FL_04,Baseboard Replacement,2025-05-04,9.0,29.6,266.4,266.4,1,5.0,6.0
CLM-96928,Franchise_FL_04,Water Extraction,2025-11-20,10.0,78.47,784.7,400.68,0,11.0,3.0
CLM-67906,Franchise_NY_12,Baseboard Replacement,,43.0,85.25,3665.75,3665.75,1,,
CLM-48693,Franchise_FL_04,Baseboard Replacement,2025-01-22,32.0,104.71,3350.72,2791.24,0,1.0,2.0
CLM-86981,Franchise_TX_01,Drywall Repair - MISC,,21.0,124.66,2617.86,1177.47,0,,
CLM-24419,Franchise_NY_12,Baseboard Replacement,,35.0,147.78,5172.3,5172.3,1,,
CLM-25804,Franchise_FL_04,Drywall Repair,2025-06-30,44.0,23.38,1028.72,1028.72,1,6.0,0.0
CLM-69052,Franchise_TX_01,Antimicrobial Treatment,,10.0,16.31,163.1,163.1,1,,
CLM-89128,Franchise_NY_12,Drywall Repair,,15.0,74.11,1111.65,1111.65,1,,
CLM-48473,Franchise_TX_01,Baseboard Replacement,,9.0,92.69,834.21,738.36,0,,
CLM-63278,Franchise_NY_12,Dehumidifier Rental,,30.0,146.49,4394.7,2611.66,0,,
CLM-16458,Franchise_FL_04,Antimicrobial Treatment,2025-11-12,11.0,56.38,620.18,546.31,0,11.0,2.0
CLM-83728,Franchise_NY_12,Drywall Repair,,4.0,52.84,211.36,211.36,1,,
CLM-40230,Franchise_NY_12,Dehumidifier Rental,,29.0,123.76,3589.04,2199.86,0,,
CLM-99097,Franchise_FL_04,Drywall Repair,2025-03-08,16.0,102.88,1646.08,1646.08,1,3.0,5.0
CLM-26086,Franchise_NY_12,Drywall Repair,,26.0,72.85,1894.1,1603.03,0,,
CLM-43343,Franchise_NY_12,Water Extraction,,38.0,34.72,1319.36,741.5,0,,
CLM-29761,Franchise_TX_01,Water Extraction,,34.0,28.81,979.54,799.77,0,,
CLM-78680,Franchise_FL_04,Antimicrobial Treatment,2025-09-10,48.0,146.97,7054.56,7054.56,1,9.0,2.0
CLM-87802,Franchise_TX_01,Antimicrobial Treatment - MISC,,10.0,119.4,1194.0,891.81,0,,
CLM-66616,Franchise_TX_01,Dehumidifier Rental,,9.0,109.81,988.29,443.83,0,,
CLM-93396,Franchise_TX_01,Dehumidifier Rental,,18.0,143.31,2579.58,1712.7,0,,
CLM-43452,Franchise_NY_12,Drywall Repair,,34.0,90.92,3091.28,3091.28,1,,
CLM-62238,Franchise_TX_01,Baseboard Replacement,,17.0,73.69,1252.73,860.07,0,,
CLM-95874,Franchise_NY_12,Water Extraction,,45.0,72.9,3280.5,2843.71,0,,
CLM-11887,Franchise_FL_04,Antimicrobial Treatment,2025-10-02,1.0,86.89,86.89,86.89,1,10.0,3.0
CLM-64059,Franchise_FL_04,Water Extraction,2025-11-05,29.0,27.2,788.8,404.51,0,11.0,2.0
CLM-70010,Franchise_NY_12,Dehumidifier Rental,,6.0,115.7,694.2,694.2,1,,
CLM-16452,Franchise_NY_12,Antimicrobial Treatment,,27.0,34.82,940.14,940.14,1,,
CLM-76236,Franchise_TX_01,Dehumidifier Rental,,26.0,57.24,1488.24,987.79,0,,
CLM-72129,Franchise_FL_04,Dehumidifier Rental,2025-01-04,33.0,109.76,3622.08,3622.08,1,1.0,5.0
CLM-38666,Franchise_FL_04,Dehumidifier Rental,2025-02-06,19.0,27.62,524.78,524.78,1,2.0,3.0
CLM-69640,Franchise_NY_12,Drywall Repair,,12.0,38.86,466.32,466.32,1,,
CLM-84274,Franchise_FL_04,Drywall Repair,2025-04-16,3.0,18.14,54.42,34.51,0,4.0,2.0
CLM-38244,Franchise_NY_12,Drywall Repair,,50.0,74.12,3706.0,3706.0,1,,
CLM-15323,Franchise_NY_12,Water Extraction,,50.0,83.34,4167.0,4167.0,1,,
CLM-97003,Franchise_NY_12,Drywall Repair,,8.0,113.29,906.32,906.32,1,,
CLM-25835,Franchise_TX_01,Baseboard Replacement,,4.0,31.93,127.72,91.4,0,,
CLM-37430,Franchise_TX_01,Antimicrobial Treatment,,38.0,18.4,699.2,337.71,0,,
CLM-55478,Franchise_TX_01,Dehumidifier Rental,,27.0,127.39,3439.53,2857.24,0,,
CLM-97877,Franchise_TX_01,Antimicrobial Treatment,,38.0,49.64,1886.32,1886.32,1,,
CLM-64438,Franchise_TX_01,Antimicrobial Treatment,,35.0,33.82,1183.7,1183.7,1,,
CLM-17247,Franchise_NY_12,Baseboard Replacement,,20.0,77.35,1547.0,1547.0,1,,
CLM-90653,Franchise_TX_01,Water Extraction,,27.0,138.1,3728.7,3728.7,1,,
CLM-56527,Franchise_TX_01,Antimicrobial Treatment,,36.0,123.69,4452.84,4452.84,1,,
CLM-93864,Franchise_TX_01,Water Extraction - MISC,,36.0,26.85,966.6,638.15,0,,
CLM-22499,Franchise_NY_12,Antimicrobial Treatment,,41.0,35.0,1435.0,1435.0,1,,
CLM-40431,Franchise_TX_01,Antimicrobial Treatment,,33.0,138.74,4578.42,4578.42,1,,
CLM-67053,Franchise_TX_01,Antimicrobial Treatment,,31.0,122.83,3807.73,2735.38,0,,
CLM-10944,Franchise_NY_12,Water Extraction,,33.0,79.03,2607.99,2607.99,1,,
CLM-42739,Franchise_TX_01,Water Extraction,,4.0,131.3,525.2,355.72,0,,
CLM-25590,Franchise_NY_12,Water Extraction,,42.0,60.95,2559.9,2303.48,0,,
CLM-29088,Franchise_TX_01,Antimicrobial Treatment - MISC,,35.0,35.68,1248.8,1248.8,1,,
CLM-50388,Franchise_FL_04,Dehumidifier Rental,2025-04-23,14.0,103.32,1446.48,763.94,0,4.0,2.0
CLM-61145,Franchise_FL_04,Drywall Repair,2025-10-11,43.0,64.65,2779.95,2779.95,1,10.0,5.0
CLM-29037,Franchise_TX_01,Baseboard Replacement,,50.0,43.6,2180.0,1302.26,0,,
CLM-79197,Franchise_TX_01,Baseboard Replacement,,30.0,70.95,2128.5,1479.78,0,,
CLM-92031,Franchise_NY_12,Dehumidifier Rental,,39.0,58.91,2297.49,2297.49,1,,
CLM-80387,Franchise_FL_04,Baseboard Replacement,2025-03-27,48.0,133.89,6426.72,3365.17,0,3.0,3.0
CLM-22167,Franchise_NY_12,Water Extraction,,10.0,38.69,386.9,228.77,0,,
CLM-52608,Franchise_NY_12,Water Extraction,,27.0,24.9,672.3,672.3,1,,
CLM-88103,Franchise_TX_01,Baseboard Replacement,,6.0,98.41,590.46,287.3,0,,
CLM-48342,Franchise_NY_12,Water Extraction,,31.0,84.99,2634.69,2283.26,0,,
CLM-34264,Franchise_NY_12,Dehumidifier Rental,,21.0,136.0,2856.0,2856.0,1,,
CLM-31860,Franchise_NY_12,Water Extraction,,4.0,31.57,126.28,73.4,0,,
CLM-48606,Franchise_TX_01,Drywall Repair,,11.0,20.66,227.26,201.26,0,,
CLM-97545,Franchise_FL_04,Drywall Repair,2025-01-28,8.0,145.94,1167.52,1167.52,1,1.0,1.0
CLM-85568,Franchise_NY_12,Water Extraction,,30.0,36.87,1106.1,697.85,0,,
CLM-41009,Franchise_TX_01,Water Extraction,,10.0,16.03,160.3,160.3,1,,
CLM-80172,Franchise_NY_12,Dehumidifier Rental,,1.0,20.24,20.24,11.4,0,,
CLM-45827,Franchise_NY_12,Baseboard Replacement,,7.0,35.51,248.57,248.57,1,,
CLM-90752,Franchise_TX_01,Drywall Repair,,40.0,100.2,4008.0,4008.0,1,,
CLM-84515,Franchise_FL_04,Drywall Repair,2025-02-01,48.0,112.69,5409.12,4163.73,0,2.0,5.0
CLM-86284,Franchise_TX_01,Antimicrobial Treatment,,13.0,138.75,1803.75,1803.75,1,,
CLM-31337,Franchise_FL_04,Baseboard Replacement,2025-10-09,37.0,125.6,4647.2,2073.97,0,10.0,3.0
CLM-65851,Franchise_TX_01,Drywall Repair,,2.0,142.42,284.84,284.84,1,,
CLM-32705,Franchise_NY_12,Dehumidifier Rental,,47.0,145.44,6835.68,6835.68,1,,
CLM-19109,Franchise_NY_12,Baseboard Replacement,,50.0,99.87,4993.5,4993.5,1,,
CLM-81812,Franchise_TX_01,Baseboard Replacement,,50.0,125.06,6253.0,6253.0,1,,
CLM-95514,Franchise_NY_12,Water Extraction,,34.0,149.23,5073.82,3738.25,0,,
CLM-94071,Franchise_FL_04,Drywall Repair,2025-04-02,34.0,87.35,2969.9,2576.53,0,4.0,2.0
CLM-41304,Franchise_NY_12,Dehumidifier Rental,,33.0,41.76,1378.08,1230.44,0,,
CLM-41637,Franchise_NY_12,Water Extraction,,31.0,67.29,2085.99,2085.99,1,,
CLM-55390,Franchise_NY_12,Antimicrobial Treatment,,45.0,138.91,6250.95,6250.95,1,,
CLM-52926,Franchise_FL_04,Dehumidifier Rental,2025-07-09,9.0,26.55,238.95,165.62,0,7.0,2.0
CLM-91540,Franchise_TX_01,Antimicrobial Treatment,,33.0,54.88,1811.04,1811.04,1,,
CLM-67421,Franchise_NY_12,Dehumidifier Rental,,4.0,32.47,129.88,129.88,1,,
CLM-84571,Franchise_TX_01,Water Extraction,,43.0,140.37,6035.91,6035.91,1,,
CLM-98164,Franchise_TX_01,Water Extraction,,22.0,26.82,590.04,379.22,0,,
CLM-34956,Franchise_FL_04,Antimicrobial Treatment,2025-05-10,44.0,111.11,4888.84,4888.84,1,5.0,5.0
CLM-41940,Franchise_TX_01,Water Extraction,,50.0,62.54,3127.0,3127.0,1,,
CLM-30505,Franchise_NY_12,Baseboard Replacement,,8.0,97.95,783.6,783.6,1,,
CLM-31580,Franchise_TX_01,Baseboard Replacement,,31.0,124.07,3846.17,1998.91,0,,
CLM-68984,Franchise_NY_12,Water Extraction,,37.0,82.6,3056.2,2578.51,0,,
CLM-33546,Franchise_NY_12,Dehumidifier Rental,,11.0,89.28,982.08,476.58,0,,
CLM-77833,Franchise_NY_12,Drywall Repair,,46.0,29.79,1370.34,1370.34,1,,
CLM-64868,Franchise_FL_04,Water Extraction,2025-01-04,23.0,80.0,1840.0,1840.0,1,1.0,5.0
CLM-64759,Franchise_FL_04,Dehumidifier Rental,2025-08-12,11.0,103.04,1133.44,637.88,0,8.0,1.0
CLM-39158,Franchise_NY_12,Water Extraction,,22.0,113.56,2498.32,2498.32,1,,
CLM-95483,Franchise_NY_12,Dehumidifier Rental,,22.0,70.42,1549.24,893.1,0,,
CLM-73192,Franchise_NY_12,Antimicrobial Treatment,,24.0,134.94,3238.56,3238.56,1,,
CLM-43155,Franchise_FL_04,Baseboard Replacement,2025-03-29,13.0,149.85,1948.05,1613.62,0,3.0,5.0
CLM-51532,Franchise_FL_04,Drywall Repair,2025-07-11,9.0,55.03,495.27,495.27,1,7.0,4.0
CLM-79973,Franchise_NY_12,Baseboard Replacement,,36.0,77.7,2797.2,2797.2,1,,
CLM-30758,Franchise_FL_04,Baseboard Replacement,2025-05-20,6.0,106.95,641.7,416.79,0,5.0,1.0
CLM-70290,Franchise_FL_04,Baseboard Replacement,2025-12-03,17.0,62.07,1055.19,1055.19,1,12.0,2.0
CLM-94260,Franchise_FL_04,Water Extraction,2025-08-02,11.0,37.12,408.32,408.32,1,8.0,5.0
CLM-85228,Franchise_FL_04,Baseboard Replacement,2025-04-03,8.0,123.03,984.24,984.24,1,4.0,3.0
CLM-81552,Franchise_TX_01,Dehumidifier Rental,,1.0,136.33,136.33,97.14,0,,
CLM-13968,Franchise_FL_04,Antimicrobial Treatment,2025-01-02,2.0,84.95,169.9,140.37,0,1.0,3.0
CLM-37145,Franchise_TX_01,Drywall Repair,,21.0,81.5,1711.5,847.09,0,,
CLM-64517,Franchise_FL_04,Dehumidifier Rental,2025-01-21,47.0,89.46,4204.62,4204.62,1,1.0,1.0
CLM-42108,Franchise_TX_01,Baseboard Replacement - MISC,,32.0,70.68,2261.76,2261.76,1,,
CLM-68068,Franchise_TX_01,Antimicrobial Treatment,,40.0,19.69,787.6,787.6,1,,
CLM-25768,Franchise_TX_01,Antimicrobial Treatment,,28.0,64.06,1793.68,1793.68,1,,
CLM-59062,Franchise_NY_12,Baseboard Replacement,,50.0,94.39,4719.5,4719.5,1,,
CLM-77805,Franchise_NY_12,Drywall Repair,,24.0,68.49,1643.76,1643.76,1,,
CLM-54852,Franchise_TX_01,Water Extraction,,14.0,66.92,936.88,819.83,0,,
CLM-74704,Franchise_NY_12,Baseboard Replacement,,31.0,28.13,872.03,545.71,0,,
CLM-30821,Franchise_TX_01,Baseboard Replacement - MISC,,23.0,128.12,2946.76,2946.76,1,,
CLM-93713,Franchise_NY_12,Water Extraction,,50.0,96.1,4805.0,3624.26,0,,
CLM-73950,Franchise_FL_04,Baseboard Replacement,2025-09-08,45.0,34.28,1542.6,1542.6,1,9.0,0.0
CLM-24351,Franchise_FL_04,Dehumidifier Rental,2025-01-13,38.0,25.17,956.46,646.62,0,1.0,0.0
CLM-50552,Franchise_FL_04,Water Extraction,2025-12-04,9.0,64.1,576.9,232.88,0,12.0,3.0
CLM-71146,Franchise_FL_04,Antimicrobial Treatment,2025-05-04,12.0,48.69,584.28,584.28,1,5.0,6.0
CLM-32416,Franchise_TX_01,Dehumidifier Rental,,40.0,65.1,2604.0,2604.0,1,,
CLM-63133,Franchise_TX_01,Antimicrobial Treatment - MISC,,15.0,75.79,1136.85,1136.85,1,,
CLM-55191,Franchise_TX_01,Water Extraction,,11.0,62.74,690.14,690.14,1,,
CLM-62510,Franchise_TX_01,Antimicrobial Treatment,,47.0,143.47,6743.09,6743.09,1,,
CLM-50643,Franchise_TX_01,Antimicrobial Treatment,,38.0,92.63,3519.94,3519.94,1,,
CLM-76747,Franchise_TX_01,Baseboard Replacement,,12.0,76.77,921.24,921.24,1,,
CLM-51349,Franchise_TX_01,Dehumidifier Rental - MISC,,20.0,136.16,2723.2,2723.2,1,,
CLM-63434,Franchise_FL_04,Antimicrobial Treatment,2025-03-24,29.0,134.67,3905.43,3905.43,1,3.0,0.0
CLM-79313,Franchise_NY_12,Dehumidifier Rental,,30.0,107.05,3211.5,2070.38,0,,
CLM-77166,Franchise_NY_12,Baseboard Replacement,,15.0,29.53,442.95,442.95,1,,
CLM-36717,Franchise_TX_01,Antimicrobial Treatment,,32.0,35.2,1126.4,1126.4,1,,
CLM-92817,Franchise_NY_12,Dehumidifier Rental,,17.0,126.14,2144.38,2144.38,1,,
CLM-22497,Franchise_NY_12,Dehumidifier Rental,,38.0,91.83,3489.54,3489.54,1,,
CLM-88028,Franchise_NY_12,Baseboard Replacement,,1.0,84.68,84.68,84.68,1,,
CLM-27358,Franchise_FL_04,Dehumidifier Rental,2025-09-21,40.0,72.6,2904.0,2904.0,1,9.0,6.0
CLM-40863,Franchise_FL_04,Baseboard Replacement,2025-03-02,17.0,85.5,1453.5,1263.7,0,3.0,6.0
CLM-56578,Franchise_TX_01,Antimicrobial Treatment,,17.0,21.38,363.46,150.61,0,,
CLM-71933,Franchise_FL_04,Drywall Repair,2025-03-29,35.0,20.47,716.45,716.45,1,3.0,5.0
CLM-27835,Franchise_NY_12,Antimicrobial Treatment,,17.0,29.6,503.2,503.2,1,,
CLM-93299,Franchise_TX_01,Drywall Repair,,29.0,137.56,3989.24,3297.54,0,,
CLM-23187,Franchise_NY_12,Water Extraction,,14.0,26.32,368.48,368.48,1,,
CLM-94359,Franchise_FL_04,Antimicrobial Treatment,2025-10-22,34.0,117.94,4009.96,4009.96,1,10.0,2.0
CLM-16250,Franchise_NY_12,Dehumidifier Rental,,18.0,124.35,2238.3,1086.28,0,,
CLM-49594,Franchise_NY_12,Baseboard Replacement,,49.0,48.74,2388.26,1975.86,0,,
CLM-86550,Franchise_FL_04,Dehumidifier Rental,2025-02-21,11.0,132.9,1461.9,1461.9,1,2.0,4.0
CLM-59577,Franchise_TX_01,Drywall Repair,,3.0,141.58,424.74,424.74,1,,
CLM-31918,Franchise_TX_01,Drywall Repair,,48.0,123.66,5935.68,5935.68,1,,
CLM-39008,Franchise_NY_12,Water Extraction,,29.0,20.4,591.6,591.6,1,,
CLM-28822,Franchise_FL_04,Baseboard Replacement,2025-04-12,4.0,113.91,455.64,261.32,0,4.0,5.0
CLM-29898,Franchise_TX_01,Baseboard Replacement,,19.0,72.41,1375.79,1375.79,1,,
CLM-57378,Franchise_NY_12,Antimicrobial Treatment,,44.0,66.57,2929.08,2316.97,0,,
CLM-45566,Franchise_TX_01,Dehumidifier Rental - MISC,,50.0,75.11,3755.5,2366.21,0,,
CLM-11842,Franchise_TX_01,Antimicrobial Treatment,,2.0,117.95,235.9,179.48,0,,
CLM-33694,Franchise_TX_01,Dehumidifier Rental,,32.0,99.15,3172.8,3172.8,1,,
CLM-89700,Franchise_FL_04,Drywall Repair,2025-04-18,30.0,121.95,3658.5,1665.83,0,4.0,4.0
CLM-52004,Franchise_TX_01,Baseboard Replacement,,1.0,68.29,68.29,57.86,0,,
CLM-68171,Franchise_TX_01,Antimicrobial Treatment,,13.0,35.18,457.34,457.34,1,,
CLM-99929,Franchise_TX_01,Water Extraction - MISC,,21.0,67.79,1423.59,1423.59,1,,
CLM-23710,Franchise_FL_04,Antimicrobial Treatment,2025-12-08,36.0,137.32,4943.52,4943.52,1,12.0,0.0
CLM-31789,Franchise_NY_12,Dehumidifier Rental,,44.0,128.31,5645.64,5645.64,1,,
CLM-64550,Franchise_NY_12,Dehumidifier Rental,,28.0,101.83,2851.24,2851.24,1,,
CLM-23277,Franchise_NY_12,Antimicrobial Treatment,,40.0,129.34,5173.6,5173.6,1,,
CLM-41837,Franchise_FL_04,Baseboard Replacement,2025-01-26,25.0,103.81,2595.25,2149.96,0,1.0,6.0
CLM-13046,Franchise_FL_04,Drywall Repair,2025-04-21,25.0,93.53,2338.25,1007.32,0,4.0,0.0
CLM-89519,Franchise_NY_12,Baseboard Replacement,,4.0,37.17,148.68,148.68,1,,
CLM-63513,Franchise_NY_12,Dehumidifier Rental,,6.0,99.09,594.54,295.75,0,,
CLM-33651,Franchise_TX_01,Water Extraction,,23.0,55.98,1287.54,1287.54,1,,
CLM-92302,Franchise_FL_04,Drywall Repair,2025-09-12,50.0,109.01,5450.5,2334.73,0,9.0,4.0
CLM-23902,Franchise_TX_01,Water Extraction,,38.0,82.83,3147.54,3147.54,1,,
CLM-47421,Franchise_TX_01,Antimicrobial Treatment,,32.0,83.88,2684.16,1204.5,0,,
CLM-86085,Franchise_NY_12,Water Extraction,,41.0,135.46,5553.86,3150.48,0,,
CLM-17608,Franchise_NY_12,Water Extraction,,23.0,84.17,1935.91,1265.31,0,,
CLM-62272,Franchise_NY_12,Dehumidifier Rental,,41.0,58.17,2384.97,2384.97,1,,
CLM-20604,Franchise_TX_01,Water Extraction,,17.0,25.0,425.0,425.0,1,,
CLM-54090,Franchise_TX_01,Water Extraction,,29.0,140.19,4065.51,4065.51,1,,
CLM-52629,Franchise_FL_04,Baseboard Replacement,2025-01-25,36.0,42.35,1524.6,1524.6,1,1.0,5.0
CLM-34198,Franchise_TX_01,Drywall Repair,,17.0,22.47,381.99,381.99,1,,
CLM-47393,Franchise_FL_04,Baseboard Replacement,2025-06-10,49.0,141.74,6945.26,6945.26,1,6.0,1.0
CLM-16937,Franchise_TX_01,Antimicrobial Treatment - MISC,,40.0,79.3,3172.0,2125.41,0,,
CLM-11937,Franchise_FL_04,Antimicrobial Treatment,2025-09-23,48.0,42.58,2043.84,1710.11,0,9.0,1.0
CLM-37118,Franchise_FL_04,Drywall Repair,2025-06-30,17.0,135.65,2306.05,978.6,0,6.0,0.0
CLM-77748,Franchise_FL_04,Antimicrobial Treatment,2025-10-01,21.0,67.38,1414.98,1414.98,1,10.0,2.0
CLM-71685,Franchise_TX_01,Water Extraction,,11.0,76.85,845.35,677.57,0,,
CLM-50536,Franchise_NY_12,Dehumidifier Rental,,44.0,41.38,1820.72,968.67,0,,
CLM-23744,Franchise_TX_01,Dehumidifier Rental,,47.0,82.06,3856.82,3856.82,1,,
CLM-43179,Franchise_FL_04,Baseboard Replacement,2025-07-20,41.0,101.48,4160.68,4160.68,1,7.0,6.0
CLM-67365,Franchise_TX_01,Dehumidifier Rental - MISC,,15.0,97.19,1457.85,1091.48,0,,
CLM-65698,Franchise_TX_01,Water Extraction,,1.0,73.81,73.81,73.81,1,,
CLM-77038,Franchise_NY_12,Water Extraction,,38.0,36.98,1405.24,584.67,0,,
CLM-81512,Franchise_NY_12,Baseboard Replacement,,24.0,30.13,723.12,723.12,1,,
CLM-87665,Franchise_FL_04,Antimicrobial Treatment,2025-07-24,32.0,127.61,4083.52,2242.09,0,7.0,3.0
CLM-94033,Franchise_NY_12,Drywall Repair,,48.0,21.62,1037.76,1037.76,1,,
CLM-66359,Franchise_FL_04,Dehumidifier Rental,2025-09-01,8.0,111.19,889.52,889.52,1,9.0,0.0
CLM-73610,Franchise_TX_01,Dehumidifier Rental,,21.0,25.54,536.34,536.34,1,,
CLM-20003,Franchise_FL_04,Water Extraction,2025-09-29,8.0,50.39,403.12,265.53,0,9.0,0.0
CLM-22490,Franchise_FL_04,Baseboard Replacement,2025-02-08,40.0,52.92,2116.8,1699.95,0,2.0,5.0
CLM-10084,Franchise_FL_04,Water Extraction,2025-11-01,24.0,130.84,3140.16,1921.05,0,11.0,5.0
CLM-37815,Franchise_TX_01,Dehumidifier Rental,,28.0,109.28,3059.84,3059.84,1,,
CLM-27341,Franchise_TX_01,Antimicrobial Treatment,,45.0,49.69,2236.05,2236.05,1,,
CLM-32291,Franchise_FL_04,Baseboard Replacement,2025-07-08,27.0,107.54,2903.58,2903.58,1,7.0,1.0
CLM-91747,Franchise_NY_12,Water Extraction,,36.0,23.55,847.8,362.83,0,,
CLM-61802,Franchise_TX_01,Water Extraction,,17.0,86.87,1476.79,1476.79,1,,
CLM-66951,Franchise_FL_04,Antimicrobial Treatment,2025-09-22,41.0,132.25,5422.25,5422.25,1,9.0,0.0
CLM-16794,Franchise_FL_04,Baseboard Replacement,2025-08-10,1.0,120.66,120.66,120.66,1,8.0,6.0
CLM-20616,Franchise_NY_12,Baseboard Replacement,,44.0,145.96,6422.24,6422.24,1,,
CLM-38829,Franchise_TX_01,Drywall Repair,,28.0,79.67,2230.76,1418.6,0,,
CLM-52879,Franchise_NY_12,Drywall Repair,,44.0,122.04,5369.76,5369.76,1,,
CLM-49106,Franchise_TX_01,Antimicrobial Treatment,,41.0,77.37,3172.17,1828.61,0,,
CLM-76308,Franchise_TX_01,Baseboard Replacement - MISC,,16.0,76.67,1226.72,1226.72,1,,
CLM-44446,Franchise_FL_04,Antimicrobial Treatment,2025-01-15,40.0,121.24,4849.6,4849.6,1,1.0,2.0
CLM-48839,Franchise_TX_01,Water Extraction - MISC,,34.0,80.84,2748.56,2748.56,1,,
CLM-78918,Franchise_FL_04,Drywall Repair,2025-09-09,9.0,46.35,417.15,417.15,1,9.0,1.0
CLM-47721,Franchise_NY_12,Antimicrobial Treatment,,44.0,70.34,3094.96,2472.09,0,,
CLM-52716,Franchise_NY_12,Antimicrobial Treatment,,26.0,87.26,2268.76,2268.76,1,,
CLM-31685,Franchise_NY_12,Antimicrobial Treatment,,34.0,16.7,567.8,567.8,1,,
CLM-78136,Franchise_NY_12,Baseboard Replacement,,8.0,41.39,331.12,197.54,0,,
CLM-78194,Franchise_FL_04,Antimicrobial Treatment,2025-10-02,23.0,76.58,1761.34,1761.34,1,10.0,3.0
CLM-41898,Franchise_NY_12,Drywall Repair,,43.0,116.53,5010.79,5010.79,1,,
CLM-13567,Franchise_FL_04,Antimicrobial Treatment,2025-05-14,50.0,78.09,3904.5,3904.5,1,5.0,2.0
CLM-42447,Franchise_FL_04,Dehumidifier Rental,2025-12-19,28.0,45.16,1264.48,892.23,0,12.0,4.0
CLM-72725,Franchise_FL_04,Antimicrobial Treatment,2025-11-29,41.0,141.43,5798.63,3952.82,0,11.0,5.0
CLM-50223,Franchise_NY_12,Baseboard Replacement,,15.0,125.26,1878.9,1878.9,1,,
CLM-83859,Franchise_NY_12,Dehumidifier Rental,,16.0,40.77,652.32,652.32,1,,
CLM-44522,Franchise_NY_12,Drywall Repair,,14.0,24.14,337.96,337.96,1,,
CLM-62251,Franchise_NY_12,Dehumidifier Rental,,26.0,45.74,1189.24,1189.24,1,,
CLM-35517,Franchise_TX_01,Antimicrobial Treatment - MISC,,22.0,134.52,2959.44,2959.44,1,,
CLM-78426,Franchise_NY_12,Water Extraction,,14.0,93.84,1313.76,1313.76,1,,
CLM-90131,Franchise_FL_04,Drywall Repair,2025-11-25,25.0,101.17,2529.25,2529.25,1,11.0,1.0
CLM-48938,Franchise_TX_01,Drywall Repair,,29.0,70.93,2056.97,1325.88,0,,
CLM-47407,Franchise_NY_12,Dehumidifier Rental,,23.0,112.37,2584.51,2584.51,1,,
CLM-93236,Franchise_NY_12,Water Extraction,,33.0,56.23,1855.59,1389.14,0,,
CLM-78995,Franchise_NY_12,Water Extraction,,30.0,94.34,2830.2,1922.86,0,,
CLM-84666,Franchise_FL_04,Baseboard Replacement,2025-08-07,46.0,84.71,3896.66,3896.66,1,8.0,3.0
CLM-47912,Franchise_FL_04,Antimicrobial Treatment,2025-03-21,40.0,104.21,4168.4,4168.4,1,3.0,4.0
CLM-72113,Franchise_FL_04,Dehumidifier Rental,2025-09-08,15.0,134.9,2023.5,1006.43,0,9.0,0.0
CLM-27413,Franchise_NY_12,Drywall Repair,,5.0,23.49,117.45,117.45,1,,
CLM-96691,Franchise_TX_01,Baseboard Replacement,,16.0,22.91,366.56,212.05,0,,
CLM-53672,Franchise_FL_04,Drywall Repair,2025-06-01,46.0,73.29,3371.34,3371.34,1,6.0,6.0
CLM-93662,Franchise_NY_12,Drywall Repair,,27.0,107.29,2896.83,2366.53,0,,
CLM-61829,Franchise_TX_01,Water Extraction,,22.0,86.04,1892.88,1892.88,1,,
CLM-14305,Franchise_TX_01,Antimicrobial Treatment - MISC,,7.0,126.97,888.79,765.01,0,,
CLM-30060,Franchise_NY_12,Dehumidifier Rental,,23.0,60.24,1385.52,916.16,0,,
CLM-36051,Franchise_FL_04,Water Extraction,2025-04-01,30.0,138.47,4154.1,4154.1,1,4.0,1.0
CLM-97300,Franchise_NY_12,Dehumidifier Rental,,24.0,17.53,420.72,420.72,1,,
CLM-20978,Franchise_NY_12,Water Extraction,,38.0,144.5,5491.0,5491.0,1,,
CLM-38525,Franchise_FL_04,Drywall Repair,2025-08-13,36.0,82.15,2957.4,2592.28,0,8.0,2.0
CLM-47237,Franchise_NY_12,Dehumidifier Rental,,34.0,66.98,2277.32,2277.32,1,,
CLM-55866,Franchise_FL_04,Drywall Repair,2025-05-16,33.0,56.61,1868.13,1868.13,1,5.0,4.0
CLM-41440,Franchise_TX_01,Water Extraction,,8.0,64.64,517.12,281.24,0,,
CLM-25055,Franchise_NY_12,Drywall Repair,,21.0,55.91,1174.11,1174.11,1,,
CLM-51971,Franchise_NY_12,Dehumidifier Rental,,48.0,125.13,6006.24,6006.24,1,,
CLM-74507,Franchise_FL_04,Water Extraction,2025-09-17,7.0,50.33,352.31,194.65,0,9.0,2.0
CLM-53555,Franchise_FL_04,Dehumidifier Rental,2025-09-29,45.0,52.33,2354.85,1431.97,0,9.0,0.0
CLM-80307,Franchise_TX_01,Baseboard Replacement - MISC,,43.0,95.84,4121.12,4121.12,1,,
CLM-76449,Franchise_FL_04,Water Extraction,2025-01-11,6.0,107.69,646.14,424.82,0,1.0,5.0
CLM-72629,Franchise_FL_04,Antimicrobial Treatment,2025-11-15,3.0,89.6,268.8,171.88,0,11.0,5.0
CLM-52511,Franchise_FL_04,Drywall Repair,2025-01-10,28.0,123.88,3468.64,3468.64,1,1.0,4.0
CLM-18556,Franchise_TX_01,Water Extraction,,8.0,27.84,222.72,126.89,0,,
CLM-62514,Franchise_FL_04,Antimicrobial Treatment,2025-11-24,23.0,88.56,2036.88,1480.98,0,11.0,0.0
CLM-10080,Franchise_FL_04,Antimicrobial Treatment,2025-05-30,39.0,122.72,4786.08,4786.08,1,5.0,4.0
CLM-45922,Franchise_NY_12,Baseboard Replacement,,38.0,39.89,1515.82,629.27,0,,
CLM-31196,Franchise_NY_12,Dehumidifier Rental,,3.0,42.59,127.77,56.58,0,,
CLM-30229,Franchise_NY_12,Baseboard Replacement,,50.0,42.07,2103.5,2103.5,1,,
CLM-22259,Franchise_TX_01,Dehumidifier Rental - MISC,,23.0,139.53,3209.19,2164.07,0,,
CLM-82513,Franchise_NY_12,Drywall Repair,,8.0,60.08,480.64,480.64,1,,
CLM-92889,Franchise_NY_12,Antimicrobial Treatment,,40.0,127.38,5095.2,3596.11,0,,
CLM-30643,Franchise_TX_01,Dehumidifier Rental - MISC,,4.0,19.58,78.32,78.32,1,,
CLM-87961,Franchise_TX_01,Antimicrobial Treatment,,22.0,79.21,1742.62,1742.62,1,,
CLM-56631,Franchise_FL_04,Water Extraction,2025-10-23,6.0,22.31,133.86,74.44,0,10.0,3.0
CLM-46917,Franchise_FL_04,Baseboard Replacement,2025-12-26,25.0,101.48,2537.0,2537.0,1,12.0,4.0
CLM-76028,Franchise_NY_12,Baseboard Replacement,,34.0,43.75,1487.5,795.56,0,,
CLM-36195,Franchise_NY_12,Drywall Repair,,37.0,88.32,3267.84,1797.43,0,,
CLM-29414,Franchise_NY_12,Baseboard Replacement,,5.0,137.81,689.05,479.93,0,,
CLM-70323,Franchise_TX_01,Baseboard Replacement,,22.0,78.23,1721.06,1010.46,0,,
CLM-80593,Franchise_NY_12,Baseboard Replacement,,10.0,79.4,794.0,794.0,1,,
CLM-63045,Franchise_TX_01,Water Extraction - MISC,,48.0,81.55,3914.4,2151.34,0,,
CLM-41281,Franchise_NY_12,Antimicrobial Treatment,,27.0,98.47,2658.69,2134.07,0,,
CLM-32331,Franchise_TX_01,Water Extraction,,15.0,60.88,913.2,913.2,1,,
CLM-11917,Franchise_FL_04,Baseboard Replacement,2025-03-06,7.0,29.12,203.84,177.59,0,3.0,3.0
CLM-70209,Franchise_NY_12,Drywall Repair,,38.0,125.22,4758.36,4758.36,1,,
CLM-20443,Franchise_TX_01,Water Extraction,,3.0,23.41,70.23,61.27,0,,
CLM-30866,Franchise_NY_12,Water Extraction,,18.0,23.11,415.98,415.98,1,,
CLM-66459,Franchise_FL_04,Baseboard Replacement,2025-01-04,18.0,98.91,1780.38,1780.38,1,1.0,5.0
CLM-62665,Franchise_TX_01,Dehumidifier Rental,,30.0,110.23,3306.9,3306.9,1,,
CLM-48046,Franchise_FL_04,Water Extraction,2025-12-31,29.0,62.63,1816.27,1363.54,0,12.0,2.0
CLM-63667,Franchise_TX_01,Water Extraction,,32.0,137.0,4384.0,4384.0,1,,
CLM-32739,Franchise_NY_12,Dehumidifier Rental,,13.0,75.5,981.5,508.98,0,,
CLM-18273,Franchise_FL_04,Dehumidifier Rental,2025-04-11,15.0,92.86,1392.9,597.53,0,4.0,4.0
CLM-47274,Franchise_FL_04,Water Extraction,2025-02-01,5.0,34.16,170.8,170.8,1,2.0,5.0
CLM-39269,Franchise_TX_01,Antimicrobial Treatment - MISC,,31.0,149.17,4624.27,4624.27,1,,
CLM-53829,Franchise_TX_01,Antimicrobial Treatment,,16.0,126.45,2023.2,2023.2,1,,
CLM-71727,Franchise_NY_12,Drywall Repair,,34.0,66.34,2255.56,1672.93,0,,
CLM-18105,Franchise_TX_01,Baseboard Replacement,,9.0,109.26,983.34,983.34,1,,
CLM-17051,Franchise_TX_01,Drywall Repair - MISC,,42.0,149.23,6267.66,3147.58,0,,
CLM-67247,Franchise_FL_04,Antimicrobial Treatment,2025-12-24,46.0,25.84,1188.64,1188.64,1,12.0,2.0
CLM-78114,Franchise_TX_01,Drywall Repair,,15.0,32.86,492.9,492.9,1,,
CLM-91682,Franchise_TX_01,Baseboard Replacement,,34.0,26.07,886.38,886.38,1,,
CLM-84837,Franchise_NY_12,Dehumidifier Rental,,15.0,85.38,1280.7,1280.7,1,,
CLM-89862,Franchise_FL_04,Antimicrobial Treatment,2025-09-04,18.0,142.05,2556.9,2095.21,0,9.0,3.0
CLM-61983,Franchise_TX_01,Dehumidifier Rental,,2.0,15.18,30.36,30.36,1,,
CLM-29485,Franchise_FL_04,Dehumidifier Rental,2025-04-25,16.0,125.85,2013.6,2013.6,1,4.0,4.0
CLM-63542,Franchise_NY_12,Baseboard Replacement,,40.0,82.94,3317.6,3317.6,1,,
CLM-44458,Franchise_FL_04,Water Extraction,2025-11-10,41.0,54.83,2248.03,2248.03,1,11.0,0.0
CLM-91835,Franchise_TX_01,Baseboard Replacement,,20.0,123.79,2475.8,2094.53,0,,
CLM-45364,Franchise_NY_12,Drywall Repair,,6.0,139.8,838.8,744.14,0,,
CLM-11797,Franchise_NY_12,Antimicrobial Treatment,,17.0,126.09,2143.53,2143.53,1,,
CLM-65918,Franchise_TX_01,Dehumidifier Rental,,28.0,96.61,2705.08,1775.55,0,,
CLM-40997,Franchise_NY_12,Dehumidifier Rental,,14.0,54.95,769.3,769.3,1,,
CLM-90347,Franchise_FL_04,Water Extraction,2025-12-02,8.0,90.63,725.04,725.04,1,12.0,1.0
CLM-57435,Franchise_FL_04,Dehumidifier Rental,2025-01-23,39.0,144.06,5618.34,5618.34,1,1.0,3.0
CLM-24710,Franchise_NY_12,Drywall Repair,,17.0,108.95,1852.15,1252.57,0,,
CLM-46932,Franchise_NY_12,Antimicrobial Treatment,,43.0,15.01,645.43,565.41,0,,
CLM-16088,Franchise_FL_04,Antimicrobial Treatment,2025-12-07,41.0,55.41,2271.81,1584.89,0,12.0,6.0
CLM-87034,Franchise_TX_01,Water Extraction,,49.0,116.83,5724.67,5724.67,1,,
CLM-19981,Franchise_NY_12,Baseboard Replacement,,39.0,96.92,3779.88,3011.53,0,,
CLM-98979,Franchise_TX_01,Baseboard Replacement,,39.0,114.04,4447.56,2487.74,0,,
CLM-98534,Franchise_TX_01,Antimicrobial Treatment,,38.0,102.49,3894.62,3894.62,1,,
CLM-43676,Franchise_TX_01,Baseboard Replacement,,48.0,109.68,5264.64,4179.94,0,,
CLM-55828,Franchise_TX_01,Baseboard Replacement,,47.0,67.2,3158.4,3158.4,1,,
CLM-60492,Franchise_FL_04,Drywall Repair,2025-03-12,24.0,27.16,651.84,651.84,1,3.0,2.0
CLM-31705,Franchise_TX_01,Water Extraction,,8.0,133.37,1066.96,644.45,0,,
CLM-15837,Franchise_NY_12,Drywall Repair,,36.0,101.11,3639.96,3639.96,1,,
CLM-39976,Franchise_TX_01,Drywall Repair - MISC,,24.0,105.87,2540.88,2540.88,1,,
CLM-84005,Franchise_FL_04,Baseboard Replacement,2025-03-30,21.0,58.57,1229.97,1229.97,1,3.0,6.0
CLM-28748,Franchise_NY_12,Dehumidifier Rental,,22.0,17.43,383.46,325.09,0,,
CLM-32064,Franchise_NY_12,Water Extraction,,43.0,44.72,1922.96,1380.83,0,,
CLM-19507,Franchise_TX_01,Water Extraction,,27.0,83.54,2255.58,993.47,0,,
CLM-24463,Franchise_NY_12,Dehumidifier Rental,,38.0,110.07,4182.66,1967.66,0,,
CLM-76621,Franchise_NY_12,Baseboard Replacement,,44.0,51.01,2244.44,1384.34,0,,
CLM-62640,Franchise_FL_04,Drywall Repair,2025-07-17,26.0,99.37,2583.62,2583.62,1,7.0,3.0
CLM-88280,Franchise_FL_04,Baseboard Replacement,2025-03-06,46.0,46.03,2117.38,1839.17,0,3.0,3.0
CLM-76746,Franchise_FL_04,Baseboard Replacement,2025-06-22,40.0,65.88,2635.2,1222.57,0,6.0,6.0
CLM-46417,Franchise_FL_04,Water Extraction,2025-10-31,21.0,119.36,2506.56,2506.56,1,10.0,4.0
CLM-84308,Franchise_NY_12,Dehumidifier Rental,,5.0,60.05,300.25,300.25,1,,
CLM-72066,Franchise_FL_04,Antimicrobial Treatment,2025-08-07,50.0,147.16,7358.0,5738.96,0,8.0,3.0
CLM-58115,Franchise_NY_12,Dehumidifier Rental,,21.0,56.78,1192.38,1192.38,1,,
CLM-26050,Franchise_TX_01,Baseboard Replacement,,18.0,45.59,820.62,820.62,1,,
CLM-46706,Franchise_NY_12,Water Extraction,,44.0,42.27,1859.88,1859.88,1,,
CLM-66547,Franchise_NY_12,Antimicrobial Treatment,,4.0,113.14,452.56,319.77,0,,
CLM-77739,Franchise_NY_12,Drywall Repair,,12.0,64.36,772.32,772.32,1,,
CLM-15036,Franchise_TX_01,Antimicrobial Treatment,,39.0,54.3,2117.7,2117.7,1,,
CLM-39269,Franchise_NY_12,Water Extraction,,43.0,65.66,2823.38,2823.38,1,,
CLM-82332,Franchise_NY_12,Dehumidifier Rental,,38.0,116.9,4442.2,3541.31,0,,
CLM-91042,Franchise_FL_04,Baseboard Replacement,2025-12-07,38.0,103.14,3919.32,3246.81,0,12.0,6.0
CLM-40050,Franchise_NY_12,Dehumidifier Rental,,29.0,79.14,2295.06,2295.06,1,,
CLM-66590,Franchise_FL_04,Dehumidifier Rental,2025-02-17,2.0,17.25,34.5,34.5,1,2.0,0.0
CLM-51016,Franchise_TX_01,Water Extraction,,34.0,50.6,1720.4,1720.4,1,,
CLM-60360,Franchise_NY_12,Antimicrobial Treatment,,49.0,34.68,1699.32,1699.32,1,,
CLM-71240,Franchise_FL_04,Baseboard Replacement,2025-12-17,2.0,142.44,284.88,221.3,0,12.0,2.0
CLM-62973,Franchise_NY_12,Antimicrobial Treatment,,49.0,38.77,1899.73,1899.73,1,,
CLM-99836,Franchise_NY_12,Antimicrobial Treatment,,9.0,59.91,539.19,419.37,0,,
CLM-81178,Franchise_FL_04,Water Extraction,2025-06-13,35.0,68.14,2384.9,1178.21,0,6.0,4.0
CLM-85149,Franchise_FL_04,Drywall Repair,2025-05-06,23.0,46.55,1070.65,1070.65,1,5.0,1.0
CLM-45479,Franchise_NY_12,Antimicrobial Treatment,,49.0,85.45,4187.05,4187.05,1,,
CLM-10394,Franchise_FL_04,Antimicrobial Treatment,2025-08-17,47.0,35.14,1651.58,1651.58,1,8.0,6.0
CLM-77777,Franchise_NY_12,Baseboard Replacement,,47.0,94.55,4443.85,4443.85,1,,
CLM-63068,Franchise_TX_01,Dehumidifier Rental - MISC,,37.0,120.43,4455.91,3153.38,0,,
CLM-14363,Franchise_NY_12,Water Extraction,,2.0,118.75,237.5,139.93,0,,
CLM-94118,Franchise_FL_04,Water Extraction,2025-02-27,16.0,144.92,2318.72,2318.72,1,2.0,3.0
CLM-45572,Franchise_TX_01,Antimicrobial Treatment,,22.0,34.25,753.5,753.5,1,,
CLM-71726,Franchise_FL_04,Baseboard Replacement,2025-04-28,30.0,121.54,3646.2,3646.2,1,4.0,0.0
CLM-27900,Franchise_FL_04,Water Extraction,2025-09-05,41.0,90.21,3698.61,3698.61,1,9.0,4.0
CLM-26968,Franchise_TX_01,Dehumidifier Rental - MISC,,43.0,144.16,6198.88,6198.88,1,,
CLM-86622,Franchise_FL_04,Drywall Repair,2025-06-16,10.0,87.43,874.3,553.12,0,6.0,0.0
CLM-21634,Franchise_FL_04,Water Extraction,2025-07-25,40.0,44.32,1772.8,1772.8,1,7.0,4.0
CLM-23654,Franchise_TX_01,Dehumidifier Rental,,2.0,106.55,213.1,87.58,0,,
CLM-42609,Franchise_NY_12,Antimicrobial Treatment,,17.0,47.52,807.84,530.5,0,,
CLM-77009,Franchise_TX_01,Drywall Repair,,45.0,101.81,4581.45,2008.11,0,,
CLM-78225,Franchise_NY_12,Dehumidifier Rental,,18.0,143.75,2587.5,1299.21,0,,
CLM-49979,Franchise_TX_01,Antimicrobial Treatment,,23.0,69.52,1598.96,1598.96,1,,
CLM-88348,Franchise_NY_12,Drywall Repair,,18.0,26.26,472.68,472.68,1,,
CLM-21381,Franchise_FL_04,Drywall Repair,2025-02-05,2.0,115.01,230.02,230.02,1,2.0,2.0
CLM-17666,Franchise_FL_04,Drywall Repair,2025-03-26,23.0,81.09,1865.07,1289.08,0,3.0,2.0
CLM-61431,Franchise_TX_01,Dehumidifier Rental,,33.0,128.63,4244.79,4244.79,1,,
CLM-51948,Franchise_NY_12,Dehumidifier Rental,,10.0,30.72,307.2,307.2,1,,
CLM-83397,Franchise_TX_01,Baseboard Replacement,,43.0,80.04,3441.72,3441.72,1,,
CLM-52107,Franchise_FL_04,Drywall Repair,2025-07-16,19.0,43.52,826.88,826.88,1,7.0,2.0
CLM-70917,Franchise_NY_12,Baseboard Replacement,,44.0,139.88,6154.72,6154.72,1,,
CLM-47475,Franchise_NY_12,Baseboard Replacement,,31.0,40.61,1258.91,1258.91,1,,
CLM-95537,Franchise_FL_04,Drywall Repair,2025-06-18,14.0,34.4,481.6,213.48,0,6.0,2.0
CLM-46681,Franchise_TX_01,Dehumidifier Rental,,2.0,72.3,144.6,144.6,1,,
CLM-14344,Franchise_FL_04,Antimicrobial Treatment,2025-08-28,9.0,99.46,895.14,536.8,0,8.0,3.0
CLM-44742,Franchise_NY_12,Water Extraction,,44.0,33.68,1481.92,1249.09,0,,
CLM-76003,Franchise_TX_01,Baseboard Replacement,,38.0,65.99,2507.62,2507.62,1,,
CLM-61987,Franchise_FL_04,Antimicrobial Treatment,2025-02-05,4.0,66.57,266.28,222.05,0,2.0,2.0
CLM-15414,Franchise_TX_01,Drywall Repair - MISC,,36.0,24.85,894.6,555.59,0,,
CLM-23073,Franchise_NY_12,Dehumidifier Rental,,16.0,35.0,560.0,560.0,1,,
CLM-70700,Franchise_TX_01,Antimicrobial Treatment - MISC,,22.0,121.89,2681.58,1507.65,0,,
CLM-88981,Franchise_FL_04,Dehumidifier Rental,2025-06-23,7.0,113.66,795.62,395.14,0,6.0,0.0
CLM-18052,Franchise_FL_04,Dehumidifier Rental,2025-11-21,46.0,34.57,1590.22,788.69,0,11.0,4.0
CLM-65089,Franchise_NY_12,Antimicrobial Treatment,,28.0,80.3,2248.4,1824.27,0,,
CLM-89190,Franchise_FL_04,Dehumidifier Rental,2025-05-07,42.0,95.49,4010.58,2321.81,0,5.0,2.0
CLM-72342,Franchise_TX_01,Dehumidifier Rental,,49.0,36.21,1774.29,1774.29,1,,
CLM-77333,Franchise_TX_01,Drywall Repair,,38.0,128.58,4886.04,2401.93,0,,
CLM-88374,Franchise_NY_12,Water Extraction,,7.0,115.54,808.78,808.78,1,,
CLM-41204,Franchise_NY_12,Drywall Repair,,50.0,86.85,4342.5,2189.47,0,,
CLM-97861,Franchise_TX_01,Baseboard Replacement,,39.0,103.89,4051.71,4051.71,1,,
CLM-84918,Franchise_FL_04,Drywall Repair,2025-10-15,18.0,16.44,295.92,295.92,1,10.0,2.0
CLM-88486,Franchise_NY_12,Drywall Repair,,5.0,123.89,619.45,619.45,1,,
CLM-72728,Franchise_FL_04,Baseboard Replacement,2025-05-28,43.0,82.25,3536.75,3536.75,1,5.0,2.0
CLM-83071,Franchise_NY_12,Antimicrobial Treatment,,17.0,108.29,1840.93,1840.93,1,,
CLM-45096,Franchise_NY_12,Baseboard Replacement,,6.0,121.76,730.56,300.16,0,,
CLM-80568,Franchise_FL_04,Drywall Repair,2025-11-21,24.0,105.16,2523.84,2523.84,1,11.0,4.0
CLM-11798,Franchise_TX_01,Dehumidifier Rental,,36.0,121.58,4376.88,4376.88,1,,
CLM-41627,Franchise_FL_04,Drywall Repair,2025-07-03,6.0,27.15,162.9,89.0,0,7.0,3.0
CLM-49072,Franchise_TX_01,Water Extraction,,34.0,116.17,3949.78,3949.78,1,,
CLM-96989,Franchise_FL_04,Drywall Repair,2025-01-04,21.0,149.62,3142.02,3142.02,1,1.0,5.0
CLM-96693,Franchise_TX_01,Baseboard Replacement - MISC,,35.0,23.97,838.95,838.95,1,,
CLM-66403,Franchise_FL_04,Antimicrobial Treatment,2025-02-26,32.0,50.83,1626.56,1626.56,1,2.0,2.0
CLM-87315,Franchise_NY_12,Dehumidifier Rental,,32.0,141.88,4540.16,4540.16,1,,
CLM-86949,Franchise_NY_12,Antimicrobial Treatment,,29.0,101.69,2949.01,2949.01,1,,
CLM-70822,Franchise_NY_12,Water Extraction,,10.0,108.19,1081.9,1081.9,1,,
CLM-62980,Franchise_NY_12,Baseboard Replacement,,24.0,93.11,2234.64,1979.11,0,,
CLM-74959,Franchise_TX_01,Baseboard Replacement,,28.0,20.91,585.48,585.48,1,,
CLM-23838,Franchise_FL_04,Baseboard Replacement,2025-11-10,41.0,76.94,3154.54,2172.29,0,11.0,0.0
CLM-49443,Franchise_TX_01,Drywall Repair - MISC,,37.0,124.84,4619.08,4619.08,1,,
CLM-29247,Franchise_FL_04,Drywall Repair,2025-10-06,39.0,61.43,2395.77,2395.77,1,10.0,0.0
CLM-48120,Franchise_TX_01,Drywall Repair,,20.0,48.44,968.8,968.8,1,,
CLM-36778,Franchise_TX_01,Baseboard Replacement,,20.0,77.62,1552.4,1552.4,1,,
CLM-91841,Franchise_FL_04,Dehumidifier Rental,2025-05-19,36.0,55.37,1993.32,1993.32,1,5.0,0.0
CLM-67174,Franchise_TX_01,Antimicrobial Treatment - MISC,,14.0,142.78,1998.92,1998.92,1,,
CLM-38031,Franchise_NY_12,Antimicrobial Treatment,,16.0,107.71,1723.36,956.92,0,,
CLM-38394,Franchise_FL_04,Baseboard Replacement,2025-08-07,15.0,83.92,1258.8,1258.8,1,8.0,3.0
CLM-68639,Franchise_FL_04,Water Extraction,2025-01-24,30.0,45.52,1365.6,1365.6,1,1.0,4.0
CLM-80797,Franchise_TX_01,Drywall Repair,,7.0,143.51,1004.57,1004.57,1,,
CLM-68469,Franchise_TX_01,Drywall Repair,,35.0,35.85,1254.75,1254.75,1,,
CLM-79053,Franchise_TX_01,Drywall Repair,,21.0,18.1,380.1,380.1,1,,
CLM-25860,Franchise_NY_12,Baseboard Replacement,,14.0,107.63,1506.82,1506.82,1,,
CLM-52082,Franchise_TX_01,Dehumidifier Rental,,41.0,105.66,4332.06,4332.06,1,,
CLM-57135,Franchise_FL_04,Drywall Repair,2025-04-15,9.0,32.16,289.44,289.44,1,4.0,1.0
CLM-36383,Franchise_FL_04,Water Extraction,2025-07-13,37.0,81.69,3022.53,3022.53,1,7.0,6.0
CLM-25819,Franchise_NY_12,Drywall Repair,,50.0,57.65,2882.5,2882.5,1,,
CLM-86519,Franchise_NY_12,Drywall Repair,,25.0,22.25,556.25,475.01,0,,
CLM-90128,Franchise_TX_01,Antimicrobial Treatment - MISC,,49.0,126.62,6204.38,6204.38,1,,
CLM-22433,Franchise_TX_01,Water Extraction,,9.0,32.47,292.23,204.71,0,,
CLM-93505,Franchise_TX_01,Dehumidifier Rental - MISC,,46.0,146.73,6749.58,6749.58,1,,
CLM-88715,Franchise_TX_01,Baseboard Replacement,,10.0,43.6,436.0,250.32,0,,
CLM-49545,Franchise_TX_01,Drywall Repair - MISC,,3.0,61.48,184.44,184.44,1,,
CLM-61556,Franchise_TX_01,Dehumidifier Rental,,37.0,128.69,4761.53,4761.53,1,,
CLM-41763,Franchise_TX_01,Antimicrobial Treatment,,49.0,51.26,2511.74,1520.96,0,,
CLM-88925,Franchise_FL_04,Water Extraction,2025-09-28,28.0,97.8,2738.4,1996.87,0,9.0,6.0
CLM-22470,Franchise_NY_12,Drywall Repair,,43.0,40.23,1729.89,1729.89,1,,
CLM-31410,Franchise_FL_04,Antimicrobial Treatment,2025-10-02,5.0,114.39,571.95,375.66,0,10.0,3.0
CLM-14639,Franchise_NY_12,Drywall Repair,,15.0,92.22,1383.3,1242.64,0,,
CLM-64851,Franchise_TX_01,Water Extraction,,41.0,20.9,856.9,856.9,1,,
CLM-28486,Franchise_TX_01,Baseboard Replacement,,25.0,77.61,1940.25,1940.25,1,,
CLM-83358,Franchise_NY_12,Dehumidifier Rental,,32.0,120.74,3863.68,1878.72,0,,
CLM-79828,Franchise_FL_04,Drywall Repair,2025-01-19,47.0,62.2,2923.4,2064.53,0,1.0,6.0
CLM-13277,Franchise_NY_12,Baseboard Replacement,,1.0,115.38,115.38,115.38,1,,
CLM-81138,Franchise_NY_12,Baseboard Replacement,,30.0,110.84,3325.2,3325.2,1,,
CLM-49916,Franchise_TX_01,Water Extraction,,23.0,40.05,921.15,921.15,1,,
CLM-14809,Franchise_TX_01,Dehumidifier Rental,,35.0,31.26,1094.1,1094.1,1,,
CLM-81441,Franchise_TX_01,Water Extraction,,32.0,63.27,2024.64,1784.87,0,,
CLM-18418,Franchise_NY_12,Drywall Repair,,18.0,148.39,2671.02,1345.06,0,,
CLM-64950,Franchise_NY_12,Drywall Repair,,7.0,116.52,815.64,541.65,0,,
CLM-33384,Franchise_FL_04,Antimicrobial Treatment,2025-02-10,45.0,122.77,5524.65,2990.57,0,2.0,0.0
CLM-45920,Franchise_FL_04,Water Extraction,2025-01-10,35.0,20.02,700.7,513.79,0,1.0,4.0
CLM-98878,Franchise_FL_04,Drywall Repair,2025-02-03,50.0,36.05,1802.5,1802.5,1,2.0,0.0
CLM-36848,Franchise_TX_01,Antimicrobial Treatment,,26.0,81.73,2124.98,2124.98,1,,
CLM-64983,Franchise_FL_04,Drywall Repair,2025-09-13,45.0,40.62,1827.9,1827.9,1,9.0,5.0
CLM-39078,Franchise_NY_12,Baseboard Replacement,,13.0,22.51,292.63,292.63,1,,
CLM-40696,Franchise_NY_12,Baseboard Replacement,,2.0,51.1,102.2,102.2,1,,
CLM-52067,Franchise_TX_01,Dehumidifier Rental,,12.0,102.64,1231.68,1231.68,1,,
CLM-39007,Franchise_NY_12,Baseboard Replacement,,2.0,115.19,230.38,108.1,0,,
CLM-37853,Franchise_NY_12,Dehumidifier Rental,,49.0,121.83,5969.67,5969.67,1,,
CLM-80462,Franchise_NY_12,Dehumidifier Rental,,21.0,95.36,2002.56,1537.07,0,,
CLM-73064,Franchise_NY_12,Antimicrobial Treatment,,17.0,36.44,619.48,298.23,0,,
CLM-15229,Franchise_NY_12,Dehumidifier Rental,,23.0,128.24,2949.52,2949.52,1,,
CLM-11408,Franchise_NY_12,Baseboard Replacement,,40.0,37.0,1480.0,694.95,0,,
CLM-55643,Franchise_TX_01,Drywall Repair,,17.0,76.18,1295.06,1295.06,1,,
CLM-23987,Franchise_FL_04,Drywall Repair,2025-07-24,49.0,105.13,5151.37,2880.33,0,7.0,3.0
CLM-92844,Franchise_FL_04,Baseboard Replacement,2025-02-19,25.0,49.9,1247.5,694.16,0,2.0,2.0
CLM-67604,Franchise_FL_04,Antimicrobial Treatment,2025-07-25,38.0,70.13,2664.94,2664.94,1,7.0,4.0
CLM-43089,Franchise_FL_04,Water Extraction,2025-04-19,16.0,24.55,392.8,163.59,0,4.0,5.0
CLM-16517,Franchise_NY_12,Baseboard Replacement,,13.0,118.17,1536.21,1050.25,0,,
CLM-95798,Franchise_FL_04,Baseboard Replacement,2025-02-13,46.0,124.01,5704.46,3899.87,0,2.0,3.0
CLM-15811,Franchise_NY_12,Dehumidifier Rental,,47.0,50.42,2369.74,2369.74,1,,
CLM-86084,Franchise_FL_04,Dehumidifier Rental,2025-07-16,38.0,65.33,2482.54,2482.54,1,7.0,2.0
CLM-31992,Franchise_NY_12,Drywall Repair,,29.0,32.62,945.98,945.98,1,,
CLM-23406,Franchise_TX_01,Drywall Repair - MISC,,46.0,90.27,4152.42,4152.42,1,,
CLM-11523,Franchise_TX_01,Dehumidifier Rental,,17.0,114.5,1946.5,1946.5,1,,
CLM-96068,Franchise_NY_12,Antimicrobial Treatment,,23.0,42.03,966.69,966.69,1,,
CLM-93401,Franchise_FL_04,Water Extraction,2025-10-02,26.0,47.17,1226.42,1226.42,1,10.0,3.0
CLM-42345,Franchise_FL_04,Drywall Repair,2025-08-23,19.0,119.85,2277.15,1531.33,0,8.0,5.0
CLM-18008,Franchise_FL_04,Dehumidifier Rental,2025-03-25,3.0,61.77,185.31,185.31,1,3.0,1.0
CLM-28444,Franchise_NY_12,Drywall Repair,,45.0,45.93,2066.85,2066.85,1,,
CLM-52810,Franchise_FL_04,Water Extraction,2025-05-16,38.0,100.97,3836.86,1765.44,0,5.0,4.0
CLM-58855,Franchise_FL_04,Drywall Repair,2025-04-26,45.0,92.88,4179.6,4179.6,1,4.0,5.0
CLM-52099,Franchise_FL_04,Baseboard Replacement,2025-05-25,10.0,69.49,694.9,694.9,1,5.0,6.0
CLM-12943,Franchise_FL_04,Baseboard Replacement,2025-10-05,40.0,126.44,5057.6,5057.6,1,10.0,6.0
CLM-20224,Franchise_TX_01,Dehumidifier Rental,,12.0,146.11,1753.32,1753.32,1,,
CLM-34795,Franchise_TX_01,Drywall Repair,,13.0,98.55,1281.15,597.95,0,,
CLM-75831,Franchise_NY_12,Baseboard Replacement,,30.0,30.92,927.6,404.31,0,,
CLM-72109,Franchise_TX_01,Drywall Repair,,10.0,59.39,593.9,593.9,1,,
CLM-50256,Franchise_NY_12,Drywall Repair,,29.0,107.78,3125.62,3125.62,1,,
CLM-14117,Franchise_NY_12,Dehumidifier Rental,,34.0,117.76,4003.84,3275.32,0,,
CLM-57130,Franchise_TX_01,Antimicrobial Treatment,,19.0,143.85,2733.15,2186.22,0,,
CLM-69909,Franchise_TX_01,Baseboard Replacement,,30.0,25.43,762.9,762.9,1,,
CLM-96771,Franchise_NY_12,Antimicrobial Treatment,,6.0,121.66,729.96,654.91,0,,
CLM-69909,Franchise_NY_12,Water Extraction,,13.0,16.46,213.98,213.98,1,,
CLM-80881,Franchise_FL_04,Baseboard Replacement,2025-10-03,7.0,45.38,317.66,317.66,1,10.0,4.0
CLM-89201,Franchise_NY_12,Water Extraction,,34.0,38.54,1310.36,1310.36,1,,
CLM-15730,Franchise_TX_01,Water Extraction,,4.0,101.38,405.52,405.52,1,,
CLM-24698,Franchise_NY_12,Antimicrobial Treatment,,26.0,62.48,1624.48,1624.48,1,,
CLM-98758,Franchise_TX_01,Dehumidifier Rental,,19.0,114.43,2174.17,2174.17,1,,
CLM-66520,Franchise_NY_12,Drywall Repair,,13.0,19.17,249.21,249.21,1,,
CLM-89821,Franchise_FL_04,Dehumidifier Rental,2025-07-05,45.0,128.33,5774.85,3211.44,0,7.0,5.0
CLM-80337,Franchise_TX_01,Antimicrobial Treatment - MISC,,28.0,94.19,2637.32,2637.32,1,,
CLM-53264,Franchise_NY_12,Antimicrobial Treatment,,43.0,108.51,4665.93,4128.1,0,,
CLM-28840,Franchise_TX_01,Dehumidifier Rental,,22.0,138.48,3046.56,1836.99,0,,
CLM-90329,Franchise_FL_04,Water Extraction,2025-04-13,36.0,28.85,1038.6,1038.6,1,4.0,6.0
CLM-30405,Franchise_TX_01,Water Extraction,,48.0,120.67,5792.16,3813.09,0,,
CLM-28630,Franchise_TX_01,Drywall Repair,,38.0,26.73,1015.74,1015.74,1,,
CLM-96476,Franchise_FL_04,Drywall Repair,2025-08-29,26.0,65.07,1691.82,1691.82,1,8.0,4.0
CLM-14164,Franchise_TX_01,Baseboard Replacement,,31.0,142.05,4403.55,1815.58,0,,
CLM-19681,Franchise_TX_01,Dehumidifier Rental,,15.0,35.73,535.95,535.95,1,,
CLM-91728,Franchise_NY_12,Dehumidifier Rental,,38.0,132.11,5020.18,2046.06,0,,
CLM-92515,Franchise_NY_12,Dehumidifier Rental,,15.0,56.11,841.65,626.25,0,,
CLM-73739,Franchise_NY_12,Antimicrobial Treatment,,21.0,94.59,1986.39,1667.54,0,,
CLM-16777,Franchise_NY_12,Antimicrobial Treatment,,25.0,49.63,1240.75,839.98,0,,
CLM-43241,Franchise_TX_01,Drywall Repair - MISC,,9.0,122.1,1098.9,1098.9,1,,
CLM-12128,Franchise_TX_01,Dehumidifier Rental,,43.0,82.58,3550.94,3550.94,1,,
CLM-43012,Franchise_TX_01,Antimicrobial Treatment,,30.0,34.46,1033.8,1033.8,1,,
CLM-90001,Franchise_NY_12,Antimicrobial Treatment,,32.0,111.88,3580.16,1752.94,0,,
CLM-16974,Franchise_FL_04,Baseboard Replacement,2025-02-10,43.0,38.22,1643.46,1082.6,0,2.0,0.0
CLM-88655,Franchise_NY_12,Water Extraction,,33.0,142.83,4713.39,4713.39,1,,
CLM-64412,Franchise_NY_12,Water Extraction,,46.0,147.6,6789.6,4062.96,0,,
CLM-20434,Franchise_NY_12,Dehumidifier Rental,,8.0,57.41,459.28,459.28,1,,
CLM-62786,Franchise_NY_12,Drywall Repair,,37.0,33.32,1232.84,916.2,0,,
CLM-48434,Franchise_NY_12,Water Extraction,,42.0,110.66,4647.72,3938.22,0,,
CLM-88534,Franchise_TX_01,Baseboard Replacement,,20.0,109.79,2195.8,2195.8,1,,
CLM-49396,Franchise_TX_01,Antimicrobial Treatment,,26.0,85.68,2227.68,1270.24,0,,
CLM-68641,Franchise_FL_04,Baseboard Replacement,2025-07-19,33.0,40.01,1320.33,720.83,0,7.0,5.0
CLM-35118,Franchise_NY_12,Dehumidifier Rental,,46.0,99.75,4588.5,2784.56,0,,
CLM-91531,Franchise_TX_01,Dehumidifier Rental,,49.0,127.25,6235.25,4411.7,0,,
CLM-84117,Franchise_FL_04,Antimicrobial Treatment,2025-05-07,37.0,133.27,4930.99,4930.99,1,5.0,2.0
CLM-19258,Franchise_FL_04,Antimicrobial Treatment,2025-02-12,2.0,105.7,211.4,211.4,1,2.0,2.0
CLM-45485,Franchise_NY_12,Baseboard Replacement,,18.0,59.0,1062.0,1062.0,1,,
CLM-30170,Franchise_TX_01,Drywall Repair,,28.0,114.4,3203.2,3203.2,1,,
CLM-20203,Franchise_TX_01,Water Extraction,,40.0,124.8,4992.0,2822.68,0,,
CLM-59414,Franchise_TX_01,Water Extraction,,19.0,16.32,310.08,259.12,0,,
CLM-79858,Franchise_TX_01,Drywall Repair - MISC,,50.0,55.75,2787.5,2787.5,1,,
CLM-77525,Franchise_NY_12,Dehumidifier Rental,,1.0,121.37,121.37,57.33,0,,
CLM-44609,Franchise_NY_12,Dehumidifier Rental,,27.0,104.46,2820.42,1518.96,0,,
CLM-82215,Franchise_NY_12,Drywall Repair,,34.0,145.94,4961.96,4961.96,1,,
CLM-38922,Franchise_FL_04,Dehumidifier Rental,2025-06-22,8.0,106.43,851.44,764.73,0,6.0,6.0
CLM-69978,Franchise_NY_12,Drywall Repair,,27.0,145.12,3918.24,3918.24,1,,
CLM-42516,Franchise_TX_01,Baseboard Replacement,,43.0,38.06,1636.58,1636.58,1,,
CLM-41046,Franchise_NY_12,Antimicrobial Treatment,,4.0,53.26,213.04,213.04,1,,
CLM-28636,Franchise_TX_01,Baseboard Replacement,,14.0,89.11,1247.54,1247.54,1,,
CLM-47017,Franchise_TX_01,Dehumidifier Rental,,48.0,55.15,2647.2,1593.3,0,,
CLM-11070,Franchise_FL_04,Antimicrobial Treatment,2025-02-18,9.0,90.98,818.82,818.82,1,2.0,1.0
CLM-68471,Franchise_TX_01,Baseboard Replacement,,29.0,137.14,3977.06,3977.06,1,,
CLM-71897,Franchise_FL_04,Water Extraction,2025-12-28,20.0,45.97,919.4,919.4,1,12.0,6.0
CLM-22208,Franchise_NY_12,Dehumidifier Rental,,7.0,50.12,350.84,207.12,0,,
CLM-57358,Franchise_FL_04,Baseboard Replacement,2025-08-25,17.0,85.97,1461.49,1461.49,1,8.0,0.0
CLM-75172,Franchise_TX_01,Dehumidifier Rental - MISC,,18.0,79.96,1439.28,1439.28,1,,
CLM-67839,Franchise_TX_01,Dehumidifier Rental,,13.0,143.51,1865.63,785.64,0,,
CLM-86348,Franchise_TX_01,Baseboard Replacement,,46.0,126.07,5799.22,4989.19,0,,
CLM-73065,Franchise_FL_04,Dehumidifier Rental,2025-10-01,50.0,23.17,1158.5,1158.5,1,10.0,2.0
CLM-68696,Franchise_TX_01,Water Extraction,,9.0,137.55,1237.95,940.3,0,,
CLM-93674,Franchise_NY_12,Drywall Repair,,46.0,39.73,1827.58,1827.58,1,,
CLM-56540,Franchise_FL_04,Baseboard Replacement,2025-09-23,24.0,125.68,3016.32,3016.32,1,9.0,1.0
CLM-39460,Franchise_TX_01,Drywall Repair,,10.0,113.38,1133.8,470.48,0,,
CLM-51930,Franchise_TX_01,Antimicrobial Treatment - MISC,,28.0,44.34,1241.52,1241.52,1,,
CLM-51300,Franchise_TX_01,Baseboard Replacement,,32.0,25.48,815.36,815.36,1,,
CLM-24462,Franchise_FL_04,Water Extraction,2025-05-01,43.0,140.92,6059.56,6059.56,1,5.0,3.0
CLM-47432,Franchise_NY_12,Antimicrobial Treatment,,7.0,95.04,665.28,665.28,1,,
CLM-89852,Franchise_TX_01,Dehumidifier Rental - MISC,,41.0,74.39,3049.99,3049.99,1,,
CLM-26951,Franchise_NY_12,Drywall Repair,,49.0,59.43,2912.07,2912.07,1,,
CLM-36438,Franchise_NY_12,Baseboard Replacement,,29.0,31.98,927.42,927.42,1,,
CLM-87072,Franchise_TX_01,Baseboard Replacement,,11.0,103.92,1143.12,898.43,0,,
CLM-83908,Franchise_FL_04,Baseboard Replacement,2025-06-18,43.0,30.21,1299.03,1299.03,1,6.0,2.0
CLM-60903,Franchise_TX_01,Drywall Repair - MISC,,26.0,35.49,922.74,922.74,1,,
CLM-73605,Franchise_TX_01,Water Extraction - MISC,,14.0,44.07,616.98,616.98,1,,
CLM-47774,Franchise_NY_12,Antimicrobial Treatment,,25.0,58.86,1471.5,1471.5,1,,
CLM-66247,Franchise_NY_12,Antimicrobial Treatment,,5.0,49.36,246.8,246.8,1,,
CLM-28167,Franchise_NY_12,Dehumidifier Rental,,47.0,26.75,1257.25,742.08,0,,
CLM-92734,Franchise_TX_01,Dehumidifier Rental - MISC,,35.0,84.88,2970.8,2970.8,1,,
CLM-37903,Franchise_NY_12,Antimicrobial Treatment,,18.0,125.71,2262.78,2262.78,1,,
CLM-43264,Franchise_TX_01,Drywall Repair,,15.0,39.05,585.75,273.66,0,,
CLM-67641,Franchise_FL_04,Baseboard Replacement,2025-11-10,7.0,130.59,914.13,914.13,1,11.0,0.0
CLM-99407,Franchise_FL_04,Antimicrobial Treatment,2025-12-01,41.0,41.54,1703.14,1703.14,1,12.0,0.0
CLM-72441,Franchise_NY_12,Antimicrobial Treatment,,15.0,41.19,617.85,268.22,0,,
CLM-41012,Franchise_FL_04,Dehumidifier Rental,2025-09-23,29.0,63.6,1844.4,1844.4,1,9.0,1.0
CLM-78777,Franchise_TX_01,Dehumidifier Rental,,2.0,124.43,248.86,248.86,1,,
CLM-85818,Franchise_NY_12,Drywall Repair,,5.0,83.69,418.45,368.41,0,,
CLM-32133,Franchise_NY_12,Water Extraction,,17.0,49.28,837.76,729.06,0,,
CLM-11803,Franchise_FL_04,Baseboard Replacement,2025-08-24,17.0,24.46,415.82,415.82,1,8.0,6.0
CLM-19583,Franchise_TX_01,Baseboard Replacement,,18.0,83.61,1504.98,1162.99,0,,
CLM-15970,Franchise_NY_12,Baseboard Replacement,,19.0,78.09,1483.71,1075.8,0,,
CLM-92751,Franchise_FL_04,Baseboard Replacement,2025-10-03,17.0,84.8,1441.6,1441.6,1,10.0,4.0
CLM-30840,Franchise_NY_12,Baseboard Replacement,,19.0,137.04,2603.76,2603.76,1,,
CLM-25436,Franchise_TX_01,Water Extraction,,38.0,24.78,941.64,511.37,0,,
CLM-66015,Franchise_FL_04,Water Extraction,2025-11-12,13.0,32.74,425.62,222.87,0,11.0,2.0
CLM-11205,Franchise_TX_01,Dehumidifier Rental,,26.0,105.05,2731.3,2731.3,1,,
CLM-31453,Franchise_TX_01,Water Extraction,,25.0,60.0,1500.0,1500.0,1,,
CLM-43151,Franchise_TX_01,Antimicrobial Treatment - MISC,,12.0,135.41,1624.92,1052.49,0,,
CLM-61072,Franchise_TX_01,Drywall Repair - MISC,,4.0,140.13,560.52,560.52,1,,
CLM-88459,Franchise_TX_01,Drywall Repair,,44.0,135.1,5944.4,4032.33,0,,
CLM-97892,Franchise_FL_04,Antimicrobial Treatment,2025-08-17,5.0,34.77,173.85,173.85,1,8.0,6.0
CLM-48301,Franchise_TX_01,Drywall Repair,,29.0,42.58,1234.82,790.63,0,,
CLM-95827,Franchise_TX_01,Water Extraction - MISC,,49.0,119.1,5835.9,2352.98,0,,
CLM-74629,Franchise_NY_12,Drywall Repair,,19.0,116.55,2214.45,2214.45,1,,
CLM-47482,Franchise_FL_04,Water Extraction,2025-12-14,3.0,145.19,435.57,435.57,1,12.0,6.0
CLM-94684,Franchise_TX_01,Dehumidifier Rental,,4.0,47.73,190.92,142.36,0,,
CLM-78239,Franchise_NY_12,Water Extraction,,11.0,139.33,1532.63,1532.63,1,,
CLM-20736,Franchise_FL_04,Drywall Repair,2025-06-30,21.0,52.43,1101.03,592.51,0,6.0,0.0
CLM-10706,Franchise_NY_12,Dehumidifier Rental,,35.0,141.46,4951.1,4951.1,1,,
CLM-53818,Franchise_NY_12,Drywall Repair,,29.0,35.77,1037.33,1037.33,1,,
CLM-59841,Franchise_FL_04,Drywall Repair,2025-08-26,26.0,32.18,836.68,643.37,0,8.0,1.0
CLM-82725,Franchise_NY_12,Drywall Repair,,44.0,135.39,5957.16,5957.16,1,,
CLM-46454,Franchise_TX_01,Dehumidifier Rental - MISC,,11.0,149.68,1646.48,1274.0,0,,
CLM-21345,Franchise_FL_04,Antimicrobial Treatment,2025-06-20,32.0,51.95,1662.4,1662.4,1,6.0,4.0
CLM-69055,Franchise_FL_04,Drywall Repair,2025-02-26,37.0,49.86,1844.82,1844.82,1,2.0,2.0
CLM-51043,Franchise_TX_01,Antimicrobial Treatment,,42.0,20.03,841.26,841.26,1,,
CLM-12240,Franchise_TX_01,Drywall Repair,,40.0,21.66,866.4,866.4,1,,
CLM-20943,Franchise_TX_01,Drywall Repair - MISC,,34.0,90.38,3072.92,3072.92,1,,
CLM-17111,Franchise_TX_01,Water Extraction,,22.0,38.02,836.44,396.33,0,,
CLM-91913,Franchise_TX_01,Water Extraction,,49.0,128.72,6307.28,6307.28,1,,
CLM-35455,Franchise_FL_04,Baseboard Replacement,2025-07-02,48.0,77.22,3706.56,3706.56,1,7.0,2.0
CLM-24165,Franchise_TX_01,Drywall Repair,,7.0,43.01,301.07,301.07,1,,
CLM-33994,Franchise_TX_01,Baseboard Replacement,,17.0,43.58,740.86,740.86,1,,
CLM-17030,Franchise_NY_12,Water Extraction,,6.0,54.03,324.18,178.02,0,,
CLM-73073,Franchise_NY_12,Water Extraction,,24.0,90.12,2162.88,2162.88,1,,
CLM-42532,Franchise_FL_04,Drywall Repair,2025-04-22,18.0,93.93,1690.74,1690.74,1,4.0,1.0
CLM-47126,Franchise_NY_12,Baseboard Replacement,,27.0,103.76,2801.52,2801.52,1,,
CLM-69809,Franchise_NY_12,Drywall Repair,,2.0,50.77,101.54,52.57,0,,
CLM-84097,Franchise_FL_04,Baseboard Replacement,2025-03-02,9.0,78.56,707.04,707.04,1,3.0,6.0
CLM-67824,Franchise_NY_12,Baseboard Replacement,,15.0,20.87,313.05,222.91,0,,
CLM-56110,Franchise_TX_01,Drywall Repair,,15.0,45.93,688.95,688.95,1,,
CLM-73899,Franchise_FL_04,Water Extraction,2025-10-07,33.0,70.18,2315.94,1228.32,0,10.0,1.0
CLM-26108,Franchise_FL_04,Drywall Repair,2025-05-11,7.0,116.21,813.47,813.47,1,5.0,6.0
CLM-38309,Franchise_NY_12,Drywall Repair,,21.0,86.19,1809.99,1504.64,0,,
CLM-11904,Franchise_FL_04,Antimicrobial Treatment,2025-05-27,14.0,141.4,1979.6,1979.6,1,5.0,1.0
CLM-65941,Franchise_TX_01,Drywall Repair - MISC,,18.0,127.61,2296.98,2296.98,1,,
CLM-60001,Franchise_FL_04,Dehumidifier Rental,2025-10-08,31.0,42.1,1305.1,1305.1,1,10.0,2.0
CLM-68968,Franchise_NY_12,Antimicrobial Treatment,,21.0,124.54,2615.34,2615.34,1,,
CLM-94148,Franchise_TX_01,Drywall Repair,,11.0,91.21,1003.31,1003.31,1,,
CLM-56909,Franchise_TX_01,Drywall Repair,,20.0,126.83,2536.6,2536.6,1,,
CLM-88179,Franchise_NY_12,Dehumidifier Rental,,21.0,136.83,2873.43,1464.03,0,,
CLM-10829,Franchise_FL_04,Baseboard Replacement,2025-12-18,5.0,35.4,177.0,177.0,1,12.0,3.0
CLM-20197,Franchise_TX_01,Drywall Repair,,42.0,40.27,1691.34,1691.34,1,,
CLM-76586,Franchise_TX_01,Drywall Repair,,34.0,22.27,757.18,757.18,1,,
CLM-37638,Franchise_TX_01,Water Extraction - MISC,,8.0,144.94,1159.52,652.78,0,,
CLM-13973,Franchise_NY_12,Baseboard Replacement,,37.0,71.97,2662.89,2662.89,1,,
CLM-75462,Franchise_FL_04,Dehumidifier Rental,2025-10-18,13.0,135.59,1762.67,1039.64,0,10.0,5.0
CLM-74532,Franchise_TX_01,Water Extraction,,23.0,93.03,2139.69,2139.69,1,,
CLM-92300,Franchise_NY_12,Water Extraction,,1.0,148.95,148.95,148.95,1,,
CLM-97802,Franchise_NY_12,Dehumidifier Rental,,7.0,45.49,318.43,318.43,1,,
CLM-65925,Franchise_NY_12,Baseboard Replacement,,7.0,131.0,917.0,824.2,0,,
CLM-61895,Franchise_FL_04,Antimicrobial Treatment,2025-07-22,46.0,129.99,5979.54,5979.54,1,7.0,1.0
CLM-80998,Franchise_FL_04,Dehumidifier Rental,2025-01-24,20.0,78.9,1578.0,1060.07,0,1.0,4.0
CLM-17805,Franchise_NY_12,Water Extraction,,41.0,98.69,4046.29,4046.29,1,,
CLM-76859,Franchise_NY_12,Drywall Repair,,8.0,103.45,827.6,827.6,1,,
CLM-95686,Franchise_NY_12,Drywall Repair,,8.0,46.69,373.52,373.52,1,,
CLM-39872,Franchise_NY_12,Dehumidifier Rental,,7.0,90.11,630.77,630.77,1,,
CLM-38001,Franchise_NY_12,Baseboard Replacement,,10.0,60.37,603.7,603.7,1,,
CLM-79499,Franchise_NY_12,Water Extraction,,46.0,109.49,5036.54,5036.54,1,,
CLM-42796,Franchise_NY_12,Antimicrobial Treatment,,44.0,94.58,4161.52,4161.52,1,,
CLM-36583,Franchise_NY_12,Baseboard Replacement,,12.0,44.17,530.04,530.04,1,,
CLM-28410,Franchise_TX_01,Antimicrobial Treatment,,45.0,104.47,4701.15,4701.15,1,,
CLM-38071,Franchise_NY_12,Antimicrobial Treatment,,39.0,63.07,2459.73,1511.14,0,,
CLM-26413,Franchise_TX_01,Dehumidifier Rental - MISC,,6.0,31.84,191.04,102.81,0,,
CLM-32200,Franchise_TX_01,Water Extraction,,21.0,143.39,3011.19,3011.19,1,,
CLM-53655,Franchise_TX_01,Antimicrobial Treatment,,21.0,129.31,2715.51,1265.45,0,,
CLM-18744,Franchise_FL_04,Dehumidifier Rental,2025-07-19,46.0,89.53,4118.38,4118.38,1,7.0,5.0
CLM-55794,Franchise_NY_12,Dehumidifier Rental,,49.0,31.19,1528.31,1528.31,1,,
CLM-83837,Franchise_NY_12,Dehumidifier Rental,,16.0,87.66,1402.56,1402.56,1,,
CLM-77719,Franchise_FL_04,Antimicrobial Treatment,2025-10-15,40.0,32.02,1280.8,1280.8,1,10.0,2.0
CLM-61307,Franchise_NY_12,Dehumidifier Rental,,42.0,37.16,1560.72,1560.72,1,,
CLM-43109,Franchise_FL_04,Water Extraction,2025-11-08,46.0,116.33,5351.18,5351.18,1,11.0,5.0
CLM-48248,Franchise_TX_01,Dehumidifier Rental,,23.0,132.65,3050.95,3050.95,1,,
CLM-63017,Franchise_TX_01,Dehumidifier Rental,,41.0,62.52,2563.32,2563.32,1,,
CLM-81221,Franchise_FL_04,Water Extraction,2025-04-23,23.0,69.72,1603.56,1603.56,1,4.0,2.0
CLM-90603,Franchise_NY_12,Antimicrobial Treatment,,16.0,141.71,2267.36,1250.67,0,,
CLM-35050,Franchise_FL_04,Water Extraction,2025-12-27,43.0,123.02,5289.86,2732.1,0,12.0,5.0
CLM-51385,Franchise_NY_12,Drywall Repair,,37.0,45.56,1685.72,1685.72,1,,
CLM-97106,Franchise_TX_01,Baseboard Replacement - MISC,,32.0,79.82,2554.24,1823.1,0,,
CLM-97439,Franchise_TX_01,Drywall Repair,,28.0,86.03,2408.84,1003.96,0,,
CLM-11525,Franchise_TX_01,Dehumidifier Rental,,1.0,45.92,45.92,45.92,1,,
CLM-98637,Franchise_FL_04,Water Extraction,2025-03-31,25.0,79.0,1975.0,1975.0,1,3.0,0.0
CLM-66503,Franchise_TX_01,Water Extraction,,9.0,27.8,250.2,192.63,0,,
CLM-86120,Franchise_NY_12,Dehumidifier Rental,,10.0,67.14,671.4,671.4,1,,
CLM-58115,Franchise_NY_12,Antimicrobial Treatment,,1.0,35.26,35.26,23.51,0,,
CLM-64081,Franchise_FL_04,Antimicrobial Treatment,2025-10-28,37.0,69.35,2565.95,2565.95,1,10.0,1.0
CLM-14624,Franchise_FL_04,Baseboard Replacement,2025-04-20,49.0,35.49,1739.01,1739.01,1,4.0,6.0
CLM-76618,Franchise_FL_04,Antimicrobial Treatment,2025-03-25,2.0,57.92,115.84,65.56,0,3.0,1.0
CLM-66575,Franchise_FL_04,Water Extraction,2025-08-21,10.0,73.84,738.4,738.4,1,8.0,3.0
CLM-15037,Franchise_TX_01,Dehumidifier Rental,,1.0,139.21,139.21,139.21,1,,
CLM-56581,Franchise_FL_04,Water Extraction,2025-10-17,29.0,90.21,2616.09,2616.09,1,10.0,4.0
CLM-84148,Franchise_TX_01,Dehumidifier Rental,,41.0,106.36,4360.76,4360.76,1,,
CLM-18746,Franchise_TX_01,Baseboard Replacement,,32.0,107.29,3433.28,3433.28,1,,
CLM-63639,Franchise_TX_01,Drywall Repair,,2.0,109.43,218.86,218.86,1,,
CLM-42272,Franchise_NY_12,Dehumidifier Rental,,10.0,45.71,457.1,210.77,0,,
CLM-24726,Franchise_NY_12,Water Extraction,,36.0,67.64,2435.04,2435.04,1,,
CLM-69306,Franchise_TX_01,Antimicrobial Treatment,,19.0,138.48,2631.12,2218.16,0,,
CLM-55591,Franchise_NY_12,Antimicrobial Treatment,,12.0,104.61,1255.32,1255.32,1,,
CLM-48076,Franchise_FL_04,Dehumidifier Rental,2025-02-02,50.0,118.65,5932.5,3270.71,0,2.0,6.0
CLM-99282,Franchise_TX_01,Dehumidifier Rental,,31.0,136.22,4222.82,3071.08,0,,
CLM-77501,Franchise_NY_12,Baseboard Replacement,,25.0,128.53,3213.25,3213.25,1,,
CLM-33553,Franchise_TX_01,Drywall Repair,,29.0,50.9,1476.1,1476.1,1,,
CLM-28682,Franchise_NY_12,Drywall Repair,,9.0,91.39,822.51,393.91,0,,
CLM-63719,Franchise_TX_01,Water Extraction,,41.0,111.79,4583.39,4583.39,1,,
CLM-69916,Franchise_TX_01,Baseboard Replacement,,37.0,133.32,4932.84,4932.84,1,,
CLM-12464,Franchise_FL_04,Water Extraction,2025-12-20,3.0,142.79,428.37,345.6,0,12.0,5.0
CLM-27643,Franchise_NY_12,Baseboard Replacement,,42.0,125.9,5287.8,5287.8,1,,
CLM-93506,Franchise_TX_01,Drywall Repair,,40.0,28.49,1139.6,1139.6,1,,
CLM-86422,Franchise_NY_12,Dehumidifier Rental,,2.0,86.94,173.88,173.88,1,,
CLM-28335,Franchise_NY_12,Dehumidifier Rental,,49.0,109.37,5359.13,3346.66,0,,
CLM-49319,Franchise_TX_01,Dehumidifier Rental - MISC,,35.0,45.83,1604.05,1604.05,1,,
CLM-55872,Franchise_FL_04,Baseboard Replacement,2025-11-03,32.0,26.54,849.28,849.28,1,11.0,0.0
CLM-47847,Franchise_TX_01,Dehumidifier Rental,,35.0,85.03,2976.05,2976.05,1,,
CLM-89579,Franchise_FL_04,Water Extraction,2025-09-11,22.0,53.65,1180.3,1180.3,1,9.0,3.0
CLM-84997,Franchise_TX_01,Drywall Repair,,24.0,61.0,1464.0,1464.0,1,,
CLM-81746,Franchise_FL_04,Drywall Repair,2025-08-15,5.0,38.21,191.05,191.05,1,8.0,4.0
CLM-89787,Franchise_FL_04,Water Extraction,2025-05-28,47.0,60.14,2826.58,2134.5,0,5.0,2.0
CLM-26588,Franchise_NY_12,Antimicrobial Treatment,,18.0,49.13,884.34,884.34,1,,
CLM-94196,Franchise_TX_01,Water Extraction,,6.0,147.71,886.26,886.26,1,,
CLM-58984,Franchise_NY_12,Drywall Repair,,27.0,19.79,534.33,430.07,0,,
CLM-29024,Franchise_FL_04,Drywall Repair,2025-11-11,43.0,134.81,5796.83,5796.83,1,11.0,1.0
CLM-82508,Franchise_TX_01,Water Extraction,,24.0,52.22,1253.28,1253.28,1,,
CLM-31021,Franchise_FL_04,Antimicrobial Treatment,2025-10-23,50.0,132.99,6649.5,2872.26,0,10.0,3.0
CLM-32689,Franchise_TX_01,Baseboard Replacement,,24.0,32.06,769.44,769.44,1,,
CLM-65519,Franchise_NY_12,Dehumidifier Rental,,10.0,45.64,456.4,282.16,0,,
CLM-45804,Franchise_TX_01,Antimicrobial Treatment,,30.0,115.32,3459.6,2908.74,0,,
CLM-19824,Franchise_FL_04,Dehumidifier Rental,2025-07-23,9.0,122.69,1104.21,1104.21,1,7.0,2.0
CLM-81208,Franchise_FL_04,Antimicrobial Treatment,2025-06-27,24.0,63.16,1515.84,1139.81,0,6.0,4.0
CLM-60163,Franchise_TX_01,Dehumidifier Rental,,46.0,79.27,3646.42,3646.42,1,,
CLM-39169,Franchise_TX_01,Dehumidifier Rental,,10.0,137.0,1370.0,941.63,0,,
CLM-83378,Franchise_FL_04,Water Extraction,2025-09-12,24.0,39.12,938.88,938.88,1,9.0,4.0
CLM-14293,Franchise_NY_12,Antimicrobial Treatment,,6.0,37.55,225.3,170.3,0,,
CLM-29489,Franchise_FL_04,Drywall Repair,2025-08-27,44.0,19.13,841.72,841.72,1,8.0,2.0
CLM-85473,Franchise_TX_01,Antimicrobial Treatment,,4.0,40.94,163.76,141.99,0,,
CLM-20081,Franchise_FL_04,Antimicrobial Treatment,2025-11-28,50.0,27.68,1384.0,1384.0,1,11.0,4.0
CLM-97002,Franchise_NY_12,Dehumidifier Rental,,40.0,57.43,2297.2,2044.21,0,,
CLM-82410,Franchise_NY_12,Dehumidifier Rental,,33.0,101.17,3338.61,3338.61,1,,
CLM-88198,Franchise_FL_04,Antimicrobial Treatment,2025-04-24,49.0,136.24,6675.76,6675.76,1,4.0,3.0
CLM-86923,Franchise_NY_12,Baseboard Replacement,,32.0,85.43,2733.76,2733.76,1,,
CLM-46963,Franchise_FL_04,Baseboard Replacement,2025-05-10,10.0,20.39,203.9,203.9,1,5.0,5.0
CLM-59792,Franchise_TX_01,Water Extraction,,13.0,59.37,771.81,553.18,0,,
CLM-13739,Franchise_FL_04,Baseboard Replacement,2025-10-03,28.0,32.27,903.56,606.52,0,10.0,4.0
CLM-95134,Franchise_TX_01,Dehumidifier Rental,,31.0,46.89,1453.59,1261.19,0,,
CLM-64532,Franchise_FL_04,Antimicrobial Treatment,2025-10-31,34.0,18.84,640.56,403.97,0,10.0,4.0
CLM-27185,Franchise_TX_01,Baseboard Replacement,,16.0,100.67,1610.72,956.75,0,,
CLM-23564,Franchise_FL_04,Drywall Repair,2025-03-20,42.0,15.33,643.86,643.86,1,3.0,3.0
CLM-41476,Franchise_NY_12,Antimicrobial Treatment,,38.0,15.01,570.38,570.38,1,,
CLM-26942,Franchise_FL_04,Baseboard Replacement,2025-01-03,10.0,67.41,674.1,293.32,0,1.0,4.0
CLM-37703,Franchise_TX_01,Antimicrobial Treatment,,41.0,141.16,5787.56,5787.56,1,,
CLM-31237,Franchise_NY_12,Baseboard Replacement,,36.0,86.31,3107.16,1469.05,0,,
CLM-45812,Franchise_FL_04,Drywall Repair,2025-07-14,39.0,47.72,1861.08,1154.68,0,7.0,0.0
CLM-87990,Franchise_NY_12,Dehumidifier Rental,,41.0,114.08,4677.28,3120.32,0,,
CLM-66011,Franchise_NY_12,Drywall Repair,,4.0,19.77,79.08,79.08,1,,
CLM-67226,Franchise_FL_04,Drywall Repair,2025-01-11,4.0,132.14,528.56,292.08,0,1.0,5.0
CLM-29492,Franchise_TX_01,Baseboard Replacement,,35.0,92.34,3231.9,1615.82,0,,
CLM-32434,Franchise_NY_12,Drywall Repair,,32.0,56.24,1799.68,1799.68,1,,
CLM-89687,Franchise_FL_04,Dehumidifier Rental,2025-09-02,3.0,43.64,130.92,69.21,0,9.0,1.0
CLM-25470,Franchise_NY_12,Dehumidifier Rental,,37.0,113.11,4185.07,4185.07,1,,
CLM-54031,Franchise_NY_12,Dehumidifier Rental,,13.0,147.89,1922.57,1516.28,0,,
CLM-48857,Franchise_TX_01,Dehumidifier Rental - MISC,,43.0,138.79,5967.97,3309.73,0,,
CLM-95947,Franchise_FL_04,Dehumidifier Rental,2025-04-02,43.0,38.71,1664.53,1664.53,1,4.0,2.0
CLM-73609,Franchise_TX_01,Dehumidifier Rental,,32.0,29.68,949.76,722.29,0,,
CLM-15572,Franchise_NY_12,Baseboard Replacement,,41.0,78.12,3202.92,3202.92,1,,
CLM-77293,Franchise_NY_12,Drywall Repair,,9.0,130.39,1173.51,660.6,0,,
CLM-23378,Franchise_TX_01,Baseboard Replacement,,38.0,104.88,3985.44,3985.44,1,,
CLM-51866,Franchise_TX_01,Drywall Repair,,16.0,88.26,1412.16,640.76,0,,
CLM-61901,Franchise_NY_12,Antimicrobial Treatment,,13.0,82.23,1068.99,1068.99,1,,
CLM-72219,Franchise_TX_01,Antimicrobial Treatment - MISC,,34.0,61.87,2103.58,2103.58,1,,
CLM-69246,Franchise_TX_01,Drywall Repair,,3.0,70.9,212.7,170.56,0,,
CLM-10795,Franchise_FL_04,Antimicrobial Treatment,2025-11-28,42.0,137.5,5775.0,3275.22,0,11.0,4.0
CLM-96515,Franchise_NY_12,Antimicrobial Treatment,,5.0,24.92,124.6,124.6,1,,
CLM-97442,Franchise_TX_01,Dehumidifier Rental,,41.0,16.99,696.59,604.66,0,,
CLM-60922,Franchise_FL_04,Antimicrobial Treatment,2025-08-27,37.0,93.44,3457.28,3457.28,1,8.0,2.0
CLM-85157,Franchise_NY_12,Drywall Repair,,35.0,104.6,3661.0,3661.0,1,,
CLM-65892,Franchise_TX_01,Dehumidifier Rental - MISC,,1.0,36.07,36.07,18.52,0,,
CLM-45455,Franchise_NY_12,Water Extraction,,28.0,20.45,572.6,329.74,0,,
CLM-68712,Franchise_TX_01,Baseboard Replacement,,5.0,128.72,643.6,339.14,0,,
CLM-31123,Franchise_TX_01,Drywall Repair,,21.0,142.1,2984.1,2984.1,1,,
CLM-67728,Franchise_NY_12,Drywall Repair,,18.0,62.86,1131.48,709.44,0,,
CLM-88758,Franchise_FL_04,Baseboard Replacement,2025-07-25,12.0,85.33,1023.96,627.17,0,7.0,4.0
CLM-87640,Franchise_NY_12,Dehumidifier Rental,,2.0,23.05,46.1,46.1,1,,
CLM-85346,Franchise_FL_04,Baseboard Replacement,2025-01-21,16.0,95.57,1529.12,1529.12,1,1.0,1.0
CLM-21481,Franchise_NY_12,Baseboard Replacement,,19.0,53.55,1017.45,911.24,0,,
CLM-11416,Franchise_NY_12,Dehumidifier Rental,,43.0,96.16,4134.88,2410.39,0,,
CLM-81343,Franchise_FL_04,Antimicrobial Treatment,2025-07-27,48.0,35.06,1682.88,1682.88,1,7.0,6.0
CLM-49085,Franchise_NY_12,Water Extraction,,25.0,75.01,1875.25,1875.25,1,,
CLM-78075,Franchise_FL_04,Dehumidifier Rental,2025-04-30,1.0,99.95,99.95,68.89,0,4.0,2.0
CLM-33752,Franchise_TX_01,Drywall Repair - MISC,,49.0,127.7,6257.3,6257.3,1,,
CLM-47450,Franchise_FL_04,Dehumidifier Rental,2025-08-01,11.0,51.66,568.26,308.75,0,8.0,4.0
CLM-37252,Franchise_FL_04,Antimicrobial Treatment,2025-03-13,43.0,102.97,4427.71,4427.71,1,3.0,3.0
CLM-17743,Franchise_NY_12,Baseboard Replacement,,6.0,75.12,450.72,405.01,0,,
CLM-80772,Franchise_TX_01,Drywall Repair,,24.0,141.6,3398.4,3398.4,1,,
CLM-96691,Franchise_NY_12,Water Extraction,,32.0,85.33,2730.56,2730.56,1,,
CLM-98566,Franchise_NY_12,Water Extraction,,20.0,130.62,2612.4,2045.25,0,,
CLM-90640,Franchise_NY_12,Antimicrobial Treatment,,8.0,98.92,791.36,707.91,0,,
CLM-26154,Franchise_TX_01,Baseboard Replacement - MISC,,42.0,48.69,2044.98,1251.07,0,,
CLM-39608,Franchise_FL_04,Drywall Repair,2025-07-06,7.0,95.62,669.34,669.34,1,7.0,6.0
CLM-78952,Franchise_TX_01,Drywall Repair,,12.0,81.34,976.08,707.64,0,,
CLM-84501,Franchise_NY_12,Baseboard Replacement,,19.0,101.67,1931.73,1931.73,1,,
CLM-51346,Franchise_NY_12,Antimicrobial Treatment,,20.0,82.35,1647.0,1647.0,1,,
CLM-78487,Franchise_TX_01,Baseboard Replacement,,20.0,22.75,455.0,386.45,0,,
CLM-48181,Franchise_FL_04,Antimicrobial Treatment,2025-07-23,23.0,19.65,451.95,451.95,1,7.0,2.0
CLM-15557,Franchise_NY_12,Baseboard Replacement,,19.0,53.28,1012.32,493.98,0,,
CLM-71614,Franchise_TX_01,Dehumidifier Rental - MISC,,47.0,113.26,5323.22,3922.49,0,,
CLM-80592,Franchise_FL_04,Water Extraction,2025-07-12,25.0,15.1,377.5,377.5,1,7.0,5.0
CLM-88391,Franchise_NY_12,Drywall Repair,,32.0,113.69,3638.08,3638.08,1,,
CLM-15594,Franchise_FL_04,Antimicrobial Treatment,2025-05-24,37.0,101.73,3764.01,2634.48,0,5.0,5.0
CLM-69862,Franchise_FL_04,Dehumidifier Rental,2025-09-14,33.0,19.51,643.83,643.83,1,9.0,6.0
CLM-36553,Franchise_FL_04,Drywall Repair,2025-06-03,7.0,134.7,942.9,411.27,0,6.0,1.0
CLM-18524,Franchise_TX_01,Dehumidifier Rental,,32.0,137.52,4400.64,4400.64,1,,
CLM-93079,Franchise_FL_04,Water Extraction,2026-01-01,35.0,25.74,900.9,900.9,1,1.0,3.0
CLM-28624,Franchise_FL_04,Antimicrobial Treatment,2025-12-22,50.0,115.73,5786.5,3740.66,0,12.0,0.0
CLM-41245,Franchise_TX_01,Antimicrobial Treatment - MISC,,38.0,96.16,3654.08,1585.97,0,,
CLM-63980,Franchise_TX_01,Baseboard Replacement,,25.0,78.13,1953.25,1953.25,1,,
CLM-94105,Franchise_TX_01,Drywall Repair - MISC,,4.0,61.5,246.0,246.0,1,,
CLM-54147,Franchise_NY_12,Baseboard Replacement,,28.0,107.23,3002.44,3002.44,1,,
CLM-20726,Franchise_NY_12,Baseboard Replacement,,47.0,39.2,1842.4,753.18,0,,
CLM-88735,Franchise_TX_01,Water Extraction,,42.0,92.55,3887.1,3887.1,1,,
CLM-60234,Franchise_NY_12,Dehumidifier Rental,,47.0,56.75,2667.25,1965.97,0,,
CLM-72372,Franchise_FL_04,Baseboard Replacement,2025-12-04,24.0,17.6,422.4,243.79,0,12.0,3.0
CLM-99312,Franchise_TX_01,Antimicrobial Treatment,,40.0,36.89,1475.6,1475.6,1,,
CLM-63120,Franchise_TX_01,Antimicrobial Treatment,,18.0,95.21,1713.78,931.18,0,,
CLM-92018,Franchise_FL_04,Water Extraction,2025-02-04,43.0,89.02,3827.86,3827.86,1,2.0,1.0
CLM-90494,Franchise_FL_04,Drywall Repair,2025-12-29,48.0,118.73,5699.04,2919.41,0,12.0,0.0
CLM-72362,Franchise_FL_04,Water Extraction,2025-05-28,39.0,125.01,4875.39,3884.98,0,5.0,2.0
CLM-85596,Franchise_TX_01,Antimicrobial Treatment - MISC,,40.0,133.17,5326.8,3000.09,0,,
CLM-24907,Franchise_FL_04,Dehumidifier Rental,2025-08-15,42.0,71.68,3010.56,3010.56,1,8.0,4.0
CLM-43870,Franchise_TX_01,Baseboard Replacement,,21.0,25.68,539.28,539.28,1,,
CLM-25146,Franchise_FL_04,Antimicrobial Treatment,2025-12-06,13.0,28.82,374.66,374.66,1,12.0,5.0
CLM-55692,Franchise_NY_12,Baseboard Replacement,,41.0,133.04,5454.64,5454.64,1,,
CLM-86919,Franchise_NY_12,Antimicrobial Treatment,,29.0,18.02,522.58,350.1,0,,
CLM-40516,Franchise_NY_12,Water Extraction,,4.0,41.09,164.36,164.36,1,,
CLM-33545,Franchise_FL_04,Antimicrobial Treatment,2025-10-02,29.0,97.31,2821.99,2821.99,1,10.0,3.0
CLM-90079,Franchise_TX_01,Dehumidifier Rental,,25.0,33.34,833.5,833.5,1,,
CLM-91992,Franchise_TX_01,Drywall Repair - MISC,,50.0,28.1,1405.0,943.41,0,,
CLM-10111,Franchise_TX_01,Antimicrobial Treatment - MISC,,8.0,25.85,206.8,86.78,0,,
CLM-94055,Franchise_NY_12,Baseboard Replacement,,15.0,23.9,358.5,251.28,0,,
CLM-55653,Franchise_NY_12,Water Extraction,,41.0,57.64,2363.24,2363.24,1,,
CLM-91448,Franchise_NY_12,Drywall Repair,,13.0,23.65,307.45,191.19,0,,
CLM-30616,Franchise_TX_01,Drywall Repair,,11.0,123.72,1360.92,754.27,0,,
CLM-74279,Franchise_FL_04,Water Extraction,2025-10-07,13.0,98.8,1284.4,1284.4,1,10.0,1.0
CLM-13730,Franchise_TX_01,Baseboard Replacement,,43.0,59.46,2556.78,2556.78,1,,
CLM-78622,Franchise_TX_01,Baseboard Replacement,,37.0,38.56,1426.72,680.9,0,,
CLM-83434,Franchise_FL_04,Dehumidifier Rental,2025-11-05,23.0,123.9,2849.7,1905.05,0,11.0,2.0
CLM-15555,Franchise_FL_04,Water Extraction,2025-01-31,11.0,118.36,1301.96,1301.96,1,1.0,4.0
CLM-16447,Franchise_NY_12,Water Extraction,,32.0,103.03,3296.96,3296.96,1,,
CLM-50368,Franchise_FL_04,Baseboard Replacement,2025-10-24,14.0,94.64,1324.96,1324.96,1,10.0,4.0
CLM-25687,Franchise_FL_04,Water Extraction,2025-05-21,39.0,36.98,1442.22,1262.36,0,5.0,2.0
CLM-25845,Franchise_TX_01,Baseboard Replacement,,42.0,70.08,2943.36,2568.46,0,,
CLM-95342,Franchise_TX_01,Antimicrobial Treatment,,36.0,137.13,4936.68,4936.68,1,,
CLM-93344,Franchise_NY_12,Dehumidifier Rental,,17.0,28.83,490.11,490.11,1,,
CLM-78825,Franchise_TX_01,Drywall Repair,,3.0,86.5,259.5,259.5,1,,
CLM-61527,Franchise_NY_12,Water Extraction,,27.0,89.36,2412.72,1288.32,0,,
CLM-17424,Franchise_TX_01,Dehumidifier Rental,,27.0,125.34,3384.18,3015.47,0,,
CLM-71780,Franchise_FL_04,Drywall Repair,2025-07-20,17.0,58.88,1000.96,458.58,0,7.0,6.0
CLM-23961,Franchise_FL_04,Dehumidifier Rental,2025-05-08,14.0,146.95,2057.3,1314.15,0,5.0,3.0
CLM-46500,Franchise_FL_04,Antimicrobial Treatment,2025-07-24,30.0,71.17,2135.1,2135.1,1,7.0,3.0
CLM-10095,Franchise_TX_01,Water Extraction,,35.0,135.98,4759.3,3671.3,0,,
CLM-52252,Franchise_TX_01,Water Extraction,,6.0,24.86,149.16,98.55,0,,
CLM-85723,Franchise_TX_01,Drywall Repair,,9.0,120.24,1082.16,676.04,0,,
CLM-64465,Franchise_TX_01,Drywall Repair,,3.0,35.94,107.82,88.41,0,,
CLM-10973,Franchise_FL_04,Antimicrobial Treatment,2025-06-08,13.0,149.48,1943.24,1542.28,0,6.0,6.0
CLM-14030,Franchise_TX_01,Antimicrobial Treatment,,37.0,59.93,2217.41,1507.65,0,,
CLM-73942,Franchise_NY_12,Baseboard Replacement,,32.0,143.05,4577.6,4577.6,1,,
CLM-53933,Franchise_FL_04,Water Extraction,2025-09-30,40.0,141.26,5650.4,4126.86,0,9.0,1.0
CLM-73897,Franchise_NY_12,Drywall Repair,,25.0,97.3,2432.5,1064.55,0,,
CLM-68440,Franchise_NY_12,Baseboard Replacement,,47.0,145.21,6824.87,6824.87,1,,
CLM-29080,Franchise_NY_12,Baseboard Replacement,,12.0,18.31,219.72,161.71,0,,
CLM-52650,Franchise_NY_12,Antimicrobial Treatment,,17.0,49.98,849.66,523.28,0,,
CLM-18512,Franchise_NY_12,Water Extraction,,1.0,45.44,45.44,45.44,1,,
CLM-23825,Franchise_TX_01,Dehumidifier Rental,,14.0,116.12,1625.68,948.83,0,,
CLM-58726,Franchise_NY_12,Water Extraction,,2.0,54.7,109.4,109.4,1,,
CLM-30052,Franchise_FL_04,Antimicrobial Treatment,2025-11-13,28.0,82.58,2312.24,1288.5,0,11.0,3.0
CLM-25735,Franchise_NY_12,Dehumidifier Rental,,22.0,134.82,2966.04,2966.04,1,,
CLM-45051,Franchise_FL_04,Drywall Repair,2025-07-09,38.0,81.61,3101.18,3101.18,1,7.0,2.0
CLM-71328,Franchise_TX_01,Drywall Repair,,21.0,35.95,754.95,754.95,1,,
CLM-91189,Franchise_FL_04,Drywall Repair,2025-01-26,37.0,40.06,1482.22,1482.22,1,1.0,6.0
CLM-36138,Franchise_FL_04,Baseboard Replacement,2025-01-16,11.0,98.45,1082.95,1082.95,1,1.0,3.0
CLM-99549,Franchise_TX_01,Drywall Repair,,36.0,126.36,4548.96,4548.96,1,,
CLM-23968,Franchise_TX_01,Baseboard Replacement,,9.0,30.45,274.05,111.94,0,,
CLM-38040,Franchise_FL_04,Dehumidifier Rental,2025-09-07,15.0,36.0,540.0,395.32,0,9.0,6.0
CLM-95233,Franchise_TX_01,Baseboard Replacement,,24.0,146.49,3515.76,3515.76,1,,
CLM-13496,Franchise_FL_04,Antimicrobial Treatment,2025-07-21,4.0,114.3,457.2,457.2,1,7.0,0.0
CLM-15221,Franchise_TX_01,Water Extraction,,31.0,87.46,2711.26,2711.26,1,,
CLM-50831,Franchise_TX_01,Dehumidifier Rental,,37.0,109.91,4066.67,4066.67,1,,
CLM-29408,Franchise_FL_04,Dehumidifier Rental,2025-07-23,2.0,143.53,287.06,196.46,0,7.0,2.0
CLM-49932,Franchise_FL_04,Dehumidifier Rental,2025-11-03,17.0,101.63,1727.71,1727.71,1,11.0,0.0
CLM-94372,Franchise_FL_04,Antimicrobial Treatment,2025-12-12,47.0,99.62,4682.14,4682.14,1,12.0,4.0
CLM-59426,Franchise_NY_12,Antimicrobial Treatment,,40.0,56.0,2240.0,1769.0,0,,
CLM-93275,Franchise_NY_12,Drywall Repair,,12.0,115.38,1384.56,1384.56,1,,
CLM-25097,Franchise_FL_04,Water Extraction,2025-03-06,6.0,49.38,296.28,296.28,1,3.0,3.0
CLM-12578,Franchise_FL_04,Drywall Repair,2025-01-08,28.0,96.53,2702.84,2245.35,0,1.0,2.0
CLM-45360,Franchise_FL_04,Drywall Repair,2025-04-17,8.0,118.76,950.08,950.08,1,4.0,3.0
CLM-87815,Franchise_FL_04,Baseboard Replacement,2025-10-05,42.0,90.99,3821.58,1694.24,0,10.0,6.0
CLM-56082,Franchise_NY_12,Dehumidifier Rental,,50.0,130.77,6538.5,3581.01,0,,
CLM-84844,Franchise_FL_04,Dehumidifier Rental,2025-03-20,28.0,34.95,978.6,978.6,1,3.0,3.0
CLM-50831,Franchise_TX_01,Drywall Repair - MISC,,35.0,118.16,4135.6,4135.6,1,,
CLM-60333,Franchise_NY_12,Baseboard Replacement,,45.0,45.17,2032.65,2032.65,1,,
CLM-62555,Franchise_TX_01,Water Extraction,,13.0,90.19,1172.47,1172.47,1,,
CLM-83354,Franchise_TX_01,Drywall Repair,,39.0,79.62,3105.18,3105.18,1,,
CLM-85539,Franchise_FL_04,Drywall Repair,2025-09-21,3.0,88.57,265.71,171.83,0,9.0,6.0
CLM-45462,Franchise_TX_01,Drywall Repair - MISC,,6.0,69.11,414.66,414.66,1,,
CLM-77985,Franchise_FL_04,Dehumidifier Rental,2025-04-04,21.0,104.23,2188.83,2188.83,1,4.0,4.0
CLM-73175,Franchise_FL_04,Dehumidifier Rental,2025-11-04,22.0,17.26,379.72,379.72,1,11.0,1.0
CLM-29336,Franchise_NY_12,Drywall Repair,,26.0,80.81,2101.06,2101.06,1,,
CLM-43743,Franchise_FL_04,Water Extraction,2025-07-27,18.0,87.31,1571.58,767.49,0,7.0,6.0
CLM-31697,Franchise_FL_04,Baseboard Replacement,2025-02-21,42.0,140.84,5915.28,5322.49,0,2.0,4.0
CLM-83212,Franchise_TX_01,Drywall Repair,,7.0,73.52,514.64,265.11,0,,
CLM-22484,Franchise_FL_04,Antimicrobial Treatment,2025-05-24,24.0,144.13,3459.12,1988.96,0,5.0,5.0
CLM-40266,Franchise_NY_12,Drywall Repair,,5.0,90.9,454.5,454.5,1,,
CLM-38175,Franchise_NY_12,Drywall Repair,,6.0,74.46,446.76,446.76,1,,
CLM-17454,Franchise_TX_01,Dehumidifier Rental,,16.0,88.49,1415.84,1415.84,1,,
CLM-93607,Franchise_TX_01,Dehumidifier Rental,,42.0,116.61,4897.62,4897.62,1,,
CLM-67487,Franchise_TX_01,Baseboard Replacement,,42.0,27.04,1135.68,1135.68,1,,
CLM-56927,Franchise_FL_04,Drywall Repair,2025-07-02,41.0,137.11,5621.51,3930.99,0,7.0,2.0
CLM-35086,Franchise_TX_01,Water Extraction,,3.0,104.81,314.43,206.4,0,,
CLM-25914,Franchise_FL_04,Baseboard Replacement,2025-01-22,42.0,69.33,2911.86,2911.86,1,1.0,2.0
CLM-85115,Franchise_NY_12,Water Extraction,,48.0,116.53,5593.44,5593.44,1,,
CLM-84770,Franchise_FL_04,Baseboard Replacement,2025-10-09,34.0,53.94,1833.96,1833.96,1,10.0,3.0
CLM-23848,Franchise_FL_04,Antimicrobial Treatment,2025-04-07,42.0,69.22,2907.24,2907.24,1,4.0,0.0
CLM-53051,Franchise_TX_01,Water Extraction,,38.0,125.44,4766.72,4766.72,1,,
CLM-35329,Franchise_TX_01,Baseboard Replacement,,1.0,127.24,127.24,127.24,1,,
CLM-53469,Franchise_NY_12,Dehumidifier Rental,,29.0,15.29,443.41,443.41,1,,
CLM-35671,Franchise_NY_12,Water Extraction,,42.0,74.46,3127.32,3127.32,1,,
CLM-48551,Franchise_FL_04,Antimicrobial Treatment,2025-07-29,19.0,34.43,654.17,654.17,1,7.0,1.0
CLM-13301,Franchise_FL_04,Dehumidifier Rental,2025-09-05,7.0,61.77,432.39,432.39,1,9.0,4.0
CLM-37406,Franchise_TX_01,Dehumidifier Rental - MISC,,32.0,145.93,4669.76,4669.76,1,,
CLM-68566,Franchise_TX_01,Water Extraction,,34.0,106.82,3631.88,3261.61,0,,
CLM-40409,Franchise_NY_12,Dehumidifier Rental,,11.0,126.33,1389.63,1389.63,1,,
CLM-94728,Franchise_TX_01,Water Extraction,,38.0,94.57,3593.66,2832.89,0,,
CLM-31026,Franchise_FL_04,Dehumidifier Rental,2025-01-29,20.0,88.66,1773.2,1773.2,1,1.0,2.0
CLM-52392,Franchise_TX_01,Baseboard Replacement,,45.0,52.2,2349.0,2349.0,1,,
CLM-94546,Franchise_FL_04,Dehumidifier Rental,2025-09-30,46.0,75.98,3495.08,3495.08,1,9.0,1.0
CLM-14953,Franchise_NY_12,Baseboard Replacement,,15.0,19.42,291.3,291.3,1,,
CLM-27140,Franchise_NY_12,Water Extraction,,35.0,37.24,1303.4,734.0,0,,
CLM-86006,Franchise_FL_04,Antimicrobial Treatment,2025-06-27,10.0,37.63,376.3,376.3,1,6.0,4.0
CLM-83111,Franchise_FL_04,Water Extraction,2025-04-02,38.0,136.71,5194.98,5194.98,1,4.0,2.0
CLM-35142,Franchise_NY_12,Drywall Repair,,19.0,32.09,609.71,609.71,1,,
CLM-49233,Franchise_NY_12,Baseboard Replacement,,25.0,94.4,2360.0,1565.02,0,,
CLM-62547,Franchise_TX_01,Antimicrobial Treatment,,15.0,137.11,2056.65,2056.65,1,,
CLM-90469,Franchise_NY_12,Antimicrobial Treatment,,28.0,71.9,2013.2,2013.2,1,,
CLM-98509,Franchise_FL_04,Water Extraction,2025-03-31,7.0,68.0,476.0,476.0,1,3.0,0.0
CLM-25822,Franchise_TX_01,Baseboard Replacement - MISC,,4.0,96.6,386.4,386.4,1,,
CLM-91719,Franchise_TX_01,Antimicrobial Treatment - MISC,,16.0,23.91,382.56,382.56,1,,
CLM-62094,Franchise_NY_12,Drywall Repair,,15.0,93.35,1400.25,1195.43,0,,
CLM-28478,Franchise_TX_01,Dehumidifier Rental,,4.0,118.94,475.76,475.76,1,,
CLM-47730,Franchise_TX_01,Dehumidifier Rental,,27.0,82.35,2223.45,2223.45,1,,
CLM-56352,Franchise_TX_01,Water Extraction,,45.0,140.6,6327.0,6327.0,1,,
CLM-61906,Franchise_FL_04,Dehumidifier Rental,2025-03-26,14.0,66.89,936.46,758.33,0,3.0,2.0
CLM-62144,Franchise_FL_04,Drywall Repair,2025-12-10,19.0,95.8,1820.2,1820.2,1,12.0,2.0
CLM-85274,Franchise_TX_01,Baseboard Replacement,,41.0,137.17,5623.97,5623.97,1,,
CLM-31113,Franchise_NY_12,Antimicrobial Treatment,,1.0,102.03,102.03,102.03,1,,
CLM-55894,Franchise_FL_04,Dehumidifier Rental,2025-09-03,39.0,56.08,2187.12,1605.48,0,9.0,2.0
CLM-60545,Franchise_FL_04,Antimicrobial Treatment,2025-11-04,49.0,46.25,2266.25,1490.88,0,11.0,1.0
CLM-61236,Franchise_TX_01,Antimicrobial Treatment - MISC,,16.0,46.3,740.8,426.54,0,,
CLM-38301,Franchise_NY_12,Drywall Repair,,41.0,84.99,3484.59,2987.57,0,,
CLM-68328,Franchise_FL_04,Antimicrobial Treatment,2025-07-19,12.0,75.12,901.44,901.44,1,7.0,5.0
CLM-17586,Franchise_TX_01,Baseboard Replacement,,40.0,32.45,1298.0,612.31,0,,
CLM-95340,Franchise_TX_01,Dehumidifier Rental,,21.0,46.35,973.35,973.35,1,,
CLM-61731,Franchise_NY_12,Drywall Repair,,7.0,31.66,221.62,127.5,0,,
CLM-46549,Franchise_NY_12,Dehumidifier Rental,,7.0,128.76,901.32,901.32,1,,
CLM-29022,Franchise_NY_12,Water Extraction,,35.0,126.76,4436.6,4436.6,1,,
CLM-38388,Franchise_NY_12,Water Extraction,,27.0,138.67,3744.09,3744.09,1,,
CLM-71664,Franchise_NY_12,Dehumidifier Rental,,41.0,86.41,3542.81,3542.81,1,,
CLM-96434,Franchise_FL_04,Antimicrobial Treatment,2025-04-07,27.0,31.21,842.67,842.67,1,4.0,0.0
CLM-56007,Franchise_NY_12,Baseboard Replacement,,45.0,110.13,4955.85,4161.57,0,,
CLM-33905,Franchise_NY_12,Antimicrobial Treatment,,34.0,23.71,806.14,705.65,0,,
CLM-43247,Franchise_FL_04,Drywall Repair,2025-07-01,2.0,50.16,100.32,100.32,1,7.0,1.0
CLM-24705,Franchise_TX_01,Baseboard Replacement,,46.0,107.56,4947.76,3906.89,0,,
CLM-75613,Franchise_TX_01,Antimicrobial Treatment,,32.0,49.11,1571.52,1200.92,0,,
CLM-29468,Franchise_TX_01,Drywall Repair - MISC,,38.0,65.74,2498.12,2498.12,1,,
CLM-89348,Franchise_TX_01,Drywall Repair,,5.0,146.49,732.45,732.45,1,,
CLM-35129,Franchise_NY_12,Dehumidifier Rental,,50.0,133.07,6653.5,6653.5,1,,
CLM-49469,Franchise_FL_04,Dehumidifier Rental,2025-08-26,32.0,106.19,3398.08,3398.08,1,8.0,1.0
CLM-31101,Franchise_FL_04,Baseboard Replacement,2025-09-24,3.0,70.11,210.33,120.95,0,9.0,2.0
CLM-40811,Franchise_NY_12,Baseboard Replacement,,49.0,90.7,4444.3,1875.5,0,,
CLM-61615,Franchise_NY_12,Baseboard Replacement,,3.0,28.27,84.81,84.81,1,,
CLM-54043,Franchise_NY_12,Dehumidifier Rental,,13.0,130.03,1690.39,1690.39,1,,
CLM-34690,Franchise_TX_01,Antimicrobial Treatment,,26.0,137.63,3578.38,2690.96,0,,
CLM-95443,Franchise_TX_01,Antimicrobial Treatment,,45.0,62.29,2803.05,2803.05,1,,
CLM-69177,Franchise_FL_04,Water Extraction,2025-09-25,22.0,73.23,1611.06,1611.06,1,9.0,3.0
CLM-62548,Franchise_NY_12,Dehumidifier Rental,,20.0,135.75,2715.0,2715.0,1,,
CLM-31772,Franchise_FL_04,Dehumidifier Rental,2025-03-27,17.0,55.13,937.21,598.4,0,3.0,3.0
CLM-98571,Franchise_NY_12,Water Extraction,,31.0,142.01,4402.31,4402.31,1,,
CLM-26736,Franchise_FL_04,Water Extraction,2025-03-25,31.0,99.76,3092.56,1625.33,0,3.0,1.0
CLM-88840,Franchise_FL_04,Dehumidifier Rental,2025-03-31,19.0,71.68,1361.92,1081.48,0,3.0,0.0
CLM-94051,Franchise_TX_01,Antimicrobial Treatment,,41.0,26.95,1104.95,588.88,0,,
CLM-38615,Franchise_NY_12,Water Extraction,,31.0,16.81,521.11,521.11,1,,
CLM-79756,Franchise_FL_04,Water Extraction,2025-11-16,38.0,106.18,4034.84,4034.84,1,11.0,6.0
CLM-77799,Franchise_NY_12,Drywall Repair,,49.0,65.98,3233.02,3233.02,1,,
CLM-98923,Franchise_TX_01,Dehumidifier Rental,,35.0,72.97,2553.95,2553.95,1,,
CLM-18863,Franchise_TX_01,Dehumidifier Rental,,26.0,106.57,2770.82,2386.96,0,,
CLM-85096,Franchise_FL_04,Drywall Repair,2025-09-18,24.0,46.86,1124.64,1124.64,1,9.0,3.0
CLM-62308,Franchise_NY_12,Drywall Repair,,40.0,100.11,4004.4,4004.4,1,,
CLM-59152,Franchise_NY_12,Drywall Repair,,50.0,118.42,5921.0,5921.0,1,,
CLM-69741,Franchise_NY_12,Water Extraction,,43.0,37.95,1631.85,1631.85,1,,
CLM-89763,Franchise_NY_12,Antimicrobial Treatment,,4.0,65.76,263.04,263.04,1,,
CLM-55945,Franchise_NY_12,Dehumidifier Rental,,18.0,92.73,1669.14,1669.14,1,,
CLM-96593,Franchise_TX_01,Dehumidifier Rental,,10.0,122.85,1228.5,1228.5,1,,
CLM-98174,Franchise_FL_04,Drywall Repair,2025-10-13,20.0,18.38,367.6,152.14,0,10.0,0.0
CLM-17443,Franchise_NY_12,Baseboard Replacement,,13.0,102.99,1338.87,1338.87,1,,
CLM-34002,Franchise_FL_04,Baseboard Replacement,2025-07-16,40.0,140.66,5626.4,5626.4,1,7.0,2.0
CLM-27346,Franchise_NY_12,Water Extraction,,18.0,105.01,1890.18,1412.14,0,,
CLM-85559,Franchise_NY_12,Baseboard Replacement,,7.0,137.03,959.21,837.14,0,,
CLM-68981,Franchise_TX_01,Dehumidifier Rental,,5.0,20.82,104.1,53.23,0,,
CLM-62536,Franchise_NY_12,Dehumidifier Rental,,15.0,139.99,2099.85,929.7,0,,
CLM-79589,Franchise_FL_04,Dehumidifier Rental,2025-06-05,38.0,92.72,3523.36,3523.36,1,6.0,3.0
CLM-71128,Franchise_TX_01,Drywall Repair,,40.0,83.53,3341.2,3341.2,1,,
CLM-66160,Franchise_NY_12,Antimicrobial Treatment,,48.0,112.57,5403.36,5403.36,1,,
CLM-83961,Franchise_TX_01,Drywall Repair,,43.0,70.51,3031.93,3031.93,1,,
CLM-97625,Franchise_TX_01,Dehumidifier Rental,,14.0,88.93,1245.02,1245.02,1,,
CLM-34056,Franchise_FL_04,Antimicrobial Treatment,2025-06-05,48.0,102.68,4928.64,2799.49,0,6.0,3.0
CLM-89209,Franchise_NY_12,Drywall Repair,,26.0,54.58,1419.08,1419.08,1,,
CLM-43007,Franchise_FL_04,Baseboard Replacement,2025-11-14,11.0,147.25,1619.75,855.52,0,11.0,4.0
CLM-68634,Franchise_NY_12,Baseboard Replacement,,2.0,64.38,128.76,128.76,1,,
CLM-21584,Franchise_NY_12,Drywall Repair,,48.0,47.0,2256.0,2256.0,1,,
CLM-77723,Franchise_TX_01,Drywall Repair,,18.0,15.84,285.12,285.12,1,,
CLM-31236,Franchise_NY_12,Water Extraction,,45.0,23.11,1039.95,1039.95,1,,
CLM-35358,Franchise_FL_04,Antimicrobial Treatment,2025-02-21,6.0,149.48,896.88,896.88,1,2.0,4.0
CLM-83156,Franchise_NY_12,Drywall Repair,,40.0,79.15,3166.0,3166.0,1,,
CLM-93337,Franchise_TX_01,Water Extraction,,42.0,66.93,2811.06,2811.06,1,,
CLM-96771,Franchise_FL_04,Drywall Repair,2025-10-27,14.0,96.29,1348.06,1348.06,1,10.0,0.0
CLM-15178,Franchise_TX_01,Dehumidifier Rental,,49.0,54.28,2659.72,1766.31,0,,
CLM-53064,Franchise_NY_12,Drywall Repair,,7.0,50.85,355.95,355.95,1,,
CLM-81278,Franchise_TX_01,Dehumidifier Rental,,5.0,67.48,337.4,337.4,1,,
CLM-79272,Franchise_NY_12,Dehumidifier Rental,,25.0,120.47,3011.75,3011.75,1,,
CLM-33431,Franchise_NY_12,Dehumidifier Rental,,41.0,91.49,3751.09,3751.09,1,,
CLM-74346,Franchise_NY_12,Dehumidifier Rental,,38.0,129.16,4908.08,4908.08,1,,
CLM-39434,Franchise_FL_04,Water Extraction,2025-02-21,46.0,139.35,6410.1,5745.64,0,2.0,4.0
CLM-12410,Franchise_TX_01,Antimicrobial Treatment,,42.0,54.79,2301.18,2301.18,1,,
CLM-45152,Franchise_TX_01,Baseboard Replacement,,45.0,147.71,6646.95,5028.3,0,,
CLM-98842,Franchise_FL_04,Baseboard Replacement,2025-09-12,36.0,39.94,1437.84,1437.84,1,9.0,4.0
CLM-92034,Franchise_FL_04,Drywall Repair,2025-09-12,23.0,147.0,3381.0,3381.0,1,9.0,4.0
CLM-47526,Franchise_NY_12,Baseboard Replacement,,14.0,83.52,1169.28,1169.28,1,,
CLM-74854,Franchise_NY_12,Dehumidifier Rental,,22.0,61.14,1345.08,1064.13,0,,
CLM-31955,Franchise_NY_12,Antimicrobial Treatment,,41.0,84.51,3464.91,1774.6,0,,
CLM-91502,Franchise_FL_04,Water Extraction,2025-07-26,29.0,31.27,906.83,906.83,1,7.0,5.0
CLM-27487,Franchise_FL_04,Antimicrobial Treatment,2025-03-22,35.0,19.13,669.55,443.6,0,3.0,5.0
CLM-20894,Franchise_FL_04,Baseboard Replacement,2025-11-05,13.0,101.65,1321.45,1321.45,1,11.0,2.0
CLM-17658,Franchise_FL_04,Baseboard Replacement,2025-08-31,29.0,47.98,1391.42,1391.42,1,8.0,6.0
CLM-35436,Franchise_NY_12,Dehumidifier Rental,,25.0,64.15,1603.75,861.59,0,,
CLM-55268,Franchise_NY_12,Drywall Repair,,47.0,97.09,4563.23,4563.23,1,,
CLM-78987,Franchise_NY_12,Water Extraction,,5.0,88.64,443.2,443.2,1,,
CLM-51297,Franchise_TX_01,Drywall Repair,,38.0,89.74,3410.12,3410.12,1,,
CLM-72598,Franchise_FL_04,Antimicrobial Treatment,2025-12-28,11.0,119.6,1315.6,614.26,0,12.0,6.0
CLM-10817,Franchise_TX_01,Water Extraction - MISC,,19.0,77.76,1477.44,1477.44,1,,
CLM-84535,Franchise_NY_12,Dehumidifier Rental,,39.0,89.14,3476.46,1765.57,0,,
CLM-81374,Franchise_FL_04,Water Extraction,2025-02-14,34.0,51.83,1762.22,905.7,0,2.0,4.0
CLM-38589,Franchise_NY_12,Water Extraction,,8.0,76.16,609.28,414.79,0,,
CLM-63945,Franchise_NY_12,Drywall Repair,,12.0,126.83,1521.96,1521.96,1,,
CLM-76809,Franchise_FL_04,Baseboard Replacement,2025-05-22,23.0,58.06,1335.38,1335.38,1,5.0,3.0
CLM-66373,Franchise_NY_12,Baseboard Replacement,,33.0,47.57,1569.81,1569.81,1,,
CLM-66735,Franchise_TX_01,Antimicrobial Treatment,,19.0,72.45,1376.55,834.78,0,,
CLM-54471,Franchise_FL_04,Drywall Repair,2025-04-11,45.0,45.06,2027.7,2027.7,1,4.0,4.0
CLM-51777,Franchise_FL_04,Dehumidifier Rental,2025-03-09,14.0,127.71,1787.94,1787.94,1,3.0,6.0
CLM-65581,Franchise_FL_04,Antimicrobial Treatment,2025-04-26,9.0,81.29,731.61,541.02,0,4.0,5.0
CLM-90187,Franchise_FL_04,Dehumidifier Rental,2025-12-13,44.0,32.32,1422.08,1422.08,1,12.0,5.0
CLM-69077,Franchise_NY_12,Dehumidifier Rental,,30.0,123.72,3711.6,3711.6,1,,
CLM-63339,Franchise_FL_04,Antimicrobial Treatment,2025-05-31,4.0,94.32,377.28,377.28,1,5.0,5.0
CLM-25276,Franchise_FL_04,Dehumidifier Rental,2025-08-01,2.0,22.47,44.94,44.94,1,8.0,4.0
CLM-97922,Franchise_TX_01,Water Extraction,,42.0,67.59,2838.78,2838.78,1,,
CLM-38662,Franchise_FL_04,Drywall Repair,2025-07-22,42.0,98.03,4117.26,2550.1,0,7.0,1.0
CLM-26114,Franchise_TX_01,Dehumidifier Rental - MISC,,32.0,82.06,2625.92,2625.92,1,,
CLM-41413,Franchise_TX_01,Dehumidifier Rental,,15.0,34.26,513.9,513.9,1,,
CLM-91145,Franchise_TX_01,Water Extraction,,4.0,51.55,206.2,140.14,0,,
CLM-92717,Franchise_TX_01,Dehumidifier Rental,,5.0,16.6,83.0,39.46,0,,
CLM-65735,Franchise_TX_01,Drywall Repair,,13.0,61.78,803.14,803.14,1,,
CLM-11363,Franchise_NY_12,Antimicrobial Treatment,,6.0,97.73,586.38,289.37,0,,
CLM-57270,Franchise_TX_01,Baseboard Replacement - MISC,,30.0,102.78,3083.4,1431.13,0,,
CLM-54402,Franchise_NY_12,Water Extraction,,45.0,146.31,6583.95,6583.95,1,,
CLM-36630,Franchise_NY_12,Drywall Repair,,23.0,42.9,986.7,986.7,1,,
CLM-69536,Franchise_NY_12,Drywall Repair,,20.0,42.93,858.6,858.6,1,,
CLM-86542,Franchise_NY_12,Baseboard Replacement,,31.0,66.43,2059.33,2059.33,1,,
CLM-23424,Franchise_FL_04,Drywall Repair,2025-12-12,5.0,36.78,183.9,183.9,1,12.0,4.0
CLM-78048,Franchise_NY_12,Drywall Repair,,38.0,78.11,2968.18,2968.18,1,,
CLM-75820,Franchise_TX_01,Baseboard Replacement,,23.0,91.23,2098.29,1678.46,0,,
CLM-95329,Franchise_NY_12,Baseboard Replacement,,1.0,100.51,100.51,100.51,1,,
CLM-71285,Franchise_NY_12,Baseboard Replacement,,14.0,140.87,1972.18,1972.18,1,,
CLM-92130,Franchise_NY_12,Water Extraction,,44.0,91.44,4023.36,2046.52,0,,
CLM-82565,Franchise_TX_01,Water Extraction - MISC,,50.0,74.77,3738.5,2375.73,0,,
CLM-59042,Franchise_NY_12,Water Extraction,,43.0,38.39,1650.77,1650.77,1,,
CLM-36284,Franchise_NY_12,Antimicrobial Treatment,,24.0,144.34,3464.16,3464.16,1,,
CLM-76409,Franchise_NY_12,Dehumidifier Rental,,48.0,27.05,1298.4,1298.4,1,,
CLM-11429,Franchise_NY_12,Antimicrobial Treatment,,45.0,90.63,4078.35,4078.35,1,,
CLM-91490,Franchise_NY_12,Water Extraction,,35.0,24.77,866.95,866.95,1,,
CLM-36195,Franchise_TX_01,Water Extraction - MISC,,35.0,97.75,3421.25,3421.25,1,,
CLM-70666,Franchise_FL_04,Water Extraction,2025-05-22,13.0,117.41,1526.33,758.17,0,5.0,3.0
CLM-49023,Franchise_TX_01,Baseboard Replacement - MISC,,31.0,73.75,2286.25,1979.02,0,,
CLM-92255,Franchise_TX_01,Drywall Repair,,48.0,88.46,4246.08,4246.08,1,,
CLM-25044,Franchise_TX_01,Water Extraction,,49.0,51.8,2538.2,1515.49,0,,
CLM-93675,Franchise_FL_04,Drywall Repair,2025-10-22,1.0,36.37,36.37,36.37,1,10.0,2.0
CLM-36981,Franchise_TX_01,Dehumidifier Rental,,9.0,102.95,926.55,756.63,0,,
CLM-11492,Franchise_NY_12,Water Extraction,,27.0,84.75,2288.25,2288.25,1,,
CLM-37759,Franchise_FL_04,Water Extraction,2025-02-05,32.0,121.89,3900.48,3900.48,1,2.0,2.0
CLM-74873,Franchise_NY_12,Drywall Repair,,11.0,91.29,1004.19,843.2,0,,
CLM-19371,Franchise_TX_01,Antimicrobial Treatment,,34.0,135.59,4610.06,3273.44,0,,
CLM-93668,Franchise_FL_04,Dehumidifier Rental,2025-04-26,1.0,51.36,51.36,51.36,1,4.0,5.0
CLM-34014,Franchise_NY_12,Baseboard Replacement,,18.0,46.61,838.98,433.64,0,,
CLM-92058,Franchise_TX_01,Dehumidifier Rental - MISC,,3.0,90.5,271.5,120.88,0,,
CLM-91434,Franchise_TX_01,Antimicrobial Treatment - MISC,,21.0,76.87,1614.27,1614.27,1,,
CLM-19045,Franchise_NY_12,Dehumidifier Rental,,46.0,135.87,6250.02,5620.49,0,,
CLM-71055,Franchise_TX_01,Antimicrobial Treatment,,46.0,86.4,3974.4,2635.09,0,,
CLM-86144,Franchise_TX_01,Antimicrobial Treatment,,21.0,32.15,675.15,675.15,1,,
CLM-73749,Franchise_TX_01,Drywall Repair,,4.0,120.39,481.56,481.56,1,,
CLM-53925,Franchise_NY_12,Drywall Repair,,14.0,92.65,1297.1,1064.82,0,,
CLM-85871,Franchise_TX_01,Water Extraction,,9.0,120.91,1088.19,1088.19,1,,
CLM-91735,Franchise_NY_12,Baseboard Replacement,,9.0,137.54,1237.86,1237.86,1,,
CLM-69471,Franchise_TX_01,Dehumidifier Rental - MISC,,2.0,138.52,277.04,277.04,1,,
CLM-81015,Franchise_TX_01,Water Extraction,,46.0,90.41,4158.86,4158.86,1,,
CLM-39503,Franchise_NY_12,Water Extraction,,50.0,66.94,3347.0,1830.78,0,,
CLM-25139,Franchise_FL_04,Baseboard Replacement,2025-06-02,46.0,83.18,3826.28,2820.57,0,6.0,0.0
CLM-73079,Franchise_FL_04,Dehumidifier Rental,2025-11-29,14.0,41.26,577.64,577.64,1,11.0,5.0
CLM-44763,Franchise_FL_04,Baseboard Replacement,2025-02-05,14.0,105.49,1476.86,1476.86,1,2.0,2.0
CLM-39406,Franchise_FL_04,Antimicrobial Treatment,2025-10-28,46.0,117.87,5422.02,3581.56,0,10.0,1.0
CLM-99658,Franchise_FL_04,Drywall Repair,2025-11-30,41.0,23.6,967.6,967.6,1,11.0,6.0
CLM-41931,Franchise_NY_12,Drywall Repair,,21.0,18.2,382.2,382.2,1,,
CLM-72794,Franchise_NY_12,Dehumidifier Rental,,40.0,71.47,2858.8,2858.8,1,,
CLM-22660,Franchise_NY_12,Drywall Repair,,4.0,95.84,383.36,383.36,1,,
CLM-70434,Franchise_NY_12,Drywall Repair,,35.0,60.29,2110.15,1226.96,0,,
CLM-69657,Franchise_FL_04,Antimicrobial Treatment,2025-07-04,5.0,61.03,305.15,305.15,1,7.0,4.0
CLM-81871,Franchise_FL_04,Antimicrobial Treatment,2025-06-15,15.0,90.94,1364.1,713.28,0,6.0,6.0
CLM-59349,Franchise_TX_01,Drywall Repair,,3.0,18.19,54.57,45.81,0,,
CLM-75132,Franchise_NY_12,Baseboard Replacement,,23.0,120.47,2770.81,1266.13,0,,
CLM-79744,Franchise_FL_04,Drywall Repair,2025-05-31,14.0,82.57,1155.98,1155.98,1,5.0,5.0
CLM-70187,Franchise_TX_01,Antimicrobial Treatment,,34.0,64.66,2198.44,2198.44,1,,
CLM-57628,Franchise_TX_01,Water Extraction,,24.0,51.48,1235.52,1235.52,1,,
CLM-47739,Franchise_FL_04,Drywall Repair,2025-12-04,22.0,31.63,695.86,695.86,1,12.0,3.0
CLM-41652,Franchise_NY_12,Antimicrobial Treatment,,48.0,110.48,5303.04,2756.58,0,,
CLM-94412,Franchise_FL_04,Baseboard Replacement,2025-05-22,13.0,79.28,1030.64,1030.64,1,5.0,3.0
CLM-94651,Franchise_TX_01,Drywall Repair - MISC,,25.0,138.59,3464.75,3464.75,1,,
CLM-12407,Franchise_FL_04,Water Extraction,2025-10-18,14.0,33.25,465.5,465.5,1,10.0,5.0
CLM-80782,Franchise_TX_01,Drywall Repair,,10.0,81.11,811.1,811.1,1,,
CLM-64053,Franchise_NY_12,Water Extraction,,7.0,40.29,282.03,240.63,0,,
CLM-35728,Franchise_NY_12,Drywall Repair,,37.0,124.04,4589.48,4589.48,1,,
CLM-62847,Franchise_TX_01,Dehumidifier Rental,,1.0,49.08,49.08,49.08,1,,
CLM-49088,Franchise_FL_04,Drywall Repair,2025-12-16,18.0,32.3,581.4,472.06,0,12.0,1.0
CLM-66833,Franchise_NY_12,Drywall Repair,,40.0,53.14,2125.6,2125.6,1,,
CLM-72593,Franchise_NY_12,Drywall Repair,,35.0,108.48,3796.8,3796.8,1,,
CLM-62060,Franchise_TX_01,Drywall Repair - MISC,,18.0,123.43,2221.74,1654.74,0,,
CLM-34361,Franchise_NY_12,Antimicrobial Treatment,,12.0,102.36,1228.32,1228.32,1,,
CLM-82312,Franchise_NY_12,Antimicrobial Treatment,,37.0,45.51,1683.87,1683.87,1,,
CLM-90583,Franchise_NY_12,Antimicrobial Treatment,,25.0,77.34,1933.5,1933.5,1,,
CLM-42883,Franchise_NY_12,Baseboard Replacement,,44.0,23.54,1035.76,1035.76,1,,
CLM-76063,Franchise_NY_12,Drywall Repair,,31.0,126.38,3917.78,3917.78,1,,
CLM-47782,Franchise_TX_01,Dehumidifier Rental,,5.0,36.76,183.8,110.58,0,,
CLM-66055,Franchise_TX_01,Dehumidifier Rental,,16.0,91.48,1463.68,1463.68,1,,
CLM-57734,Franchise_FL_04,Dehumidifier Rental,2025-12-22,32.0,136.25,4360.0,2939.83,0,12.0,0.0
CLM-42046,Franchise_NY_12,Dehumidifier Rental,,29.0,124.52,3611.08,2723.7,0,,
CLM-36907,Franchise_NY_12,Antimicrobial Treatment,,35.0,73.32,2566.2,2566.2,1,,
CLM-50672,Franchise_NY_12,Water Extraction,,44.0,24.14,1062.16,546.75,0,,
CLM-25000,Franchise_FL_04,Drywall Repair,2025-01-04,15.0,108.35,1625.25,1625.25,1,1.0,5.0
CLM-75468,Franchise_FL_04,Dehumidifier Rental,2025-03-04,47.0,28.3,1330.1,1330.1,1,3.0,1.0
CLM-68125,Franchise_NY_12,Antimicrobial Treatment,,48.0,98.38,4722.24,2940.77,0,,
CLM-84605,Franchise_FL_04,Water Extraction,2025-08-18,33.0,71.73,2367.09,2367.09,1,8.0,0.0
CLM-70051,Franchise_TX_01,Baseboard Replacement,,22.0,52.55,1156.1,590.35,0,,
CLM-65667,Franchise_FL_04,Drywall Repair,2025-06-04,35.0,130.81,4578.35,4578.35,1,6.0,2.0
CLM-19430,Franchise_NY_12,Drywall Repair,,17.0,79.61,1353.37,1123.74,0,,
CLM-57186,Franchise_TX_01,Water Extraction,,1.0,15.49,15.49,12.58,0,,
CLM-89076,Franchise_NY_12,Water Extraction,,28.0,40.23,1126.44,842.36,0,,
CLM-78385,Franchise_FL_04,Antimicrobial Treatment,2025-04-20,37.0,127.32,4710.84,3593.58,0,4.0,6.0
CLM-72846,Franchise_NY_12,Baseboard Replacement,,9.0,42.36,381.24,381.24,1,,
CLM-32480,Franchise_NY_12,Water Extraction,,36.0,43.75,1575.0,1575.0,1,,
CLM-73469,Franchise_FL_04,Antimicrobial Treatment,2025-12-28,46.0,48.0,2208.0,1043.25,0,12.0,6.0
CLM-61004,Franchise_FL_04,Drywall Repair,2025-11-07,23.0,129.59,2980.57,2505.43,0,11.0,4.0
CLM-83179,Franchise_TX_01,Antimicrobial Treatment - MISC,,23.0,16.72,384.56,334.88,0,,
CLM-84422,Franchise_TX_01,Drywall Repair,,15.0,43.04,645.6,645.6,1,,
CLM-59623,Franchise_FL_04,Drywall Repair,2025-03-13,34.0,15.09,513.06,513.06,1,3.0,3.0
CLM-84956,Franchise_TX_01,Baseboard Replacement,,12.0,149.86,1798.32,1798.32,1,,
CLM-71334,Franchise_FL_04,Antimicrobial Treatment,2025-04-06,25.0,90.12,2253.0,2253.0,1,4.0,6.0
CLM-35268,Franchise_TX_01,Antimicrobial Treatment,,19.0,30.61,581.59,257.93,0,,
CLM-50880,Franchise_FL_04,Water Extraction,2025-09-24,3.0,129.9,389.7,389.7,1,9.0,2.0
CLM-36625,Franchise_FL_04,Baseboard Replacement,2025-06-06,28.0,59.13,1655.64,1655.64,1,6.0,4.0
CLM-13093,Franchise_TX_01,Drywall Repair - MISC,,45.0,77.22,3474.9,1972.85,0,,
CLM-32463,Franchise_TX_01,Drywall Repair,,46.0,26.39,1213.94,1213.94,1,,
CLM-46301,Franchise_FL_04,Antimicrobial Treatment,2025-07-10,24.0,48.64,1167.36,977.79,0,7.0,3.0
CLM-98282,Franchise_TX_01,Baseboard Replacement,,44.0,109.36,4811.84,4811.84,1,,
CLM-68694,Franchise_NY_12,Water Extraction,,3.0,79.03,237.09,237.09,1,,
CLM-79205,Franchise_NY_12,Water Extraction,,11.0,77.42,851.62,560.94,0,,
CLM-38758,Franchise_NY_12,Antimicrobial Treatment,,10.0,54.98,549.8,549.8,1,,
CLM-35666,Franchise_NY_12,Drywall Repair,,4.0,16.72,66.88,66.88,1,,
CLM-30792,Franchise_NY_12,Dehumidifier Rental,,13.0,116.72,1517.36,1517.36,1,,
CLM-33509,Franchise_NY_12,Water Extraction,,38.0,38.86,1476.68,1192.67,0,,
CLM-98893,Franchise_NY_12,Water Extraction,,3.0,148.45,445.35,445.35,1,,
CLM-66135,Franchise_NY_12,Dehumidifier Rental,,38.0,45.79,1740.02,1740.02,1,,
CLM-46538,Franchise_FL_04,Baseboard Replacement,2025-01-27,15.0,87.18,1307.7,1307.7,1,1.0,0.0
CLM-83931,Franchise_FL_04,Baseboard Replacement,2025-01-16,15.0,119.01,1785.15,1134.5,0,1.0,3.0
CLM-79360,Franchise_TX_01,Antimicrobial Treatment,,25.0,19.41,485.25,485.25,1,,
CLM-14873,Franchise_FL_04,Baseboard Replacement,2025-01-27,21.0,26.21,550.41,550.41,1,1.0,0.0
CLM-88925,Franchise_TX_01,Baseboard Replacement - MISC,,13.0,111.01,1443.13,1179.22,0,,
CLM-23127,Franchise_TX_01,Drywall Repair - MISC,,42.0,47.25,1984.5,1984.5,1,,
CLM-31709,Franchise_TX_01,Water Extraction,,48.0,97.31,4670.88,4670.88,1,,
CLM-63116,Franchise_NY_12,Baseboard Replacement,,29.0,116.12,3367.48,3367.48,1,,
CLM-43184,Franchise_NY_12,Antimicrobial Treatment,,3.0,35.27,105.81,44.9,0,,
CLM-54043,Franchise_TX_01,Antimicrobial Treatment,,23.0,134.26,3087.98,3087.98,1,,
CLM-93451,Franchise_NY_12,Drywall Repair,,15.0,65.17,977.55,574.77,0,,
CLM-53234,Franchise_NY_12,Water Extraction,,40.0,39.23,1569.2,1569.2,1,,
CLM-43029,Franchise_TX_01,Antimicrobial Treatment,,22.0,41.07,903.54,903.54,1,,
CLM-52082,Franchise_TX_01,Water Extraction,,45.0,42.64,1918.8,1918.8,1,,
CLM-13510,Franchise_NY_12,Antimicrobial Treatment,,35.0,144.17,5045.95,5045.95,1,,
CLM-39925,Franchise_FL_04,Baseboard Replacement,2025-05-25,29.0,94.24,2732.96,2140.59,0,5.0,6.0
CLM-73600,Franchise_NY_12,Drywall Repair,,9.0,60.89,548.01,548.01,1,,
CLM-55218,Franchise_FL_04,Baseboard Replacement,2025-04-17,12.0,54.75,657.0,657.0,1,4.0,3.0
CLM-51665,Franchise_TX_01,Dehumidifier Rental,,30.0,20.74,622.2,622.2,1,,
CLM-23618,Franchise_TX_01,Water Extraction - MISC,,33.0,33.09,1091.97,516.25,0,,
CLM-92382,Franchise_FL_04,Drywall Repair,2025-09-20,38.0,57.45,2183.1,1455.05,0,9.0,5.0
CLM-76992,Franchise_FL_04,Antimicrobial Treatment,2025-06-22,5.0,18.51,92.55,92.55,1,6.0,6.0
CLM-46390,Franchise_NY_12,Dehumidifier Rental,,13.0,104.33,1356.29,1356.29,1,,
CLM-68505,Franchise_TX_01,Baseboard Replacement - MISC,,49.0,105.94,5191.06,4193.25,0,,
CLM-74465,Franchise_FL_04,Antimicrobial Treatment,2025-04-19,19.0,58.81,1117.39,1117.39,1,4.0,5.0
CLM-69102,Franchise_TX_01,Dehumidifier Rental,,40.0,82.97,3318.8,3318.8,1,,
CLM-69898,Franchise_FL_04,Antimicrobial Treatment,2025-07-24,23.0,52.55,1208.65,1028.99,0,7.0,3.0
CLM-69516,Franchise_FL_04,Antimicrobial Treatment,2025-03-09,39.0,89.91,3506.49,2957.9,0,3.0,6.0
CLM-76060,Franchise_NY_12,Baseboard Replacement,,15.0,123.74,1856.1,1275.71,0,,
CLM-23280,Franchise_TX_01,Baseboard Replacement,,42.0,29.63,1244.46,1244.46,1,,
CLM-50546,Franchise_TX_01,Drywall Repair,,24.0,114.85,2756.4,2756.4,1,,
CLM-11109,Franchise_FL_04,Baseboard Replacement,2025-09-25,20.0,42.63,852.6,369.72,0,9.0,3.0
CLM-35670,Franchise_FL_04,Water Extraction,2025-06-29,35.0,84.06,2942.1,1824.84,0,6.0,6.0
CLM-99717,Franchise_FL_04,Baseboard Replacement,2025-06-21,44.0,35.59,1565.96,1565.96,1,6.0,5.0
CLM-90559,Franchise_FL_04,Baseboard Replacement,2025-01-04,49.0,120.18,5888.82,4422.84,0,1.0,5.0
CLM-65470,Franchise_NY_12,Antimicrobial Treatment,,8.0,101.15,809.2,809.2,1,,
CLM-25674,Franchise_TX_01,Drywall Repair - MISC,,27.0,66.25,1788.75,1788.75,1,,
CLM-22941,Franchise_FL_04,Drywall Repair,2025-04-15,3.0,104.04,312.12,198.37,0,4.0,1.0
CLM-38859,Franchise_TX_01,Dehumidifier Rental,,11.0,37.34,410.74,410.74,1,,
CLM-62110,Franchise_NY_12,Water Extraction,,49.0,64.52,3161.48,3161.48,1,,
CLM-94751,Franchise_NY_12,Dehumidifier Rental,,8.0,117.0,936.0,936.0,1,,
CLM-93654,Franchise_TX_01,Dehumidifier Rental,,15.0,39.96,599.4,599.4,1,,
CLM-57210,Franchise_FL_04,Antimicrobial Treatment,2025-06-10,49.0,77.02,3773.98,1894.73,0,6.0,1.0
CLM-38796,Franchise_TX_01,Baseboard Replacement - MISC,,34.0,46.82,1591.88,696.06,0,,
CLM-59257,Franchise_TX_01,Water Extraction,,42.0,141.35,5936.7,5936.7,1,,
CLM-91541,Franchise_FL_04,Dehumidifier Rental,2025-10-16,30.0,58.31,1749.3,1749.3,1,10.0,3.0
CLM-52448,Franchise_NY_12,Water Extraction,,33.0,40.76,1345.08,1345.08,1,,
CLM-77307,Franchise_NY_12,Drywall Repair,,29.0,132.65,3846.85,3846.85,1,,
CLM-25619,Franchise_FL_04,Water Extraction,2025-08-05,17.0,122.6,2084.2,2084.2,1,8.0,1.0
CLM-88150,Franchise_FL_04,Baseboard Replacement,2025-10-09,48.0,37.0,1776.0,1519.37,0,10.0,3.0
CLM-28599,Franchise_FL_04,Dehumidifier Rental,2025-05-17,42.0,45.07,1892.94,1567.42,0,5.0,5.0
CLM-81114,Franchise_TX_01,Antimicrobial Treatment - MISC,,34.0,132.19,4494.46,4494.46,1,,
CLM-47399,Franchise_TX_01,Antimicrobial Treatment,,44.0,123.13,5417.72,5417.72,1,,
CLM-80327,Franchise_NY_12,Antimicrobial Treatment,,45.0,125.5,5647.5,5647.5,1,,
CLM-46597,Franchise_FL_04,Drywall Repair,2025-10-15,20.0,34.44,688.8,688.8,1,10.0,2.0
CLM-29426,Franchise_FL_04,Dehumidifier Rental,2025-07-19,34.0,31.35,1065.9,1065.9,1,7.0,5.0
CLM-24350,Franchise_FL_04,Drywall Repair,2025-08-03,25.0,83.63,2090.75,2090.75,1,8.0,6.0
CLM-12841,Franchise_TX_01,Drywall Repair,,46.0,127.5,5865.0,4139.74,0,,
CLM-73107,Franchise_TX_01,Drywall Repair,,21.0,84.04,1764.84,1764.84,1,,
CLM-86878,Franchise_FL_04,Baseboard Replacement,2025-02-09,32.0,49.79,1593.28,805.65,0,2.0,6.0
CLM-32052,Franchise_FL_04,Antimicrobial Treatment,2025-08-28,22.0,89.85,1976.7,1503.31,0,8.0,3.0
CLM-27512,Franchise_NY_12,Baseboard Replacement,,48.0,71.04,3409.92,1451.86,0,,
CLM-57910,Franchise_FL_04,Drywall Repair,2025-05-24,40.0,16.25,650.0,650.0,1,5.0,5.0
CLM-87336,Franchise_FL_04,Drywall Repair,2025-11-27,21.0,21.13,443.73,443.73,1,11.0,3.0
CLM-85855,Franchise_TX_01,Dehumidifier Rental,,48.0,88.03,4225.44,2276.02,0,,
CLM-12300,Franchise_NY_12,Water Extraction,,37.0,59.98,2219.26,2219.26,1,,
CLM-97178,Franchise_TX_01,Antimicrobial Treatment,,39.0,117.63,4587.57,4587.57,1,,
CLM-80730,Franchise_FL_04,Antimicrobial Treatment,2025-10-27,8.0,133.59,1068.72,773.78,0,10.0,0.0
CLM-89114,Franchise_FL_04,Dehumidifier Rental,2025-07-17,1.0,93.66,93.66,62.81,0,7.0,3.0
CLM-41237,Franchise_TX_01,Drywall Repair - MISC,,46.0,55.03,2531.38,2531.38,1,,
CLM-89579,Franchise_NY_12,Baseboard Replacement,,19.0,36.63,695.97,695.97,1,,
CLM-15834,Franchise_TX_01,Antimicrobial Treatment - MISC,,27.0,68.88,1859.76,1859.76,1,,
CLM-94597,Franchise_FL_04,Antimicrobial Treatment,2025-12-16,4.0,50.29,201.16,136.42,0,12.0,1.0
CLM-12869,Franchise_TX_01,Drywall Repair,,25.0,136.0,3400.0,2428.93,0,,
CLM-87702,Franchise_NY_12,Dehumidifier Rental,,5.0,56.01,280.05,280.05,1,,
CLM-51916,Franchise_NY_12,Antimicrobial Treatment,,50.0,94.34,4717.0,4717.0,1,,
CLM-67800,Franchise_NY_12,Antimicrobial Treatment,,13.0,124.71,1621.23,1621.23,1,,
CLM-56369,Franchise_TX_01,Water Extraction,,15.0,30.96,464.4,464.4,1,,
CLM-86409,Franchise_FL_04,Dehumidifier Rental,2025-10-15,5.0,33.28,166.4,166.4,1,10.0,2.0
CLM-54666,Franchise_FL_04,Antimicrobial Treatment,2025-12-15,28.0,95.87,2684.36,2684.36,1,12.0,0.0
CLM-72941,Franchise_NY_12,Dehumidifier Rental,,49.0,141.56,6936.44,4974.86,0,,
CLM-83710,Franchise_TX_01,Water Extraction - MISC,,7.0,41.39,289.73,289.73,1,,
CLM-36285,Franchise_FL_04,Dehumidifier Rental,2025-08-05,38.0,39.32,1494.16,1017.89,0,8.0,1.0
CLM-21610,Franchise_TX_01,Dehumidifier Rental,,25.0,133.31,3332.75,3332.75,1,,
CLM-62740,Franchise_NY_12,Antimicrobial Treatment,,28.0,116.69,3267.32,3267.32,1,,
CLM-31636,Franchise_NY_12,Baseboard Replacement,,2.0,64.87,129.74,129.74,1,,
CLM-50090,Franchise_TX_01,Baseboard Replacement,,38.0,127.1,4829.8,4829.8,1,,
CLM-26086,Franchise_NY_12,Dehumidifier Rental,,23.0,95.91,2205.93,1339.04,0,,
CLM-42366,Franchise_TX_01,Drywall Repair,,31.0,120.4,3732.4,3732.4,1,,
CLM-20401,Franchise_NY_12,Drywall Repair,,23.0,36.47,838.81,649.95,0,,
CLM-28170,Franchise_TX_01,Antimicrobial Treatment,,43.0,17.85,767.55,498.95,0,,
CLM-89675,Franchise_TX_01,Antimicrobial Treatment,,41.0,47.28,1938.48,1938.48,1,,
CLM-51701,Franchise_TX_01,Water Extraction,,45.0,24.28,1092.6,961.21,0,,
CLM-24578,Franchise_NY_12,Drywall Repair,,46.0,17.03,783.38,375.67,0,,
CLM-73982,Franchise_NY_12,Dehumidifier Rental,,32.0,74.6,2387.2,2387.2,1,,
CLM-46345,Franchise_TX_01,Antimicrobial Treatment,,49.0,34.91,1710.59,1710.59,1,,
CLM-66533,Franchise_NY_12,Water Extraction,,45.0,86.28,3882.6,3882.6,1,,
CLM-82964,Franchise_FL_04,Baseboard Replacement,2025-08-19,43.0,59.36,2552.48,2552.48,1,8.0,1.0
CLM-32924,Franchise_FL_04,Antimicrobial Treatment,2025-01-03,20.0,142.74,2854.8,2854.8,1,1.0,4.0
CLM-97590,Franchise_TX_01,Water Extraction,,17.0,26.51,450.67,450.67,1,,
CLM-52035,Franchise_NY_12,Baseboard Replacement,,12.0,41.01,492.12,201.99,0,,
CLM-48362,Franchise_NY_12,Baseboard Replacement,,47.0,16.06,754.82,754.82,1,,
CLM-77176,Franchise_FL_04,Antimicrobial Treatment,2025-07-01,11.0,80.75,888.25,888.25,1,7.0,1.0
CLM-33451,Franchise_NY_12,Drywall Repair,,17.0,20.34,345.78,345.78,1,,
CLM-34472,Franchise_NY_12,Antimicrobial Treatment,,23.0,142.58,3279.34,3279.34,1,,
CLM-93866,Franchise_NY_12,Baseboard Replacement,,42.0,126.71,5321.82,4053.35,0,,
CLM-67303,Franchise_FL_04,Antimicrobial Treatment,2025-09-09,22.0,107.1,2356.2,1397.98,0,9.0,1.0
CLM-65241,Franchise_FL_04,Dehumidifier Rental,2025-08-29,29.0,129.05,3742.45,2240.01,0,8.0,4.0
CLM-99008,Franchise_NY_12,Antimicrobial Treatment,,47.0,113.41,5330.27,3652.82,0,,
CLM-26508,Franchise_NY_12,Antimicrobial Treatment,,4.0,95.94,383.76,383.76,1,,
CLM-14852,Franchise_TX_01,Baseboard Replacement,,9.0,67.03,603.27,388.27,0,,
CLM-47486,Franchise_TX_01,Dehumidifier Rental,,9.0,147.87,1330.83,845.57,0,,
CLM-79923,Franchise_TX_01,Dehumidifier Rental,,29.0,45.85,1329.65,1329.65,1,,
CLM-99746,Franchise_NY_12,Baseboard Replacement,,44.0,72.55,3192.2,3192.2,1,,
CLM-86116,Franchise_FL_04,Dehumidifier Rental,2025-01-20,35.0,28.09,983.15,983.15,1,1.0,0.0
CLM-42852,Franchise_TX_01,Antimicrobial Treatment,,25.0,70.43,1760.75,1022.83,0,,
CLM-78402,Franchise_FL_04,Drywall Repair,2025-04-13,38.0,139.12,5286.56,5286.56,1,4.0,6.0
CLM-65630,Franchise_FL_04,Drywall Repair,2025-03-03,25.0,28.3,707.5,573.51,0,3.0,0.0
CLM-81117,Franchise_NY_12,Water Extraction,,1.0,33.4,33.4,27.43,0,,
CLM-48015,Franchise_FL_04,Antimicrobial Treatment,2025-09-02,34.0,81.38,2766.92,2766.92,1,9.0,1.0
CLM-95160,Franchise_FL_04,Drywall Repair,2025-01-06,1.0,65.76,65.76,54.55,0,1.0,0.0
CLM-65160,Franchise_FL_04,Antimicrobial Treatment,2025-03-24,35.0,79.61,2786.35,2786.35,1,3.0,0.0
CLM-28661,Franchise_FL_04,Antimicrobial Treatment,2025-06-07,3.0,121.28,363.84,363.84,1,6.0,5.0
CLM-19656,Franchise_NY_12,Dehumidifier Rental,,47.0,80.58,3787.26,1675.22,0,,
CLM-78252,Franchise_TX_01,Antimicrobial Treatment,,8.0,69.22,553.76,553.76,1,,
CLM-41009,Franchise_FL_04,Antimicrobial Treatment,2025-01-04,17.0,78.22,1329.74,1329.74,1,1.0,5.0
CLM-17437,Franchise_FL_04,Water Extraction,2025-06-07,41.0,125.19,5132.79,3503.16,0,6.0,5.0
CLM-69295,Franchise_FL_04,Baseboard Replacement,2025-10-13,6.0,110.97,665.82,665.82,1,10.0,0.0
CLM-77163,Franchise_NY_12,Baseboard Replacement,,42.0,140.27,5891.34,3441.86,0,,
CLM-83645,Franchise_NY_12,Antimicrobial Treatment,,13.0,122.52,1592.76,1592.76,1,,
CLM-78192,Franchise_TX_01,Drywall Repair,,47.0,46.93,2205.71,2205.71,1,,
CLM-44968,Franchise_TX_01,Water Extraction,,23.0,68.8,1582.4,1582.4,1,,
CLM-94831,Franchise_TX_01,Antimicrobial Treatment,,42.0,74.46,3127.32,2625.58,0,,
CLM-52290,Franchise_TX_01,Drywall Repair,,23.0,47.56,1093.88,1093.88,1,,
CLM-84158,Franchise_NY_12,Water Extraction,,19.0,75.79,1440.01,1440.01,1,,
CLM-25106,Franchise_FL_04,Dehumidifier Rental,2025-05-02,39.0,119.81,4672.59,4672.59,1,5.0,4.0
CLM-16404,Franchise_TX_01,Water Extraction,,24.0,112.31,2695.44,2695.44,1,,
CLM-15672,Franchise_FL_04,Drywall Repair,2025-07-14,44.0,134.02,5896.88,3714.49,0,7.0,0.0
CLM-90455,Franchise_NY_12,Dehumidifier Rental,,33.0,144.9,4781.7,4781.7,1,,
CLM-24595,Franchise_FL_04,Water Extraction,2025-03-19,14.0,145.21,2032.94,2032.94,1,3.0,2.0
CLM-51554,Franchise_NY_12,Drywall Repair,,18.0,94.13,1694.34,1335.67,0,,
CLM-34262,Franchise_FL_04,Baseboard Replacement,2025-01-23,2.0,72.76,145.52,66.58,0,1.0,3.0
CLM-25331,Franchise_FL_04,Water Extraction,2025-10-27,34.0,57.95,1970.3,1970.3,1,10.0,0.0
CLM-31832,Franchise_TX_01,Water Extraction - MISC,,47.0,112.34,5279.98,2740.55,0,,
CLM-92622,Franchise_TX_01,Baseboard Replacement,,17.0,40.28,684.76,684.76,1,,
CLM-99278,Franchise_FL_04,Antimicrobial Treatment,2025-01-16,23.0,30.8,708.4,708.4,1,1.0,3.0
CLM-47757,Franchise_NY_12,Dehumidifier Rental,,21.0,146.47,3075.87,2322.59,0,,
CLM-53515,Franchise_NY_12,Water Extraction,,27.0,121.07,3268.89,2760.8,0,,
CLM-93158,Franchise_NY_12,Baseboard Replacement,,32.0,116.41,3725.12,2820.83,0,,
CLM-94572,Franchise_FL_04,Antimicrobial Treatment,2025-06-30,50.0,19.64,982.0,982.0,1,6.0,0.0
CLM-81869,Franchise_NY_12,Water Extraction,,23.0,127.09,2923.07,2923.07,1,,
CLM-96965,Franchise_NY_12,Drywall Repair,,48.0,42.34,2032.32,1751.34,0,,
CLM-53146,Franchise_TX_01,Drywall Repair,,1.0,55.36,55.36,55.36,1,,
CLM-91197,Franchise_NY_12,Water Extraction,,22.0,48.28,1062.16,1062.16,1,,
CLM-44085,Franchise_FL_04,Antimicrobial Treatment,2025-04-20,3.0,30.96,92.88,83.11,0,4.0,6.0
CLM-32832,Franchise_TX_01,Antimicrobial Treatment,,46.0,112.0,5152.0,5152.0,1,,
CLM-58478,Franchise_NY_12,Dehumidifier Rental,,14.0,137.2,1920.8,1920.8,1,,
CLM-53086,Franchise_TX_01,Dehumidifier Rental,,45.0,39.81,1791.45,1791.45,1,,
CLM-59507,Franchise_NY_12,Water Extraction,,48.0,101.8,4886.4,3481.21,0,,
CLM-13993,Franchise_FL_04,Water Extraction,2025-08-23,22.0,17.83,392.26,311.81,0,8.0,5.0
CLM-35235,Franchise_NY_12,Drywall Repair,,25.0,55.04,1376.0,1376.0,1,,
CLM-93320,Franchise_NY_12,Baseboard Replacement,,13.0,93.5,1215.5,752.38,0,,
CLM-13533,Franchise_NY_12,Baseboard Replacement,,46.0,84.97,3908.62,3908.62,1,,
CLM-49387,Franchise_NY_12,Antimicrobial Treatment,,30.0,131.24,3937.2,3937.2,1,,
CLM-28169,Franchise_TX_01,Baseboard Replacement,,38.0,101.18,3844.84,3844.84,1,,
CLM-19035,Franchise_TX_01,Water Extraction,,10.0,121.01,1210.1,1210.1,1,,
CLM-48219,Franchise_FL_04,Antimicrobial Treatment,2025-11-26,1.0,142.02,142.02,142.02,1,11.0,2.0
CLM-77116,Franchise_TX_01,Water Extraction,,19.0,51.26,973.94,772.78,0,,
CLM-16364,Franchise_NY_12,Water Extraction,,13.0,36.19,470.47,470.47,1,,
CLM-66959,Franchise_NY_12,Drywall Repair,,17.0,135.64,2305.88,2305.88,1,,
CLM-83172,Franchise_NY_12,Water Extraction,,24.0,113.01,2712.24,2344.73,0,,
CLM-48410,Franchise_FL_04,Water Extraction,2025-12-17,31.0,88.73,2750.63,2750.63,1,12.0,2.0
CLM-79030,Franchise_TX_01,Antimicrobial Treatment,,10.0,28.46,284.6,172.09,0,,
CLM-99833,Franchise_NY_12,Drywall Repair,,30.0,128.17,3845.1,2667.23,0,,
CLM-49844,Franchise_FL_04,Dehumidifier Rental,2025-11-13,36.0,15.68,564.48,564.48,1,11.0,3.0
CLM-33374,Franchise_FL_04,Water Extraction,2025-08-04,25.0,78.28,1957.0,1406.01,0,8.0,0.0
CLM-36135,Franchise_TX_01,Baseboard Replacement,,7.0,18.98,132.86,132.86,1,,
CLM-13470,Franchise_TX_01,Antimicrobial Treatment,,12.0,133.41,1600.92,1600.92,1,,
CLM-17747,Franchise_NY_12,Dehumidifier Rental,,38.0,65.88,2503.44,2104.53,0,,
CLM-81493,Franchise_NY_12,Water Extraction,,49.0,126.87,6216.63,6216.63,1,,
CLM-67592,Franchise_NY_12,Water Extraction,,2.0,118.59,237.18,196.99,0,,
CLM-77872,Franchise_FL_04,Baseboard Replacement,2025-12-20,45.0,47.44,2134.8,2134.8,1,12.0,5.0
CLM-80434,Franchise_TX_01,Baseboard Replacement,,39.0,125.19,4882.41,3235.74,0,,
CLM-39168,Franchise_FL_04,Water Extraction,2025-11-02,26.0,32.52,845.52,448.74,0,11.0,6.0
CLM-38094,Franchise_FL_04,Baseboard Replacement,2025-09-27,7.0,142.54,997.78,595.63,0,9.0,5.0
CLM-90861,Franchise_NY_12,Baseboard Replacement,,8.0,135.74,1085.92,965.28,0,,
CLM-13928,Franchise_FL_04,Baseboard Replacement,2025-12-22,40.0,50.63,2025.2,1320.65,0,12.0,0.0
CLM-98844,Franchise_FL_04,Baseboard Replacement,2025-09-08,30.0,24.36,730.8,304.17,0,9.0,0.0
CLM-28882,Franchise_FL_04,Baseboard Replacement,2025-02-01,42.0,126.73,5322.66,5322.66,1,2.0,5.0
CLM-23670,Franchise_FL_04,Baseboard Replacement,2025-08-23,13.0,35.19,457.47,208.03,0,8.0,5.0
CLM-12526,Franchise_FL_04,Dehumidifier Rental,2025-12-14,22.0,62.36,1371.92,1371.92,1,12.0,6.0
CLM-32401,Franchise_FL_04,Water Extraction,2025-11-24,29.0,28.13,815.77,691.18,0,11.0,0.0
CLM-16756,Franchise_NY_12,Baseboard Replacement,,20.0,82.56,1651.2,1651.2,1,,
CLM-67345,Franchise_TX_01,Baseboard Replacement - MISC,,29.0,107.95,3130.55,3130.55,1,,
CLM-47592,Franchise_FL_04,Drywall Repair,2025-11-16,48.0,106.18,5096.64,5096.64,1,11.0,6.0
CLM-19538,Franchise_NY_12,Baseboard Replacement,,33.0,77.74,2565.42,2565.42,1,,
CLM-54617,Franchise_TX_01,Baseboard Replacement,,32.0,64.11,2051.52,1203.74,0,,
CLM-29808,Franchise_NY_12,Baseboard Replacement,,40.0,120.32,4812.8,3349.31,0,,
CLM-98701,Franchise_TX_01,Water Extraction - MISC,,38.0,122.32,4648.16,2130.23,0,,
CLM-84276,Franchise_TX_01,Dehumidifier Rental,,40.0,68.76,2750.4,1269.94,0,,
CLM-73058,Franchise_TX_01,Baseboard Replacement,,2.0,95.74,191.48,191.48,1,,
CLM-37779,Franchise_FL_04,Baseboard Replacement,2025-10-15,8.0,115.4,923.2,384.07,0,10.0,2.0
CLM-29111,Franchise_TX_01,Dehumidifier Rental,,44.0,58.53,2575.32,2575.32,1,,
CLM-46050,Franchise_NY_12,Dehumidifier Rental,,44.0,20.31,893.64,794.38,0,,
CLM-30417,Franchise_FL_04,Antimicrobial Treatment,2025-10-25,37.0,128.03,4737.11,4737.11,1,10.0,5.0
CLM-68382,Franchise_TX_01,Dehumidifier Rental,,19.0,137.59,2614.21,2614.21,1,,
CLM-46125,Franchise_TX_01,Drywall Repair - MISC,,18.0,38.36,690.48,690.48,1,,
CLM-60065,Franchise_NY_12,Dehumidifier Rental,,35.0,57.54,2013.9,2013.9,1,,
CLM-39734,Franchise_TX_01,Dehumidifier Rental,,23.0,111.43,2562.89,1783.26,0,,
CLM-38618,Franchise_FL_04,Water Extraction,2025-10-21,20.0,52.28,1045.6,1045.6,1,10.0,1.0
CLM-52975,Franchise_TX_01,Water Extraction,,36.0,105.62,3802.32,2481.06,0,,
CLM-29012,Franchise_TX_01,Water Extraction,,36.0,135.37,4873.32,4873.32,1,,
CLM-61988,Franchise_FL_04,Antimicrobial Treatment,2025-05-27,10.0,108.7,1087.0,803.01,0,5.0,1.0
CLM-38373,Franchise_TX_01,Drywall Repair,,9.0,95.48,859.32,414.26,0,,
CLM-60626,Franchise_TX_01,Drywall Repair,,6.0,20.4,122.4,122.4,1,,
CLM-32035,Franchise_NY_12,Antimicrobial Treatment,,48.0,134.17,6440.16,2706.11,0,,
CLM-12263,Franchise_FL_04,Baseboard Replacement,2025-02-28,26.0,94.5,2457.0,2457.0,1,2.0,4.0
CLM-45758,Franchise_FL_04,Drywall Repair,2025-05-11,24.0,46.49,1115.76,697.28,0,5.0,6.0
CLM-95417,Franchise_TX_01,Water Extraction,,39.0,30.27,1180.53,1180.53,1,,
CLM-27456,Franchise_NY_12,Dehumidifier Rental,,43.0,137.33,5905.19,5905.19,1,,
CLM-90348,Franchise_FL_04,Dehumidifier Rental,2025-09-09,5.0,78.74,393.7,203.85,0,9.0,1.0
CLM-17467,Franchise_TX_01,Water Extraction,,50.0,134.39,6719.5,6719.5,1,,
CLM-16399,Franchise_TX_01,Water Extraction - MISC,,24.0,107.27,2574.48,1154.9,0,,
CLM-25583,Franchise_FL_04,Dehumidifier Rental,2025-06-08,49.0,44.87,2198.63,1850.52,0,6.0,6.0
CLM-23590,Franchise_TX_01,Drywall Repair,,42.0,46.38,1947.96,1947.96,1,,
CLM-47351,Franchise_TX_01,Dehumidifier Rental,,34.0,47.91,1628.94,1014.27,0,,
CLM-80674,Franchise_FL_04,Baseboard Replacement,2025-12-04,26.0,27.98,727.48,335.72,0,12.0,3.0
CLM-69508,Franchise_FL_04,Water Extraction,2025-11-02,29.0,41.33,1198.57,922.08,0,11.0,6.0
CLM-45071,Franchise_TX_01,Water Extraction - MISC,,42.0,132.04,5545.68,5545.68,1,,
CLM-87723,Franchise_NY_12,Baseboard Replacement,,3.0,126.3,378.9,305.99,0,,
CLM-88587,Franchise_NY_12,Antimicrobial Treatment,,11.0,139.79,1537.69,933.76,0,,
CLM-47569,Franchise_FL_04,Dehumidifier Rental,2025-06-17,33.0,122.02,4026.66,2775.19,0,6.0,1.0
CLM-85856,Franchise_NY_12,Dehumidifier Rental,,16.0,112.53,1800.48,827.69,0,,
CLM-87889,Franchise_FL_04,Baseboard Replacement,2025-12-15,31.0,48.38,1499.78,993.37,0,12.0,0.0
CLM-60062,Franchise_TX_01,Dehumidifier Rental,,1.0,102.91,102.91,102.91,1,,
CLM-57388,Franchise_NY_12,Drywall Repair,,41.0,41.75,1711.75,1711.75,1,,
CLM-77051,Franchise_NY_12,Drywall Repair,,37.0,74.56,2758.72,2758.72,1,,
CLM-46911,Franchise_FL_04,Dehumidifier Rental,2025-06-08,16.0,47.65,762.4,762.4,1,6.0,6.0
CLM-27923,Franchise_NY_12,Water Extraction,,18.0,82.73,1489.14,881.84,0,,
CLM-39242,Franchise_TX_01,Baseboard Replacement,,7.0,28.83,201.81,201.81,1,,
CLM-97863,Franchise_TX_01,Water Extraction,,11.0,62.2,684.2,684.2,1,,
CLM-51410,Franchise_NY_12,Water Extraction,,5.0,116.36,581.8,581.8,1,,
CLM-94942,Franchise_NY_12,Antimicrobial Treatment,,8.0,29.51,236.08,197.65,0,,
CLM-61922,Franchise_TX_01,Dehumidifier Rental,,43.0,132.03,5677.29,5677.29,1,,
CLM-15444,Franchise_FL_04,Water Extraction,2025-11-23,13.0,71.15,924.95,924.95,1,11.0,6.0
CLM-57992,Franchise_TX_01,Dehumidifier Rental - MISC,,30.0,65.81,1974.3,1974.3,1,,
CLM-84511,Franchise_TX_01,Antimicrobial Treatment - MISC,,3.0,107.97,323.91,323.91,1,,
CLM-97630,Franchise_FL_04,Water Extraction,2025-03-01,34.0,149.63,5087.42,3433.79,0,3.0,5.0
CLM-55538,Franchise_NY_12,Water Extraction,,31.0,18.87,584.97,584.97,1,,
CLM-86473,Franchise_TX_01,Antimicrobial Treatment,,39.0,110.38,4304.82,4304.82,1,,
CLM-19009,Franchise_NY_12,Dehumidifier Rental,,27.0,144.38,3898.26,2706.94,0,,
CLM-94686,Franchise_FL_04,Dehumidifier Rental,2025-06-08,33.0,61.39,2025.87,2025.87,1,6.0,6.0
CLM-51841,Franchise_NY_12,Water Extraction,,6.0,133.71,802.26,650.36,0,,
CLM-87326,Franchise_TX_01,Drywall Repair,,44.0,29.98,1319.12,1319.12,1,,
CLM-18862,Franchise_NY_12,Baseboard Replacement,,5.0,123.96,619.8,364.56,0,,
CLM-81876,Franchise_FL_04,Water Extraction,2025-03-29,10.0,103.46,1034.6,1034.6,1,3.0,5.0
CLM-16551,Franchise_TX_01,Antimicrobial Treatment,,2.0,68.59,137.18,58.94,0,,
CLM-93759,Franchise_TX_01,Water Extraction,,19.0,43.89,833.91,833.91,1,,
CLM-64389,Franchise_NY_12,Drywall Repair,,25.0,93.95,2348.75,1728.75,0,,
CLM-40570,Franchise_TX_01,Antimicrobial Treatment,,31.0,120.46,3734.26,3734.26,1,,
CLM-10855,Franchise_TX_01,Dehumidifier Rental,,5.0,36.62,183.1,183.1,1,,
CLM-25690,Franchise_TX_01,Dehumidifier Rental,,26.0,47.37,1231.62,705.45,0,,
CLM-96978,Franchise_NY_12,Drywall Repair,,43.0,80.77,3473.11,3473.11,1,,
CLM-81551,Franchise_NY_12,Drywall Repair,,16.0,55.58,889.28,889.28,1,,
CLM-82971,Franchise_NY_12,Water Extraction,,23.0,125.19,2879.37,2879.37,1,,
CLM-92643,Franchise_NY_12,Drywall Repair,,37.0,71.64,2650.68,2650.68,1,,
CLM-87979,Franchise_NY_12,Water Extraction,,19.0,128.35,2438.65,2438.65,1,,
CLM-22405,Franchise_NY_12,Water Extraction,,15.0,102.39,1535.85,720.79,0,,
CLM-29243,Franchise_TX_01,Antimicrobial Treatment,,18.0,128.63,2315.34,2315.34,1,,
CLM-83865,Franchise_NY_12,Drywall Repair,,32.0,141.71,4534.72,4534.72,1,,
CLM-52821,Franchise_FL_04,Baseboard Replacement,2025-05-06,6.0,99.33,595.98,595.98,1,5.0,1.0
CLM-86492,Franchise_TX_01,Baseboard Replacement - MISC,,43.0,120.83,5195.69,5195.69,1,,
CLM-93206,Franchise_TX_01,Drywall Repair,,14.0,107.15,1500.1,1500.1,1,,
CLM-41652,Franchise_TX_01,Dehumidifier Rental,,48.0,76.35,3664.8,3664.8,1,,
CLM-94693,Franchise_FL_04,Antimicrobial Treatment,2025-12-23,18.0,131.91,2374.38,2043.11,0,12.0,1.0
CLM-36389,Franchise_TX_01,Dehumidifier Rental,,25.0,149.32,3733.0,3121.34,0,,
CLM-81621,Franchise_NY_12,Antimicrobial Treatment,,6.0,123.29,739.74,298.4,0,,
CLM-84443,Franchise_FL_04,Baseboard Replacement,2025-10-24,5.0,24.85,124.25,124.25,1,10.0,4.0
CLM-69862,Franchise_NY_12,Dehumidifier Rental,,42.0,76.12,3197.04,3197.04,1,,
CLM-59282,Franchise_TX_01,Antimicrobial Treatment,,40.0,86.16,3446.4,3446.4,1,,
CLM-71524,Franchise_TX_01,Drywall Repair,,13.0,33.76,438.88,274.12,0,,
CLM-37552,Franchise_TX_01,Dehumidifier Rental,,12.0,15.37,184.44,184.44,1,,
CLM-44237,Franchise_TX_01,Antimicrobial Treatment,,4.0,115.33,461.32,461.32,1,,
CLM-33186,Franchise_TX_01,Water Extraction - MISC,,35.0,149.57,5234.95,5234.95,1,,
CLM-76383,Franchise_FL_04,Dehumidifier Rental,2025-03-15,33.0,18.68,616.44,616.44,1,3.0,5.0
CLM-90119,Franchise_FL_04,Antimicrobial Treatment,2025-05-09,10.0,79.04,790.4,790.4,1,5.0,4.0
CLM-90479,Franchise_NY_12,Antimicrobial Treatment,,18.0,122.28,2201.04,2201.04,1,,
CLM-89426,Franchise_TX_01,Water Extraction,,12.0,60.98,731.76,731.76,1,,
CLM-17668,Franchise_FL_04,Drywall Repair,2025-01-23,4.0,84.82,339.28,339.28,1,1.0,3.0
CLM-35752,Franchise_NY_12,Baseboard Replacement,,19.0,48.95,930.05,823.43,0,,
CLM-36992,Franchise_NY_12,Antimicrobial Treatment,,22.0,140.15,3083.3,3083.3,1,,
CLM-36805,Franchise_TX_01,Antimicrobial Treatment,,4.0,113.04,452.16,452.16,1,,
CLM-67712,Franchise_TX_01,Baseboard Replacement,,11.0,122.82,1351.02,1108.2,0,,
CLM-53713,Franchise_NY_12,Drywall Repair,,29.0,123.46,3580.34,3580.34,1,,
CLM-60261,Franchise_NY_12,Dehumidifier Rental,,3.0,143.93,431.79,431.79,1,,
CLM-88347,Franchise_TX_01,Baseboard Replacement,,41.0,18.51,758.91,758.91,1,,
CLM-69372,Franchise_TX_01,Drywall Repair,,25.0,43.29,1082.25,1082.25,1,,
CLM-51419,Franchise_TX_01,Baseboard Replacement,,5.0,30.08,150.4,83.64,0,,
CLM-52550,Franchise_TX_01,Drywall Repair,,38.0,100.06,3802.28,3802.28,1,,
CLM-62542,Franchise_TX_01,Drywall Repair - MISC,,14.0,90.64,1268.96,997.99,0,,
CLM-15826,Franchise_NY_12,Dehumidifier Rental,,49.0,61.44,3010.56,1900.7,0,,
CLM-13130,Franchise_NY_12,Antimicrobial Treatment,,8.0,110.67,885.36,885.36,1,,
CLM-25472,Franchise_FL_04,Antimicrobial Treatment,2025-09-17,39.0,50.75,1979.25,1564.0,0,9.0,2.0
CLM-64489,Franchise_FL_04,Water Extraction,2025-12-16,20.0,24.37,487.4,487.4,1,12.0,1.0
CLM-18215,Franchise_NY_12,Antimicrobial Treatment,,17.0,100.58,1709.86,1709.86,1,,
CLM-52202,Franchise_TX_01,Drywall Repair,,11.0,131.37,1445.07,1445.07,1,,
CLM-88547,Franchise_FL_04,Dehumidifier Rental,2025-06-02,37.0,106.68,3947.16,3947.16,1,6.0,0.0
CLM-86811,Franchise_NY_12,Drywall Repair,,13.0,20.89,271.57,231.4,0,,
CLM-14880,Franchise_FL_04,Drywall Repair,2025-01-05,30.0,78.61,2358.3,2358.3,1,1.0,6.0
CLM-20768,Franchise_FL_04,Dehumidifier Rental,2025-06-14,10.0,82.94,829.4,829.4,1,6.0,5.0
CLM-64896,Franchise_FL_04,Baseboard Replacement,2025-07-21,48.0,38.51,1848.48,1269.37,0,7.0,0.0
CLM-62631,Franchise_FL_04,Water Extraction,2025-04-05,17.0,95.36,1621.12,822.67,0,4.0,5.0
CLM-36726,Franchise_TX_01,Dehumidifier Rental - MISC,,19.0,61.01,1159.19,989.85,0,,
CLM-87786,Franchise_NY_12,Dehumidifier Rental,,2.0,94.08,188.16,188.16,1,,
CLM-23603,Franchise_FL_04,Antimicrobial Treatment,2025-07-26,18.0,117.63,2117.34,2117.34,1,7.0,5.0
CLM-63914,Franchise_NY_12,Drywall Repair,,48.0,76.1,3652.8,3652.8,1,,
CLM-98879,Franchise_FL_04,Antimicrobial Treatment,2025-12-19,40.0,125.85,5034.0,5034.0,1,12.0,4.0
CLM-90099,Franchise_NY_12,Drywall Repair,,34.0,75.79,2576.86,2576.86,1,,
CLM-39538,Franchise_NY_12,Baseboard Replacement,,14.0,85.01,1190.14,1190.14,1,,
CLM-12063,Franchise_TX_01,Dehumidifier Rental,,12.0,69.44,833.28,833.28,1,,
CLM-12773,Franchise_FL_04,Antimicrobial Treatment,2025-12-31,40.0,44.86,1794.4,1794.4,1,12.0,2.0
CLM-88172,Franchise_NY_12,Baseboard Replacement,,50.0,137.12,6856.0,6856.0,1,,
CLM-45472,Franchise_NY_12,Baseboard Replacement,,21.0,98.79,2074.59,2074.59,1,,
CLM-58094,Franchise_NY_12,Dehumidifier Rental,,21.0,90.43,1899.03,1899.03,1,,
CLM-16381,Franchise_FL_04,Antimicrobial Treatment,2025-04-16,5.0,107.5,537.5,317.05,0,4.0,2.0
CLM-59415,Franchise_TX_01,Drywall Repair,,18.0,132.42,2383.56,1873.97,0,,
CLM-59164,Franchise_TX_01,Water Extraction,,17.0,99.86,1697.62,1155.85,0,,
CLM-23379,Franchise_TX_01,Baseboard Replacement - MISC,,3.0,40.91,122.73,122.73,1,,
CLM-18100,Franchise_TX_01,Dehumidifier Rental - MISC,,29.0,30.32,879.28,697.0,0,,
CLM-39066,Franchise_FL_04,Drywall Repair,2025-10-24,37.0,90.4,3344.8,2192.24,0,10.0,4.0
CLM-24160,Franchise_TX_01,Baseboard Replacement,,13.0,79.06,1027.78,414.67,0,,
CLM-87239,Franchise_TX_01,Dehumidifier Rental,,16.0,88.0,1408.0,1408.0,1,,
CLM-97938,Franchise_FL_04,Antimicrobial Treatment,2025-03-05,36.0,20.12,724.32,724.32,1,3.0,2.0
CLM-92149,Franchise_FL_04,Baseboard Replacement,2025-11-01,20.0,144.75,2895.0,2048.92,0,11.0,5.0
CLM-15381,Franchise_FL_04,Antimicrobial Treatment,2025-12-11,27.0,32.07,865.89,615.75,0,12.0,3.0
CLM-42544,Franchise_TX_01,Baseboard Replacement,,13.0,108.0,1404.0,1404.0,1,,
CLM-39474,Franchise_NY_12,Water Extraction,,18.0,147.22,2649.96,2231.76,0,,
CLM-33521,Franchise_TX_01,Dehumidifier Rental,,39.0,111.27,4339.53,2440.15,0,,
CLM-53548,Franchise_NY_12,Antimicrobial Treatment,,17.0,91.56,1556.52,1556.52,1,,
CLM-10940,Franchise_FL_04,Dehumidifier Rental,2025-04-17,39.0,148.06,5774.34,5774.34,1,4.0,3.0
CLM-89172,Franchise_TX_01,Water Extraction,,5.0,45.43,227.15,227.15,1,,
CLM-80152,Franchise_TX_01,Drywall Repair,,44.0,77.54,3411.76,1839.07,0,,
CLM-42582,Franchise_FL_04,Drywall Repair,2025-01-29,22.0,16.72,367.84,194.26,0,1.0,2.0
CLM-30353,Franchise_TX_01,Dehumidifier Rental,,9.0,85.6,770.4,770.4,1,,
CLM-23265,Franchise_FL_04,Dehumidifier Rental,2025-08-13,13.0,24.15,313.95,313.95,1,8.0,2.0
CLM-55631,Franchise_TX_01,Dehumidifier Rental,,9.0,145.38,1308.42,1162.9,0,,
CLM-34184,Franchise_NY_12,Baseboard Replacement,,41.0,113.52,4654.32,2754.99,0,,
CLM-41020,Franchise_FL_04,Dehumidifier Rental,2025-09-16,34.0,37.97,1290.98,1290.98,1,9.0,1.0
CLM-24678,Franchise_NY_12,Water Extraction,,8.0,116.17,929.36,929.36,1,,
CLM-96961,Franchise_TX_01,Antimicrobial Treatment,,6.0,132.93,797.58,797.58,1,,
CLM-38263,Franchise_TX_01,Antimicrobial Treatment,,5.0,34.33,171.65,171.65,1,,
CLM-41648,Franchise_FL_04,Water Extraction,2025-09-18,5.0,144.23,721.15,453.68,0,9.0,3.0
CLM-23263,Franchise_TX_01,Drywall Repair,,36.0,69.75,2511.0,2105.05,0,,
CLM-21755,Franchise_TX_01,Baseboard Replacement,,32.0,29.37,939.84,939.84,1,,
CLM-42107,Franchise_NY_12,Water Extraction,,39.0,74.81,2917.59,2917.59,1,,
CLM-37075,Franchise_TX_01,Antimicrobial Treatment,,40.0,51.33,2053.2,1186.92,0,,
CLM-44878,Franchise_TX_01,Water Extraction - MISC,,48.0,65.48,3143.04,3143.04,1,,
CLM-70810,Franchise_FL_04,Dehumidifier Rental,2025-07-20,14.0,40.28,563.92,447.84,0,7.0,6.0
CLM-17148,Franchise_FL_04,Antimicrobial Treatment,2025-10-30,46.0,102.38,4709.48,4709.48,1,10.0,3.0
CLM-78527,Franchise_TX_01,Dehumidifier Rental,,46.0,122.13,5617.98,5617.98,1,,
CLM-77269,Franchise_NY_12,Baseboard Replacement,,27.0,56.42,1523.34,946.84,0,,
CLM-38671,Franchise_FL_04,Water Extraction,2025-04-26,12.0,34.84,418.08,363.51,0,4.0,5.0
CLM-34361,Franchise_FL_04,Dehumidifier Rental,2025-03-14,40.0,140.17,5606.8,2786.1,0,3.0,4.0
CLM-66258,Franchise_TX_01,Antimicrobial Treatment - MISC,,23.0,145.54,3347.42,3347.42,1,,
CLM-78045,Franchise_NY_12,Drywall Repair,,39.0,90.73,3538.47,3538.47,1,,
CLM-30601,Franchise_FL_04,Water Extraction,2025-06-01,24.0,139.53,3348.72,2980.1,0,6.0,6.0
CLM-30858,Franchise_FL_04,Water Extraction,2025-06-27,45.0,72.18,3248.1,2058.29,0,6.0,4.0
CLM-17206,Franchise_NY_12,Water Extraction,,21.0,71.76,1506.96,1506.96,1,,
CLM-54555,Franchise_FL_04,Water Extraction,2025-11-12,42.0,149.75,6289.5,6289.5,1,11.0,2.0
CLM-32793,Franchise_TX_01,Dehumidifier Rental,,45.0,141.86,6383.7,6383.7,1,,
CLM-10613,Franchise_NY_12,Antimicrobial Treatment,,41.0,22.09,905.69,809.12,0,,
CLM-95030,Franchise_TX_01,Antimicrobial Treatment,,23.0,133.36,3067.28,1615.36,0,,
CLM-21792,Franchise_FL_04,Drywall Repair,2025-12-22,36.0,20.26,729.36,729.36,1,12.0,0.0
CLM-25018,Franchise_TX_01,Baseboard Replacement - MISC,,47.0,77.66,3650.02,3650.02,1,,
CLM-94421,Franchise_NY_12,Dehumidifier Rental,,18.0,140.24,2524.32,2524.32,1,,
CLM-24197,Franchise_FL_04,Baseboard Replacement,2025-12-13,5.0,16.42,82.1,82.1,1,12.0,5.0
CLM-59469,Franchise_TX_01,Dehumidifier Rental,,12.0,68.07,816.84,816.84,1,,
CLM-41614,Franchise_TX_01,Antimicrobial Treatment - MISC,,19.0,101.83,1934.77,1934.77,1,,
CLM-82884,Franchise_FL_04,Dehumidifier Rental,2025-09-09,47.0,72.07,3387.29,3387.29,1,9.0,1.0
CLM-10450,Franchise_TX_01,Dehumidifier Rental,,28.0,86.88,2432.64,2432.64,1,,
CLM-35207,Franchise_TX_01,Antimicrobial Treatment,,25.0,41.93,1048.25,634.88,0,,
CLM-94358,Franchise_TX_01,Drywall Repair - MISC,,34.0,57.55,1956.7,1147.81,0,,
CLM-40896,Franchise_NY_12,Drywall Repair,,13.0,147.36,1915.68,1915.68,1,,
CLM-40657,Franchise_TX_01,Drywall Repair,,48.0,79.74,3827.52,2580.11,0,,
CLM-46511,Franchise_FL_04,Water Extraction,2025-08-14,42.0,131.7,5531.4,5531.4,1,8.0,3.0
CLM-78393,Franchise_TX_01,Drywall Repair,,49.0,79.34,3887.66,3887.66,1,,
CLM-70981,Franchise_FL_04,Baseboard Replacement,2025-01-18,20.0,34.85,697.0,597.42,0,1.0,5.0
CLM-71247,Franchise_NY_12,Dehumidifier Rental,,11.0,131.96,1451.56,1451.56,1,,
CLM-95898,Franchise_FL_04,Antimicrobial Treatment,2025-10-04,42.0,31.54,1324.68,1324.68,1,10.0,5.0
CLM-38188,Franchise_TX_01,Water Extraction,,13.0,114.76,1491.88,793.99,0,,
CLM-22080,Franchise_FL_04,Antimicrobial Treatment,2025-08-22,50.0,22.39,1119.5,1119.5,1,8.0,4.0
CLM-30331,Franchise_FL_04,Baseboard Replacement,2025-07-09,21.0,105.88,2223.48,1703.63,0,7.0,2.0
CLM-79344,Franchise_TX_01,Dehumidifier Rental,,22.0,49.45,1087.9,1087.9,1,,
CLM-57235,Franchise_NY_12,Drywall Repair,,27.0,92.58,2499.66,1600.94,0,,
CLM-21664,Franchise_NY_12,Water Extraction,,33.0,48.7,1607.1,1607.1,1,,
CLM-61302,Franchise_NY_12,Baseboard Replacement,,31.0,83.38,2584.78,1513.26,0,,
CLM-71660,Franchise_TX_01,Drywall Repair,,44.0,28.71,1263.24,1263.24,1,,
CLM-99771,Franchise_NY_12,Water Extraction,,15.0,83.6,1254.0,1254.0,1,,
CLM-37112,Franchise_NY_12,Antimicrobial Treatment,,6.0,79.02,474.12,369.44,0,,
CLM-22880,Franchise_NY_12,Water Extraction,,14.0,117.81,1649.34,711.38,0,,
CLM-56781,Franchise_TX_01,Baseboard Replacement,,20.0,147.25,2945.0,2613.66,0,,
CLM-45419,Franchise_FL_04,Drywall Repair,2025-09-07,38.0,23.8,904.4,427.36,0,9.0,6.0
CLM-17892,Franchise_TX_01,Water Extraction - MISC,,10.0,91.32,913.2,913.2,1,,
CLM-61676,Franchise_NY_12,Drywall Repair,,48.0,24.97,1198.56,699.06,0,,
CLM-62346,Franchise_FL_04,Drywall Repair,2025-02-24,21.0,107.51,2257.71,2257.71,1,2.0,0.0
CLM-22670,Franchise_NY_12,Dehumidifier Rental,,8.0,144.96,1159.68,958.1,0,,
CLM-76534,Franchise_FL_04,Water Extraction,2025-01-05,49.0,32.34,1584.66,1584.66,1,1.0,6.0
CLM-43463,Franchise_TX_01,Dehumidifier Rental,,23.0,70.06,1611.38,1611.38,1,,
CLM-54973,Franchise_NY_12,Water Extraction,,3.0,111.67,335.01,217.57,0,,
CLM-28479,Franchise_FL_04,Water Extraction,2025-06-13,43.0,114.61,4928.23,4928.23,1,6.0,4.0
CLM-14734,Franchise_FL_04,Drywall Repair,2025-12-08,17.0,116.02,1972.34,1683.08,0,12.0,0.0
CLM-36878,Franchise_FL_04,Antimicrobial Treatment,2025-05-14,37.0,117.6,4351.2,1855.86,0,5.0,2.0
CLM-94746,Franchise_TX_01,Dehumidifier Rental,,49.0,87.79,4301.71,2333.6,0,,
CLM-64431,Franchise_TX_01,Dehumidifier Rental,,41.0,124.67,5111.47,5111.47,1,,
CLM-51072,Franchise_TX_01,Water Extraction,,32.0,147.92,4733.44,3889.74,0,,
CLM-78793,Franchise_NY_12,Antimicrobial Treatment,,15.0,101.12,1516.8,885.3,0,,
CLM-13396,Franchise_TX_01,Antimicrobial Treatment,,41.0,114.16,4680.56,3157.26,0,,
CLM-84694,Franchise_TX_01,Water Extraction,,20.0,121.63,2432.6,2432.6,1,,
CLM-95880,Franchise_TX_01,Baseboard Replacement,,6.0,27.76,166.56,166.56,1,,
CLM-32549,Franchise_NY_12,Dehumidifier Rental,,18.0,68.04,1224.72,1224.72,1,,
CLM-25168,Franchise_NY_12,Water Extraction,,10.0,122.64,1226.4,831.6,0,,
CLM-37258,Franchise_TX_01,Baseboard Replacement,,38.0,62.03,2357.14,2357.14,1,,
CLM-42227,Franchise_TX_01,Dehumidifier Rental - MISC,,38.0,118.79,4514.02,1884.64,0,,
CLM-43733,Franchise_FL_04,Baseboard Replacement,2025-11-29,22.0,45.58,1002.76,1002.76,1,11.0,5.0
CLM-30061,Franchise_FL_04,Dehumidifier Rental,2025-07-25,1.0,46.61,46.61,46.61,1,7.0,4.0
CLM-38299,Franchise_TX_01,Baseboard Replacement,,20.0,16.34,326.8,229.52,0,,
CLM-97709,Franchise_NY_12,Dehumidifier Rental,,50.0,28.6,1430.0,838.2,0,,
CLM-24287,Franchise_FL_04,Drywall Repair,2025-08-07,38.0,42.88,1629.44,1015.62,0,8.0,3.0
CLM-32531,Franchise_TX_01,Antimicrobial Treatment,,31.0,99.48,3083.88,2502.73,0,,
CLM-88752,Franchise_NY_12,Antimicrobial Treatment,,26.0,106.58,2771.08,2771.08,1,,
CLM-43695,Franchise_NY_12,Water Extraction,,24.0,59.32,1423.68,1031.06,0,,
CLM-93689,Franchise_NY_12,Water Extraction,,48.0,62.42,2996.16,1717.47,0,,
CLM-61675,Franchise_NY_12,Baseboard Replacement,,29.0,105.46,3058.34,3058.34,1,,
CLM-31273,Franchise_FL_04,Antimicrobial Treatment,2025-04-13,1.0,61.33,61.33,34.99,0,4.0,6.0
CLM-30509,Franchise_FL_04,Antimicrobial Treatment,2025-10-20,37.0,54.73,2025.01,2025.01,1,10.0,0.0
CLM-51437,Franchise_FL_04,Water Extraction,2025-08-26,13.0,59.52,773.76,538.67,0,8.0,1.0
CLM-45615,Franchise_NY_12,Baseboard Replacement,,40.0,118.41,4736.4,4163.29,0,,
CLM-72968,Franchise_FL_04,Drywall Repair,2025-08-19,18.0,51.03,918.54,737.62,0,8.0,1.0
CLM-67793,Franchise_NY_12,Drywall Repair,,35.0,76.33,2671.55,1766.64,0,,
CLM-64593,Franchise_TX_01,Water Extraction,,28.0,84.44,2364.32,2364.32,1,,
CLM-54130,Franchise_NY_12,Water Extraction,,50.0,77.22,3861.0,3861.0,1,,
CLM-48364,Franchise_TX_01,Baseboard Replacement,,41.0,117.3,4809.3,2964.01,0,,
CLM-42525,Franchise_FL_04,Drywall Repair,2025-08-13,14.0,147.02,2058.28,1565.89,0,8.0,2.0
CLM-28887,Franchise_NY_12,Drywall Repair,,35.0,28.32,991.2,807.5,0,,
CLM-64750,Franchise_NY_12,Water Extraction,,7.0,100.15,701.05,701.05,1,,
CLM-22893,Franchise_TX_01,Dehumidifier Rental,,24.0,148.47,3563.28,1450.9,0,,
CLM-10730,Franchise_NY_12,Antimicrobial Treatment,,2.0,96.41,192.82,192.82,1,,
CLM-70113,Franchise_NY_12,Dehumidifier Rental,,37.0,121.91,4510.67,4510.67,1,,
CLM-12117,Franchise_TX_01,Dehumidifier Rental,,24.0,88.34,2120.16,2120.16,1,,
CLM-37676,Franchise_NY_12,Baseboard Replacement,,9.0,57.53,517.77,517.77,1,,
CLM-13933,Franchise_FL_04,Baseboard Replacement,2025-05-06,8.0,91.53,732.24,732.24,1,5.0,1.0
CLM-72308,Franchise_NY_12,Dehumidifier Rental,,7.0,98.76,691.32,691.32,1,,
CLM-90212,Franchise_NY_12,Baseboard Replacement,,12.0,91.22,1094.64,585.61,0,,
CLM-11869,Franchise_TX_01,Baseboard Replacement,,50.0,117.75,5887.5,5887.5,1,,
CLM-10640,Franchise_TX_01,Baseboard Replacement,,50.0,131.17,6558.5,6558.5,1,,
CLM-13858,Franchise_FL_04,Drywall Repair,2025-12-26,23.0,29.87,687.01,480.21,0,12.0,4.0
CLM-51829,Franchise_FL_04,Dehumidifier Rental,2025-12-24,23.0,42.51,977.73,636.03,0,12.0,2.0
CLM-75488,Franchise_TX_01,Baseboard Replacement,,24.0,109.59,2630.16,2630.16,1,,
CLM-57368,Franchise_TX_01,Drywall Repair - MISC,,48.0,96.38,4626.24,2420.41,0,,
CLM-38317,Franchise_NY_12,Dehumidifier Rental,,25.0,147.98,3699.5,3699.5,1,,
CLM-86568,Franchise_FL_04,Antimicrobial Treatment,2025-03-21,12.0,33.08,396.96,396.96,1,3.0,4.0
CLM-32004,Franchise_TX_01,Water Extraction - MISC,,45.0,118.37,5326.65,3541.75,0,,
CLM-87541,Franchise_TX_01,Drywall Repair,,5.0,94.67,473.35,333.69,0,,
CLM-18284,Franchise_FL_04,Water Extraction,2025-10-25,3.0,117.7,353.1,256.28,0,10.0,5.0
CLM-88224,Franchise_TX_01,Drywall Repair,,44.0,129.92,5716.48,5716.48,1,,
CLM-28128,Franchise_FL_04,Water Extraction,2025-05-01,31.0,100.07,3102.17,2195.49,0,5.0,3.0
CLM-65972,Franchise_NY_12,Water Extraction,,2.0,134.52,269.04,269.04,1,,
CLM-77767,Franchise_FL_04,Baseboard Replacement,2025-05-05,19.0,19.9,378.1,378.1,1,5.0,0.0
CLM-37404,Franchise_NY_12,Baseboard Replacement,,39.0,61.88,2413.32,1286.57,0,,
CLM-66955,Franchise_NY_12,Baseboard Replacement,,24.0,39.99,959.76,721.5,0,,
CLM-76505,Franchise_NY_12,Water Extraction,,50.0,110.34,5517.0,5517.0,1,,
CLM-49407,Franchise_NY_12,Water Extraction,,45.0,49.73,2237.85,1875.51,0,,
CLM-17198,Franchise_TX_01,Dehumidifier Rental - MISC,,40.0,23.97,958.8,958.8,1,,
CLM-80988,Franchise_NY_12,Drywall Repair,,26.0,101.8,2646.8,2646.8,1,,
CLM-37293,Franchise_NY_12,Dehumidifier Rental,,27.0,51.66,1394.82,976.48,0,,
CLM-52368,Franchise_FL_04,Water Extraction,2025-09-20,4.0,140.76,563.04,563.04,1,9.0,5.0
CLM-76751,Franchise_TX_01,Antimicrobial Treatment,,25.0,132.83,3320.75,3320.75,1,,
CLM-96137,Franchise_NY_12,Antimicrobial Treatment,,10.0,138.21,1382.1,1382.1,1,,
CLM-54816,Franchise_TX_01,Antimicrobial Treatment - MISC,,42.0,44.54,1870.68,1238.1,0,,
CLM-48889,Franchise_TX_01,Dehumidifier Rental,,30.0,118.92,3567.6,3567.6,1,,
CLM-58781,Franchise_FL_04,Dehumidifier Rental,2025-04-19,44.0,52.93,2328.92,2328.92,1,4.0,5.0
CLM-58964,Franchise_TX_01,Antimicrobial Treatment,,21.0,47.22,991.62,991.62,1,,
CLM-32975,Franchise_TX_01,Water Extraction,,30.0,71.63,2148.9,2148.9,1,,
CLM-32189,Franchise_NY_12,Dehumidifier Rental,,13.0,39.85,518.05,247.68,0,,
CLM-43106,Franchise_TX_01,Baseboard Replacement,,29.0,29.15,845.35,845.35,1,,
CLM-88149,Franchise_TX_01,Baseboard Replacement,,5.0,77.17,385.85,385.85,1,,
CLM-58242,Franchise_TX_01,Dehumidifier Rental,,2.0,85.73,171.46,171.46,1,,
CLM-51139,Franchise_TX_01,Dehumidifier Rental,,14.0,20.16,282.24,113.16,0,,
CLM-49860,Franchise_TX_01,Water Extraction,,28.0,81.55,2283.4,2283.4,1,,
CLM-20770,Franchise_FL_04,Drywall Repair,2025-01-31,17.0,130.32,2215.44,2215.44,1,1.0,4.0
CLM-21458,Franchise_NY_12,Water Extraction,,3.0,66.75,200.25,200.25,1,,
CLM-47498,Franchise_NY_12,Water Extraction,,27.0,39.43,1064.61,446.95,0,,
CLM-58655,Franchise_NY_12,Water Extraction,,46.0,58.88,2708.48,1366.96,0,,
CLM-11733,Franchise_TX_01,Baseboard Replacement - MISC,,50.0,65.55,3277.5,2168.81,0,,
CLM-74338,Franchise_FL_04,Antimicrobial Treatment,2025-03-02,25.0,103.59,2589.75,1197.14,0,3.0,6.0
CLM-34705,Franchise_TX_01,Drywall Repair - MISC,,21.0,54.4,1142.4,1142.4,1,,
CLM-28315,Franchise_TX_01,Drywall Repair,,44.0,44.29,1948.76,1273.8,0,,
CLM-81291,Franchise_FL_04,Baseboard Replacement,2025-08-01,26.0,19.23,499.98,220.69,0,8.0,4.0
CLM-40581,Franchise_TX_01,Baseboard Replacement,,37.0,67.52,2498.24,2498.24,1,,
CLM-52974,Franchise_TX_01,Baseboard Replacement,,23.0,76.5,1759.5,995.64,0,,
CLM-45646,Franchise_NY_12,Water Extraction,,47.0,99.61,4681.67,4681.67,1,,
CLM-70319,Franchise_NY_12,Dehumidifier Rental,,34.0,97.26,3306.84,3306.84,1,,
CLM-29104,Franchise_FL_04,Water Extraction,2025-12-21,2.0,140.66,281.32,281.32,1,12.0,6.0
CLM-48062,Franchise_NY_12,Baseboard Replacement,,43.0,48.83,2099.69,1537.58,0,,
CLM-95039,Franchise_TX_01,Baseboard Replacement,,25.0,130.44,3261.0,3261.0,1,,
CLM-27926,Franchise_NY_12,Antimicrobial Treatment,,36.0,18.37,661.32,661.32,1,,
CLM-68636,Franchise_TX_01,Dehumidifier Rental - MISC,,45.0,108.29,4873.05,3837.03,0,,
CLM-28262,Franchise_NY_12,Baseboard Replacement,,37.0,72.32,2675.84,2675.84,1,,
CLM-92858,Franchise_FL_04,Antimicrobial Treatment,2025-11-09,45.0,17.79,800.55,800.55,1,11.0,6.0
CLM-18887,Franchise_TX_01,Water Extraction - MISC,,12.0,29.34,352.08,313.55,0,,
CLM-23758,Franchise_NY_12,Water Extraction,,10.0,146.76,1467.6,1467.6,1,,
CLM-46557,Franchise_FL_04,Dehumidifier Rental,2025-12-10,45.0,41.85,1883.25,1883.25,1,12.0,2.0
CLM-99225,Franchise_NY_12,Dehumidifier Rental,,1.0,135.49,135.49,106.09,0,,
CLM-56676,Franchise_TX_01,Baseboard Replacement,,14.0,36.4,509.6,509.6,1,,
CLM-74577,Franchise_TX_01,Baseboard Replacement - MISC,,29.0,74.45,2159.05,2159.05,1,,
CLM-25890,Franchise_NY_12,Drywall Repair,,3.0,123.77,371.31,371.31,1,,
CLM-34570,Franchise_FL_04,Baseboard Replacement,2025-02-24,4.0,126.51,506.04,371.25,0,2.0,0.0
CLM-99187,Franchise_FL_04,Dehumidifier Rental,2025-09-13,26.0,47.23,1227.98,862.08,0,9.0,5.0
CLM-23525,Franchise_FL_04,Antimicrobial Treatment,2025-12-19,27.0,115.95,3130.65,3130.65,1,12.0,4.0
CLM-83867,Franchise_FL_04,Baseboard Replacement,2025-07-03,38.0,100.0,3800.0,3800.0,1,7.0,3.0
CLM-43319,Franchise_FL_04,Dehumidifier Rental,2025-07-28,45.0,75.19,3383.55,3383.55,1,7.0,0.0
CLM-53803,Franchise_FL_04,Drywall Repair,2025-07-16,39.0,72.59,2831.01,2831.01,1,7.0,2.0
CLM-94334,Franchise_NY_12,Water Extraction,,29.0,103.81,3010.49,2609.59,0,,
CLM-45523,Franchise_TX_01,Water Extraction,,31.0,68.55,2125.05,2125.05,1,,
CLM-70364,Franchise_NY_12,Water Extraction,,25.0,41.81,1045.25,694.86,0,,
CLM-33625,Franchise_FL_04,Water Extraction,2025-04-23,41.0,27.79,1139.39,1139.39,1,4.0,2.0
CLM-89618,Franchise_NY_12,Antimicrobial Treatment,,30.0,104.51,3135.3,3135.3,1,,
CLM-24829,Franchise_TX_01,Water Extraction,,45.0,67.26,3026.7,1685.58,0,,
CLM-25785,Franchise_TX_01,Antimicrobial Treatment,,34.0,64.79,2202.86,2202.86,1,,
CLM-52604,Franchise_NY_12,Drywall Repair,,22.0,147.78,3251.16,2875.07,0,,
CLM-62469,Franchise_NY_12,Water Extraction,,19.0,41.05,779.95,779.95,1,,
CLM-50531,Franchise_FL_04,Drywall Repair,2025-09-25,33.0,88.1,2907.3,2907.3,1,9.0,3.0
CLM-17859,Franchise_FL_04,Baseboard Replacement,2025-02-09,19.0,22.08,419.52,419.52,1,2.0,6.0
CLM-85224,Franchise_TX_01,Antimicrobial Treatment,,32.0,23.61,755.52,755.52,1,,
CLM-70918,Franchise_FL_04,Water Extraction,2025-02-27,34.0,48.86,1661.24,1345.95,0,2.0,3.0
CLM-15238,Franchise_FL_04,Drywall Repair,2025-08-23,12.0,139.82,1677.84,739.8,0,8.0,5.0
CLM-12399,Franchise_TX_01,Water Extraction,,30.0,46.09,1382.7,1382.7,1,,
CLM-27792,Franchise_TX_01,Drywall Repair,,48.0,136.04,6529.92,4365.8,0,,
CLM-78701,Franchise_FL_04,Dehumidifier Rental,2025-08-22,4.0,103.12,412.48,412.48,1,8.0,4.0
CLM-45484,Franchise_TX_01,Water Extraction - MISC,,39.0,114.77,4476.03,3070.57,0,,
CLM-13243,Franchise_TX_01,Dehumidifier Rental,,49.0,91.47,4482.03,4482.03,1,,
CLM-78574,Franchise_TX_01,Water Extraction,,45.0,79.68,3585.6,3585.6,1,,
CLM-71604,Franchise_FL_04,Antimicrobial Treatment,2025-09-09,31.0,122.68,3803.08,3803.08,1,9.0,1.0
CLM-46666,Franchise_NY_12,Antimicrobial Treatment,,23.0,43.2,993.6,993.6,1,,
CLM-77856,Franchise_NY_12,Dehumidifier Rental,,46.0,135.23,6220.58,3870.16,0,,
CLM-88894,Franchise_TX_01,Antimicrobial Treatment,,32.0,29.96,958.72,958.72,1,,
CLM-41911,Franchise_TX_01,Antimicrobial Treatment,,38.0,82.92,3150.96,3150.96,1,,
CLM-86983,Franchise_NY_12,Dehumidifier Rental,,43.0,37.44,1609.92,1047.47,0,,
CLM-49150,Franchise_NY_12,Antimicrobial Treatment,,3.0,124.56,373.68,166.58,0,,
CLM-67499,Franchise_TX_01,Drywall Repair,,1.0,77.25,77.25,68.54,0,,
CLM-74810,Franchise_TX_01,Baseboard Replacement,,46.0,98.74,4542.04,4542.04,1,,
CLM-61370,Franchise_FL_04,Antimicrobial Treatment,2025-11-18,41.0,102.95,4220.95,2738.67,0,11.0,1.0
CLM-31723,Franchise_NY_12,Drywall Repair,,48.0,140.62,6749.76,6749.76,1,,
CLM-50473,Franchise_FL_04,Drywall Repair,2025-07-02,17.0,145.98,2481.66,2120.24,0,7.0,2.0
CLM-31824,Franchise_NY_12,Baseboard Replacement,,26.0,126.9,3299.4,1706.28,0,,
CLM-57406,Franchise_FL_04,Antimicrobial Treatment,2025-01-16,43.0,22.24,956.32,558.94,0,1.0,3.0
CLM-72605,Franchise_NY_12,Antimicrobial Treatment,,6.0,49.24,295.44,166.93,0,,
CLM-53996,Franchise_FL_04,Dehumidifier Rental,2025-01-11,48.0,58.66,2815.68,1895.08,0,1.0,5.0
CLM-46706,Franchise_NY_12,Dehumidifier Rental,,4.0,138.79,555.16,555.16,1,,
CLM-60343,Franchise_FL_04,Antimicrobial Treatment,2025-05-01,3.0,120.9,362.7,362.7,1,5.0,3.0
CLM-46244,Franchise_NY_12,Drywall Repair,,30.0,47.6,1428.0,1428.0,1,,
CLM-20206,Franchise_FL_04,Dehumidifier Rental,2025-02-21,22.0,87.95,1934.9,1658.74,0,2.0,4.0
CLM-10475,Franchise_FL_04,Drywall Repair,2025-05-06,8.0,85.33,682.64,682.64,1,5.0,1.0
CLM-29420,Franchise_TX_01,Dehumidifier Rental,,19.0,65.35,1241.65,801.02,0,,
CLM-24695,Franchise_NY_12,Baseboard Replacement,,32.0,128.14,4100.48,4100.48,1,,
CLM-30859,Franchise_FL_04,Dehumidifier Rental,2025-06-20,7.0,116.16,813.12,813.12,1,6.0,4.0
CLM-93580,Franchise_FL_04,Antimicrobial Treatment,2025-07-01,23.0,122.41,2815.43,2815.43,1,7.0,1.0
CLM-28308,Franchise_FL_04,Baseboard Replacement,2025-04-12,3.0,20.93,62.79,44.41,0,4.0,5.0
CLM-14068,Franchise_FL_04,Baseboard Replacement,2025-12-19,31.0,142.38,4413.78,4413.78,1,12.0,4.0
CLM-50463,Franchise_TX_01,Dehumidifier Rental,,14.0,30.04,420.56,420.56,1,,
CLM-74874,Franchise_FL_04,Water Extraction,2025-04-20,23.0,122.91,2826.93,2826.93,1,4.0,6.0
CLM-55673,Franchise_FL_04,Dehumidifier Rental,2025-11-03,34.0,139.48,4742.32,4098.49,0,11.0,0.0
CLM-42846,Franchise_NY_12,Water Extraction,,13.0,68.08,885.04,885.04,1,,
CLM-38008,Franchise_NY_12,Water Extraction,,17.0,51.71,879.07,879.07,1,,
CLM-71265,Franchise_TX_01,Dehumidifier Rental,,44.0,57.54,2531.76,2531.76,1,,
CLM-81037,Franchise_TX_01,Baseboard Replacement,,31.0,88.59,2746.29,2746.29,1,,
CLM-21342,Franchise_FL_04,Baseboard Replacement,2025-06-16,30.0,133.33,3999.9,3999.9,1,6.0,0.0
CLM-23763,Franchise_NY_12,Baseboard Replacement,,36.0,20.31,731.16,604.47,0,,
CLM-64732,Franchise_FL_04,Dehumidifier Rental,2025-05-04,36.0,96.63,3478.68,3478.68,1,5.0,6.0
CLM-91792,Franchise_TX_01,Antimicrobial Treatment,,21.0,46.67,980.07,980.07,1,,
CLM-45695,Franchise_FL_04,Water Extraction,2025-10-11,42.0,63.12,2651.04,2651.04,1,10.0,5.0
CLM-85889,Franchise_FL_04,Water Extraction,2025-07-17,14.0,124.24,1739.36,1739.36,1,7.0,3.0
CLM-63065,Franchise_NY_12,Dehumidifier Rental,,32.0,92.91,2973.12,2973.12,1,,
CLM-22016,Franchise_TX_01,Antimicrobial Treatment,,25.0,97.17,2429.25,1380.52,0,,
CLM-38013,Franchise_NY_12,Dehumidifier Rental,,36.0,146.29,5266.44,5266.44,1,,
CLM-47606,Franchise_FL_04,Drywall Repair,2025-01-02,38.0,72.55,2756.9,2756.9,1,1.0,3.0
CLM-63395,Franchise_TX_01,Baseboard Replacement,,48.0,145.24,6971.52,4372.71,0,,
CLM-99351,Franchise_TX_01,Water Extraction - MISC,,22.0,63.16,1389.52,1108.54,0,,
CLM-68578,Franchise_FL_04,Dehumidifier Rental,2025-11-01,12.0,62.37,748.44,748.44,1,11.0,5.0
CLM-94364,Franchise_NY_12,Drywall Repair,,10.0,25.5,255.0,255.0,1,,
CLM-50553,Franchise_NY_12,Antimicrobial Treatment,,7.0,89.52,626.64,541.13,0,,
CLM-70924,Franchise_TX_01,Water Extraction,,48.0,99.99,4799.52,2479.87,0,,
CLM-27649,Franchise_NY_12,Baseboard Replacement,,11.0,28.36,311.96,224.9,0,,
CLM-67714,Franchise_TX_01,Antimicrobial Treatment,,26.0,80.83,2101.58,2101.58,1,,
CLM-54824,Franchise_FL_04,Baseboard Replacement,2025-09-27,41.0,37.03,1518.23,1518.23,1,9.0,5.0
CLM-82694,Franchise_TX_01,Baseboard Replacement,,7.0,143.36,1003.52,1003.52,1,,
CLM-68934,Franchise_FL_04,Dehumidifier Rental,2025-07-23,16.0,74.02,1184.32,708.71,0,7.0,2.0
CLM-71238,Franchise_TX_01,Water Extraction - MISC,,31.0,17.72,549.32,549.32,1,,
CLM-57306,Franchise_NY_12,Baseboard Replacement,,19.0,58.55,1112.45,636.98,0,,
CLM-54848,Franchise_TX_01,Antimicrobial Treatment,,40.0,48.34,1933.6,1933.6,1,,
CLM-81179,Franchise_NY_12,Water Extraction,,11.0,94.28,1037.08,1037.08,1,,
CLM-13420,Franchise_TX_01,Drywall Repair - MISC,,36.0,22.34,804.24,804.24,1,,
CLM-89672,Franchise_TX_01,Dehumidifier Rental,,5.0,77.02,385.1,319.84,0,,
CLM-71456,Franchise_FL_04,Antimicrobial Treatment,2025-06-08,21.0,72.58,1524.18,1524.18,1,6.0,6.0
CLM-43720,Franchise_FL_04,Antimicrobial Treatment,2025-06-08,34.0,82.67,2810.78,2810.78,1,6.0,6.0
CLM-79644,Franchise_NY_12,Antimicrobial Treatment,,46.0,49.46,2275.16,2275.16,1,,
CLM-31195,Franchise_TX_01,Antimicrobial Treatment,,37.0,90.89,3362.93,2726.88,0,,
CLM-36296,Franchise_TX_01,Antimicrobial Treatment,,34.0,145.34,4941.56,4941.56,1,,
CLM-31796,Franchise_TX_01,Dehumidifier Rental,,50.0,119.74,5987.0,3850.29,0,,
CLM-40733,Franchise_TX_01,Baseboard Replacement - MISC,,23.0,42.21,970.83,970.83,1,,
CLM-14675,Franchise_TX_01,Dehumidifier Rental,,27.0,135.2,3650.4,2061.97,0,,
CLM-12639,Franchise_FL_04,Water Extraction,2025-12-14,24.0,24.24,581.76,581.76,1,12.0,6.0
CLM-32236,Franchise_NY_12,Antimicrobial Treatment,,22.0,135.68,2984.96,1927.29,0,,
CLM-39538,Franchise_FL_04,Drywall Repair,2025-03-11,20.0,147.97,2959.4,1316.7,0,3.0,1.0
CLM-88931,Franchise_TX_01,Antimicrobial Treatment,,22.0,143.64,3160.08,1647.22,0,,
CLM-16818,Franchise_TX_01,Drywall Repair,,35.0,138.31,4840.85,4840.85,1,,
CLM-66113,Franchise_TX_01,Baseboard Replacement,,26.0,35.47,922.22,922.22,1,,
CLM-48261,Franchise_FL_04,Dehumidifier Rental,2025-02-17,17.0,67.6,1149.2,1149.2,1,2.0,0.0
CLM-25331,Franchise_FL_04,Baseboard Replacement,2025-10-15,9.0,149.82,1348.38,1055.55,0,10.0,2.0
CLM-49935,Franchise_FL_04,Baseboard Replacement,2025-02-13,21.0,77.68,1631.28,998.69,0,2.0,3.0
CLM-79159,Franchise_FL_04,Drywall Repair,2025-12-19,2.0,76.16,152.32,152.32,1,12.0,4.0
CLM-56969,Franchise_FL_04,Water Extraction,2025-09-12,47.0,123.27,5793.69,4722.87,0,9.0,4.0
CLM-88986,Franchise_NY_12,Drywall Repair,,7.0,139.72,978.04,978.04,1,,
CLM-93020,Franchise_FL_04,Drywall Repair,2025-11-16,37.0,15.13,559.81,362.34,0,11.0,6.0
CLM-73759,Franchise_NY_12,Drywall Repair,,33.0,69.07,2279.31,2279.31,1,,
CLM-30935,Franchise_NY_12,Water Extraction,,9.0,130.99,1178.91,815.95,0,,
CLM-27178,Franchise_FL_04,Drywall Repair,2025-04-03,41.0,81.18,3328.38,3328.38,1,4.0,3.0
CLM-40123,Franchise_FL_04,Water Extraction,2025-08-06,4.0,127.3,509.2,509.2,1,8.0,2.0
CLM-70934,Franchise_NY_12,Drywall Repair,,28.0,92.08,2578.24,2578.24,1,,
CLM-39438,Franchise_TX_01,Antimicrobial Treatment,,48.0,125.04,6001.92,6001.92,1,,
CLM-74806,Franchise_NY_12,Drywall Repair,,31.0,63.69,1974.39,1974.39,1,,
CLM-18269,Franchise_FL_04,Baseboard Replacement,2025-12-02,7.0,107.74,754.18,754.18,1,12.0,1.0
CLM-76250,Franchise_FL_04,Baseboard Replacement,2025-09-22,23.0,97.28,2237.44,2237.44,1,9.0,0.0
CLM-55568,Franchise_TX_01,Water Extraction,,44.0,25.81,1135.64,1135.64,1,,
CLM-38392,Franchise_NY_12,Dehumidifier Rental,,44.0,62.59,2753.96,2753.96,1,,
CLM-22033,Franchise_FL_04,Dehumidifier Rental,2025-11-05,26.0,69.85,1816.1,1816.1,1,11.0,2.0
CLM-32332,Franchise_FL_04,Baseboard Replacement,2025-06-24,50.0,149.39,7469.5,6678.22,0,6.0,1.0
CLM-95445,Franchise_TX_01,Water Extraction - MISC,,15.0,44.35,665.25,665.25,1,,
CLM-28575,Franchise_FL_04,Dehumidifier Rental,2025-09-11,45.0,100.85,4538.25,4538.25,1,9.0,3.0
CLM-20759,Franchise_NY_12,Dehumidifier Rental,,47.0,81.05,3809.35,2242.87,0,,
CLM-47575,Franchise_TX_01,Dehumidifier Rental - MISC,,43.0,122.41,5263.63,3964.68,0,,
CLM-44949,Franchise_TX_01,Water Extraction,,14.0,123.08,1723.12,1723.12,1,,
CLM-38627,Franchise_NY_12,Antimicrobial Treatment,,26.0,84.01,2184.26,2184.26,1,,
CLM-67477,Franchise_NY_12,Water Extraction,,10.0,81.2,812.0,812.0,1,,
CLM-35323,Franchise_TX_01,Dehumidifier Rental,,34.0,106.25,3612.5,3612.5,1,,
CLM-46518,Franchise_TX_01,Drywall Repair,,35.0,35.93,1257.55,1257.55,1,,
CLM-78459,Franchise_TX_01,Baseboard Replacement,,4.0,71.81,287.24,156.88,0,,
CLM-16937,Franchise_NY_12,Water Extraction,,28.0,71.83,2011.24,1215.45,0,,
CLM-59087,Franchise_FL_04,Dehumidifier Rental,2025-04-06,22.0,37.93,834.46,634.23,0,4.0,6.0
CLM-20366,Franchise_FL_04,Antimicrobial Treatment,2025-05-16,49.0,23.14,1133.86,1133.86,1,5.0,4.0
CLM-55878,Franchise_FL_04,Baseboard Replacement,2025-05-01,14.0,68.66,961.24,961.24,1,5.0,3.0
CLM-25458,Franchise_NY_12,Baseboard Replacement,,45.0,132.4,5958.0,3226.62,0,,
CLM-45832,Franchise_TX_01,Antimicrobial Treatment,,46.0,148.78,6843.88,6843.88,1,,
CLM-67672,Franchise_NY_12,Drywall Repair,,14.0,54.52,763.28,763.28,1,,
CLM-12848,Franchise_TX_01,Antimicrobial Treatment - MISC,,35.0,56.15,1965.25,1965.25,1,,
CLM-79152,Franchise_NY_12,Dehumidifier Rental,,37.0,145.33,5377.21,4444.59,0,,
CLM-51093,Franchise_NY_12,Water Extraction,,12.0,58.03,696.36,417.41,0,,
CLM-94800,Franchise_NY_12,Antimicrobial Treatment,,34.0,131.33,4465.22,4465.22,1,,
CLM-57254,Franchise_NY_12,Antimicrobial Treatment,,22.0,117.67,2588.74,2588.74,1,,
CLM-26313,Franchise_TX_01,Water Extraction - MISC,,5.0,125.17,625.85,625.85,1,,
CLM-14559,Franchise_NY_12,Dehumidifier Rental,,37.0,55.18,2041.66,1160.19,0,,
CLM-78186,Franchise_FL_04,Drywall Repair,2025-08-21,20.0,17.73,354.6,298.32,0,8.0,3.0
CLM-75402,Franchise_NY_12,Drywall Repair,,46.0,135.18,6218.28,6218.28,1,,
CLM-15644,Franchise_TX_01,Baseboard Replacement,,8.0,131.46,1051.68,1051.68,1,,
CLM-55842,Franchise_FL_04,Antimicrobial Treatment,2025-04-17,18.0,114.85,2067.3,2067.3,1,4.0,3.0
CLM-98008,Franchise_FL_04,Water Extraction,2025-05-11,34.0,43.09,1465.06,598.05,0,5.0,6.0
CLM-88392,Franchise_TX_01,Drywall Repair,,9.0,19.2,172.8,172.8,1,,
CLM-72705,Franchise_NY_12,Baseboard Replacement,,7.0,146.83,1027.81,620.92,0,,
CLM-72841,Franchise_TX_01,Baseboard Replacement - MISC,,43.0,23.77,1022.11,737.62,0,,
CLM-31804,Franchise_TX_01,Dehumidifier Rental,,2.0,134.26,268.52,268.52,1,,
CLM-12932,Franchise_NY_12,Antimicrobial Treatment,,5.0,79.23,396.15,180.6,0,,
CLM-21680,Franchise_FL_04,Baseboard Replacement,2025-07-13,35.0,95.71,3349.85,3349.85,1,7.0,6.0
CLM-19888,Franchise_NY_12,Baseboard Replacement,,10.0,65.36,653.6,472.36,0,,
CLM-77824,Franchise_TX_01,Drywall Repair - MISC,,49.0,88.1,4316.9,4316.9,1,,
CLM-18429,Franchise_NY_12,Water Extraction,,9.0,149.09,1341.81,811.12,0,,
CLM-71719,Franchise_TX_01,Dehumidifier Rental,,43.0,123.24,5299.32,3731.47,0,,
CLM-17937,Franchise_TX_01,Drywall Repair,,26.0,141.6,3681.6,3681.6,1,,
CLM-39818,Franchise_TX_01,Drywall Repair,,22.0,133.12,2928.64,2928.64,1,,
CLM-11938,Franchise_NY_12,Baseboard Replacement,,3.0,60.89,182.67,182.67,1,,
CLM-88386,Franchise_NY_12,Dehumidifier Rental,,36.0,102.72,3697.92,3697.92,1,,
CLM-45394,Franchise_NY_12,Antimicrobial Treatment,,7.0,112.78,789.46,393.42,0,,
CLM-97424,Franchise_FL_04,Water Extraction,2025-01-08,21.0,136.45,2865.45,2170.22,0,1.0,2.0
CLM-64747,Franchise_FL_04,Water Extraction,2025-06-18,9.0,76.6,689.4,435.23,0,6.0,2.0
CLM-67744,Franchise_NY_12,Water Extraction,,8.0,87.61,700.88,700.88,1,,
CLM-35581,Franchise_NY_12,Antimicrobial Treatment,,12.0,149.12,1789.44,1789.44,1,,
CLM-81848,Franchise_TX_01,Water Extraction,,18.0,86.25,1552.5,1239.83,0,,
CLM-39302,Franchise_TX_01,Baseboard Replacement - MISC,,44.0,45.62,2007.28,2007.28,1,,
CLM-60760,Franchise_NY_12,Baseboard Replacement,,9.0,114.59,1031.31,1031.31,1,,
CLM-54652,Franchise_NY_12,Drywall Repair,,8.0,27.1,216.8,159.12,0,,
CLM-23654,Franchise_FL_04,Antimicrobial Treatment,2025-12-19,3.0,56.51,169.53,110.4,0,12.0,4.0
CLM-62097,Franchise_NY_12,Water Extraction,,9.0,95.9,863.1,863.1,1,,
CLM-46673,Franchise_FL_04,Drywall Repair,2025-07-05,17.0,121.91,2072.47,1794.05,0,7.0,5.0
CLM-99187,Franchise_FL_04,Antimicrobial Treatment,2025-06-23,32.0,27.94,894.08,775.11,0,6.0,0.0
CLM-29606,Franchise_NY_12,Antimicrobial Treatment,,9.0,108.37,975.33,975.33,1,,
CLM-88910,Franchise_FL_04,Antimicrobial Treatment,2025-10-08,32.0,50.72,1623.04,1445.96,0,10.0,2.0
CLM-51163,Franchise_FL_04,Drywall Repair,2025-02-21,22.0,23.06,507.32,507.32,1,2.0,4.0
CLM-84056,Franchise_TX_01,Drywall Repair,,41.0,27.1,1111.1,1111.1,1,,
CLM-82383,Franchise_FL_04,Water Extraction,2025-08-04,1.0,97.28,97.28,55.39,0,8.0,0.0
CLM-60270,Franchise_FL_04,Water Extraction,2025-12-07,21.0,144.52,3034.92,3034.92,1,12.0,6.0
CLM-66456,Franchise_TX_01,Water Extraction,,41.0,131.19,5378.79,5378.79,1,,
CLM-76150,Franchise_FL_04,Antimicrobial Treatment,2025-06-14,17.0,92.3,1569.1,1569.1,1,6.0,5.0
CLM-64785,Franchise_NY_12,Drywall Repair,,47.0,107.49,5052.03,4033.82,0,,
CLM-31124,Franchise_NY_12,Dehumidifier Rental,,30.0,34.72,1041.6,1041.6,1,,
CLM-14306,Franchise_TX_01,Antimicrobial Treatment,,46.0,105.8,4866.8,2528.0,0,,
CLM-65559,Franchise_NY_12,Antimicrobial Treatment,,44.0,104.76,4609.44,4609.44,1,,
CLM-11909,Franchise_NY_12,Baseboard Replacement,,37.0,19.0,703.0,514.48,0,,
CLM-59514,Franchise_TX_01,Drywall Repair,,7.0,75.64,529.48,529.48,1,,
CLM-10896,Franchise_TX_01,Dehumidifier Rental,,39.0,15.38,599.82,599.82,1,,
CLM-38196,Franchise_FL_04,Antimicrobial Treatment,2025-05-04,48.0,79.05,3794.4,3794.4,1,5.0,6.0
CLM-56287,Franchise_FL_04,Dehumidifier Rental,2025-09-01,19.0,65.84,1250.96,769.39,0,9.0,0.0
CLM-68647,Franchise_FL_04,Antimicrobial Treatment,2025-12-25,50.0,123.47,6173.5,6173.5,1,12.0,3.0
CLM-47753,Franchise_FL_04,Antimicrobial Treatment,2025-03-08,50.0,16.41,820.5,465.98,0,3.0,5.0
CLM-45917,Franchise_FL_04,Water Extraction,2025-08-10,4.0,84.41,337.64,255.83,0,8.0,6.0
CLM-75580,Franchise_FL_04,Antimicrobial Treatment,2025-06-05,35.0,52.93,1852.55,1852.55,1,6.0,3.0
CLM-28585,Franchise_FL_04,Water Extraction,2025-02-27,39.0,79.31,3093.09,2112.85,0,2.0,3.0
CLM-94226,Franchise_FL_04,Water Extraction,2025-11-24,31.0,77.73,2409.63,1761.67,0,11.0,0.0
CLM-81093,Franchise_FL_04,Dehumidifier Rental,2025-05-25,50.0,72.93,3646.5,2762.96,0,5.0,6.0
CLM-21851,Franchise_NY_12,Dehumidifier Rental,,2.0,18.03,36.06,36.06,1,,
CLM-68664,Franchise_FL_04,Antimicrobial Treatment,2025-08-02,41.0,109.03,4470.23,4470.23,1,8.0,5.0
CLM-26653,Franchise_FL_04,Dehumidifier Rental,2025-10-06,1.0,149.02,149.02,149.02,1,10.0,0.0
CLM-42353,Franchise_FL_04,Antimicrobial Treatment,2025-01-15,41.0,61.27,2512.07,1078.95,0,1.0,2.0
CLM-27525,Franchise_FL_04,Drywall Repair,2025-08-27,36.0,145.01,5220.36,5220.36,1,8.0,2.0
CLM-62878,Franchise_NY_12,Drywall Repair,,33.0,141.93,4683.69,4683.69,1,,
CLM-16859,Franchise_FL_04,Antimicrobial Treatment,2025-03-29,42.0,139.46,5857.32,4697.9,0,3.0,5.0
CLM-49705,Franchise_FL_04,Water Extraction,2025-06-02,21.0,20.91,439.11,327.25,0,6.0,0.0
CLM-39626,Franchise_NY_12,Antimicrobial Treatment,,26.0,136.33,3544.58,2885.18,0,,
CLM-32213,Franchise_TX_01,Water Extraction,,4.0,46.74,186.96,159.77,0,,
CLM-77548,Franchise_FL_04,Baseboard Replacement,2025-03-03,35.0,132.63,4642.05,4642.05,1,3.0,0.0
CLM-10513,Franchise_NY_12,Drywall Repair,,35.0,55.39,1938.65,1181.83,0,,
CLM-10067,Franchise_NY_12,Drywall Repair,,50.0,96.66,4833.0,4833.0,1,,
CLM-48240,Franchise_NY_12,Dehumidifier Rental,,46.0,107.07,4925.22,4925.22,1,,
CLM-56302,Franchise_NY_12,Baseboard Replacement,,46.0,67.35,3098.1,3098.1,1,,
CLM-74462,Franchise_TX_01,Dehumidifier Rental,,9.0,55.26,497.34,289.54,0,,
CLM-52382,Franchise_NY_12,Water Extraction,,45.0,74.94,3372.3,3372.3,1,,
CLM-66098,Franchise_FL_04,Dehumidifier Rental,2025-03-22,12.0,82.73,992.76,992.76,1,3.0,5.0
CLM-73417,Franchise_NY_12,Drywall Repair,,17.0,81.75,1389.75,920.35,0,,
CLM-13179,Franchise_TX_01,Drywall Repair,,49.0,22.69,1111.81,1111.81,1,,
CLM-35849,Franchise_TX_01,Baseboard Replacement,,30.0,28.03,840.9,380.66,0,,
CLM-96677,Franchise_TX_01,Antimicrobial Treatment,,49.0,85.53,4190.97,4190.97,1,,
CLM-65630,Franchise_FL_04,Dehumidifier Rental,2025-02-07,41.0,52.22,2141.02,2141.02,1,2.0,4.0
CLM-16543,Franchise_TX_01,Antimicrobial Treatment,,24.0,33.29,798.96,330.63,0,,
CLM-24343,Franchise_TX_01,Drywall Repair - MISC,,25.0,22.09,552.25,552.25,1,,
CLM-41902,Franchise_NY_12,Baseboard Replacement,,22.0,121.77,2678.94,2678.94,1,,
CLM-47962,Franchise_NY_12,Antimicrobial Treatment,,24.0,94.32,2263.68,2263.68,1,,
CLM-49637,Franchise_TX_01,Antimicrobial Treatment,,28.0,128.63,3601.64,3601.64,1,,
CLM-12365,Franchise_NY_12,Water Extraction,,25.0,69.29,1732.25,1487.15,0,,
CLM-48864,Franchise_FL_04,Dehumidifier Rental,2025-01-25,41.0,36.13,1481.33,1103.35,0,1.0,5.0
CLM-90094,Franchise_TX_01,Baseboard Replacement,,27.0,24.85,670.95,670.95,1,,
CLM-68329,Franchise_NY_12,Dehumidifier Rental,,25.0,138.66,3466.5,1466.15,0,,
CLM-77189,Franchise_NY_12,Drywall Repair,,37.0,148.92,5510.04,5510.04,1,,
CLM-74608,Franchise_FL_04,Water Extraction,2025-06-26,21.0,74.93,1573.53,1354.32,0,6.0,3.0
CLM-91330,Franchise_TX_01,Dehumidifier Rental,,49.0,37.17,1821.33,1414.57,0,,
CLM-91867,Franchise_FL_04,Drywall Repair,2025-02-17,11.0,82.57,908.27,637.87,0,2.0,0.0
CLM-34696,Franchise_FL_04,Drywall Repair,2025-05-10,37.0,20.3,751.1,751.1,1,5.0,5.0
CLM-53793,Franchise_FL_04,Water Extraction,2025-11-13,35.0,49.82,1743.7,1743.7,1,11.0,3.0
CLM-95751,Franchise_NY_12,Drywall Repair,,41.0,129.13,5294.33,5294.33,1,,
CLM-87314,Franchise_FL_04,Baseboard Replacement,2025-06-27,12.0,105.97,1271.64,1075.65,0,6.0,4.0
CLM-79384,Franchise_TX_01,Water Extraction,,17.0,31.3,532.1,532.1,1,,
CLM-27133,Franchise_NY_12,Antimicrobial Treatment,,37.0,39.82,1473.34,1473.34,1,,
CLM-45393,Franchise_FL_04,Dehumidifier Rental,2025-12-11,42.0,142.39,5980.38,5980.38,1,12.0,3.0
CLM-78530,Franchise_NY_12,Dehumidifier Rental,,12.0,115.84,1390.08,979.56,0,,
CLM-20361,Franchise_TX_01,Drywall Repair,,34.0,27.88,947.92,780.99,0,,
CLM-97183,Franchise_FL_04,Dehumidifier Rental,2025-11-25,10.0,41.8,418.0,305.59,0,11.0,1.0
CLM-53461,Franchise_FL_04,Drywall Repair,2025-10-31,3.0,112.19,336.57,271.63,0,10.0,4.0
CLM-22505,Franchise_FL_04,Water Extraction,2025-10-05,12.0,124.18,1490.16,1490.16,1,10.0,6.0
CLM-84299,Franchise_NY_12,Dehumidifier Rental,,29.0,81.1,2351.9,1341.82,0,,
CLM-31145,Franchise_TX_01,Water Extraction,,17.0,36.49,620.33,620.33,1,,
CLM-84596,Franchise_FL_04,Dehumidifier Rental,2025-08-12,2.0,90.16,180.32,180.32,1,8.0,1.0
CLM-95715,Franchise_NY_12,Water Extraction,,17.0,21.17,359.89,359.89,1,,
CLM-33635,Franchise_NY_12,Water Extraction,,31.0,23.5,728.5,728.5,1,,
CLM-99094,Franchise_FL_04,Water Extraction,2025-08-12,1.0,72.53,72.53,30.03,0,8.0,1.0
CLM-44685,Franchise_FL_04,Dehumidifier Rental,2025-06-03,49.0,79.68,3904.32,3904.32,1,6.0,1.0
CLM-18675,Franchise_TX_01,Baseboard Replacement - MISC,,45.0,85.06,3827.7,3827.7,1,,
CLM-67831,Franchise_TX_01,Drywall Repair - MISC,,29.0,128.08,3714.32,2371.18,0,,
CLM-44220,Franchise_FL_04,Antimicrobial Treatment,2025-11-22,8.0,40.61,324.88,324.88,1,11.0,5.0
CLM-17758,Franchise_FL_04,Drywall Repair,2025-05-20,15.0,64.5,967.5,409.74,0,5.0,1.0
CLM-99361,Franchise_TX_01,Dehumidifier Rental,,40.0,83.57,3342.8,3342.8,1,,
CLM-68932,Franchise_FL_04,Dehumidifier Rental,2025-11-21,39.0,147.46,5750.94,3025.73,0,11.0,4.0
CLM-83076,Franchise_TX_01,Water Extraction - MISC,,19.0,125.76,2389.44,1334.55,0,,
CLM-28978,Franchise_NY_12,Drywall Repair,,22.0,42.86,942.92,536.38,0,,
CLM-73990,Franchise_NY_12,Antimicrobial Treatment,,24.0,27.95,670.8,670.8,1,,
CLM-96159,Franchise_TX_01,Dehumidifier Rental,,49.0,54.07,2649.43,2649.43,1,,
CLM-15337,Franchise_FL_04,Dehumidifier Rental,2025-07-31,32.0,108.97,3487.04,2347.81,0,7.0,3.0
CLM-57706,Franchise_TX_01,Antimicrobial Treatment,,4.0,116.15,464.6,464.6,1,,
CLM-79191,Franchise_TX_01,Antimicrobial Treatment,,43.0,118.29,5086.47,3030.37,0,,
CLM-47692,Franchise_FL_04,Drywall Repair,2025-03-28,12.0,43.81,525.72,447.75,0,3.0,4.0
CLM-85497,Franchise_NY_12,Baseboard Replacement,,47.0,19.52,917.44,481.4,0,,
CLM-19374,Franchise_NY_12,Antimicrobial Treatment,,22.0,81.39,1790.58,1478.24,0,,
CLM-40863,Franchise_NY_12,Drywall Repair,,4.0,129.35,517.4,456.18,0,,
CLM-11437,Franchise_NY_12,Baseboard Replacement,,10.0,67.17,671.7,467.82,0,,
CLM-59568,Franchise_NY_12,Antimicrobial Treatment,,13.0,43.28,562.64,243.73,0,,
CLM-59694,Franchise_TX_01,Water Extraction,,34.0,121.3,4124.2,4124.2,1,,
CLM-50057,Franchise_FL_04,Baseboard Replacement,2025-11-20,42.0,57.54,2416.68,2416.68,1,11.0,3.0
CLM-44269,Franchise_NY_12,Antimicrobial Treatment,,24.0,62.78,1506.72,1239.19,0,,
CLM-69683,Franchise_TX_01,Dehumidifier Rental,,50.0,146.54,7327.0,7327.0,1,,
CLM-29496,Franchise_NY_12,Drywall Repair,,18.0,72.63,1307.34,699.04,0,,
CLM-54613,Franchise_FL_04,Water Extraction,2025-01-01,41.0,70.64,2896.24,2896.24,1,1.0,2.0
CLM-81895,Franchise_FL_04,Baseboard Replacement,2025-02-22,32.0,136.65,4372.8,4372.8,1,2.0,5.0
CLM-26334,Franchise_TX_01,Drywall Repair,,47.0,88.6,4164.2,2198.52,0,,
CLM-48167,Franchise_NY_12,Dehumidifier Rental,,9.0,98.13,883.17,883.17,1,,
CLM-54922,Franchise_FL_04,Drywall Repair,2025-12-21,19.0,128.33,2438.27,2438.27,1,12.0,6.0
CLM-54367,Franchise_NY_12,Baseboard Replacement,,3.0,34.15,102.45,53.74,0,,
CLM-60321,Franchise_FL_04,Antimicrobial Treatment,2025-05-13,2.0,105.4,210.8,210.8,1,5.0,1.0
CLM-74337,Franchise_TX_01,Drywall Repair,,32.0,21.47,687.04,687.04,1,,
CLM-99207,Franchise_FL_04,Antimicrobial Treatment,2025-11-16,22.0,143.26,3151.72,3151.72,1,11.0,6.0
CLM-87330,Franchise_FL_04,Baseboard Replacement,2025-04-30,1.0,99.85,99.85,99.85,1,4.0,2.0
CLM-78343,Franchise_NY_12,Water Extraction,,35.0,123.89,4336.15,3863.58,0,,
CLM-78404,Franchise_NY_12,Baseboard Replacement,,36.0,51.28,1846.08,1168.63,0,,
CLM-95097,Franchise_NY_12,Drywall Repair,,41.0,109.69,4497.29,4497.29,1,,
CLM-33218,Franchise_FL_04,Dehumidifier Rental,2025-10-29,4.0,79.9,319.6,216.22,0,10.0,2.0
CLM-22185,Franchise_NY_12,Drywall Repair,,50.0,66.18,3309.0,3309.0,1,,
CLM-48889,Franchise_NY_12,Baseboard Replacement,,47.0,69.0,3243.0,1744.14,0,,
CLM-20554,Franchise_FL_04,Baseboard Replacement,2025-03-29,8.0,35.68,285.44,197.84,0,3.0,5.0
CLM-57122,Franchise_TX_01,Dehumidifier Rental,,13.0,65.73,854.49,559.66,0,,
CLM-52719,Franchise_NY_12,Dehumidifier Rental,,30.0,102.1,3063.0,1730.67,0,,
CLM-67013,Franchise_NY_12,Baseboard Replacement,,46.0,78.62,3616.52,1675.35,0,,
CLM-77075,Franchise_NY_12,Dehumidifier Rental,,40.0,133.63,5345.2,5345.2,1,,
CLM-36877,Franchise_FL_04,Baseboard Replacement,2025-03-12,33.0,142.48,4701.84,1978.32,0,3.0,2.0
CLM-50103,Franchise_TX_01,Drywall Repair,,22.0,64.39,1416.58,734.06,0,,
CLM-20906,Franchise_FL_04,Drywall Repair,2025-07-07,31.0,42.26,1310.06,1310.06,1,7.0,0.0
CLM-75116,Franchise_NY_12,Dehumidifier Rental,,6.0,121.31,727.86,727.86,1,,
CLM-44180,Franchise_FL_04,Water Extraction,2025-07-18,3.0,73.68,221.04,221.04,1,7.0,4.0
CLM-89475,Franchise_FL_04,Drywall Repair,2025-06-15,8.0,20.14,161.12,66.49,0,6.0,6.0
CLM-31405,Franchise_FL_04,Water Extraction,2025-11-30,12.0,39.19,470.28,470.28,1,11.0,6.0
CLM-73737,Franchise_NY_12,Antimicrobial Treatment,,45.0,55.36,2491.2,2491.2,1,,
CLM-82127,Franchise_NY_12,Antimicrobial Treatment,,45.0,132.4,5958.0,5958.0,1,,
CLM-14332,Franchise_TX_01,Dehumidifier Rental,,24.0,37.18,892.32,892.32,1,,
CLM-62406,Franchise_NY_12,Dehumidifier Rental,,30.0,34.64,1039.2,874.69,0,,
CLM-30632,Franchise_NY_12,Water Extraction,,23.0,33.97,781.31,535.08,0,,
CLM-33376,Franchise_TX_01,Water Extraction,,11.0,140.79,1548.69,1548.69,1,,
CLM-41684,Franchise_FL_04,Water Extraction,2025-05-04,5.0,97.95,489.75,489.75,1,5.0,6.0
CLM-32967,Franchise_TX_01,Dehumidifier Rental,,5.0,140.51,702.55,702.55,1,,
CLM-50574,Franchise_TX_01,Dehumidifier Rental,,18.0,33.36,600.48,600.48,1,,
CLM-29219,Franchise_NY_12,Antimicrobial Treatment,,36.0,121.1,4359.6,2041.99,0,,
CLM-63371,Franchise_NY_12,Drywall Repair,,44.0,116.14,5110.16,4190.49,0,,
CLM-23905,Franchise_TX_01,Dehumidifier Rental - MISC,,6.0,39.05,234.3,234.3,1,,
CLM-57492,Franchise_NY_12,Drywall Repair,,15.0,26.7,400.5,217.51,0,,
CLM-80323,Franchise_NY_12,Baseboard Replacement,,2.0,102.7,205.4,205.4,1,,
CLM-64416,Franchise_FL_04,Baseboard Replacement,2025-06-16,28.0,39.63,1109.64,1109.64,1,6.0,0.0
CLM-79517,Franchise_FL_04,Dehumidifier Rental,2025-02-08,2.0,35.49,70.98,46.65,0,2.0,5.0
CLM-54718,Franchise_FL_04,Dehumidifier Rental,2025-02-01,19.0,126.79,2409.01,2409.01,1,2.0,5.0
CLM-89732,Franchise_NY_12,Water Extraction,,30.0,52.99,1589.7,1589.7,1,,
CLM-32516,Franchise_FL_04,Antimicrobial Treatment,2025-12-26,17.0,146.11,2483.87,2483.87,1,12.0,4.0
CLM-45686,Franchise_NY_12,Water Extraction,,21.0,80.53,1691.13,1691.13,1,,
CLM-30113,Franchise_NY_12,Baseboard Replacement,,28.0,64.25,1799.0,1799.0,1,,
CLM-48093,Franchise_FL_04,Dehumidifier Rental,2025-10-16,43.0,126.68,5447.24,5447.24,1,10.0,3.0
CLM-50577,Franchise_TX_01,Baseboard Replacement,,35.0,114.03,3991.05,3991.05,1,,
CLM-97908,Franchise_TX_01,Drywall Repair,,14.0,65.89,922.46,922.46,1,,
CLM-33055,Franchise_TX_01,Water Extraction - MISC,,48.0,44.96,2158.08,2158.08,1,,
CLM-59848,Franchise_FL_04,Antimicrobial Treatment,2025-10-23,18.0,118.1,2125.8,2125.8,1,10.0,3.0
CLM-51242,Franchise_TX_01,Drywall Repair - MISC,,38.0,41.7,1584.6,917.17,0,,
CLM-48338,Franchise_FL_04,Dehumidifier Rental,2025-05-13,12.0,95.53,1146.36,1146.36,1,5.0,1.0
CLM-31305,Franchise_FL_04,Water Extraction,2025-12-20,8.0,46.74,373.92,373.92,1,12.0,5.0
CLM-66141,Franchise_FL_04,Drywall Repair,2025-05-12,37.0,84.96,3143.52,2030.28,0,5.0,0.0
CLM-34344,Franchise_NY_12,Drywall Repair,,34.0,48.29,1641.86,772.0,0,,
CLM-21563,Franchise_NY_12,Water Extraction,,34.0,79.64,2707.76,2339.75,0,,
CLM-95199,Franchise_FL_04,Baseboard Replacement,2025-02-02,16.0,114.47,1831.52,992.07,0,2.0,6.0
CLM-20032,Franchise_TX_01,Baseboard Replacement,,18.0,17.11,307.98,166.94,0,,
CLM-47657,Franchise_TX_01,Baseboard Replacement,,29.0,138.47,4015.63,2214.75,0,,
CLM-53227,Franchise_NY_12,Antimicrobial Treatment,,44.0,43.02,1892.88,1892.88,1,,
CLM-90412,Franchise_TX_01,Antimicrobial Treatment - MISC,,38.0,83.11,3158.18,3158.18,1,,
CLM-36691,Franchise_FL_04,Water Extraction,2025-01-09,31.0,16.79,520.49,398.74,0,1.0,3.0
CLM-57638,Franchise_NY_12,Drywall Repair,,42.0,38.35,1610.7,1324.18,0,,
CLM-69913,Franchise_NY_12,Water Extraction,,25.0,109.28,2732.0,2732.0,1,,
CLM-53495,Franchise_FL_04,Antimicrobial Treatment,2025-07-31,6.0,60.63,363.78,326.54,0,7.0,3.0
CLM-74777,Franchise_NY_12,Antimicrobial Treatment,,16.0,126.37,2021.92,2021.92,1,,
CLM-35862,Franchise_TX_01,Drywall Repair - MISC,,46.0,142.02,6532.92,4399.87,0,,
CLM-95645,Franchise_FL_04,Water Extraction,2025-08-07,37.0,122.66,4538.42,2561.15,0,8.0,3.0
CLM-34669,Franchise_NY_12,Water Extraction,,16.0,24.4,390.4,332.39,0,,
CLM-26538,Franchise_FL_04,Drywall Repair,2025-03-28,10.0,146.6,1466.0,823.79,0,3.0,4.0
CLM-71063,Franchise_TX_01,Dehumidifier Rental - MISC,,31.0,39.17,1214.27,723.52,0,,
CLM-17614,Franchise_TX_01,Dehumidifier Rental,,25.0,132.73,3318.25,2044.06,0,,
CLM-94024,Franchise_NY_12,Drywall Repair,,38.0,122.89,4669.82,2183.32,0,,
CLM-91654,Franchise_NY_12,Dehumidifier Rental,,37.0,28.89,1068.93,707.46,0,,
CLM-27716,Franchise_FL_04,Antimicrobial Treatment,2025-07-27,3.0,59.19,177.57,81.99,0,7.0,6.0
CLM-84034,Franchise_NY_12,Baseboard Replacement,,38.0,51.97,1974.86,1974.86,1,,
CLM-50644,Franchise_NY_12,Water Extraction,,17.0,131.08,2228.36,2228.36,1,,
CLM-56899,Franchise_NY_12,Dehumidifier Rental,,17.0,43.6,741.2,564.35,0,,
CLM-50359,Franchise_FL_04,Baseboard Replacement,2025-12-21,35.0,115.61,4046.35,4046.35,1,12.0,6.0
CLM-29648,Franchise_FL_04,Dehumidifier Rental,2025-06-05,37.0,102.64,3797.68,1951.68,0,6.0,3.0
CLM-38499,Franchise_NY_12,Baseboard Replacement,,36.0,36.06,1298.16,552.78,0,,
CLM-24829,Franchise_NY_12,Drywall Repair,,27.0,60.66,1637.82,1251.4,0,,
CLM-47563,Franchise_FL_04,Drywall Repair,2025-06-16,29.0,37.08,1075.32,735.29,0,6.0,0.0
CLM-63326,Franchise_NY_12,Drywall Repair,,30.0,89.19,2675.7,2675.7,1,,
CLM-23228,Franchise_TX_01,Water Extraction,,45.0,34.37,1546.65,1546.65,1,,
CLM-56254,Franchise_TX_01,Antimicrobial Treatment,,18.0,96.11,1729.98,1729.98,1,,
CLM-99494,Franchise_TX_01,Antimicrobial Treatment,,23.0,65.62,1509.26,630.65,0,,
CLM-84976,Franchise_NY_12,Water Extraction,,5.0,104.96,524.8,397.13,0,,
CLM-42078,Franchise_TX_01,Water Extraction,,49.0,71.61,3508.89,3508.89,1,,
CLM-23691,Franchise_FL_04,Dehumidifier Rental,2025-02-07,32.0,36.78,1176.96,1176.96,1,2.0,4.0
CLM-44586,Franchise_TX_01,Baseboard Replacement,,39.0,41.5,1618.5,1618.5,1,,
CLM-76956,Franchise_FL_04,Drywall Repair,2025-05-26,16.0,125.78,2012.48,2012.48,1,5.0,0.0
CLM-56027,Franchise_FL_04,Baseboard Replacement,2025-04-13,49.0,125.75,6161.75,6161.75,1,4.0,6.0
CLM-21582,Franchise_FL_04,Water Extraction,2025-06-26,41.0,45.79,1877.39,1877.39,1,6.0,3.0
CLM-24358,Franchise_NY_12,Water Extraction,,33.0,73.41,2422.53,2422.53,1,,
CLM-24217,Franchise_FL_04,Antimicrobial Treatment,2025-12-25,4.0,121.02,484.08,356.52,0,12.0,3.0
CLM-99335,Franchise_NY_12,Dehumidifier Rental,,11.0,75.63,831.93,655.18,0,,
CLM-70776,Franchise_TX_01,Dehumidifier Rental,,25.0,146.06,3651.5,2915.38,0,,
CLM-53697,Franchise_FL_04,Dehumidifier Rental,2025-02-20,49.0,140.59,6888.91,6888.91,1,2.0,3.0
CLM-35594,Franchise_FL_04,Baseboard Replacement,2025-11-25,42.0,64.53,2710.26,2710.26,1,11.0,1.0
CLM-98893,Franchise_TX_01,Antimicrobial Treatment,,22.0,113.98,2507.56,2507.56,1,,
CLM-54056,Franchise_NY_12,Baseboard Replacement,,10.0,141.76,1417.6,1417.6,1,,
CLM-80400,Franchise_FL_04,Water Extraction,2025-09-07,12.0,79.96,959.52,463.25,0,9.0,6.0
CLM-17410,Franchise_NY_12,Drywall Repair,,5.0,146.83,734.15,440.4,0,,
CLM-43079,Franchise_TX_01,Dehumidifier Rental,,35.0,55.46,1941.1,1142.77,0,,
CLM-48282,Franchise_FL_04,Drywall Repair,2025-04-27,50.0,116.91,5845.5,5845.5,1,4.0,6.0
CLM-28352,Franchise_NY_12,Antimicrobial Treatment,,15.0,101.01,1515.15,1144.0,0,,
CLM-38230,Franchise_NY_12,Water Extraction,,31.0,67.09,2079.79,1569.55,0,,
CLM-22142,Franchise_NY_12,Dehumidifier Rental,,25.0,82.54,2063.5,2063.5,1,,
CLM-61726,Franchise_TX_01,Drywall Repair,,18.0,39.14,704.52,400.09,0,,
CLM-27079,Franchise_TX_01,Drywall Repair,,27.0,68.58,1851.66,1504.73,0,,
CLM-60172,Franchise_NY_12,Water Extraction,,11.0,54.93,604.23,604.23,1,,
CLM-84267,Franchise_NY_12,Antimicrobial Treatment,,48.0,128.38,6162.24,6162.24,1,,
CLM-47405,Franchise_TX_01,Dehumidifier Rental,,18.0,125.85,2265.3,1962.25,0,,
CLM-34999,Franchise_NY_12,Baseboard Replacement,,49.0,77.13,3779.37,1683.88,0,,
CLM-25981,Franchise_TX_01,Antimicrobial Treatment,,3.0,84.78,254.34,157.91,0,,
CLM-63980,Franchise_TX_01,Antimicrobial Treatment,,38.0,45.75,1738.5,1462.1,0,,
CLM-97469,Franchise_TX_01,Dehumidifier Rental - MISC,,9.0,97.7,879.3,879.3,1,,
CLM-60216,Franchise_NY_12,Water Extraction,,7.0,31.89,223.23,223.23,1,,
CLM-42956,Franchise_TX_01,Antimicrobial Treatment,,43.0,55.11,2369.73,1174.43,0,,
CLM-43396,Franchise_FL_04,Dehumidifier Rental,2025-08-24,47.0,135.07,6348.29,4403.54,0,8.0,6.0
CLM-41599,Franchise_NY_12,Baseboard Replacement,,40.0,24.55,982.0,690.41,0,,
CLM-81509,Franchise_NY_12,Baseboard Replacement,,50.0,63.05,3152.5,1551.07,0,,
CLM-14127,Franchise_FL_04,Water Extraction,2025-09-02,17.0,96.78,1645.26,1645.26,1,9.0,1.0
CLM-21977,Franchise_NY_12,Drywall Repair,,11.0,63.3,696.3,595.23,0,,
CLM-61730,Franchise_FL_04,Antimicrobial Treatment,2025-06-07,30.0,25.12,753.6,753.6,1,6.0,5.0
CLM-62862,Franchise_TX_01,Drywall Repair,,20.0,65.0,1300.0,1300.0,1,,
CLM-59223,Franchise_TX_01,Baseboard Replacement - MISC,,21.0,21.08,442.68,442.68,1,,
CLM-80953,Franchise_TX_01,Dehumidifier Rental,,1.0,55.85,55.85,55.85,1,,
CLM-81330,Franchise_NY_12,Drywall Repair,,5.0,82.74,413.7,413.7,1,,
CLM-71973,Franchise_TX_01,Dehumidifier Rental - MISC,,31.0,98.96,3067.76,1386.81,0,,
CLM-12842,Franchise_NY_12,Antimicrobial Treatment,,12.0,61.16,733.92,520.77,0,,
CLM-61631,Franchise_NY_12,Antimicrobial Treatment,,6.0,21.89,131.34,66.02,0,,
CLM-96353,Franchise_TX_01,Water Extraction,,13.0,142.11,1847.43,856.66,0,,
CLM-67961,Franchise_TX_01,Dehumidifier Rental,,5.0,45.98,229.9,229.9,1,,
CLM-95661,Franchise_NY_12,Baseboard Replacement,,28.0,40.87,1144.36,629.32,0,,
CLM-76614,Franchise_NY_12,Baseboard Replacement,,35.0,57.36,2007.6,2007.6,1,,
CLM-99482,Franchise_TX_01,Water Extraction,,14.0,90.89,1272.46,1272.46,1,,
CLM-68895,Franchise_TX_01,Water Extraction,,36.0,45.85,1650.6,1650.6,1,,
CLM-72020,Franchise_FL_04,Drywall Repair,2025-04-12,38.0,19.22,730.36,634.86,0,4.0,5.0
CLM-26505,Franchise_TX_01,Baseboard Replacement,,17.0,134.09,2279.53,1318.37,0,,
CLM-43070,Franchise_NY_12,Dehumidifier Rental,,46.0,96.18,4424.28,4424.28,1,,
CLM-32305,Franchise_FL_04,Drywall Repair,2025-02-22,23.0,105.02,2415.46,2415.46,1,2.0,5.0
CLM-86206,Franchise_FL_04,Water Extraction,2026-01-01,18.0,77.9,1402.2,1402.2,1,1.0,3.0
CLM-40165,Franchise_NY_12,Water Extraction,,19.0,24.69,469.11,469.11,1,,
CLM-38196,Franchise_FL_04,Water Extraction,2025-08-15,14.0,64.0,896.0,580.83,0,8.0,4.0
CLM-17746,Franchise_TX_01,Antimicrobial Treatment,,29.0,80.06,2321.74,2080.25,0,,
CLM-67981,Franchise_FL_04,Drywall Repair,2025-05-19,20.0,117.5,2350.0,2350.0,1,5.0,0.0
CLM-80423,Franchise_TX_01,Dehumidifier Rental,,49.0,96.4,4723.6,2737.25,0,,
CLM-55900,Franchise_TX_01,Baseboard Replacement - MISC,,48.0,27.52,1320.96,540.07,0,,
CLM-89865,Franchise_TX_01,Drywall Repair,,24.0,64.22,1541.28,1541.28,1,,
CLM-84039,Franchise_FL_04,Baseboard Replacement,2025-06-09,44.0,147.72,6499.68,6499.68,1,6.0,0.0
CLM-71506,Franchise_NY_12,Water Extraction,,14.0,115.93,1623.02,1343.77,0,,
CLM-34248,Franchise_TX_01,Antimicrobial Treatment - MISC,,27.0,118.67,3204.09,2403.2,0,,
CLM-78817,Franchise_NY_12,Antimicrobial Treatment,,10.0,29.31,293.1,293.1,1,,
CLM-94484,Franchise_NY_12,Water Extraction,,45.0,67.11,3019.95,3019.95,1,,
CLM-27805,Franchise_NY_12,Water Extraction,,18.0,142.94,2572.92,2572.92,1,,
CLM-77199,Franchise_FL_04,Dehumidifier Rental,2025-11-25,50.0,96.94,4847.0,4847.0,1,11.0,1.0
CLM-56947,Franchise_NY_12,Drywall Repair,,16.0,27.25,436.0,436.0,1,,
CLM-39395,Franchise_NY_12,Dehumidifier Rental,,27.0,98.65,2663.55,1146.79,0,,
CLM-51468,Franchise_FL_04,Dehumidifier Rental,2025-01-23,18.0,36.57,658.26,557.34,0,1.0,3.0
CLM-47366,Franchise_NY_12,Baseboard Replacement,,39.0,36.64,1428.96,1428.96,1,,
CLM-86557,Franchise_FL_04,Dehumidifier Rental,2025-02-05,49.0,81.68,4002.32,3001.47,0,2.0,2.0
CLM-91649,Franchise_FL_04,Baseboard Replacement,2025-07-05,42.0,148.8,6249.6,3270.79,0,7.0,5.0
CLM-24656,Franchise_FL_04,Baseboard Replacement,2025-06-14,34.0,19.43,660.62,339.71,0,6.0,5.0
CLM-66520,Franchise_NY_12,Baseboard Replacement,,49.0,21.96,1076.04,1076.04,1,,
CLM-45588,Franchise_NY_12,Dehumidifier Rental,,28.0,48.23,1350.44,750.02,0,,
CLM-92946,Franchise_TX_01,Antimicrobial Treatment,,40.0,84.94,3397.6,3397.6,1,,
CLM-69296,Franchise_NY_12,Baseboard Replacement,,47.0,83.61,3929.67,3929.67,1,,
CLM-14601,Franchise_NY_12,Baseboard Replacement,,7.0,71.38,499.66,499.66,1,,
CLM-34232,Franchise_NY_12,Dehumidifier Rental,,20.0,15.08,301.6,301.6,1,,
CLM-48464,Franchise_TX_01,Drywall Repair,,15.0,123.4,1851.0,1851.0,1,,
CLM-95170,Franchise_FL_04,Water Extraction,2025-10-15,31.0,44.21,1370.51,1370.51,1,10.0,2.0
CLM-95290,Franchise_NY_12,Antimicrobial Treatment,,11.0,48.98,538.78,471.01,0,,
CLM-17369,Franchise_FL_04,Baseboard Replacement,2025-07-02,22.0,40.55,892.1,762.83,0,7.0,2.0
CLM-56560,Franchise_NY_12,Antimicrobial Treatment,,22.0,140.09,3081.98,1852.63,0,,
CLM-61931,Franchise_FL_04,Baseboard Replacement,2025-08-25,47.0,63.78,2997.66,2049.12,0,8.0,0.0
CLM-17553,Franchise_NY_12,Drywall Repair,,23.0,70.46,1620.58,1620.58,1,,
CLM-34802,Franchise_NY_12,Dehumidifier Rental,,17.0,31.41,533.97,385.54,0,,
CLM-48606,Franchise_FL_04,Water Extraction,2025-08-09,37.0,21.64,800.68,800.68,1,8.0,5.0
CLM-13735,Franchise_FL_04,Water Extraction,2025-12-05,5.0,114.81,574.05,574.05,1,12.0,4.0
CLM-57897,Franchise_FL_04,Baseboard Replacement,2025-08-15,42.0,63.6,2671.2,1743.59,0,8.0,4.0
CLM-12657,Franchise_FL_04,Drywall Repair,2025-07-31,32.0,24.57,786.24,786.24,1,7.0,3.0
CLM-48589,Franchise_TX_01,Baseboard Replacement - MISC,,21.0,137.9,2895.9,2895.9,1,,
CLM-47200,Franchise_NY_12,Antimicrobial Treatment,,8.0,122.5,980.0,632.48,0,,
CLM-75847,Franchise_NY_12,Water Extraction,,46.0,112.43,5171.78,4428.79,0,,
CLM-42432,Franchise_TX_01,Antimicrobial Treatment,,40.0,78.09,3123.6,1446.85,0,,
CLM-29127,Franchise_FL_04,Drywall Repair,2025-02-06,25.0,142.74,3568.5,3568.5,1,2.0,3.0
CLM-36607,Franchise_TX_01,Baseboard Replacement,,26.0,95.78,2490.28,2490.28,1,,
CLM-45146,Franchise_FL_04,Antimicrobial Treatment,2025-08-27,12.0,37.38,448.56,448.56,1,8.0,2.0
CLM-19649,Franchise_TX_01,Antimicrobial Treatment,,41.0,121.61,4986.01,4986.01,1,,
CLM-38090,Franchise_NY_12,Antimicrobial Treatment,,18.0,142.38,2562.84,2562.84,1,,
CLM-22929,Franchise_FL_04,Baseboard Replacement,2025-11-05,43.0,77.31,3324.33,2376.45,0,11.0,2.0
CLM-50126,Franchise_NY_12,Antimicrobial Treatment,,8.0,109.68,877.44,877.44,1,,
CLM-17897,Franchise_FL_04,Drywall Repair,2025-12-27,34.0,112.33,3819.22,3113.33,0,12.0,5.0
CLM-99273,Franchise_TX_01,Baseboard Replacement,,16.0,35.86,573.76,573.76,1,,
CLM-46126,Franchise_NY_12,Water Extraction,,48.0,96.99,4655.52,4070.83,0,,
CLM-53136,Franchise_NY_12,Baseboard Replacement,,22.0,141.92,3122.24,2508.94,0,,
CLM-69343,Franchise_TX_01,Baseboard Replacement,,50.0,34.68,1734.0,1341.03,0,,
CLM-41328,Franchise_TX_01,Water Extraction - MISC,,1.0,102.27,102.27,45.16,0,,
CLM-29000,Franchise_NY_12,Antimicrobial Treatment,,20.0,116.63,2332.6,959.39,0,,
CLM-15895,Franchise_TX_01,Antimicrobial Treatment - MISC,,21.0,64.19,1347.99,1347.99,1,,
CLM-13586,Franchise_NY_12,Antimicrobial Treatment,,30.0,50.39,1511.7,1511.7,1,,
CLM-40269,Franchise_NY_12,Water Extraction,,3.0,119.45,358.35,358.35,1,,
CLM-48974,Franchise_NY_12,Antimicrobial Treatment,,39.0,64.1,2499.9,1056.67,0,,
CLM-45840,Franchise_NY_12,Dehumidifier Rental,,43.0,29.94,1287.42,1287.42,1,,
CLM-42749,Franchise_FL_04,Water Extraction,2025-07-28,25.0,88.56,2214.0,2214.0,1,7.0,0.0
CLM-46451,Franchise_TX_01,Drywall Repair - MISC,,32.0,42.97,1375.04,1375.04,1,,
CLM-27198,Franchise_TX_01,Dehumidifier Rental,,7.0,132.6,928.2,928.2,1,,
CLM-39389,Franchise_NY_12,Antimicrobial Treatment,,49.0,142.18,6966.82,6966.82,1,,
CLM-96375,Franchise_TX_01,Drywall Repair,,2.0,47.36,94.72,73.69,0,,
CLM-53723,Franchise_TX_01,Water Extraction,,22.0,129.22,2842.84,2842.84,1,,
CLM-68432,Franchise_FL_04,Water Extraction,2025-04-28,28.0,134.1,3754.8,3754.8,1,4.0,0.0
CLM-60634,Franchise_TX_01,Antimicrobial Treatment,,23.0,54.57,1255.11,725.01,0,,
CLM-57055,Franchise_FL_04,Water Extraction,2025-10-11,17.0,46.9,797.3,797.3,1,10.0,5.0
CLM-15748,Franchise_NY_12,Baseboard Replacement,,41.0,27.92,1144.72,1144.72,1,,
CLM-61114,Franchise_NY_12,Drywall Repair,,4.0,140.17,560.68,404.84,0,,
CLM-40047,Franchise_NY_12,Baseboard Replacement,,18.0,137.07,2467.26,1939.74,0,,
CLM-96992,Franchise_NY_12,Antimicrobial Treatment,,33.0,95.52,3152.16,2454.84,0,,
CLM-65977,Franchise_TX_01,Antimicrobial Treatment,,34.0,107.62,3659.08,2223.21,0,,
CLM-15079,Franchise_TX_01,Water Extraction,,1.0,75.96,75.96,75.96,1,,
CLM-79862,Franchise_NY_12,Antimicrobial Treatment,,9.0,115.65,1040.85,782.63,0,,
CLM-86657,Franchise_TX_01,Drywall Repair,,50.0,21.3,1065.0,1065.0,1,,
CLM-46735,Franchise_TX_01,Dehumidifier Rental,,32.0,71.55,2289.6,2289.6,1,,
CLM-85406,Franchise_NY_12,Antimicrobial Treatment,,7.0,130.69,914.83,914.83,1,,
CLM-22375,Franchise_NY_12,Baseboard Replacement,,14.0,62.02,868.28,425.53,0,,
CLM-70210,Franchise_NY_12,Drywall Repair,,26.0,38.82,1009.32,1009.32,1,,
CLM-65194,Franchise_TX_01,Drywall Repair,,17.0,39.85,677.45,281.62,0,,
CLM-41408,Franchise_FL_04,Antimicrobial Treatment,2025-10-07,30.0,132.98,3989.4,3989.4,1,10.0,1.0
CLM-96003,Franchise_NY_12,Dehumidifier Rental,,48.0,66.59,3196.32,3196.32,1,,
CLM-64038,Franchise_TX_01,Dehumidifier Rental,,25.0,77.39,1934.75,1735.25,0,,
CLM-95935,Franchise_TX_01,Drywall Repair,,15.0,106.03,1590.45,1590.45,1,,
CLM-83495,Franchise_NY_12,Water Extraction,,46.0,109.14,5020.44,5020.44,1,,
CLM-77568,Franchise_TX_01,Antimicrobial Treatment,,30.0,64.6,1938.0,1938.0,1,,
CLM-24363,Franchise_TX_01,Drywall Repair - MISC,,44.0,143.33,6306.52,2678.36,0,,
CLM-26248,Franchise_TX_01,Drywall Repair,,37.0,123.09,4554.33,4554.33,1,,
CLM-95511,Franchise_FL_04,Baseboard Replacement,2025-08-24,42.0,26.02,1092.84,836.19,0,8.0,6.0
CLM-51866,Franchise_NY_12,Drywall Repair,,10.0,129.73,1297.3,1297.3,1,,
CLM-34312,Franchise_NY_12,Dehumidifier Rental,,50.0,145.93,7296.5,5776.6,0,,
CLM-19745,Franchise_FL_04,Drywall Repair,2025-09-20,37.0,67.37,2492.69,1408.18,0,9.0,5.0
CLM-22596,Franchise_NY_12,Antimicrobial Treatment,,7.0,45.61,319.27,319.27,1,,
CLM-27127,Franchise_FL_04,Water Extraction,2025-12-13,30.0,94.2,2826.0,2826.0,1,12.0,5.0
CLM-19727,Franchise_TX_01,Baseboard Replacement,,48.0,149.01,7152.48,4570.93,0,,
CLM-96211,Franchise_TX_01,Baseboard Replacement,,42.0,33.78,1418.76,839.96,0,,
CLM-49063,Franchise_TX_01,Water Extraction - MISC,,29.0,142.72,4138.88,4138.88,1,,
CLM-70770,Franchise_FL_04,Baseboard Replacement,2025-05-27,1.0,147.71,147.71,147.71,1,5.0,1.0
CLM-36537,Franchise_TX_01,Water Extraction,,43.0,41.93,1802.99,764.52,0,,
CLM-19579,Franchise_FL_04,Dehumidifier Rental,2025-05-07,9.0,25.54,229.86,229.86,1,5.0,2.0
CLM-48395,Franchise_TX_01,Drywall Repair,,40.0,145.35,5814.0,4486.81,0,,
CLM-64716,Franchise_NY_12,Baseboard Replacement,,37.0,52.53,1943.61,1943.61,1,,
CLM-89200,Franchise_FL_04,Baseboard Replacement,2025-09-16,34.0,149.55,5084.7,5084.7,1,9.0,1.0
CLM-26798,Franchise_TX_01,Baseboard Replacement - MISC,,40.0,68.91,2756.4,2059.0,0,,
CLM-38152,Franchise_FL_04,Drywall Repair,2025-07-09,44.0,105.93,4660.92,1933.54,0,7.0,2.0
CLM-98844,Franchise_NY_12,Drywall Repair,,37.0,78.4,2900.8,2900.8,1,,
CLM-54831,Franchise_TX_01,Water Extraction - MISC,,27.0,61.35,1656.45,833.81,0,,
CLM-18115,Franchise_NY_12,Drywall Repair,,14.0,66.84,935.76,704.16,0,,
CLM-50186,Franchise_TX_01,Water Extraction,,35.0,47.32,1656.2,949.26,0,,
CLM-94622,Franchise_FL_04,Drywall Repair,2025-02-05,48.0,47.15,2263.2,2263.2,1,2.0,2.0
CLM-82579,Franchise_FL_04,Dehumidifier Rental,2025-01-16,36.0,144.36,5196.96,5196.96,1,1.0,3.0
CLM-91524,Franchise_FL_04,Dehumidifier Rental,2025-10-29,26.0,129.86,3376.36,3376.36,1,10.0,2.0
CLM-68720,Franchise_NY_12,Antimicrobial Treatment,,14.0,43.4,607.6,607.6,1,,
CLM-45760,Franchise_NY_12,Baseboard Replacement,,16.0,113.93,1822.88,1417.94,0,,
CLM-20137,Franchise_TX_01,Drywall Repair,,22.0,88.89,1955.58,1289.05,0,,
CLM-10414,Franchise_TX_01,Water Extraction,,31.0,80.39,2492.09,2492.09,1,,
CLM-31195,Franchise_TX_01,Baseboard Replacement,,31.0,39.29,1217.99,1217.99,1,,
CLM-78776,Franchise_NY_12,Water Extraction,,27.0,44.93,1213.11,835.05,0,,
CLM-11453,Franchise_TX_01,Baseboard Replacement,,30.0,142.17,4265.1,4265.1,1,,
CLM-97674,Franchise_TX_01,Drywall Repair - MISC,,19.0,89.85,1707.15,1707.15,1,,
CLM-49097,Franchise_NY_12,Antimicrobial Treatment,,43.0,18.75,806.25,806.25,1,,
CLM-91886,Franchise_FL_04,Drywall Repair,2025-04-24,45.0,106.92,4811.4,2489.93,0,4.0,3.0
CLM-34246,Franchise_TX_01,Antimicrobial Treatment,,27.0,33.96,916.92,916.92,1,,
CLM-77284,Franchise_TX_01,Dehumidifier Rental,,15.0,84.97,1274.55,1274.55,1,,
CLM-95913,Franchise_NY_12,Drywall Repair,,41.0,68.02,2788.82,1820.14,0,,
CLM-98906,Franchise_NY_12,Dehumidifier Rental,,31.0,18.39,570.09,395.54,0,,
CLM-84523,Franchise_FL_04,Water Extraction,2025-08-30,4.0,118.71,474.84,474.84,1,8.0,5.0
CLM-22118,Franchise_FL_04,Drywall Repair,2025-03-21,31.0,145.13,4499.03,4499.03,1,3.0,4.0
CLM-36121,Franchise_FL_04,Drywall Repair,2025-12-03,43.0,85.87,3692.41,3692.41,1,12.0,2.0
CLM-16387,Franchise_NY_12,Antimicrobial Treatment,,34.0,112.28,3817.52,2838.69,0,,
CLM-93057,Franchise_TX_01,Dehumidifier Rental,,27.0,84.99,2294.73,1713.04,0,,
CLM-27209,Franchise_NY_12,Antimicrobial Treatment,,48.0,93.14,4470.72,4470.72,1,,
CLM-19367,Franchise_NY_12,Antimicrobial Treatment,,17.0,54.66,929.22,929.22,1,,
CLM-71905,Franchise_NY_12,Baseboard Replacement,,1.0,88.96,88.96,69.49,0,,
CLM-88019,Franchise_NY_12,Water Extraction,,50.0,82.11,4105.5,4105.5,1,,
CLM-10040,Franchise_TX_01,Antimicrobial Treatment,,49.0,76.2,3733.8,3733.8,1,,
CLM-65192,Franchise_FL_04,Baseboard Replacement,2025-01-31,25.0,89.64,2241.0,1639.72,0,1.0,4.0
CLM-48836,Franchise_TX_01,Drywall Repair,,25.0,89.28,2232.0,2232.0,1,,
CLM-29714,Franchise_FL_04,Drywall Repair,2025-06-18,44.0,72.0,3168.0,2514.72,0,6.0,2.0
CLM-86258,Franchise_TX_01,Dehumidifier Rental - MISC,,25.0,97.81,2445.25,2445.25,1,,
CLM-57547,Franchise_TX_01,Drywall Repair,,28.0,79.53,2226.84,2226.84,1,,
CLM-56653,Franchise_NY_12,Baseboard Replacement,,22.0,16.89,371.58,314.63,0,,
CLM-98576,Franchise_TX_01,Dehumidifier Rental,,1.0,102.02,102.02,41.96,0,,
CLM-72249,Franchise_TX_01,Drywall Repair,,34.0,31.64,1075.76,1075.76,1,,
CLM-86405,Franchise_TX_01,Baseboard Replacement - MISC,,41.0,102.33,4195.53,4195.53,1,,
CLM-85554,Franchise_NY_12,Water Extraction,,4.0,128.76,515.04,515.04,1,,
CLM-51662,Franchise_FL_04,Baseboard Replacement,2025-04-24,44.0,38.02,1672.88,1672.88,1,4.0,3.0
CLM-97029,Franchise_TX_01,Antimicrobial Treatment,,7.0,68.61,480.27,480.27,1,,
CLM-82351,Franchise_NY_12,Dehumidifier Rental,,21.0,24.79,520.59,520.59,1,,
CLM-98536,Franchise_NY_12,Baseboard Replacement,,25.0,104.74,2618.5,1318.16,0,,
CLM-59781,Franchise_TX_01,Baseboard Replacement,,7.0,38.06,266.42,266.42,1,,
CLM-54565,Franchise_FL_04,Water Extraction,2025-05-18,21.0,18.63,391.23,391.23,1,5.0,6.0
CLM-90752,Franchise_TX_01,Baseboard Replacement,,10.0,122.27,1222.7,1222.7,1,,
CLM-54721,Franchise_NY_12,Drywall Repair,,32.0,77.16,2469.12,1328.73,0,,
CLM-90540,Franchise_NY_12,Dehumidifier Rental,,32.0,84.89,2716.48,1664.5,0,,
CLM-91349,Franchise_FL_04,Water Extraction,2025-08-10,48.0,91.81,4406.88,3511.81,0,8.0,6.0
CLM-30171,Franchise_NY_12,Water Extraction,,34.0,81.62,2775.08,2775.08,1,,
CLM-41853,Franchise_TX_01,Water Extraction,,44.0,70.51,3102.44,2124.71,0,,
CLM-47878,Franchise_FL_04,Baseboard Replacement,2025-07-25,47.0,63.94,3005.18,1583.55,0,7.0,4.0
CLM-70354,Franchise_TX_01,Dehumidifier Rental - MISC,,17.0,73.09,1242.53,1242.53,1,,
CLM-80161,Franchise_NY_12,Dehumidifier Rental,,28.0,42.81,1198.68,1198.68,1,,
CLM-87826,Franchise_TX_01,Drywall Repair,,12.0,62.56,750.72,750.72,1,,
CLM-37343,Franchise_TX_01,Water Extraction - MISC,,25.0,80.79,2019.75,1596.06,0,,
CLM-79197,Franchise_TX_01,Antimicrobial Treatment,,2.0,19.07,38.14,25.43,0,,
CLM-68270,Franchise_FL_04,Dehumidifier Rental,2025-01-16,24.0,31.82,763.68,763.68,1,1.0,3.0
CLM-63705,Franchise_TX_01,Antimicrobial Treatment,,8.0,51.53,412.24,412.24,1,,
CLM-81119,Franchise_TX_01,Antimicrobial Treatment,,43.0,148.52,6386.36,6386.36,1,,
CLM-81385,Franchise_TX_01,Baseboard Replacement,,8.0,40.61,324.88,148.08,0,,
CLM-63023,Franchise_TX_01,Baseboard Replacement,,50.0,51.45,2572.5,2572.5,1,,
CLM-33702,Franchise_FL_04,Drywall Repair,2025-01-26,23.0,62.1,1428.3,1428.3,1,1.0,6.0
CLM-22953,Franchise_FL_04,Antimicrobial Treatment,2025-12-31,25.0,54.19,1354.75,1354.75,1,12.0,2.0
CLM-84610,Franchise_FL_04,Baseboard Replacement,2025-03-12,46.0,40.7,1872.2,1048.04,0,3.0,2.0
CLM-22533,Franchise_NY_12,Water Extraction,,13.0,31.73,412.49,168.65,0,,
CLM-44061,Franchise_TX_01,Baseboard Replacement,,12.0,112.52,1350.24,1350.24,1,,
CLM-69091,Franchise_TX_01,Drywall Repair - MISC,,8.0,95.88,767.04,767.04,1,,
CLM-65543,Franchise_FL_04,Antimicrobial Treatment,2025-08-01,30.0,128.92,3867.6,3245.54,0,8.0,4.0
CLM-64111,Franchise_TX_01,Baseboard Replacement - MISC,,27.0,21.91,591.57,591.57,1,,
CLM-31676,Franchise_NY_12,Water Extraction,,2.0,102.9,205.8,205.8,1,,
CLM-10455,Franchise_NY_12,Baseboard Replacement,,27.0,103.75,2801.25,1712.55,0,,
CLM-41655,Franchise_FL_04,Baseboard Replacement,2025-12-30,29.0,16.86,488.94,488.94,1,12.0,1.0
CLM-28980,Franchise_TX_01,Antimicrobial Treatment - MISC,,33.0,38.8,1280.4,1280.4,1,,
CLM-43328,Franchise_FL_04,Baseboard Replacement,2025-04-19,13.0,80.17,1042.21,1042.21,1,4.0,5.0
CLM-16009,Franchise_TX_01,Water Extraction,,20.0,84.43,1688.6,1688.6,1,,
CLM-72012,Franchise_FL_04,Water Extraction,2025-04-30,41.0,21.76,892.16,412.98,0,4.0,2.0
CLM-82261,Franchise_TX_01,Dehumidifier Rental,,13.0,43.27,562.51,562.51,1,,
CLM-12628,Franchise_TX_01,Baseboard Replacement,,28.0,102.01,2856.28,2506.85,0,,
CLM-15889,Franchise_FL_04,Drywall Repair,2025-12-08,46.0,20.41,938.86,938.86,1,12.0,0.0
CLM-60327,Franchise_TX_01,Baseboard Replacement,,19.0,67.39,1280.41,1280.41,1,,
CLM-50737,Franchise_NY_12,Baseboard Replacement,,15.0,18.44,276.6,227.44,0,,
CLM-32228,Franchise_TX_01,Water Extraction,,35.0,51.23,1793.05,1055.4,0,,
CLM-44482,Franchise_NY_12,Dehumidifier Rental,,14.0,58.81,823.34,418.97,0,,
CLM-41131,Franchise_TX_01,Drywall Repair - MISC,,3.0,105.89,317.67,210.11,0,,
CLM-74234,Franchise_TX_01,Antimicrobial Treatment,,17.0,132.6,2254.2,2254.2,1,,
CLM-64193,Franchise_TX_01,Water Extraction - MISC,,18.0,136.87,2463.66,1248.2,0,,
CLM-25304,Franchise_FL_04,Antimicrobial Treatment,2025-02-16,17.0,63.93,1086.81,768.93,0,2.0,6.0
CLM-66834,Franchise_NY_12,Antimicrobial Treatment,,11.0,98.11,1079.21,1079.21,1,,
CLM-67845,Franchise_TX_01,Dehumidifier Rental,,34.0,75.07,2552.38,2552.38,1,,
CLM-52327,Franchise_FL_04,Drywall Repair,2025-08-04,25.0,135.93,3398.25,3398.25,1,8.0,0.0
CLM-38095,Franchise_TX_01,Dehumidifier Rental - MISC,,47.0,26.36,1238.92,1238.92,1,,
CLM-72910,Franchise_FL_04,Water Extraction,2025-02-22,14.0,45.85,641.9,641.9,1,2.0,5.0
CLM-83141,Franchise_TX_01,Baseboard Replacement,,32.0,16.11,515.52,250.08,0,,
CLM-53886,Franchise_NY_12,Drywall Repair,,8.0,119.55,956.4,488.03,0,,
CLM-83997,Franchise_TX_01,Antimicrobial Treatment,,32.0,79.33,2538.56,1596.16,0,,
CLM-89849,Franchise_NY_12,Antimicrobial Treatment,,45.0,44.67,2010.15,1280.62,0,,
CLM-25666,Franchise_TX_01,Water Extraction,,33.0,41.8,1379.4,1379.4,1,,
CLM-25477,Franchise_TX_01,Drywall Repair,,20.0,32.04,640.8,456.44,0,,
CLM-12382,Franchise_NY_12,Water Extraction,,49.0,76.9,3768.1,3768.1,1,,
CLM-35902,Franchise_FL_04,Water Extraction,2025-01-20,8.0,65.29,522.32,522.32,1,1.0,0.0
CLM-65957,Franchise_TX_01,Baseboard Replacement,,14.0,50.62,708.68,708.68,1,,
CLM-57021,Franchise_FL_04,Baseboard Replacement,2025-05-12,30.0,91.27,2738.1,2738.1,1,5.0,0.0
CLM-60464,Franchise_TX_01,Dehumidifier Rental,,5.0,70.49,352.45,306.87,0,,
CLM-66829,Franchise_NY_12,Antimicrobial Treatment,,3.0,129.26,387.78,167.92,0,,
CLM-71841,Franchise_TX_01,Water Extraction,,2.0,92.05,184.1,103.76,0,,
CLM-77275,Franchise_TX_01,Baseboard Replacement,,1.0,49.02,49.02,36.9,0,,
CLM-81052,Franchise_FL_04,Drywall Repair,2025-11-11,38.0,54.63,2075.94,1459.18,0,11.0,1.0
CLM-18921,Franchise_FL_04,Dehumidifier Rental,2025-10-17,31.0,106.68,3307.08,3307.08,1,10.0,4.0
CLM-67497,Franchise_NY_12,Drywall Repair,,33.0,95.71,3158.43,1324.56,0,,
CLM-26831,Franchise_TX_01,Drywall Repair - MISC,,14.0,32.93,461.02,364.68,0,,
CLM-75176,Franchise_TX_01,Baseboard Replacement,,12.0,118.26,1419.12,1419.12,1,,
CLM-26606,Franchise_NY_12,Baseboard Replacement,,21.0,144.03,3024.63,3024.63,1,,
CLM-92091,Franchise_FL_04,Antimicrobial Treatment,2025-11-04,9.0,96.57,869.13,869.13,1,11.0,1.0
CLM-65941,Franchise_TX_01,Antimicrobial Treatment,,15.0,142.27,2134.05,1878.41,0,,
CLM-52467,Franchise_NY_12,Dehumidifier Rental,,26.0,39.83,1035.58,812.97,0,,
CLM-29330,Franchise_TX_01,Drywall Repair,,8.0,125.65,1005.2,1005.2,1,,
CLM-56514,Franchise_TX_01,Antimicrobial Treatment,,37.0,57.2,2116.4,2116.4,1,,
CLM-74036,Franchise_FL_04,Drywall Repair,2025-08-20,3.0,92.33,276.99,276.99,1,8.0,2.0
CLM-26169,Franchise_TX_01,Drywall Repair,,1.0,28.71,28.71,28.71,1,,
CLM-48800,Franchise_TX_01,Drywall Repair,,16.0,111.8,1788.8,1788.8,1,,
CLM-79043,Franchise_FL_04,Drywall Repair,2025-10-05,30.0,41.11,1233.3,1233.3,1,10.0,6.0
CLM-89343,Franchise_FL_04,Antimicrobial Treatment,2025-05-05,5.0,30.95,154.75,154.75,1,5.0,0.0
CLM-30886,Franchise_TX_01,Water Extraction,,38.0,64.2,2439.6,2439.6,1,,
CLM-63282,Franchise_TX_01,Drywall Repair,,9.0,79.26,713.34,713.34,1,,
CLM-10674,Franchise_FL_04,Antimicrobial Treatment,2025-12-19,35.0,118.75,4156.25,4156.25,1,12.0,4.0
CLM-36297,Franchise_FL_04,Baseboard Replacement,2025-07-07,33.0,144.67,4774.11,2921.44,0,7.0,0.0
CLM-14675,Franchise_TX_01,Antimicrobial Treatment - MISC,,23.0,101.75,2340.25,2340.25,1,,
CLM-52514,Franchise_NY_12,Antimicrobial Treatment,,40.0,62.83,2513.2,2513.2,1,,
CLM-10759,Franchise_TX_01,Antimicrobial Treatment,,21.0,73.18,1536.78,1536.78,1,,
CLM-50103,Franchise_NY_12,Water Extraction,,27.0,104.49,2821.23,2014.47,0,,
CLM-16927,Franchise_TX_01,Drywall Repair,,37.0,108.22,4004.14,4004.14,1,,
CLM-47070,Franchise_TX_01,Drywall Repair,,42.0,112.46,4723.32,4723.32,1,,
CLM-39284,Franchise_NY_12,Baseboard Replacement,,24.0,20.04,480.96,261.54,0,,
CLM-36022,Franchise_NY_12,Dehumidifier Rental,,34.0,32.58,1107.72,1107.72,1,,
CLM-14014,Franchise_TX_01,Drywall Repair,,45.0,99.48,4476.6,4476.6,1,,
CLM-96969,Franchise_FL_04,Water Extraction,2025-07-05,2.0,85.86,171.72,171.72,1,7.0,5.0
CLM-11180,Franchise_TX_01,Water Extraction,,1.0,91.15,91.15,49.09,0,,
CLM-84031,Franchise_NY_12,Dehumidifier Rental,,43.0,124.45,5351.35,2891.61,0,,
CLM-13118,Franchise_NY_12,Dehumidifier Rental,,27.0,75.02,2025.54,1259.22,0,,
CLM-93240,Franchise_FL_04,Drywall Repair,2025-11-13,45.0,41.33,1859.85,1003.82,0,11.0,3.0
CLM-47644,Franchise_FL_04,Water Extraction,2025-08-10,26.0,100.13,2603.38,1339.97,0,8.0,6.0
CLM-71704,Franchise_FL_04,Drywall Repair,2025-06-09,40.0,146.72,5868.8,5868.8,1,6.0,0.0
CLM-32128,Franchise_NY_12,Antimicrobial Treatment,,46.0,143.15,6584.9,6584.9,1,,
CLM-10536,Franchise_FL_04,Drywall Repair,2025-11-05,50.0,97.36,4868.0,4868.0,1,11.0,2.0
CLM-57170,Franchise_TX_01,Baseboard Replacement,,8.0,145.4,1163.2,896.21,0,,
CLM-46939,Franchise_TX_01,Antimicrobial Treatment,,33.0,50.13,1654.29,1654.29,1,,
CLM-93301,Franchise_FL_04,Baseboard Replacement,2025-09-01,27.0,146.43,3953.61,2351.72,0,9.0,0.0
CLM-88182,Franchise_TX_01,Baseboard Replacement - MISC,,32.0,141.87,4539.84,4539.84,1,,
CLM-59123,Franchise_FL_04,Drywall Repair,2025-09-01,43.0,79.84,3433.12,1685.28,0,9.0,0.0
CLM-23711,Franchise_FL_04,Baseboard Replacement,2025-11-26,41.0,146.66,6013.06,6013.06,1,11.0,2.0
CLM-86754,Franchise_TX_01,Water Extraction,,8.0,37.57,300.56,217.55,0,,
CLM-57042,Franchise_FL_04,Baseboard Replacement,2025-09-11,31.0,143.71,4455.01,3156.36,0,9.0,3.0
CLM-93092,Franchise_TX_01,Antimicrobial Treatment,,46.0,106.67,4906.82,2607.57,0,,
CLM-79893,Franchise_FL_04,Antimicrobial Treatment,2025-01-17,45.0,40.48,1821.6,1010.27,0,1.0,4.0
CLM-86156,Franchise_TX_01,Water Extraction,,21.0,29.73,624.33,624.33,1,,
CLM-30989,Franchise_NY_12,Water Extraction,,24.0,65.03,1560.72,1560.72,1,,
CLM-36921,Franchise_TX_01,Drywall Repair,,19.0,73.26,1391.94,726.9,0,,
CLM-26265,Franchise_TX_01,Drywall Repair,,35.0,140.4,4914.0,4914.0,1,,
CLM-70279,Franchise_TX_01,Drywall Repair,,48.0,135.91,6523.68,6523.68,1,,
CLM-65289,Franchise_TX_01,Baseboard Replacement,,13.0,91.8,1193.4,1193.4,1,,
CLM-19773,Franchise_FL_04,Water Extraction,2025-01-22,21.0,132.7,2786.7,1953.21,0,1.0,2.0
CLM-82986,Franchise_NY_12,Drywall Repair,,22.0,42.04,924.88,620.17,0,,
CLM-75371,Franchise_FL_04,Dehumidifier Rental,2025-12-21,29.0,131.12,3802.48,1917.61,0,12.0,6.0
CLM-55294,Franchise_NY_12,Baseboard Replacement,,38.0,82.19,3123.22,3123.22,1,,
CLM-42947,Franchise_TX_01,Water Extraction,,21.0,16.48,346.08,176.85,0,,
CLM-62519,Franchise_FL_04,Dehumidifier Rental,2025-03-11,3.0,32.66,97.98,97.98,1,3.0,1.0
CLM-42196,Franchise_NY_12,Baseboard Replacement,,15.0,113.06,1695.9,1695.9,1,,
CLM-73314,Franchise_TX_01,Antimicrobial Treatment,,13.0,55.82,725.66,725.66,1,,
CLM-57633,Franchise_FL_04,Antimicrobial Treatment,2025-01-22,37.0,61.09,2260.33,2260.33,1,1.0,2.0
CLM-15683,Franchise_NY_12,Drywall Repair,,5.0,67.64,338.2,338.2,1,,
CLM-40901,Franchise_NY_12,Water Extraction,,40.0,43.06,1722.4,968.99,0,,
CLM-30942,Franchise_NY_12,Baseboard Replacement,,9.0,87.6,788.4,347.28,0,,
CLM-39477,Franchise_FL_04,Water Extraction,2025-03-29,21.0,51.26,1076.46,730.01,0,3.0,5.0
CLM-83882,Franchise_NY_12,Dehumidifier Rental,,24.0,119.73,2873.52,2873.52,1,,
CLM-59905,Franchise_FL_04,Drywall Repair,2025-03-24,39.0,128.78,5022.42,5022.42,1,3.0,0.0
CLM-16791,Franchise_TX_01,Baseboard Replacement,,21.0,70.95,1489.95,1489.95,1,,
CLM-42285,Franchise_TX_01,Drywall Repair,,12.0,68.42,821.04,395.86,0,,
CLM-22909,Franchise_FL_04,Drywall Repair,2025-04-09,33.0,26.06,859.98,763.46,0,4.0,2.0
CLM-84587,Franchise_FL_04,Water Extraction,2025-02-23,4.0,70.46,281.84,184.91,0,2.0,6.0
CLM-82188,Franchise_NY_12,Baseboard Replacement,,4.0,29.23,116.92,61.48,0,,
CLM-40292,Franchise_FL_04,Antimicrobial Treatment,2025-11-19,44.0,117.9,5187.6,5187.6,1,11.0,2.0
CLM-94502,Franchise_FL_04,Water Extraction,2025-04-07,20.0,145.96,2919.2,2919.2,1,4.0,0.0
CLM-77706,Franchise_TX_01,Antimicrobial Treatment,,34.0,36.62,1245.08,833.34,0,,
CLM-34150,Franchise_FL_04,Baseboard Replacement,2025-01-22,14.0,144.56,2023.84,2023.84,1,1.0,2.0
CLM-95729,Franchise_FL_04,Drywall Repair,2025-05-03,37.0,126.1,4665.7,3275.66,0,5.0,5.0
CLM-96168,Franchise_FL_04,Drywall Repair,2025-08-27,42.0,92.05,3866.1,2071.12,0,8.0,2.0
CLM-84301,Franchise_TX_01,Dehumidifier Rental,,20.0,89.22,1784.4,1085.84,0,,
CLM-41400,Franchise_NY_12,Antimicrobial Treatment,,31.0,50.28,1558.68,1558.68,1,,
CLM-66050,Franchise_TX_01,Baseboard Replacement,,22.0,44.97,989.34,835.9,0,,
CLM-11300,Franchise_NY_12,Drywall Repair,,22.0,71.66,1576.52,1576.52,1,,
CLM-88980,Franchise_TX_01,Drywall Repair,,22.0,87.82,1932.04,858.57,0,,
CLM-81490,Franchise_TX_01,Drywall Repair,,16.0,70.03,1120.48,1120.48,1,,
CLM-14344,Franchise_FL_04,Water Extraction,2025-04-25,1.0,136.5,136.5,136.5,1,4.0,4.0
CLM-88801,Franchise_NY_12,Drywall Repair,,23.0,88.23,2029.29,1570.79,0,,
CLM-98368,Franchise_NY_12,Antimicrobial Treatment,,43.0,97.72,4201.96,4201.96,1,,
CLM-46754,Franchise_FL_04,Drywall Repair,2025-06-02,2.0,110.15,220.3,91.88,0,6.0,0.0
CLM-26621,Franchise_TX_01,Antimicrobial Treatment,,35.0,54.43,1905.05,1905.05,1,,
CLM-90242,Franchise_FL_04,Antimicrobial Treatment,2025-03-15,1.0,91.98,91.98,91.98,1,3.0,5.0
CLM-16773,Franchise_TX_01,Antimicrobial Treatment,,36.0,115.33,4151.88,3375.22,0,,
CLM-96974,Franchise_TX_01,Baseboard Replacement,,26.0,27.94,726.44,368.0,0,,
CLM-52797,Franchise_NY_12,Dehumidifier Rental,,17.0,15.53,264.01,264.01,1,,
CLM-91764,Franchise_TX_01,Antimicrobial Treatment,,37.0,86.26,3191.62,3191.62,1,,
CLM-80707,Franchise_FL_04,Dehumidifier Rental,2025-03-02,19.0,35.29,670.51,670.51,1,3.0,6.0
CLM-24386,Franchise_NY_12,Baseboard Replacement,,14.0,42.38,593.32,593.32,1,,
CLM-51849,Franchise_NY_12,Antimicrobial Treatment,,18.0,36.76,661.68,419.72,0,,
CLM-77109,Franchise_TX_01,Drywall Repair,,49.0,48.89,2395.61,1166.91,0,,
CLM-15311,Franchise_NY_12,Baseboard Replacement,,37.0,31.32,1158.84,1158.84,1,,
CLM-83537,Franchise_TX_01,Water Extraction,,40.0,135.06,5402.4,3597.29,0,,
CLM-23191,Franchise_FL_04,Baseboard Replacement,2025-04-11,29.0,75.67,2194.43,2194.43,1,4.0,4.0
CLM-41841,Franchise_TX_01,Antimicrobial Treatment - MISC,,26.0,43.04,1119.04,1119.04,1,,
CLM-40537,Franchise_NY_12,Baseboard Replacement,,24.0,92.33,2215.92,1435.3,0,,
CLM-17917,Franchise_NY_12,Antimicrobial Treatment,,19.0,29.28,556.32,556.32,1,,
CLM-92871,Franchise_TX_01,Antimicrobial Treatment,,9.0,21.62,194.58,194.58,1,,
CLM-26631,Franchise_TX_01,Dehumidifier Rental,,21.0,129.64,2722.44,1426.15,0,,
CLM-72668,Franchise_NY_12,Drywall Repair,,50.0,104.7,5235.0,2310.5,0,,
CLM-78749,Franchise_FL_04,Dehumidifier Rental,2025-05-17,9.0,28.48,256.32,256.32,1,5.0,5.0
CLM-99881,Franchise_TX_01,Dehumidifier Rental,,43.0,110.62,4756.66,4756.66,1,,
CLM-57681,Franchise_TX_01,Water Extraction,,48.0,37.31,1790.88,1790.88,1,,
CLM-39444,Franchise_NY_12,Drywall Repair,,3.0,143.46,430.38,380.37,0,,
CLM-49220,Franchise_NY_12,Water Extraction,,43.0,78.0,3354.0,2488.53,0,,
CLM-93429,Franchise_TX_01,Antimicrobial Treatment,,45.0,149.73,6737.85,5966.72,0,,
CLM-37041,Franchise_NY_12,Dehumidifier Rental,,12.0,74.24,890.88,645.82,0,,
CLM-25832,Franchise_TX_01,Dehumidifier Rental,,48.0,44.78,2149.44,2149.44,1,,
CLM-73314,Franchise_FL_04,Water Extraction,2025-05-13,26.0,57.62,1498.12,1232.5,0,5.0,1.0
CLM-20008,Franchise_NY_12,Dehumidifier Rental,,4.0,86.37,345.48,345.48,1,,
CLM-70580,Franchise_NY_12,Dehumidifier Rental,,14.0,123.38,1727.32,1219.5,0,,
CLM-58641,Franchise_TX_01,Dehumidifier Rental,,7.0,68.65,480.55,480.55,1,,
CLM-42297,Franchise_FL_04,Dehumidifier Rental,2025-02-01,22.0,29.76,654.72,654.72,1,2.0,5.0
CLM-95490,Franchise_TX_01,Dehumidifier Rental,,33.0,30.91,1020.03,1020.03,1,,
CLM-93312,Franchise_FL_04,Baseboard Replacement,2025-01-08,40.0,64.28,2571.2,2571.2,1,1.0,2.0
CLM-61455,Franchise_FL_04,Dehumidifier Rental,2025-11-25,35.0,40.89,1431.15,1431.15,1,11.0,1.0
CLM-87095,Franchise_NY_12,Baseboard Replacement,,38.0,24.03,913.14,913.14,1,,
CLM-44273,Franchise_TX_01,Drywall Repair,,44.0,80.1,3524.4,3524.4,1,,
CLM-53250,Franchise_NY_12,Drywall Repair,,41.0,79.13,3244.33,1825.25,0,,
CLM-51264,Franchise_NY_12,Dehumidifier Rental,,3.0,91.64,274.92,174.03,0,,
CLM-35196,Franchise_TX_01,Dehumidifier Rental,,13.0,110.76,1439.88,845.35,0,,
CLM-94336,Franchise_FL_04,Drywall Repair,2025-07-18,36.0,85.08,3062.88,2561.74,0,7.0,4.0
CLM-96908,Franchise_NY_12,Antimicrobial Treatment,,37.0,144.64,5351.68,4323.45,0,,
CLM-15659,Franchise_TX_01,Water Extraction - MISC,,47.0,32.39,1522.33,1522.33,1,,
CLM-80601,Franchise_NY_12,Water Extraction,,19.0,55.44,1053.36,1053.36,1,,
CLM-42999,Franchise_TX_01,Drywall Repair,,18.0,65.05,1170.9,940.58,0,,
CLM-51794,Franchise_NY_12,Baseboard Replacement,,19.0,116.12,2206.28,2206.28,1,,
CLM-46677,Franchise_TX_01,Water Extraction,,25.0,110.74,2768.5,1945.4,0,,
CLM-49046,Franchise_FL_04,Dehumidifier Rental,2025-11-22,29.0,86.19,2499.51,1847.69,0,11.0,5.0
CLM-32799,Franchise_FL_04,Dehumidifier Rental,2025-11-15,16.0,27.15,434.4,434.4,1,11.0,5.0
CLM-37488,Franchise_NY_12,Dehumidifier Rental,,16.0,131.36,2101.76,2101.76,1,,
CLM-95294,Franchise_NY_12,Dehumidifier Rental,,8.0,128.7,1029.6,1029.6,1,,
CLM-66263,Franchise_NY_12,Antimicrobial Treatment,,41.0,78.01,3198.41,3198.41,1,,
CLM-90159,Franchise_TX_01,Water Extraction,,7.0,138.38,968.66,477.91,0,,
CLM-49683,Franchise_FL_04,Dehumidifier Rental,2025-10-09,39.0,56.65,2209.35,2209.35,1,10.0,3.0
CLM-35725,Franchise_FL_04,Baseboard Replacement,2025-06-30,50.0,111.14,5557.0,4712.35,0,6.0,0.0
CLM-30909,Franchise_FL_04,Dehumidifier Rental,2025-09-06,6.0,135.37,812.22,812.22,1,9.0,5.0
CLM-58134,Franchise_NY_12,Drywall Repair,,40.0,82.41,3296.4,3296.4,1,,
CLM-75551,Franchise_TX_01,Antimicrobial Treatment - MISC,,24.0,98.84,2372.16,2372.16,1,,
CLM-23899,Franchise_NY_12,Dehumidifier Rental,,45.0,99.4,4473.0,2118.03,0,,
CLM-19342,Franchise_FL_04,Water Extraction,2025-11-12,3.0,31.48,94.44,56.98,0,11.0,2.0
CLM-96688,Franchise_FL_04,Antimicrobial Treatment,2025-05-15,32.0,120.26,3848.32,2635.58,0,5.0,3.0
CLM-68827,Franchise_TX_01,Antimicrobial Treatment,,12.0,82.08,984.96,518.87,0,,
CLM-27511,Franchise_FL_04,Baseboard Replacement,2025-12-14,4.0,61.46,245.84,185.67,0,12.0,6.0
CLM-47492,Franchise_NY_12,Dehumidifier Rental,,45.0,43.51,1957.95,1957.95,1,,
CLM-14384,Franchise_FL_04,Antimicrobial Treatment,2025-02-20,15.0,40.82,612.3,247.7,0,2.0,3.0
CLM-29410,Franchise_FL_04,Baseboard Replacement,2025-10-08,1.0,85.12,85.12,85.12,1,10.0,2.0
CLM-87838,Franchise_FL_04,Dehumidifier Rental,2025-05-14,49.0,140.3,6874.7,4474.58,0,5.0,2.0
CLM-64178,Franchise_FL_04,Baseboard Replacement,2025-08-21,5.0,37.33,186.65,186.65,1,8.0,3.0
CLM-34584,Franchise_FL_04,Baseboard Replacement,2025-01-23,40.0,61.0,2440.0,2440.0,1,1.0,3.0
CLM-82470,Franchise_NY_12,Drywall Repair,,23.0,72.63,1670.49,1670.49,1,,
CLM-11581,Franchise_FL_04,Dehumidifier Rental,2025-08-26,15.0,123.78,1856.7,1270.33,0,8.0,1.0
CLM-10702,Franchise_NY_12,Baseboard Replacement,,8.0,34.98,279.84,279.84,1,,
CLM-41375,Franchise_NY_12,Antimicrobial Treatment,,3.0,58.78,176.34,106.53,0,,
CLM-63138,Franchise_TX_01,Dehumidifier Rental,,30.0,105.16,3154.8,2286.9,0,,
CLM-34586,Franchise_NY_12,Baseboard Replacement,,13.0,149.73,1946.49,1946.49,1,,
CLM-91184,Franchise_FL_04,Drywall Repair,2025-11-25,42.0,116.68,4900.56,2504.51,0,11.0,1.0
CLM-81208,Franchise_TX_01,Baseboard Replacement - MISC,,50.0,98.06,4903.0,4903.0,1,,
CLM-73192,Franchise_TX_01,Baseboard Replacement,,10.0,132.99,1329.9,1329.9,1,,
CLM-80492,Franchise_FL_04,Water Extraction,2025-06-01,6.0,15.8,94.8,94.8,1,6.0,6.0
CLM-67571,Franchise_NY_12,Drywall Repair,,34.0,143.66,4884.44,4884.44,1,,
CLM-93598,Franchise_TX_01,Antimicrobial Treatment,,28.0,33.57,939.96,939.96,1,,
CLM-10364,Franchise_FL_04,Water Extraction,2025-01-18,28.0,106.13,2971.64,2445.96,0,1.0,5.0
CLM-85226,Franchise_NY_12,Dehumidifier Rental,,28.0,109.71,3071.88,2112.29,0,,
CLM-16211,Franchise_TX_01,Baseboard Replacement,,38.0,107.7,4092.6,2169.06,0,,
CLM-26682,Franchise_NY_12,Antimicrobial Treatment,,20.0,21.02,420.4,356.32,0,,
CLM-78683,Franchise_FL_04,Dehumidifier Rental,2025-10-15,3.0,40.48,121.44,53.56,0,10.0,2.0
CLM-90188,Franchise_FL_04,Antimicrobial Treatment,2025-01-12,29.0,95.12,2758.48,2758.48,1,1.0,6.0
CLM-69864,Franchise_FL_04,Dehumidifier Rental,2025-08-19,31.0,66.49,2061.19,1200.86,0,8.0,1.0
CLM-29528,Franchise_FL_04,Water Extraction,2025-05-10,1.0,121.99,121.99,121.99,1,5.0,5.0
CLM-69345,Franchise_TX_01,Dehumidifier Rental,,30.0,126.58,3797.4,3797.4,1,,
CLM-88972,Franchise_TX_01,Water Extraction,,43.0,122.35,5261.05,5261.05,1,,
CLM-37437,Franchise_FL_04,Antimicrobial Treatment,2025-01-15,1.0,47.87,47.87,34.18,0,1.0,2.0
CLM-80953,Franchise_NY_12,Baseboard Replacement,,30.0,134.34,4030.2,2861.68,0,,
CLM-36738,Franchise_TX_01,Dehumidifier Rental,,9.0,28.22,253.98,184.79,0,,
CLM-46736,Franchise_TX_01,Dehumidifier Rental,,40.0,23.83,953.2,953.2,1,,
CLM-58973,Franchise_TX_01,Drywall Repair,,50.0,102.13,5106.5,3005.48,0,,
CLM-16473,Franchise_FL_04,Baseboard Replacement,2025-12-16,10.0,147.74,1477.4,1477.4,1,12.0,1.0
CLM-86824,Franchise_TX_01,Baseboard Replacement,,37.0,147.38,5453.06,5453.06,1,,
CLM-60863,Franchise_TX_01,Antimicrobial Treatment - MISC,,21.0,134.73,2829.33,2829.33,1,,
CLM-29330,Franchise_TX_01,Dehumidifier Rental,,22.0,27.02,594.44,594.44,1,,
CLM-46565,Franchise_FL_04,Dehumidifier Rental,2025-11-18,41.0,21.74,891.34,590.82,0,11.0,1.0
CLM-49376,Franchise_TX_01,Dehumidifier Rental,,25.0,49.09,1227.25,840.96,0,,
CLM-93650,Franchise_FL_04,Dehumidifier Rental,2025-12-30,14.0,116.86,1636.04,1636.04,1,12.0,1.0
CLM-98134,Franchise_FL_04,Antimicrobial Treatment,2025-04-27,2.0,35.65,71.3,51.04,0,4.0,6.0
CLM-14054,Franchise_TX_01,Baseboard Replacement,,5.0,148.05,740.25,322.46,0,,
CLM-37103,Franchise_NY_12,Water Extraction,,40.0,141.86,5674.4,4905.17,0,,
CLM-21851,Franchise_TX_01,Dehumidifier Rental,,21.0,51.51,1081.71,1081.71,1,,
CLM-81522,Franchise_TX_01,Drywall Repair - MISC,,10.0,134.09,1340.9,1340.9,1,,
CLM-79273,Franchise_NY_12,Drywall Repair,,4.0,64.02,256.08,131.73,0,,
CLM-49870,Franchise_NY_12,Antimicrobial Treatment,,48.0,130.6,6268.8,2819.72,0,,
CLM-48994,Franchise_TX_01,Baseboard Replacement - MISC,,37.0,87.6,3241.2,2065.69,0,,
CLM-41027,Franchise_TX_01,Antimicrobial Treatment - MISC,,13.0,144.89,1883.57,1883.57,1,,
CLM-39731,Franchise_TX_01,Water Extraction,,33.0,117.94,3892.02,3892.02,1,,
CLM-72697,Franchise_FL_04,Dehumidifier Rental,2025-01-26,19.0,35.64,677.16,677.16,1,1.0,6.0
CLM-13799,Franchise_FL_04,Antimicrobial Treatment,2025-10-12,42.0,124.49,5228.58,5228.58,1,10.0,6.0
CLM-37818,Franchise_TX_01,Antimicrobial Treatment - MISC,,17.0,88.38,1502.46,1502.46,1,,
CLM-49184,Franchise_TX_01,Dehumidifier Rental,,49.0,40.26,1972.74,1682.59,0,,
CLM-39711,Franchise_NY_12,Drywall Repair,,33.0,82.93,2736.69,1579.92,0,,
CLM-88826,Franchise_FL_04,Antimicrobial Treatment,2025-06-07,8.0,100.81,806.48,445.89,0,6.0,5.0
CLM-40468,Franchise_NY_12,Water Extraction,,12.0,77.37,928.44,534.37,0,,
CLM-23030,Franchise_TX_01,Water Extraction - MISC,,31.0,52.95,1641.45,1641.45,1,,
CLM-75092,Franchise_TX_01,Water Extraction - MISC,,6.0,54.59,327.54,214.6,0,,
CLM-15543,Franchise_TX_01,Baseboard Replacement - MISC,,13.0,131.67,1711.71,1711.71,1,,
CLM-92179,Franchise_FL_04,Baseboard Replacement,2025-11-14,1.0,133.67,133.67,133.67,1,11.0,4.0
CLM-77857,Franchise_TX_01,Dehumidifier Rental,,17.0,127.11,2160.87,2160.87,1,,
CLM-37088,Franchise_NY_12,Drywall Repair,,6.0,24.7,148.2,74.69,0,,
CLM-93245,Franchise_NY_12,Dehumidifier Rental,,23.0,60.79,1398.17,1398.17,1,,
CLM-65313,Franchise_NY_12,Antimicrobial Treatment,,37.0,52.45,1940.65,1138.92,0,,
CLM-74143,Franchise_TX_01,Water Extraction,,31.0,42.72,1324.32,794.58,0,,
CLM-45369,Franchise_TX_01,Antimicrobial Treatment,,10.0,34.54,345.4,268.72,0,,
CLM-35471,Franchise_NY_12,Baseboard Replacement,,48.0,64.83,3111.84,3111.84,1,,
CLM-49225,Franchise_TX_01,Antimicrobial Treatment - MISC,,47.0,111.15,5224.05,5224.05,1,,
CLM-39243,Franchise_TX_01,Baseboard Replacement - MISC,,10.0,118.03,1180.3,661.47,0,,
CLM-77598,Franchise_NY_12,Dehumidifier Rental,,21.0,126.63,2659.23,1420.54,0,,
CLM-86108,Franchise_TX_01,Drywall Repair,,37.0,93.58,3462.46,3462.46,1,,
CLM-22286,Franchise_NY_12,Dehumidifier Rental,,48.0,54.2,2601.6,2601.6,1,,
CLM-65467,Franchise_FL_04,Drywall Repair,2025-07-03,10.0,95.11,951.1,951.1,1,7.0,3.0
CLM-89455,Franchise_NY_12,Dehumidifier Rental,,27.0,117.45,3171.15,3171.15,1,,
CLM-27964,Franchise_TX_01,Water Extraction,,11.0,37.61,413.71,413.71,1,,
CLM-19709,Franchise_NY_12,Water Extraction,,6.0,136.17,817.02,817.02,1,,
CLM-95259,Franchise_NY_12,Baseboard Replacement,,33.0,52.6,1735.8,1354.26,0,,
CLM-61851,Franchise_TX_01,Antimicrobial Treatment - MISC,,38.0,98.37,3738.06,2481.18,0,,
CLM-56860,Franchise_FL_04,Water Extraction,2025-09-07,47.0,89.47,4205.09,4205.09,1,9.0,6.0
CLM-57299,Franchise_FL_04,Water Extraction,2026-01-01,19.0,115.65,2197.35,2197.35,1,1.0,3.0
CLM-32813,Franchise_FL_04,Water Extraction,2025-09-21,43.0,98.24,4224.32,4224.32,1,9.0,6.0
CLM-34320,Franchise_NY_12,Dehumidifier Rental,,24.0,106.72,2561.28,2561.28,1,,
CLM-95704,Franchise_TX_01,Antimicrobial Treatment,,6.0,68.47,410.82,410.82,1,,
CLM-67712,Franchise_NY_12,Dehumidifier Rental,,18.0,109.36,1968.48,1968.48,1,,
CLM-19246,Franchise_NY_12,Baseboard Replacement,,19.0,34.42,653.98,653.98,1,,
CLM-61620,Franchise_NY_12,Dehumidifier Rental,,32.0,82.86,2651.52,2335.01,0,,
CLM-88490,Franchise_TX_01,Baseboard Replacement,,15.0,112.84,1692.6,1692.6,1,,
CLM-77329,Franchise_NY_12,Water Extraction,,30.0,129.0,3870.0,3870.0,1,,
CLM-96388,Franchise_FL_04,Dehumidifier Rental,2025-10-05,11.0,79.13,870.43,759.7,0,10.0,6.0
CLM-49058,Franchise_TX_01,Antimicrobial Treatment,,38.0,86.75,3296.5,1918.25,0,,
CLM-83748,Franchise_FL_04,Water Extraction,2025-09-03,35.0,126.84,4439.4,3177.09,0,9.0,2.0
CLM-94926,Franchise_NY_12,Antimicrobial Treatment,,14.0,47.65,667.1,667.1,1,,
CLM-20196,Franchise_TX_01,Dehumidifier Rental,,37.0,88.25,3265.25,1328.26,0,,
CLM-35277,Franchise_NY_12,Antimicrobial Treatment,,16.0,89.03,1424.48,1424.48,1,,
CLM-17240,Franchise_NY_12,Water Extraction,,11.0,78.12,859.32,629.77,0,,
CLM-46559,Franchise_FL_04,Antimicrobial Treatment,2025-04-21,1.0,137.36,137.36,137.36,1,4.0,0.0
CLM-27322,Franchise_FL_04,Baseboard Replacement,2025-02-16,17.0,48.53,825.01,576.48,0,2.0,6.0
CLM-85791,Franchise_TX_01,Water Extraction - MISC,,12.0,53.85,646.2,646.2,1,,
CLM-35396,Franchise_FL_04,Water Extraction,2025-01-13,46.0,77.81,3579.26,2855.59,0,1.0,0.0
CLM-67044,Franchise_FL_04,Water Extraction,2025-05-24,25.0,50.18,1254.5,943.22,0,5.0,5.0
CLM-94149,Franchise_NY_12,Antimicrobial Treatment,,28.0,39.74,1112.72,636.93,0,,
CLM-30035,Franchise_FL_04,Dehumidifier Rental,2025-05-09,39.0,76.66,2989.74,2989.74,1,5.0,4.0
CLM-69202,Franchise_TX_01,Baseboard Replacement,,22.0,87.62,1927.64,1696.92,0,,
CLM-67391,Franchise_NY_12,Baseboard Replacement,,22.0,30.23,665.06,665.06,1,,
CLM-32480,Franchise_TX_01,Antimicrobial Treatment,,12.0,118.73,1424.76,986.95,0,,
CLM-23125,Franchise_FL_04,Baseboard Replacement,2025-05-14,47.0,27.54,1294.38,1294.38,1,5.0,2.0
CLM-24656,Franchise_NY_12,Baseboard Replacement,,11.0,67.48,742.28,742.28,1,,
CLM-56414,Franchise_NY_12,Baseboard Replacement,,4.0,110.81,443.24,443.24,1,,
CLM-76606,Franchise_FL_04,Drywall Repair,2025-10-26,23.0,43.97,1011.31,889.13,0,10.0,6.0
CLM-79357,Franchise_TX_01,Water Extraction - MISC,,5.0,19.25,96.25,96.25,1,,
CLM-68727,Franchise_TX_01,Antimicrobial Treatment,,21.0,107.86,2265.06,2265.06,1,,
CLM-37719,Franchise_NY_12,Baseboard Replacement,,19.0,37.98,721.62,721.62,1,,
CLM-70568,Franchise_FL_04,Dehumidifier Rental,2025-09-20,33.0,37.84,1248.72,1248.72,1,9.0,5.0
CLM-79669,Franchise_FL_04,Water Extraction,2025-10-27,11.0,32.09,352.99,352.99,1,10.0,0.0
CLM-83364,Franchise_NY_12,Dehumidifier Rental,,31.0,105.95,3284.45,3284.45,1,,
CLM-39270,Franchise_NY_12,Water Extraction,,34.0,32.39,1101.26,652.25,0,,
CLM-29341,Franchise_TX_01,Dehumidifier Rental,,24.0,95.71,2297.04,2297.04,1,,
CLM-35621,Franchise_FL_04,Dehumidifier Rental,2025-12-22,2.0,18.14,36.28,36.28,1,12.0,0.0
CLM-53005,Franchise_FL_04,Antimicrobial Treatment,2025-03-31,7.0,61.52,430.64,197.56,0,3.0,0.0
CLM-92153,Franchise_FL_04,Baseboard Replacement,2025-03-13,4.0,74.26,297.04,297.04,1,3.0,3.0
CLM-42801,Franchise_FL_04,Water Extraction,2025-01-03,38.0,18.12,688.56,688.56,1,1.0,4.0
CLM-84802,Franchise_NY_12,Dehumidifier Rental,,34.0,53.46,1817.64,751.38,0,,
CLM-21980,Franchise_NY_12,Baseboard Replacement,,31.0,114.1,3537.1,3537.1,1,,
CLM-87867,Franchise_FL_04,Antimicrobial Treatment,2025-12-13,46.0,35.93,1652.78,1652.78,1,12.0,5.0
CLM-24451,Franchise_TX_01,Water Extraction,,1.0,96.06,96.06,60.11,0,,
CLM-71803,Franchise_FL_04,Antimicrobial Treatment,2025-03-04,48.0,143.05,6866.4,6866.4,1,3.0,1.0
CLM-56586,Franchise_TX_01,Dehumidifier Rental,,21.0,107.52,2257.92,1324.46,0,,
CLM-53612,Franchise_FL_04,Baseboard Replacement,2025-07-02,22.0,38.86,854.92,486.79,0,7.0,2.0
CLM-87003,Franchise_NY_12,Dehumidifier Rental,,33.0,66.55,2196.15,1965.0,0,,
CLM-49210,Franchise_FL_04,Water Extraction,2025-04-09,30.0,134.7,4041.0,4041.0,1,4.0,2.0
CLM-10539,Franchise_NY_12,Water Extraction,,33.0,146.67,4840.11,2109.22,0,,
CLM-54819,Franchise_FL_04,Drywall Repair,2025-08-13,13.0,60.71,789.23,523.84,0,8.0,2.0
CLM-91548,Franchise_FL_04,Antimicrobial Treatment,2025-04-01,50.0,46.86,2343.0,2343.0,1,4.0,1.0
CLM-99958,Franchise_FL_04,Water Extraction,2025-12-21,12.0,133.56,1602.72,1602.72,1,12.0,6.0
CLM-62689,Franchise_TX_01,Dehumidifier Rental,,24.0,114.82,2755.68,2755.68,1,,
CLM-82274,Franchise_FL_04,Dehumidifier Rental,2025-12-13,37.0,146.72,5428.64,5428.64,1,12.0,5.0
CLM-31867,Franchise_FL_04,Dehumidifier Rental,2025-08-20,24.0,21.48,515.52,445.66,0,8.0,2.0
CLM-53974,Franchise_FL_04,Dehumidifier Rental,2025-04-16,36.0,30.29,1090.44,1090.44,1,4.0,2.0
CLM-40979,Franchise_NY_12,Baseboard Replacement,,8.0,75.69,605.52,605.52,1,,
CLM-13917,Franchise_FL_04,Dehumidifier Rental,2025-02-22,11.0,102.62,1128.82,634.49,0,2.0,5.0
CLM-51587,Franchise_FL_04,Drywall Repair,2025-06-10,29.0,135.02,3915.58,3915.58,1,6.0,1.0
CLM-42761,Franchise_NY_12,Dehumidifier Rental,,35.0,130.1,4553.5,4553.5,1,,
CLM-10514,Franchise_FL_04,Dehumidifier Rental,2025-07-03,36.0,40.9,1472.4,1472.4,1,7.0,3.0
CLM-61680,Franchise_NY_12,Drywall Repair,,4.0,124.78,499.12,499.12,1,,
CLM-84048,Franchise_NY_12,Water Extraction,,7.0,37.6,263.2,193.07,0,,
CLM-99570,Franchise_NY_12,Baseboard Replacement,,21.0,97.35,2044.35,2044.35,1,,
CLM-47938,Franchise_NY_12,Water Extraction,,41.0,42.67,1749.47,1749.47,1,,
CLM-35978,Franchise_FL_04,Antimicrobial Treatment,2025-10-08,44.0,93.57,4117.08,4117.08,1,10.0,2.0
CLM-25109,Franchise_TX_01,Drywall Repair,,23.0,76.85,1767.55,905.05,0,,
CLM-62933,Franchise_FL_04,Baseboard Replacement,2025-01-11,14.0,135.38,1895.32,1575.46,0,1.0,5.0
CLM-19840,Franchise_TX_01,Water Extraction,,7.0,127.29,891.03,745.4,0,,
CLM-27304,Franchise_FL_04,Baseboard Replacement,2025-08-21,19.0,55.23,1049.37,545.82,0,8.0,3.0
CLM-71207,Franchise_TX_01,Antimicrobial Treatment,,25.0,98.3,2457.5,2161.83,0,,
CLM-54816,Franchise_TX_01,Antimicrobial Treatment,,21.0,25.76,540.96,540.96,1,,
CLM-20827,Franchise_TX_01,Drywall Repair,,46.0,115.11,5295.06,3777.96,0,,
CLM-68627,Franchise_TX_01,Drywall Repair,,37.0,105.24,3893.88,2087.09,0,,
CLM-34496,Franchise_TX_01,Drywall Repair,,21.0,57.04,1197.84,816.4,0,,
CLM-50577,Franchise_TX_01,Dehumidifier Rental,,7.0,73.71,515.97,386.85,0,,
CLM-61158,Franchise_TX_01,Baseboard Replacement,,4.0,119.28,477.12,477.12,1,,
CLM-38047,Franchise_FL_04,Antimicrobial Treatment,2025-04-03,47.0,40.61,1908.67,1908.67,1,4.0,3.0
CLM-56488,Franchise_FL_04,Antimicrobial Treatment,2025-12-29,34.0,97.47,3313.98,2902.87,0,12.0,0.0
CLM-45270,Franchise_TX_01,Drywall Repair,,21.0,67.77,1423.17,1423.17,1,,
CLM-30808,Franchise_FL_04,Baseboard Replacement,2025-04-23,44.0,80.82,3556.08,3556.08,1,4.0,2.0
CLM-54007,Franchise_TX_01,Water Extraction,,22.0,40.11,882.42,786.81,0,,
CLM-26293,Franchise_TX_01,Drywall Repair - MISC,,26.0,31.77,826.02,826.02,1,,
CLM-90705,Franchise_TX_01,Baseboard Replacement,,10.0,61.55,615.5,615.5,1,,
CLM-89880,Franchise_TX_01,Antimicrobial Treatment,,2.0,100.05,200.1,177.35,0,,
CLM-64931,Franchise_TX_01,Drywall Repair - MISC,,42.0,18.96,796.32,796.32,1,,
CLM-10152,Franchise_FL_04,Baseboard Replacement,2025-04-20,4.0,50.08,200.32,171.34,0,4.0,6.0
CLM-24551,Franchise_NY_12,Drywall Repair,,12.0,66.47,797.64,402.89,0,,
CLM-22671,Franchise_TX_01,Baseboard Replacement,,28.0,100.36,2810.08,2810.08,1,,
CLM-69477,Franchise_TX_01,Dehumidifier Rental,,45.0,65.22,2934.9,2934.9,1,,
CLM-17637,Franchise_FL_04,Antimicrobial Treatment,2025-05-22,10.0,131.67,1316.7,1316.7,1,5.0,3.0
CLM-59809,Franchise_NY_12,Water Extraction,,40.0,91.19,3647.6,3647.6,1,,
CLM-59649,Franchise_FL_04,Baseboard Replacement,2025-05-08,48.0,90.86,4361.28,3657.88,0,5.0,3.0
CLM-76991,Franchise_FL_04,Water Extraction,2025-11-19,37.0,38.13,1410.81,785.11,0,11.0,2.0
CLM-62961,Franchise_TX_01,Drywall Repair,,15.0,129.49,1942.35,1302.92,0,,
CLM-43937,Franchise_NY_12,Antimicrobial Treatment,,31.0,79.22,2455.82,2455.82,1,,
CLM-29513,Franchise_TX_01,Antimicrobial Treatment,,21.0,50.3,1056.3,512.15,0,,
CLM-60428,Franchise_FL_04,Baseboard Replacement,2025-02-10,31.0,48.46,1502.26,1502.26,1,2.0,0.0
CLM-82971,Franchise_TX_01,Antimicrobial Treatment,,1.0,48.78,48.78,48.78,1,,
CLM-24060,Franchise_NY_12,Baseboard Replacement,,14.0,65.03,910.42,910.42,1,,
CLM-38393,Franchise_NY_12,Water Extraction,,6.0,19.62,117.72,117.72,1,,
CLM-82668,Franchise_NY_12,Baseboard Replacement,,35.0,84.68,2963.8,1478.17,0,,
CLM-90644,Franchise_NY_12,Drywall Repair,,41.0,58.5,2398.5,2398.5,1,,
CLM-43937,Franchise_NY_12,Water Extraction,,6.0,49.37,296.22,190.03,0,,
CLM-20425,Franchise_NY_12,Dehumidifier Rental,,37.0,46.92,1736.04,1736.04,1,,
CLM-65666,Franchise_TX_01,Water Extraction,,40.0,40.77,1630.8,1630.8,1,,
CLM-42358,Franchise_TX_01,Antimicrobial Treatment - MISC,,12.0,85.56,1026.72,1026.72,1,,
CLM-92132,Franchise_NY_12,Water Extraction,,32.0,40.43,1293.76,1293.76,1,,
CLM-68741,Franchise_TX_01,Antimicrobial Treatment,,44.0,26.99,1187.56,1187.56,1,,
CLM-27629,Franchise_FL_04,Antimicrobial Treatment,2025-04-01,39.0,29.41,1146.99,1146.99,1,4.0,1.0
CLM-11412,Franchise_FL_04,Baseboard Replacement,2025-08-14,12.0,119.28,1431.36,601.44,0,8.0,3.0
CLM-34143,Franchise_TX_01,Dehumidifier Rental,,41.0,64.22,2633.02,2633.02,1,,
CLM-27694,Franchise_TX_01,Baseboard Replacement,,18.0,81.34,1464.12,599.77,0,,
CLM-55838,Franchise_FL_04,Antimicrobial Treatment,2025-08-05,47.0,89.31,4197.57,4197.57,1,8.0,1.0
CLM-23015,Franchise_FL_04,Baseboard Replacement,2025-01-04,34.0,18.11,615.74,615.74,1,1.0,5.0
CLM-83446,Franchise_FL_04,Antimicrobial Treatment,2025-01-20,30.0,98.1,2943.0,1909.24,0,1.0,0.0
CLM-67084,Franchise_TX_01,Dehumidifier Rental,,44.0,120.08,5283.52,5283.52,1,,
CLM-85314,Franchise_NY_12,Baseboard Replacement,,44.0,100.27,4411.88,4411.88,1,,
CLM-56143,Franchise_FL_04,Baseboard Replacement,2025-04-18,48.0,81.03,3889.44,3889.44,1,4.0,4.0
CLM-53310,Franchise_FL_04,Water Extraction,2025-06-12,9.0,58.65,527.85,527.85,1,6.0,3.0
CLM-60442,Franchise_NY_12,Dehumidifier Rental,,35.0,58.11,2033.85,2033.85,1,,
CLM-45497,Franchise_TX_01,Baseboard Replacement,,22.0,42.02,924.44,924.44,1,,
CLM-68798,Franchise_FL_04,Antimicrobial Treatment,2025-09-29,8.0,62.13,497.04,497.04,1,9.0,0.0
CLM-62619,Franchise_TX_01,Dehumidifier Rental,,12.0,30.64,367.68,367.68,1,,
CLM-87940,Franchise_NY_12,Antimicrobial Treatment,,35.0,64.31,2250.85,2250.85,1,,
CLM-89826,Franchise_FL_04,Drywall Repair,2025-11-01,33.0,129.81,4283.73,3339.09,0,11.0,5.0
CLM-15012,Franchise_NY_12,Water Extraction,,36.0,117.03,4213.08,3563.98,0,,
CLM-89775,Franchise_TX_01,Antimicrobial Treatment - MISC,,34.0,22.07,750.38,629.63,0,,
CLM-90594,Franchise_FL_04,Drywall Repair,2025-10-20,41.0,101.49,4161.09,1737.52,0,10.0,0.0
CLM-39713,Franchise_FL_04,Dehumidifier Rental,2025-06-27,19.0,140.43,2668.17,1987.47,0,6.0,4.0
CLM-31561,Franchise_TX_01,Dehumidifier Rental,,5.0,141.45,707.25,707.25,1,,
CLM-95122,Franchise_TX_01,Water Extraction,,14.0,25.64,358.96,358.96,1,,
CLM-67482,Franchise_TX_01,Dehumidifier Rental,,11.0,102.73,1130.03,1130.03,1,,
CLM-45378,Franchise_FL_04,Water Extraction,2025-08-16,18.0,122.58,2206.44,2206.44,1,8.0,5.0
CLM-46919,Franchise_TX_01,Drywall Repair,,27.0,87.15,2353.05,1827.72,0,,
CLM-94952,Franchise_FL_04,Drywall Repair,2025-04-01,10.0,115.23,1152.3,765.32,0,4.0,1.0
CLM-83906,Franchise_NY_12,Drywall Repair,,25.0,49.78,1244.5,524.01,0,,
CLM-63543,Franchise_NY_12,Dehumidifier Rental,,13.0,76.96,1000.48,847.93,0,,
CLM-54616,Franchise_TX_01,Dehumidifier Rental,,14.0,46.52,651.28,651.28,1,,
CLM-22386,Franchise_NY_12,Antimicrobial Treatment,,5.0,106.8,534.0,534.0,1,,
CLM-25521,Franchise_NY_12,Water Extraction,,41.0,40.95,1678.95,1346.03,0,,
CLM-33888,Franchise_TX_01,Antimicrobial Treatment,,3.0,35.44,106.32,83.42,0,,
CLM-72996,Franchise_FL_04,Dehumidifier Rental,2025-10-18,48.0,34.06,1634.88,772.98,0,10.0,5.0
CLM-60807,Franchise_TX_01,Antimicrobial Treatment - MISC,,17.0,47.2,802.4,629.12,0,,
CLM-79853,Franchise_FL_04,Baseboard Replacement,2025-05-09,32.0,117.64,3764.48,2213.69,0,5.0,4.0
CLM-31775,Franchise_TX_01,Water Extraction,,6.0,112.96,677.76,484.6,0,,
CLM-31117,Franchise_TX_01,Antimicrobial Treatment - MISC,,10.0,56.29,562.9,562.9,1,,
CLM-72401,Franchise_TX_01,Baseboard Replacement,,35.0,75.6,2646.0,1684.13,0,,
CLM-43345,Franchise_TX_01,Antimicrobial Treatment,,34.0,49.78,1692.52,764.05,0,,
CLM-36578,Franchise_FL_04,Dehumidifier Rental,2025-06-04,23.0,96.89,2228.47,1569.53,0,6.0,2.0
CLM-58435,Franchise_FL_04,Baseboard Replacement,2025-10-06,11.0,137.19,1509.09,1509.09,1,10.0,0.0
CLM-28924,Franchise_NY_12,Drywall Repair,,8.0,62.22,497.76,497.76,1,,
CLM-54572,Franchise_TX_01,Antimicrobial Treatment,,49.0,53.96,2644.04,1435.2,0,,
CLM-13309,Franchise_TX_01,Drywall Repair,,6.0,107.41,644.46,468.62,0,,
CLM-13958,Franchise_TX_01,Antimicrobial Treatment,,47.0,47.75,2244.25,2244.25,1,,
CLM-21587,Franchise_TX_01,Baseboard Replacement,,38.0,107.06,4068.28,2402.87,0,,
CLM-41272,Franchise_TX_01,Drywall Repair - MISC,,23.0,139.38,3205.74,3205.74,1,,
CLM-86926,Franchise_NY_12,Antimicrobial Treatment,,13.0,144.16,1874.08,1344.07,0,,
CLM-36080,Franchise_FL_04,Drywall Repair,2025-01-10,50.0,23.79,1189.5,504.25,0,1.0,4.0
CLM-14564,Franchise_FL_04,Antimicrobial Treatment,2025-05-13,27.0,73.73,1990.71,1990.71,1,5.0,1.0
CLM-49768,Franchise_TX_01,Water Extraction,,26.0,146.49,3808.74,3808.74,1,,
CLM-56609,Franchise_FL_04,Antimicrobial Treatment,2025-10-15,48.0,44.6,2140.8,2140.8,1,10.0,2.0
CLM-91113,Franchise_TX_01,Baseboard Replacement,,41.0,43.39,1778.99,1778.99,1,,
CLM-12763,Franchise_TX_01,Drywall Repair,,20.0,106.45,2129.0,2129.0,1,,
CLM-40703,Franchise_NY_12,Dehumidifier Rental,,27.0,114.3,3086.1,1803.98,0,,
CLM-44355,Franchise_NY_12,Water Extraction,,29.0,71.09,2061.61,1517.15,0,,
CLM-15422,Franchise_TX_01,Drywall Repair - MISC,,29.0,44.66,1295.14,1163.64,0,,
CLM-64544,Franchise_FL_04,Baseboard Replacement,2025-06-25,32.0,114.65,3668.8,2577.5,0,6.0,2.0
CLM-50875,Franchise_TX_01,Drywall Repair,,43.0,43.96,1890.28,1890.28,1,,
CLM-54159,Franchise_TX_01,Dehumidifier Rental,,28.0,69.36,1942.08,1942.08,1,,
CLM-71956,Franchise_TX_01,Water Extraction,,34.0,97.47,3313.98,2001.13,0,,
CLM-99484,Franchise_NY_12,Drywall Repair,,26.0,138.5,3601.0,2139.07,0,,
CLM-50637,Franchise_TX_01,Baseboard Replacement,,50.0,20.22,1011.0,573.61,0,,
CLM-73162,Franchise_FL_04,Baseboard Replacement,2025-11-26,45.0,93.81,4221.45,4221.45,1,11.0,2.0
CLM-96554,Franchise_FL_04,Dehumidifier Rental,2025-09-14,7.0,110.94,776.58,776.58,1,9.0,6.0
CLM-24442,Franchise_NY_12,Drywall Repair,,1.0,102.58,102.58,102.58,1,,
CLM-55237,Franchise_NY_12,Dehumidifier Rental,,46.0,58.18,2676.28,2676.28,1,,
CLM-46292,Franchise_TX_01,Drywall Repair - MISC,,40.0,96.1,3844.0,3844.0,1,,
CLM-56780,Franchise_FL_04,Baseboard Replacement,2025-03-31,42.0,29.29,1230.18,1230.18,1,3.0,0.0
CLM-28016,Franchise_NY_12,Antimicrobial Treatment,,5.0,112.19,560.95,278.26,0,,
CLM-62275,Franchise_FL_04,Drywall Repair,2025-06-17,2.0,133.46,266.92,122.51,0,6.0,1.0
CLM-54749,Franchise_FL_04,Baseboard Replacement,2025-04-03,31.0,116.74,3618.94,2349.14,0,4.0,3.0
CLM-69866,Franchise_NY_12,Antimicrobial Treatment,,28.0,66.11,1851.08,783.95,0,,
CLM-55716,Franchise_NY_12,Baseboard Replacement,,16.0,111.32,1781.12,1424.13,0,,
CLM-85523,Franchise_TX_01,Water Extraction,,29.0,26.65,772.85,772.85,1,,
CLM-57445,Franchise_TX_01,Baseboard Replacement,,9.0,113.23,1019.07,829.79,0,,
CLM-46215,Franchise_NY_12,Antimicrobial Treatment,,37.0,29.53,1092.61,978.9,0,,
CLM-60697,Franchise_TX_01,Dehumidifier Rental - MISC,,34.0,19.2,652.8,414.58,0,,
CLM-42844,Franchise_TX_01,Water Extraction - MISC,,1.0,26.51,26.51,20.33,0,,
CLM-68142,Franchise_FL_04,Antimicrobial Treatment,2025-03-16,25.0,56.71,1417.75,1417.75,1,3.0,6.0
CLM-26301,Franchise_TX_01,Antimicrobial Treatment,,47.0,55.58,2612.26,2612.26,1,,
CLM-43309,Franchise_NY_12,Drywall Repair,,21.0,33.73,708.33,708.33,1,,
CLM-53118,Franchise_FL_04,Dehumidifier Rental,2025-12-31,19.0,105.75,2009.25,2009.25,1,12.0,2.0
CLM-29086,Franchise_NY_12,Water Extraction,,23.0,77.16,1774.68,1774.68,1,,
CLM-62473,Franchise_TX_01,Dehumidifier Rental,,48.0,79.26,3804.48,3804.48,1,,
CLM-66080,Franchise_FL_04,Dehumidifier Rental,2025-02-04,9.0,26.34,237.06,237.06,1,2.0,1.0
CLM-65576,Franchise_NY_12,Water Extraction,,21.0,80.76,1695.96,1695.96,1,,
CLM-64217,Franchise_FL_04,Dehumidifier Rental,2025-12-18,12.0,85.53,1026.36,1026.36,1,12.0,3.0
CLM-19264,Franchise_TX_01,Water Extraction - MISC,,8.0,81.6,652.8,652.8,1,,
CLM-29407,Franchise_FL_04,Baseboard Replacement,2025-03-19,22.0,103.78,2283.16,2283.16,1,3.0,2.0
CLM-53648,Franchise_FL_04,Water Extraction,2025-04-24,37.0,133.21,4928.77,4928.77,1,4.0,3.0
CLM-37453,Franchise_TX_01,Baseboard Replacement,,25.0,140.43,3510.75,1590.33,0,,
CLM-63488,Franchise_TX_01,Baseboard Replacement - MISC,,46.0,65.39,3007.94,3007.94,1,,
CLM-46342,Franchise_TX_01,Drywall Repair,,35.0,21.97,768.95,518.33,0,,
CLM-43387,Franchise_TX_01,Dehumidifier Rental,,45.0,120.01,5400.45,5400.45,1,,
CLM-98977,Franchise_TX_01,Water Extraction,,13.0,30.77,400.01,400.01,1,,
CLM-14549,Franchise_FL_04,Antimicrobial Treatment,2025-09-27,30.0,121.27,3638.1,3638.1,1,9.0,5.0
CLM-42039,Franchise_TX_01,Water Extraction,,49.0,121.37,5947.13,4834.12,0,,
CLM-51141,Franchise_TX_01,Antimicrobial Treatment,,50.0,131.96,6598.0,6598.0,1,,
CLM-12503,Franchise_NY_12,Dehumidifier Rental,,18.0,18.65,335.7,335.7,1,,
CLM-67963,Franchise_FL_04,Water Extraction,2025-06-15,9.0,111.83,1006.47,652.56,0,6.0,6.0
CLM-39197,Franchise_TX_01,Antimicrobial Treatment - MISC,,23.0,147.12,3383.76,3383.76,1,,
CLM-27141,Franchise_TX_01,Dehumidifier Rental,,39.0,120.31,4692.09,4692.09,1,,
CLM-93782,Franchise_TX_01,Dehumidifier Rental,,35.0,32.71,1144.85,608.63,0,,
CLM-30448,Franchise_NY_12,Antimicrobial Treatment,,44.0,64.81,2851.64,2336.84,0,,
CLM-96008,Franchise_FL_04,Baseboard Replacement,2025-03-01,10.0,90.29,902.9,902.9,1,3.0,5.0
CLM-59657,Franchise_FL_04,Water Extraction,2025-02-01,8.0,69.95,559.6,314.71,0,2.0,5.0
CLM-19261,Franchise_TX_01,Drywall Repair,,25.0,57.61,1440.25,797.55,0,,
CLM-95599,Franchise_FL_04,Baseboard Replacement,2025-06-02,9.0,85.2,766.8,766.8,1,6.0,0.0
CLM-99047,Franchise_TX_01,Water Extraction,,32.0,63.22,2023.04,1511.89,0,,
CLM-73414,Franchise_TX_01,Drywall Repair - MISC,,30.0,112.61,3378.3,2399.12,0,,
CLM-69187,Franchise_NY_12,Antimicrobial Treatment,,1.0,64.79,64.79,64.79,1,,
CLM-75259,Franchise_FL_04,Drywall Repair,2025-11-28,38.0,52.5,1995.0,1995.0,1,11.0,4.0
CLM-62409,Franchise_FL_04,Baseboard Replacement,2025-09-09,1.0,117.98,117.98,117.98,1,9.0,1.0
CLM-78430,Franchise_TX_01,Drywall Repair,,38.0,68.1,2587.8,2587.8,1,,
CLM-14025,Franchise_TX_01,Water Extraction,,7.0,142.61,998.27,998.27,1,,
CLM-93134,Franchise_NY_12,Baseboard Replacement,,43.0,22.78,979.54,694.23,0,,
CLM-68468,Franchise_TX_01,Dehumidifier Rental,,26.0,54.42,1414.92,1414.92,1,,
CLM-39229,Franchise_NY_12,Antimicrobial Treatment,,5.0,115.25,576.25,576.25,1,,
CLM-17536,Franchise_TX_01,Drywall Repair,,28.0,31.15,872.2,872.2,1,,
CLM-55942,Franchise_NY_12,Baseboard Replacement,,31.0,47.74,1479.94,1479.94,1,,
CLM-26407,Franchise_TX_01,Drywall Repair - MISC,,5.0,121.83,609.15,609.15,1,,
CLM-12048,Franchise_TX_01,Baseboard Replacement,,24.0,30.59,734.16,492.63,0,,
CLM-30030,Franchise_NY_12,Dehumidifier Rental,,23.0,42.16,969.68,859.18,0,,
CLM-91889,Franchise_TX_01,Drywall Repair,,13.0,147.04,1911.52,1911.52,1,,
CLM-78640,Franchise_TX_01,Baseboard Replacement,,33.0,86.13,2842.29,2842.29,1,,
CLM-68768,Franchise_FL_04,Antimicrobial Treatment,2025-04-28,41.0,65.77,2696.57,2696.57,1,4.0,0.0
CLM-68608,Franchise_TX_01,Baseboard Replacement,,5.0,38.13,190.65,86.67,0,,
CLM-85940,Franchise_FL_04,Drywall Repair,2025-12-10,24.0,70.05,1681.2,1681.2,1,12.0,2.0
CLM-33575,Franchise_NY_12,Water Extraction,,16.0,131.49,2103.84,2103.84,1,,
CLM-37420,Franchise_FL_04,Baseboard Replacement,2025-03-29,6.0,23.62,141.72,63.07,0,3.0,5.0
CLM-84001,Franchise_FL_04,Water Extraction,2025-01-28,35.0,55.13,1929.55,1929.55,1,1.0,1.0
CLM-69903,Franchise_NY_12,Antimicrobial Treatment,,15.0,21.27,319.05,146.41,0,,
CLM-61485,Franchise_TX_01,Dehumidifier Rental,,39.0,72.96,2845.44,2845.44,1,,
CLM-54232,Franchise_TX_01,Dehumidifier Rental,,37.0,27.8,1028.6,836.3,0,,
CLM-14679,Franchise_TX_01,Drywall Repair,,49.0,16.09,788.41,663.82,0,,
CLM-69706,Franchise_TX_01,Baseboard Replacement,,24.0,131.96,3167.04,2164.0,0,,
CLM-27144,Franchise_NY_12,Baseboard Replacement,,14.0,127.91,1790.74,731.01,0,,
CLM-15777,Franchise_FL_04,Antimicrobial Treatment,2025-12-13,23.0,53.37,1227.51,1227.51,1,12.0,5.0
CLM-15161,Franchise_TX_01,Baseboard Replacement - MISC,,28.0,57.37,1606.36,1606.36,1,,
CLM-68827,Franchise_FL_04,Dehumidifier Rental,2025-02-27,34.0,31.51,1071.34,1071.34,1,2.0,3.0
CLM-56299,Franchise_FL_04,Water Extraction,2025-04-24,12.0,120.16,1441.92,942.24,0,4.0,3.0
CLM-18778,Franchise_TX_01,Water Extraction - MISC,,25.0,18.93,473.25,473.25,1,,
CLM-26187,Franchise_FL_04,Water Extraction,2025-03-18,47.0,64.97,3053.59,3053.59,1,3.0,1.0
CLM-29901,Franchise_FL_04,Antimicrobial Treatment,2025-12-22,36.0,71.43,2571.48,2571.48,1,12.0,0.0
CLM-95077,Franchise_TX_01,Drywall Repair,,35.0,39.39,1378.65,676.47,0,,
CLM-66818,Franchise_NY_12,Dehumidifier Rental,,46.0,92.38,4249.48,4249.48,1,,
CLM-35196,Franchise_FL_04,Drywall Repair,2025-08-16,27.0,72.75,1964.25,1720.0,0,8.0,5.0
CLM-17336,Franchise_FL_04,Antimicrobial Treatment,2025-08-10,23.0,47.1,1083.3,691.24,0,8.0,6.0
CLM-10230,Franchise_NY_12,Water Extraction,,44.0,112.14,4934.16,2690.98,0,,
CLM-91799,Franchise_NY_12,Water Extraction,,3.0,149.39,448.17,448.17,1,,
CLM-89121,Franchise_TX_01,Antimicrobial Treatment,,44.0,83.56,3676.64,3676.64,1,,
CLM-13454,Franchise_TX_01,Antimicrobial Treatment - MISC,,42.0,141.5,5943.0,3364.5,0,,
CLM-29811,Franchise_NY_12,Drywall Repair,,32.0,134.05,4289.6,4289.6,1,,
CLM-16955,Franchise_NY_12,Antimicrobial Treatment,,21.0,27.47,576.87,576.87,1,,
CLM-85299,Franchise_TX_01,Antimicrobial Treatment,,6.0,48.0,288.0,169.26,0,,
CLM-63546,Franchise_FL_04,Dehumidifier Rental,2025-08-16,9.0,72.27,650.43,326.14,0,8.0,5.0
CLM-51503,Franchise_NY_12,Water Extraction,,27.0,82.4,2224.8,2224.8,1,,
CLM-56316,Franchise_TX_01,Baseboard Replacement,,23.0,125.17,2878.91,2878.91,1,,
CLM-28961,Franchise_TX_01,Antimicrobial Treatment - MISC,,17.0,53.92,916.64,575.05,0,,
CLM-80356,Franchise_FL_04,Water Extraction,2025-09-26,23.0,88.16,2027.68,2027.68,1,9.0,4.0
CLM-70406,Franchise_NY_12,Drywall Repair,,46.0,38.4,1766.4,1766.4,1,,
CLM-92945,Franchise_TX_01,Drywall Repair,,49.0,41.51,2033.99,2033.99,1,,
CLM-27990,Franchise_FL_04,Dehumidifier Rental,2025-10-31,44.0,60.92,2680.48,1917.12,0,10.0,4.0
CLM-67399,Franchise_FL_04,Dehumidifier Rental,2025-12-26,31.0,103.19,3198.89,2310.81,0,12.0,4.0
CLM-95911,Franchise_NY_12,Water Extraction,,1.0,112.11,112.11,112.11,1,,
CLM-64029,Franchise_TX_01,Drywall Repair,,40.0,110.82,4432.8,4432.8,1,,
CLM-87216,Franchise_NY_12,Antimicrobial Treatment,,28.0,116.62,3265.36,3265.36,1,,
CLM-41396,Franchise_NY_12,Baseboard Replacement,,43.0,144.31,6205.33,6205.33,1,,
CLM-81638,Franchise_NY_12,Antimicrobial Treatment,,6.0,82.1,492.6,492.6,1,,
CLM-77505,Franchise_TX_01,Baseboard Replacement,,26.0,114.5,2977.0,2977.0,1,,
CLM-24949,Franchise_NY_12,Dehumidifier Rental,,3.0,46.16,138.48,88.93,0,,
CLM-33994,Franchise_FL_04,Baseboard Replacement,2025-08-13,31.0,50.57,1567.67,1567.67,1,8.0,2.0
CLM-15051,Franchise_TX_01,Water Extraction - MISC,,46.0,131.51,6049.46,4231.85,0,,
CLM-16054,Franchise_TX_01,Antimicrobial Treatment,,32.0,62.54,2001.28,2001.28,1,,
CLM-46119,Franchise_FL_04,Baseboard Replacement,2025-11-21,39.0,45.23,1763.97,1763.97,1,11.0,4.0
CLM-17382,Franchise_TX_01,Baseboard Replacement,,13.0,73.7,958.1,958.1,1,,
CLM-97845,Franchise_NY_12,Antimicrobial Treatment,,4.0,60.19,240.76,138.24,0,,
CLM-87346,Franchise_FL_04,Baseboard Replacement,2025-12-16,41.0,73.61,3018.01,2496.59,0,12.0,1.0
CLM-74274,Franchise_FL_04,Antimicrobial Treatment,2025-06-18,23.0,58.35,1342.05,1111.5,0,6.0,2.0
CLM-96595,Franchise_NY_12,Dehumidifier Rental,,12.0,38.07,456.84,392.33,0,,
CLM-15662,Franchise_TX_01,Water Extraction,,49.0,54.46,2668.54,2668.54,1,,
CLM-70614,Franchise_TX_01,Baseboard Replacement,,16.0,82.85,1325.6,1325.6,1,,
CLM-97632,Franchise_TX_01,Water Extraction,,25.0,35.1,877.5,877.5,1,,
CLM-88123,Franchise_FL_04,Baseboard Replacement,2025-07-06,10.0,81.53,815.3,707.03,0,7.0,6.0
CLM-99705,Franchise_TX_01,Antimicrobial Treatment,,38.0,95.97,3646.86,3646.86,1,,
CLM-57878,Franchise_TX_01,Dehumidifier Rental,,15.0,49.58,743.7,743.7,1,,
CLM-59551,Franchise_NY_12,Water Extraction,,2.0,76.22,152.44,87.14,0,,
CLM-94992,Franchise_TX_01,Water Extraction,,45.0,123.13,5540.85,5540.85,1,,
CLM-44488,Franchise_TX_01,Drywall Repair,,45.0,59.98,2699.1,2225.22,0,,
CLM-58211,Franchise_NY_12,Baseboard Replacement,,20.0,132.4,2648.0,2648.0,1,,
CLM-97240,Franchise_NY_12,Dehumidifier Rental,,28.0,89.98,2519.44,2519.44,1,,
CLM-84987,Franchise_NY_12,Dehumidifier Rental,,43.0,55.74,2396.82,1035.75,0,,
CLM-25726,Franchise_TX_01,Antimicrobial Treatment,,48.0,146.4,7027.2,4751.07,0,,
CLM-37383,Franchise_TX_01,Water Extraction,,48.0,56.24,2699.52,2699.52,1,,
CLM-10351,Franchise_NY_12,Water Extraction,,41.0,138.58,5681.78,3925.34,0,,
CLM-73480,Franchise_TX_01,Dehumidifier Rental,,14.0,144.01,2016.14,2016.14,1,,
CLM-64592,Franchise_TX_01,Dehumidifier Rental,,50.0,41.48,2074.0,2074.0,1,,
CLM-38415,Franchise_TX_01,Water Extraction,,50.0,79.27,3963.5,3963.5,1,,
CLM-64069,Franchise_NY_12,Antimicrobial Treatment,,25.0,95.82,2395.5,2395.5,1,,
CLM-72546,Franchise_FL_04,Drywall Repair,2025-11-02,17.0,92.91,1579.47,677.48,0,11.0,6.0
CLM-62033,Franchise_TX_01,Dehumidifier Rental,,41.0,86.81,3559.21,3559.21,1,,
CLM-14046,Franchise_FL_04,Dehumidifier Rental,2025-09-01,35.0,36.05,1261.75,1261.75,1,9.0,0.0
CLM-70944,Franchise_FL_04,Antimicrobial Treatment,2025-06-09,45.0,141.26,6356.7,2732.98,0,6.0,0.0
CLM-54821,Franchise_NY_12,Antimicrobial Treatment,,28.0,107.24,3002.72,1351.86,0,,
CLM-64547,Franchise_TX_01,Dehumidifier Rental,,41.0,114.31,4686.71,4066.66,0,,
CLM-90532,Franchise_TX_01,Antimicrobial Treatment,,33.0,43.01,1419.33,1093.32,0,,
CLM-76030,Franchise_NY_12,Baseboard Replacement,,41.0,51.95,2129.95,2129.95,1,,
CLM-52666,Franchise_NY_12,Dehumidifier Rental,,37.0,26.77,990.49,555.82,0,,
CLM-85045,Franchise_TX_01,Antimicrobial Treatment,,33.0,90.07,2972.31,2972.31,1,,
CLM-52542,Franchise_TX_01,Dehumidifier Rental,,33.0,93.6,3088.8,1431.41,0,,
CLM-39122,Franchise_NY_12,Antimicrobial Treatment,,42.0,76.31,3205.02,2513.14,0,,
CLM-67098,Franchise_NY_12,Baseboard Replacement,,36.0,71.52,2574.72,1377.33,0,,
CLM-51376,Franchise_FL_04,Water Extraction,2025-12-07,8.0,121.07,968.56,968.56,1,12.0,6.0
CLM-65212,Franchise_FL_04,Dehumidifier Rental,2025-10-08,31.0,147.87,4583.97,4583.97,1,10.0,2.0
CLM-13189,Franchise_TX_01,Drywall Repair,,12.0,108.73,1304.76,1304.76,1,,
CLM-49571,Franchise_NY_12,Antimicrobial Treatment,,35.0,137.58,4815.3,4101.9,0,,
CLM-93695,Franchise_NY_12,Baseboard Replacement,,36.0,135.23,4868.28,4868.28,1,,
CLM-33768,Franchise_FL_04,Dehumidifier Rental,2025-07-17,14.0,23.14,323.96,323.96,1,7.0,3.0
CLM-59396,Franchise_TX_01,Baseboard Replacement,,40.0,136.28,5451.2,4383.27,0,,
CLM-94667,Franchise_FL_04,Water Extraction,2025-07-08,33.0,25.7,848.1,848.1,1,7.0,1.0
CLM-68593,Franchise_FL_04,Baseboard Replacement,2025-09-12,38.0,121.76,4626.88,4626.88,1,9.0,4.0
CLM-49543,Franchise_FL_04,Water Extraction,2025-09-12,18.0,98.75,1777.5,1139.69,0,9.0,4.0
CLM-35490,Franchise_NY_12,Dehumidifier Rental,,9.0,134.05,1206.45,1206.45,1,,
CLM-30153,Franchise_TX_01,Baseboard Replacement,,23.0,17.64,405.72,405.72,1,,
CLM-33489,Franchise_FL_04,Baseboard Replacement,2025-10-03,36.0,110.7,3985.2,3985.2,1,10.0,4.0
CLM-49847,Franchise_TX_01,Dehumidifier Rental - MISC,,24.0,40.62,974.88,791.76,0,,
CLM-89971,Franchise_FL_04,Water Extraction,2025-09-14,14.0,37.48,524.72,524.72,1,9.0,6.0
CLM-34863,Franchise_TX_01,Dehumidifier Rental,,20.0,62.92,1258.4,1258.4,1,,
CLM-27381,Franchise_NY_12,Drywall Repair,,30.0,144.67,4340.1,4340.1,1,,
CLM-41312,Franchise_NY_12,Drywall Repair,,2.0,87.02,174.04,174.04,1,,
CLM-81272,Franchise_FL_04,Drywall Repair,2025-07-05,18.0,88.9,1600.2,1600.2,1,7.0,5.0
CLM-74673,Franchise_FL_04,Dehumidifier Rental,2025-04-26,34.0,90.99,3093.66,3093.66,1,4.0,5.0
CLM-63540,Franchise_FL_04,Antimicrobial Treatment,2025-09-03,11.0,39.24,431.64,431.64,1,9.0,2.0
CLM-97642,Franchise_TX_01,Water Extraction,,7.0,133.0,931.0,931.0,1,,
CLM-34500,Franchise_TX_01,Water Extraction,,2.0,57.26,114.52,94.23,0,,
CLM-72278,Franchise_FL_04,Antimicrobial Treatment,2025-07-05,48.0,55.66,2671.68,2671.68,1,7.0,5.0
CLM-30783,Franchise_FL_04,Water Extraction,2025-08-17,38.0,18.22,692.36,282.49,0,8.0,6.0
CLM-73562,Franchise_TX_01,Drywall Repair - MISC,,23.0,129.29,2973.67,2973.67,1,,
CLM-80763,Franchise_TX_01,Drywall Repair,,27.0,144.25,3894.75,2498.84,0,,
CLM-48230,Franchise_TX_01,Dehumidifier Rental,,17.0,116.05,1972.85,1972.85,1,,
CLM-98226,Franchise_NY_12,Antimicrobial Treatment,,1.0,36.66,36.66,36.66,1,,
CLM-94153,Franchise_NY_12,Drywall Repair,,31.0,77.24,2394.44,2394.44,1,,
CLM-23449,Franchise_TX_01,Drywall Repair,,40.0,33.37,1334.8,1334.8,1,,
CLM-48713,Franchise_TX_01,Antimicrobial Treatment - MISC,,9.0,99.02,891.18,891.18,1,,
CLM-86887,Franchise_NY_12,Baseboard Replacement,,2.0,122.08,244.16,187.29,0,,
CLM-46265,Franchise_TX_01,Antimicrobial Treatment,,2.0,59.72,119.44,119.44,1,,
CLM-20338,Franchise_TX_01,Baseboard Replacement,,44.0,38.37,1688.28,1688.28,1,,
CLM-42810,Franchise_TX_01,Water Extraction - MISC,,18.0,36.73,661.14,541.29,0,,
CLM-47070,Franchise_TX_01,Dehumidifier Rental - MISC,,27.0,48.4,1306.8,1306.8,1,,
CLM-96868,Franchise_FL_04,Water Extraction,2025-09-28,39.0,51.09,1992.51,1992.51,1,9.0,6.0
CLM-26864,Franchise_TX_01,Dehumidifier Rental,,33.0,142.72,4709.76,4709.76,1,,
CLM-34082,Franchise_FL_04,Water Extraction,2025-02-07,28.0,20.12,563.36,563.36,1,2.0,4.0
CLM-65332,Franchise_NY_12,Drywall Repair,,44.0,104.73,4608.12,3417.09,0,,
CLM-35024,Franchise_NY_12,Dehumidifier Rental,,4.0,18.49,73.96,73.96,1,,
CLM-14941,Franchise_TX_01,Drywall Repair,,20.0,84.45,1689.0,1689.0,1,,
CLM-77186,Franchise_NY_12,Baseboard Replacement,,27.0,138.03,3726.81,2135.28,0,,
CLM-82642,Franchise_NY_12,Water Extraction,,25.0,22.4,560.0,275.89,0,,
CLM-38215,Franchise_FL_04,Baseboard Replacement,2025-12-20,23.0,131.05,3014.15,1971.56,0,12.0,5.0
CLM-14847,Franchise_TX_01,Baseboard Replacement,,40.0,110.63,4425.2,4425.2,1,,
CLM-88832,Franchise_FL_04,Antimicrobial Treatment,2025-01-04,5.0,135.61,678.05,678.05,1,1.0,5.0
CLM-33570,Franchise_TX_01,Dehumidifier Rental,,5.0,20.95,104.75,65.22,0,,
CLM-49310,Franchise_FL_04,Baseboard Replacement,2025-06-20,9.0,88.19,793.71,793.71,1,6.0,4.0
CLM-97201,Franchise_NY_12,Water Extraction,,48.0,76.96,3694.08,3694.08,1,,
CLM-61166,Franchise_TX_01,Water Extraction,,46.0,121.6,5593.6,3022.22,0,,
CLM-18698,Franchise_TX_01,Water Extraction,,17.0,44.91,763.47,482.66,0,,
CLM-79619,Franchise_TX_01,Drywall Repair - MISC,,5.0,121.65,608.25,608.25,1,,
CLM-38923,Franchise_FL_04,Baseboard Replacement,2025-12-24,23.0,28.98,666.54,666.54,1,12.0,2.0
CLM-35217,Franchise_TX_01,Drywall Repair,,1.0,59.01,59.01,59.01,1,,
CLM-81986,Franchise_TX_01,Antimicrobial Treatment,,13.0,69.55,904.15,904.15,1,,
CLM-30499,Franchise_NY_12,Antimicrobial Treatment,,36.0,62.06,2234.16,2234.16,1,,
CLM-98006,Franchise_NY_12,Baseboard Replacement,,19.0,135.91,2582.29,2582.29,1,,
CLM-94455,Franchise_FL_04,Baseboard Replacement,2025-12-01,10.0,149.04,1490.4,1258.07,0,12.0,0.0
CLM-81038,Franchise_NY_12,Baseboard Replacement,,10.0,127.31,1273.1,1273.1,1,,
CLM-11001,Franchise_NY_12,Drywall Repair,,44.0,83.55,3676.2,3676.2,1,,
CLM-87982,Franchise_TX_01,Baseboard Replacement,,38.0,111.43,4234.34,4234.34,1,,
CLM-63593,Franchise_TX_01,Baseboard Replacement,,31.0,89.97,2789.07,1211.45,0,,
CLM-29506,Franchise_NY_12,Drywall Repair,,9.0,133.13,1198.17,641.45,0,,
CLM-55236,Franchise_NY_12,Antimicrobial Treatment,,7.0,122.02,854.14,715.64,0,,
CLM-71181,Franchise_FL_04,Antimicrobial Treatment,2025-04-12,48.0,81.71,3922.08,2735.83,0,4.0,5.0
CLM-11034,Franchise_TX_01,Antimicrobial Treatment,,20.0,27.94,558.8,288.82,0,,
CLM-13323,Franchise_NY_12,Water Extraction,,5.0,148.11,740.55,323.39,0,,
CLM-60124,Franchise_NY_12,Water Extraction,,46.0,101.95,4689.7,3104.73,0,,
CLM-22562,Franchise_TX_01,Water Extraction,,31.0,85.07,2637.17,1384.24,0,,
CLM-95756,Franchise_FL_04,Water Extraction,2025-07-18,46.0,132.77,6107.42,4328.08,0,7.0,4.0
CLM-16925,Franchise_FL_04,Baseboard Replacement,2025-09-17,10.0,134.24,1342.4,1181.71,0,9.0,2.0
CLM-55500,Franchise_FL_04,Drywall Repair,2025-04-04,41.0,27.52,1128.32,1128.32,1,4.0,4.0
CLM-17856,Franchise_NY_12,Drywall Repair,,47.0,116.16,5459.52,5459.52,1,,
CLM-80191,Franchise_FL_04,Dehumidifier Rental,2025-01-12,38.0,54.25,2061.5,2061.5,1,1.0,6.0
CLM-11604,Franchise_FL_04,Water Extraction,2025-08-03,6.0,65.98,395.88,395.88,1,8.0,6.0
CLM-33897,Franchise_TX_01,Water Extraction,,41.0,145.53,5966.73,5162.35,0,,
CLM-11414,Franchise_TX_01,Antimicrobial Treatment,,19.0,87.91,1670.29,1206.75,0,,
CLM-28579,Franchise_NY_12,Dehumidifier Rental,,35.0,104.5,3657.5,3657.5,1,,
CLM-26181,Franchise_FL_04,Drywall Repair,2025-01-02,34.0,79.61,2706.74,2706.74,1,1.0,3.0
CLM-21406,Franchise_NY_12,Antimicrobial Treatment,,46.0,61.59,2833.14,1229.46,0,,
CLM-12092,Franchise_FL_04,Water Extraction,2025-11-13,33.0,149.41,4930.53,4930.53,1,11.0,3.0
CLM-23459,Franchise_FL_04,Water Extraction,2025-01-08,11.0,75.34,828.74,828.74,1,1.0,2.0
CLM-81164,Franchise_FL_04,Water Extraction,2025-07-17,7.0,128.53,899.71,899.71,1,7.0,3.0
CLM-88537,Franchise_TX_01,Antimicrobial Treatment,,15.0,113.29,1699.35,1699.35,1,,
CLM-29338,Franchise_FL_04,Dehumidifier Rental,2025-06-14,9.0,129.18,1162.62,1162.62,1,6.0,5.0
CLM-94766,Franchise_TX_01,Antimicrobial Treatment,,10.0,62.42,624.2,624.2,1,,
CLM-26913,Franchise_NY_12,Drywall Repair,,28.0,115.8,3242.4,3242.4,1,,
CLM-57010,Franchise_TX_01,Antimicrobial Treatment - MISC,,3.0,92.04,276.12,151.58,0,,
CLM-27911,Franchise_TX_01,Drywall Repair - MISC,,29.0,30.76,892.04,619.41,0,,
CLM-81368,Franchise_TX_01,Water Extraction - MISC,,14.0,117.62,1646.68,1252.67,0,,
CLM-99601,Franchise_FL_04,Baseboard Replacement,2025-01-02,33.0,118.12,3897.96,3250.89,0,1.0,3.0
CLM-24310,Franchise_FL_04,Baseboard Replacement,2025-02-19,4.0,95.43,381.72,253.19,0,2.0,2.0
CLM-43868,Franchise_FL_04,Baseboard Replacement,2025-02-21,33.0,117.13,3865.29,3865.29,1,2.0,4.0
CLM-51434,Franchise_FL_04,Water Extraction,2025-09-05,8.0,54.4,435.2,435.2,1,9.0,4.0
CLM-78717,Franchise_NY_12,Dehumidifier Rental,,28.0,31.63,885.64,885.64,1,,
CLM-58992,Franchise_TX_01,Dehumidifier Rental,,40.0,38.07,1522.8,1522.8,1,,
CLM-12727,Franchise_NY_12,Dehumidifier Rental,,36.0,132.65,4775.4,4775.4,1,,
CLM-50963,Franchise_NY_12,Baseboard Replacement,,12.0,89.61,1075.32,605.66,0,,
CLM-84240,Franchise_FL_04,Drywall Repair,2025-01-02,45.0,112.83,5077.35,5077.35,1,1.0,3.0
CLM-44320,Franchise_FL_04,Dehumidifier Rental,2025-12-23,26.0,107.13,2785.38,2785.38,1,12.0,1.0
CLM-21996,Franchise_NY_12,Baseboard Replacement,,3.0,22.26,66.78,47.7,0,,
CLM-48869,Franchise_FL_04,Baseboard Replacement,2025-02-26,20.0,126.98,2539.6,2539.6,1,2.0,2.0
CLM-12947,Franchise_FL_04,Baseboard Replacement,2025-02-16,48.0,131.44,6309.12,3470.48,0,2.0,6.0
CLM-63701,Franchise_TX_01,Antimicrobial Treatment,,50.0,44.08,2204.0,1863.43,0,,
CLM-61823,Franchise_NY_12,Drywall Repair,,4.0,58.78,235.12,235.12,1,,
CLM-20511,Franchise_FL_04,Water Extraction,2025-05-04,6.0,127.69,766.14,766.14,1,5.0,6.0
CLM-12893,Franchise_TX_01,Baseboard Replacement - MISC,,40.0,124.72,4988.8,4204.98,0,,
CLM-26473,Franchise_NY_12,Baseboard Replacement,,23.0,47.1,1083.3,1083.3,1,,
CLM-42492,Franchise_FL_04,Dehumidifier Rental,2025-02-28,44.0,39.3,1729.2,1729.2,1,2.0,4.0
CLM-28343,Franchise_FL_04,Antimicrobial Treatment,2025-03-26,45.0,131.58,5921.1,5921.1,1,3.0,2.0
CLM-39456,Franchise_TX_01,Antimicrobial Treatment,,17.0,47.37,805.29,805.29,1,,
CLM-17894,Franchise_TX_01,Antimicrobial Treatment - MISC,,38.0,31.61,1201.18,1201.18,1,,
CLM-54021,Franchise_FL_04,Drywall Repair,2025-01-14,15.0,70.49,1057.35,739.98,0,1.0,1.0
CLM-71746,Franchise_NY_12,Drywall Repair,,9.0,62.33,560.97,434.05,0,,
CLM-43145,Franchise_FL_04,Baseboard Replacement,2025-11-06,38.0,122.3,4647.4,4647.4,1,11.0,3.0
CLM-90814,Franchise_FL_04,Dehumidifier Rental,2025-08-20,7.0,57.74,404.18,263.39,0,8.0,2.0
CLM-82602,Franchise_FL_04,Drywall Repair,2025-08-31,37.0,65.99,2441.63,2140.51,0,8.0,6.0
CLM-66745,Franchise_NY_12,Dehumidifier Rental,,8.0,69.01,552.08,552.08,1,,
CLM-42167,Franchise_NY_12,Drywall Repair,,6.0,57.91,347.46,308.68,0,,
CLM-30421,Franchise_NY_12,Drywall Repair,,46.0,15.15,696.9,696.9,1,,
CLM-43190,Franchise_NY_12,Baseboard Replacement,,5.0,109.19,545.95,545.95,1,,
CLM-92489,Franchise_NY_12,Drywall Repair,,21.0,77.09,1618.89,1618.89,1,,
CLM-36516,Franchise_TX_01,Dehumidifier Rental,,5.0,114.23,571.15,503.64,0,,
CLM-55777,Franchise_TX_01,Dehumidifier Rental - MISC,,45.0,72.17,3247.65,3247.65,1,,
CLM-55230,Franchise_TX_01,Baseboard Replacement,,37.0,22.33,826.21,826.21,1,,
CLM-76410,Franchise_FL_04,Water Extraction,2025-12-05,21.0,148.89,3126.69,2501.24,0,12.0,4.0
CLM-90805,Franchise_NY_12,Dehumidifier Rental,,47.0,77.44,3639.68,3639.68,1,,
CLM-94959,Franchise_NY_12,Water Extraction,,20.0,48.75,975.0,975.0,1,,
CLM-85968,Franchise_NY_12,Antimicrobial Treatment,,8.0,119.56,956.48,956.48,1,,
CLM-64823,Franchise_NY_12,Antimicrobial Treatment,,24.0,87.99,2111.76,2111.76,1,,
CLM-83812,Franchise_TX_01,Dehumidifier Rental - MISC,,45.0,21.23,955.35,955.35,1,,
CLM-12969,Franchise_NY_12,Baseboard Replacement,,2.0,120.95,241.9,119.95,0,,
CLM-23026,Franchise_TX_01,Baseboard Replacement,,21.0,108.43,2277.03,1515.69,0,,
CLM-72819,Franchise_TX_01,Water Extraction,,27.0,83.54,2255.58,2255.58,1,,
CLM-29526,Franchise_FL_04,Drywall Repair,2025-02-18,28.0,146.17,4092.76,2641.97,0,2.0,1.0
CLM-33148,Franchise_FL_04,Water Extraction,2025-05-26,26.0,66.4,1726.4,780.83,0,5.0,0.0
CLM-20335,Franchise_NY_12,Baseboard Replacement,,9.0,16.67,150.03,88.33,0,,
CLM-14751,Franchise_NY_12,Drywall Repair,,46.0,79.63,3662.98,3051.37,0,,
CLM-23911,Franchise_TX_01,Baseboard Replacement,,26.0,140.63,3656.38,3656.38,1,,
CLM-36434,Franchise_FL_04,Water Extraction,2025-05-30,42.0,136.68,5740.56,5740.56,1,5.0,4.0
CLM-75266,Franchise_NY_12,Water Extraction,,18.0,83.01,1494.18,1494.18,1,,
CLM-20103,Franchise_FL_04,Dehumidifier Rental,2025-11-11,29.0,90.83,2634.07,2634.07,1,11.0,1.0
CLM-65627,Franchise_FL_04,Drywall Repair,2025-07-26,11.0,123.24,1355.64,588.67,0,7.0,5.0
CLM-53509,Franchise_TX_01,Drywall Repair,,30.0,42.08,1262.4,1102.46,0,,
CLM-77414,Franchise_FL_04,Baseboard Replacement,2025-05-26,10.0,47.85,478.5,478.5,1,5.0,0.0
CLM-47089,Franchise_NY_12,Antimicrobial Treatment,,34.0,81.94,2785.96,2785.96,1,,
CLM-47625,Franchise_TX_01,Water Extraction,,17.0,78.37,1332.29,1332.29,1,,
CLM-72105,Franchise_FL_04,Dehumidifier Rental,2025-10-06,38.0,56.33,2140.54,2140.54,1,10.0,0.0
CLM-48853,Franchise_NY_12,Baseboard Replacement,,48.0,117.26,5628.48,4849.14,0,,
CLM-97887,Franchise_TX_01,Baseboard Replacement,,26.0,149.85,3896.1,2558.41,0,,
CLM-96700,Franchise_NY_12,Antimicrobial Treatment,,24.0,149.61,3590.64,3590.64,1,,
CLM-74269,Franchise_FL_04,Drywall Repair,2025-02-08,27.0,71.98,1943.46,1943.46,1,2.0,5.0
CLM-24219,Franchise_FL_04,Baseboard Replacement,2025-07-05,8.0,62.81,502.48,275.27,0,7.0,5.0
CLM-92020,Franchise_TX_01,Baseboard Replacement,,9.0,121.94,1097.46,805.72,0,,
CLM-64559,Franchise_TX_01,Baseboard Replacement,,42.0,115.94,4869.48,4869.48,1,,
CLM-18023,Franchise_NY_12,Drywall Repair,,24.0,94.49,2267.76,2267.76,1,,
CLM-76740,Franchise_NY_12,Drywall Repair,,23.0,107.84,2480.32,2187.54,0,,
CLM-35602,Franchise_NY_12,Water Extraction,,13.0,88.21,1146.73,787.02,0,,
CLM-50581,Franchise_TX_01,Dehumidifier Rental,,21.0,35.92,754.32,754.32,1,,
CLM-38925,Franchise_NY_12,Dehumidifier Rental,,44.0,34.14,1502.16,1502.16,1,,
CLM-25366,Franchise_FL_04,Baseboard Replacement,2025-04-30,12.0,116.99,1403.88,952.98,0,4.0,2.0
CLM-53400,Franchise_NY_12,Baseboard Replacement,,19.0,76.14,1446.66,1446.66,1,,
CLM-61203,Franchise_FL_04,Drywall Repair,2025-12-24,4.0,134.35,537.4,317.68,0,12.0,2.0
CLM-36859,Franchise_NY_12,Antimicrobial Treatment,,2.0,97.25,194.5,194.5,1,,
CLM-74398,Franchise_NY_12,Antimicrobial Treatment,,48.0,128.39,6162.72,4365.48,0,,
CLM-41132,Franchise_TX_01,Dehumidifier Rental - MISC,,18.0,39.16,704.88,704.88,1,,
CLM-30267,Franchise_FL_04,Drywall Repair,2025-03-30,21.0,109.03,2289.63,2289.63,1,3.0,6.0
CLM-48582,Franchise_FL_04,Water Extraction,2025-10-03,47.0,86.69,4074.43,4074.43,1,10.0,4.0
CLM-53427,Franchise_TX_01,Water Extraction,,27.0,16.57,447.39,447.39,1,,
CLM-16697,Franchise_TX_01,Baseboard Replacement,,3.0,81.58,244.74,244.74,1,,
CLM-71057,Franchise_TX_01,Drywall Repair,,39.0,16.04,625.56,456.52,0,,
CLM-17023,Franchise_TX_01,Water Extraction,,5.0,70.43,352.15,352.15,1,,
CLM-31108,Franchise_TX_01,Antimicrobial Treatment,,1.0,133.12,133.12,98.61,0,,
CLM-59953,Franchise_NY_12,Water Extraction,,44.0,109.69,4826.36,3744.05,0,,
CLM-54313,Franchise_FL_04,Antimicrobial Treatment,2025-09-17,9.0,44.62,401.58,401.58,1,9.0,2.0
CLM-41856,Franchise_TX_01,Baseboard Replacement,,7.0,92.38,646.66,646.66,1,,
CLM-49146,Franchise_FL_04,Dehumidifier Rental,2025-10-23,10.0,61.54,615.4,537.86,0,10.0,3.0
CLM-91596,Franchise_FL_04,Drywall Repair,2025-03-19,44.0,35.54,1563.76,1563.76,1,3.0,2.0
CLM-42307,Franchise_FL_04,Dehumidifier Rental,2025-04-26,39.0,149.69,5837.91,5837.91,1,4.0,5.0
CLM-84038,Franchise_NY_12,Baseboard Replacement,,44.0,94.72,4167.68,2895.07,0,,
CLM-24933,Franchise_TX_01,Baseboard Replacement,,36.0,97.8,3520.8,3520.8,1,,
CLM-64915,Franchise_TX_01,Baseboard Replacement,,12.0,120.14,1441.68,1033.79,0,,
CLM-20361,Franchise_TX_01,Dehumidifier Rental,,19.0,30.21,573.99,573.99,1,,
CLM-85311,Franchise_FL_04,Water Extraction,2025-08-16,21.0,89.46,1878.66,1221.2,0,8.0,5.0
CLM-78457,Franchise_NY_12,Drywall Repair,,35.0,80.26,2809.1,1865.1,0,,
CLM-60051,Franchise_FL_04,Water Extraction,2025-03-27,43.0,97.3,4183.9,4183.9,1,3.0,3.0
CLM-43084,Franchise_NY_12,Drywall Repair,,35.0,51.64,1807.4,1161.01,0,,
CLM-50623,Franchise_FL_04,Dehumidifier Rental,2025-03-15,9.0,89.17,802.53,514.46,0,3.0,5.0
CLM-32377,Franchise_NY_12,Baseboard Replacement,,4.0,39.15,156.6,156.6,1,,
CLM-44639,Franchise_NY_12,Dehumidifier Rental,,35.0,126.46,4426.1,3286.3,0,,
CLM-86499,Franchise_FL_04,Dehumidifier Rental,2025-04-01,40.0,60.21,2408.4,1380.82,0,4.0,1.0
CLM-39142,Franchise_NY_12,Drywall Repair,,37.0,26.44,978.28,624.72,0,,
CLM-65546,Franchise_TX_01,Drywall Repair,,29.0,137.91,3999.39,2746.27,0,,
CLM-33292,Franchise_NY_12,Water Extraction,,32.0,38.79,1241.28,1241.28,1,,
CLM-91144,Franchise_FL_04,Drywall Repair,2025-06-28,12.0,51.95,623.4,397.84,0,6.0,5.0
CLM-87970,Franchise_TX_01,Baseboard Replacement - MISC,,24.0,135.28,3246.72,3246.72,1,,
CLM-51509,Franchise_FL_04,Antimicrobial Treatment,2025-04-12,2.0,49.38,98.76,40.68,0,4.0,5.0
CLM-36410,Franchise_FL_04,Water Extraction,2025-11-29,10.0,34.86,348.6,348.6,1,11.0,5.0
CLM-18988,Franchise_TX_01,Drywall Repair,,14.0,117.07,1638.98,1638.98,1,,
