claim_id,date_submitted,franchise_id,item_category,quantity,requested_total,carrier_approved_total,target_outcome,rate,unit_price,qty
CLM-26559,2025-12-12,Franchise_FL_04,Drywall Repair,30.0,2316.9,2316.9,1,77.23,,
CLM-95512,"July 16, 2025",Franchise_TX_01,Dehumidifier Rental,1.0,60.65,51.29,0,,60.65,
CLM-17238,09/10/2025,Franchise_NY_12,Baseboard Replacement,,2086.98,1823.07,0,,$99.38,21.0
CLM-90068,"August 17, 2025",Franchise_TX_01,Dehumidifier Rental,41.0,4125.83,4125.83,1,,100.63,
CLM-47333,"June 22, 2025",Franchise_TX_01,Antimicrobial Treatment,18.0,2465.28,2465.28,1,,136.96,
CLM-42011,"October 01, 2025",Franchise_TX_01,Baseboard Replacement,13.0,459.94,269.86,0,,35.38,
CLM-57921,12/17/2025,Franchise_NY_12,Dehumidifier Rental,,756.16,756.16,1,,$47.26,16.0
CLM-17570,2025-12-05,Franchise_FL_04,Dehumidifier Rental,49.0,4407.06,2142.76,0,89.94,,
CLM-64522,"November 11, 2025",Franchise_TX_01,Dehumidifier Rental,11.0,917.29,531.03,0,,83.39,
CLM-71854,2025-08-04,Franchise_FL_04,Water Extraction,15.0,1762.8,1281.25,0,117.52,,
CLM-99654,"December 30, 2025",Franchise_TX_01,Antimicrobial Treatment,28.0,634.2,634.2,1,,22.65,
CLM-28940,08/21/2025,Franchise_NY_12,Dehumidifier Rental,,1237.5,1237.5,1,,$24.75,50.0
CLM-36411,2025-06-16,Franchise_FL_04,Antimicrobial Treatment,45.0,2374.2,2374.2,1,52.76,,
CLM-67162,2025-06-24,Franchise_FL_04,Antimicrobial Treatment,39.0,3766.23,3766.23,1,96.57,,
CLM-63961,2025-02-13,Franchise_FL_04,Water Extraction,34.0,3478.2,1471.44,0,102.3,,
CLM-63742,"December 11, 2025",Franchise_TX_01,Dehumidifier Rental,1.0,23.0,23.0,1,,23.0,
CLM-56511,2025-12-10,Franchise_FL_04,Baseboard Replacement,11.0,,204.57,0,44.11,,
CLM-92929,2025-12-09,Franchise_FL_04,Baseboard Replacement,44.0,1678.6,896.56,0,38.15,,
CLM-66128,2025-01-28,Franchise_FL_04,Dehumidifier Rental,23.0,856.06,856.06,1,37.22,,
CLM-73828,02/04/2025,Franchise_NY_12,Baseboard Replacement,,1244.2,1050.2,0,,$124.42,10.0
CLM-35261,"January 17, 2025",Franchise_TX_01,Antimicrobial Treatment - MISC,24.0,1614.24,1614.24,1,,67.26,
CLM-90039,04/27/2025,Franchise_NY_12,Drywall Repair,,677.84,460.3,0,,$84.73,8.0
CLM-87933,2025-07-03,Franchise_FL_04,Water Extraction,25.0,1811.25,1811.25,1,72.45,,
CLM-81917,03/17/2025,Franchise_NY_12,Water Extraction,,612.36,612.36,1,,$22.68,27.0
CLM-59741,"March 29, 2025",Franchise_TX_01,Dehumidifier Rental - MISC,21.0,2589.3,1170.75,0,,123.3,
CLM-19376,"March 30, 2025",Franchise_TX_01,Dehumidifier Rental,41.0,3766.26,2139.61,0,,91.86,
CLM-56973,"August 23, 2025",Franchise_TX_01,Water Extraction,1.0,119.08,119.08,1,,119.08,
CLM-48129,04/08/2025,Franchise_NY_12,Water Extraction,,7129.99,7129.99,1,,$145.51,49.0
CLM-47757,"February 05, 2025",Franchise_TX_01,Baseboard Replacement,25.0,1794.5,1414.58,0,,71.78,
CLM-95402,2025-08-31,Franchise_FL_04,Antimicrobial Treatment,38.0,,1237.28,1,32.56,,
CLM-63145,2025-11-27,Franchise_FL_04,Baseboard Replacement,12.0,462.84,462.84,1,38.57,,
CLM-43716,"July 14, 2025",Franchise_TX_01,Dehumidifier Rental,3.0,134.79,98.17,0,,44.93,
CLM-65283,06/24/2025,Franchise_NY_12,Water Extraction,,1176.45,728.49,0,,$51.15,23.0
CLM-86547,"July 31, 2025",Franchise_TX_01,Water Extraction,11.0,1389.3,1389.3,1,,126.3,
CLM-98002,2025-02-06,Franchise_FL_04,Baseboard Replacement,34.0,4445.5,4445.5,1,130.75,,
CLM-79344,01/23/2025,Franchise_NY_12,Drywall Repair,,833.75,833.75,1,,$36.25,23.0
CLM-47851,2025-12-22,Franchise_FL_04,Baseboard Replacement,33.0,2637.03,2637.03,1,79.91,,
CLM-91513,2025-09-27,Franchise_FL_04,Antimicrobial Treatment,49.0,4102.28,4102.28,1,83.72,,
CLM-87454,2025-06-29,Franchise_FL_04,Dehumidifier Rental,33.0,2366.43,2366.43,1,71.71,,
CLM-32335,"May 19, 2025",Franchise_TX_01,Baseboard Replacement - MISC,33.0,2886.51,2886.51,1,,87.47,
CLM-32644,10/27/2025,Franchise_NY_12,Drywall Repair,,1525.0,1525.0,1,,$61.0,25.0
CLM-52588,2025-12-22,Franchise_FL_04,Antimicrobial Treatment,43.0,6131.8,5035.92,0,142.6,,
CLM-68484,11/13/2025,Franchise_NY_12,Drywall Repair,,1546.44,997.94,0,,$110.46,14.0
CLM-27906,"December 02, 2025",Franchise_TX_01,Antimicrobial Treatment - MISC,37.0,686.35,686.35,1,,18.55,
CLM-23394,12/07/2025,Franchise_NY_12,Drywall Repair,,136.73,136.73,1,,$136.73,1.0
CLM-73135,"November 20, 2025",Franchise_TX_01,Dehumidifier Rental - MISC,5.0,656.9,656.9,1,,131.38,
CLM-38191,"August 17, 2025",Franchise_TX_01,Water Extraction,19.0,1009.47,484.79,0,,53.13,
CLM-97498,12/20/2025,Franchise_NY_12,Dehumidifier Rental,,1470.96,1315.31,0,,$40.86,36.0
CLM-32043,12/10/2025,Franchise_NY_12,Baseboard Replacement,,159.93,159.93,1,,$17.77,9.0
CLM-77124,2025-12-18,Franchise_FL_04,Water Extraction,1.0,108.41,108.41,1,108.41,,
CLM-36710,2025-01-05,Franchise_FL_04,Dehumidifier Rental,5.0,81.7,50.96,0,16.34,,
CLM-57159,"November 09, 2025",Franchise_TX_01,Antimicrobial Treatment,13.0,339.69,254.89,0,,26.13,
CLM-27446,"August 16, 2025",Franchise_TX_01,Water Extraction,4.0,529.24,222.52,0,,132.31,
CLM-83913,2025-09-27,Franchise_FL_04,Antimicrobial Treatment,4.0,70.08,42.49,0,17.52,,
CLM-27631,11/26/2025,Franchise_NY_12,Baseboard Replacement,,4197.58,1782.62,0,,$102.38,41.0
CLM-42116,01/04/2025,Franchise_NY_12,Dehumidifier Rental,,262.74,262.74,1,,$43.79,6.0
CLM-38647,2025-11-10,Franchise_FL_04,Antimicrobial Treatment,37.0,5166.31,5166.31,1,139.63,,
CLM-50281,07/27/2025,Franchise_NY_12,Water Extraction,,2017.96,2017.96,1,,$72.07,28.0
CLM-52331,"January 30, 2025",Franchise_TX_01,Water Extraction,48.0,1831.2,1006.46,0,,38.15,
CLM-24220,2025-05-16,Franchise_FL_04,Dehumidifier Rental,46.0,4192.44,4192.44,1,91.14,,
CLM-82290,05/17/2025,Franchise_NY_12,Drywall Repair,,616.0,616.0,1,,$61.6,10.0
CLM-26589,"February 18, 2025",Franchise_TX_01,Antimicrobial Treatment,21.0,2687.58,2687.58,1,,127.98,
CLM-40582,"September 23, 2025",Franchise_TX_01,Antimicrobial Treatment,9.0,783.72,351.04,0,,87.08,
CLM-66403,2025-03-21,Franchise_FL_04,Baseboard Replacement,2.0,294.82,294.82,1,147.41,,
CLM-37335,04/13/2025,Franchise_NY_12,Water Extraction,,2304.63,2304.63,1,,$79.47,29.0
CLM-21727,01/04/2025,Franchise_NY_12,Water Extraction,,5502.21,5502.21,1,,$112.29,49.0
CLM-19477,2025-08-21,Franchise_FL_04,Antimicrobial Treatment,40.0,4459.6,4459.6,1,111.49,,
CLM-88072,05/22/2025,Franchise_NY_12,Dehumidifier Rental,,1516.5,1133.22,0,,$101.1,15.0
CLM-77764,03/24/2025,Franchise_NY_12,Baseboard Replacement,,739.9,389.29,0,,$52.85,14.0
CLM-17018,"December 10, 2025",Franchise_TX_01,Drywall Repair,5.0,689.35,592.18,0,,137.87,
CLM-84474,"January 17, 2025",Franchise_TX_01,Water Extraction,48.0,6248.64,6248.64,1,,130.18,
CLM-42272,"September 19, 2025",Franchise_TX_01,Dehumidifier Rental,35.0,4399.85,4399.85,1,,125.71,
CLM-95932,2025-06-25,Franchise_FL_04,Dehumidifier Rental,38.0,2204.38,990.02,0,58.01,,
CLM-93027,"May 16, 2025",Franchise_TX_01,Antimicrobial Treatment,45.0,4882.05,4882.05,1,,108.49,
CLM-18908,12/17/2025,Franchise_NY_12,Dehumidifier Rental,,315.56,315.56,1,,$78.89,4.0
CLM-48997,2025-11-12,Franchise_FL_04,Baseboard Replacement,31.0,3565.62,2406.91,0,115.02,,
CLM-84032,"March 25, 2025",Franchise_TX_01,Dehumidifier Rental,12.0,595.44,504.67,0,,49.62,
CLM-32786,2025-07-21,Franchise_FL_04,Water Extraction,45.0,5457.6,3308.92,0,121.28,,
CLM-59358,2025-09-01,Franchise_FL_04,Drywall Repair,38.0,3847.88,3847.88,1,101.26,,
CLM-64427,10/28/2025,Franchise_NY_12,Antimicrobial Treatment,,5822.83,5822.83,1,,$123.89,47.0
CLM-45548,"May 14, 2025",Franchise_TX_01,Antimicrobial Treatment,42.0,1318.8,1318.8,1,,31.4,
CLM-98439,12/24/2025,Franchise_NY_12,Dehumidifier Rental,,6589.88,6589.88,1,,$149.77,44.0
CLM-24041,07/04/2025,Franchise_NY_12,Baseboard Replacement,,877.5,877.5,1,,$22.5,39.0
CLM-92862,"January 27, 2025",Franchise_TX_01,Baseboard Replacement,26.0,1831.44,1831.44,1,,70.44,
CLM-11809,2025-02-14,Franchise_FL_04,Water Extraction,7.0,115.01,115.01,1,16.43,,
CLM-43104,2025-11-07,Franchise_FL_04,Dehumidifier Rental,14.0,321.02,321.02,1,22.93,,
CLM-18974,11/28/2025,Franchise_NY_12,Antimicrobial Treatment,,4808.52,4065.67,0,,$126.54,38.0
CLM-66571,04/29/2025,Franchise_NY_12,Antimicrobial Treatment,,1575.6,878.64,0,,$78.78,20.0
CLM-54643,11/12/2025,Franchise_NY_12,Water Extraction,,6751.0,5241.75,0,,$135.02,50.0
CLM-96542,"July 25, 2025",Franchise_TX_01,Antimicrobial Treatment,10.0,739.7,739.7,1,,73.97,
CLM-94450,11/09/2025,Franchise_NY_12,Antimicrobial Treatment,,394.26,394.26,1,,$131.42,3.0
CLM-11350,"September 02, 2025",Franchise_TX_01,Water Extraction,14.0,1106.28,619.51,0,,79.02,
CLM-77155,2025-02-20,Franchise_FL_04,Water Extraction,49.0,7027.09,7027.09,1,143.41,,
CLM-33065,2025-11-11,Franchise_FL_04,Dehumidifier Rental,18.0,2002.32,924.87,0,111.24,,
CLM-31750,"August 16, 2025",Franchise_TX_01,Dehumidifier Rental,44.0,1617.0,1617.0,1,,36.75,
CLM-82529,"March 15, 2025",Franchise_TX_01,Baseboard Replacement,40.0,5273.2,5273.2,1,,131.83,
CLM-65205,2025-08-01,Franchise_FL_04,Water Extraction,30.0,2412.3,2412.3,1,80.41,,
CLM-89902,12/21/2025,Franchise_NY_12,Drywall Repair,,2461.86,1039.04,0,,$136.77,18.0
CLM-11802,05/01/2025,Franchise_NY_12,Water Extraction,,1198.34,563.95,0,,$92.18,13.0
CLM-46677,04/19/2025,Franchise_NY_12,Drywall Repair,,650.52,650.52,1,,$50.04,13.0
CLM-50143,08/08/2025,Franchise_NY_12,Antimicrobial Treatment,,2805.14,2805.14,1,,$107.89,26.0
CLM-80934,12/28/2025,Franchise_NY_12,Antimicrobial Treatment,,1242.9,1010.93,0,,$124.29,10.0
CLM-73139,"October 15, 2025",Franchise_TX_01,Drywall Repair,14.0,599.62,421.27,0,,42.83,
CLM-64975,07/10/2025,Franchise_NY_12,Dehumidifier Rental,,739.2,635.06,0,,$24.64,30.0
CLM-32493,2025-01-02,Franchise_FL_04,Water Extraction,20.0,691.8,691.8,1,34.59,,
CLM-57144,"December 07, 2025",Franchise_TX_01,Baseboard Replacement - MISC,31.0,1860.93,1545.94,0,,60.03,
CLM-88463,"May 24, 2025",Franchise_TX_01,Baseboard Replacement - MISC,29.0,3402.57,3402.57,1,,117.33,
CLM-65396,09/30/2025,Franchise_NY_12,Dehumidifier Rental,,1234.4,1234.4,1,,$123.44,10.0
CLM-28287,2025-04-26,Franchise_FL_04,Water Extraction,43.0,3519.55,3519.55,1,81.85,,
CLM-68193,"May 24, 2025",Franchise_TX_01,Baseboard Replacement,9.0,226.71,110.4,0,,25.19,
CLM-44199,"October 31, 2025",Franchise_TX_01,Water Extraction,19.0,885.4,885.4,1,,46.6,
CLM-42001,10/16/2025,Franchise_NY_12,Dehumidifier Rental,,1922.08,1922.08,1,,$46.88,41.0
CLM-51338,2025-09-22,Franchise_FL_04,Baseboard Replacement,28.0,1734.6,1734.6,1,61.95,,
CLM-57556,09/03/2025,Franchise_NY_12,Baseboard Replacement,,3822.78,3822.78,1,,$147.03,26.0
CLM-96756,06/27/2025,Franchise_NY_12,Drywall Repair,,205.17,205.17,1,,$29.31,7.0
CLM-50147,12/04/2025,Franchise_NY_12,Antimicrobial Treatment,,2408.78,1705.86,0,,$109.49,22.0
CLM-47102,"October 30, 2025",Franchise_TX_01,Dehumidifier Rental,45.0,3811.5,3811.5,1,,84.7,
CLM-56576,2025-12-23,Franchise_FL_04,Water Extraction,49.0,5438.02,5438.02,1,110.98,,
CLM-48512,"December 09, 2025",Franchise_TX_01,Dehumidifier Rental,6.0,634.68,634.68,1,,105.78,
CLM-11792,2025-03-07,Franchise_FL_04,Dehumidifier Rental,15.0,1011.75,1011.75,1,67.45,,
CLM-85660,03/25/2025,Franchise_NY_12,Dehumidifier Rental,,912.34,912.34,1,,$70.18,13.0
CLM-17586,2025-05-10,Franchise_FL_04,Dehumidifier Rental,39.0,3376.23,3376.23,1,86.57,,
CLM-89386,2025-01-13,Franchise_FL_04,Drywall Repair,5.0,231.4,231.4,1,46.28,,
CLM-80043,"June 27, 2025",Franchise_TX_01,Baseboard Replacement - MISC,50.0,4876.0,4876.0,1,,97.52,
CLM-42560,"November 20, 2025",Franchise_TX_01,Water Extraction,11.0,732.05,402.49,0,,66.55,
CLM-50578,"March 07, 2025",Franchise_TX_01,Drywall Repair,41.0,2813.01,2813.01,1,,68.61,
CLM-61265,"October 07, 2025",Franchise_TX_01,Drywall Repair,9.0,1206.27,1206.27,1,,134.03,
CLM-32828,"August 20, 2025",Franchise_TX_01,Drywall Repair,14.0,1335.46,974.55,0,,95.39,
CLM-92258,"October 19, 2025",Franchise_TX_01,Baseboard Replacement,10.0,754.4,754.4,1,,75.44,
CLM-46467,"July 07, 2025",Franchise_TX_01,Antimicrobial Treatment,32.0,3817.28,3817.28,1,,119.29,
CLM-94459,"December 13, 2025",Franchise_TX_01,Antimicrobial Treatment,4.0,169.88,169.88,1,,42.47,
CLM-85085,"January 09, 2025",Franchise_TX_01,Dehumidifier Rental,35.0,2048.2,2048.2,1,,58.52,
CLM-70624,"October 27, 2025",Franchise_TX_01,Baseboard Replacement,5.0,617.15,344.22,0,,123.43,
CLM-16735,2025-07-18,Franchise_FL_04,Water Extraction,31.0,1984.93,1984.93,1,64.03,,
CLM-33333,01/21/2025,Franchise_NY_12,Dehumidifier Rental,,2562.34,1711.17,0,,$67.43,38.0
CLM-64768,"September 21, 2025",Franchise_TX_01,Antimicrobial Treatment,3.0,132.03,132.03,1,,44.01,
CLM-26051,2025-07-12,Franchise_FL_04,Drywall Repair,34.0,4478.14,3481.97,0,131.71,,
CLM-82677,"March 22, 2025",Franchise_TX_01,Dehumidifier Rental - MISC,40.0,5747.2,5747.2,1,,143.68,
CLM-97577,01/10/2025,Franchise_NY_12,Antimicrobial Treatment,,1175.6,1175.6,1,,$29.39,40.0
CLM-84253,04/15/2025,Franchise_NY_12,Water Extraction,,2333.54,2333.54,1,,$106.07,22.0
CLM-44674,01/30/2025,Franchise_NY_12,Antimicrobial Treatment,,945.24,945.24,1,,$78.77,12.0
CLM-60903,"May 25, 2025",Franchise_TX_01,Drywall Repair,32.0,2877.44,2877.44,1,,89.92,
CLM-76947,01/19/2025,Franchise_NY_12,Baseboard Replacement,,1438.38,1438.38,1,,$79.91,18.0
CLM-92207,2025-03-29,Franchise_FL_04,Water Extraction,7.0,,251.6,0,88.98,,
CLM-11514,"March 25, 2025",Franchise_TX_01,Baseboard Replacement,20.0,1696.6,1186.59,0,,84.83,
CLM-82456,2025-07-15,Franchise_FL_04,Dehumidifier Rental,49.0,2400.51,2400.51,1,48.99,,
CLM-73350,"December 27, 2025",Franchise_TX_01,Dehumidifier Rental,26.0,1861.34,1861.34,1,,71.59,
CLM-50299,2025-12-21,Franchise_FL_04,Drywall Repair,15.0,1475.25,591.88,0,98.35,,
CLM-41146,2025-11-03,Franchise_FL_04,Water Extraction,29.0,3782.18,2427.84,0,130.42,,
CLM-76694,"July 20, 2025",Franchise_TX_01,Baseboard Replacement,25.0,2791.0,2791.0,1,,111.64,
CLM-20870,12/07/2025,Franchise_NY_12,Water Extraction,,667.76,272.76,0,,$19.64,34.0
CLM-33305,06/16/2025,Franchise_NY_12,Drywall Repair,,2077.0,2077.0,1,,$83.08,25.0
CLM-80422,"April 08, 2025",Franchise_TX_01,Antimicrobial Treatment - MISC,24.0,1644.48,1644.48,1,,68.52,
CLM-74375,"September 12, 2025",Franchise_TX_01,Baseboard Replacement - MISC,12.0,1191.72,924.05,0,,99.31,
CLM-35120,11/15/2025,Franchise_NY_12,Baseboard Replacement,,2692.87,2692.87,1,,$141.73,19.0
CLM-37382,12/16/2025,Franchise_NY_12,Baseboard Replacement,,1415.7,1415.7,1,,$31.46,45.0
CLM-62353,"February 25, 2025",Franchise_TX_01,Drywall Repair,47.0,5615.09,5615.09,1,,119.47,
CLM-78066,09/23/2025,Franchise_NY_12,Dehumidifier Rental,,558.35,492.11,0,,$42.95,13.0
CLM-68886,"October 06, 2025",Franchise_TX_01,Baseboard Replacement,27.0,2506.41,2506.41,1,,92.83,
CLM-23370,02/22/2025,Franchise_NY_12,Water Extraction,,658.59,530.31,0,,$22.71,29.0
CLM-21325,10/06/2025,Franchise_NY_12,Antimicrobial Treatment,,1412.01,1412.01,1,,$48.69,29.0
CLM-52718,"December 17, 2025",Franchise_TX_01,Antimicrobial Treatment,4.0,359.28,291.57,0,,89.82,
CLM-87438,2025-08-25,Franchise_FL_04,Baseboard Replacement,43.0,6158.03,6158.03,1,143.21,,
CLM-26691,06/12/2025,Franchise_NY_12,Antimicrobial Treatment,,2139.48,2139.48,1,,$118.86,18.0
CLM-67972,11/19/2025,Franchise_NY_12,Dehumidifier Rental,,5322.54,3492.09,0,,$123.78,43.0
CLM-92563,"December 28, 2025",Franchise_TX_01,Water Extraction,3.0,47.58,47.58,1,,15.86,
CLM-59278,"December 11, 2025",Franchise_TX_01,Dehumidifier Rental - MISC,34.0,4928.64,4928.64,1,,144.96,
CLM-18820,"August 04, 2025",Franchise_TX_01,Drywall Repair,43.0,5060.24,5060.24,1,,117.68,
CLM-78204,"April 22, 2025",Franchise_TX_01,Antimicrobial Treatment,36.0,3726.0,2046.6,0,,103.5,
CLM-13348,"January 06, 2025",Franchise_TX_01,Drywall Repair,35.0,1128.4,1128.4,1,,32.24,
CLM-77949,2025-09-03,Franchise_FL_04,Antimicrobial Treatment,25.0,1580.25,1580.25,1,63.21,,
CLM-57168,"September 21, 2025",Franchise_TX_01,Baseboard Replacement,19.0,1926.22,1926.22,1,,101.38,
CLM-43786,"May 14, 2025",Franchise_TX_01,Water Extraction,45.0,1471.5,1471.5,1,,32.7,
CLM-87474,2025-05-20,Franchise_FL_04,Antimicrobial Treatment,6.0,616.44,616.44,1,102.74,,
CLM-21403,06/07/2025,Franchise_NY_12,Antimicrobial Treatment,,3790.5,3790.5,1,,$75.81,50.0
CLM-38507,2025-07-30,Franchise_FL_04,Antimicrobial Treatment,12.0,204.96,128.3,0,17.08,,
CLM-88004,10/16/2025,Franchise_NY_12,Water Extraction,,464.64,464.64,1,,$21.12,22.0
CLM-99342,"September 13, 2025",Franchise_TX_01,Drywall Repair,5.0,582.6,582.6,1,,116.52,
CLM-94598,12/03/2025,Franchise_NY_12,Dehumidifier Rental,,121.9,121.9,1,,$24.38,5.0
CLM-39917,01/17/2025,Franchise_NY_12,Baseboard Replacement,,399.42,399.42,1,,$22.19,18.0
CLM-24330,06/29/2025,Franchise_NY_12,Water Extraction,,235.68,235.68,1,,$19.64,12.0
CLM-63048,06/17/2025,Franchise_NY_12,Dehumidifier Rental,,3950.76,3950.76,1,,$119.72,33.0
CLM-42976,"September 07, 2025",Franchise_TX_01,Water Extraction,49.0,7164.78,5347.34,0,,146.22,
CLM-14121,2025-03-19,Franchise_FL_04,Drywall Repair,6.0,,189.06,0,56.83,,
CLM-45981,05/10/2025,Franchise_NY_12,Water Extraction,,4948.92,4948.92,1,,$137.47,36.0
CLM-83217,01/16/2025,Franchise_NY_12,Drywall Repair,,5281.21,5281.21,1,,$128.81,41.0
CLM-47203,"May 03, 2025",Franchise_TX_01,Drywall Repair - MISC,14.0,1461.32,1212.37,0,,104.38,
CLM-69153,2025-12-01,Franchise_FL_04,Antimicrobial Treatment,44.0,,1696.01,0,79.6,,
CLM-84405,"June 18, 2025",Franchise_TX_01,Antimicrobial Treatment - MISC,11.0,1474.99,1474.99,1,,134.09,
CLM-42879,"November 29, 2025",Franchise_TX_01,Baseboard Replacement - MISC,21.0,673.89,532.11,0,,32.09,
CLM-39804,08/03/2025,Franchise_NY_12,Drywall Repair,,251.08,251.08,1,,$125.54,2.0
CLM-97168,2025-12-26,Franchise_FL_04,Antimicrobial Treatment,21.0,2500.68,2500.68,1,119.08,,
CLM-27181,2025-03-13,Franchise_FL_04,Dehumidifier Rental,29.0,3691.12,3691.12,1,127.28,,
CLM-29922,2025-12-23,Franchise_FL_04,Antimicrobial Treatment,5.0,209.7,209.7,1,41.94,,
CLM-73250,2025-06-13,Franchise_FL_04,Antimicrobial Treatment,13.0,773.63,773.63,1,59.51,,
CLM-19195,2025-03-23,Franchise_FL_04,Water Extraction,20.0,1367.0,1094.63,0,68.35,,
CLM-60983,03/29/2025,Franchise_NY_12,Water Extraction,,3352.74,3352.74,1,,$98.61,34.0
CLM-18095,2025-04-23,Franchise_FL_04,Dehumidifier Rental,46.0,4355.74,4355.74,1,94.69,,
CLM-28361,08/12/2025,Franchise_NY_12,Drywall Repair,,751.2,751.2,1,,$25.04,30.0
CLM-90772,"August 20, 2025",Franchise_TX_01,Baseboard Replacement,43.0,3942.24,3104.11,0,,91.68,
CLM-91149,08/01/2025,Franchise_NY_12,Dehumidifier Rental,,1189.89,1053.6,0,,$132.21,9.0
CLM-49064,2025-06-10,Franchise_FL_04,Antimicrobial Treatment,45.0,4499.55,4499.55,1,99.99,,
CLM-94977,2025-08-07,Franchise_FL_04,Drywall Repair,42.0,5731.32,5731.32,1,136.46,,
CLM-21410,"January 12, 2025",Franchise_TX_01,Baseboard Replacement - MISC,2.0,137.36,73.68,0,,68.68,
CLM-41302,2025-07-03,Franchise_FL_04,Dehumidifier Rental,36.0,5177.88,5177.88,1,143.83,,
CLM-30053,"July 24, 2025",Franchise_TX_01,Water Extraction,43.0,2161.18,2161.18,1,,50.26,
CLM-80839,12/17/2025,Franchise_NY_12,Drywall Repair,,3581.5,1663.8,0,,$123.5,29.0
CLM-93826,04/18/2025,Franchise_NY_12,Baseboard Replacement,,4339.04,4339.04,1,,$92.32,47.0
CLM-56949,"November 17, 2025",Franchise_TX_01,Drywall Repair,36.0,5339.52,4637.67,0,,148.32,
CLM-16635,2025-05-24,Franchise_FL_04,Water Extraction,28.0,3638.04,2534.99,0,129.93,,
CLM-61272,2025-03-08,Franchise_FL_04,Drywall Repair,28.0,2572.92,2572.92,1,91.89,,
CLM-18650,"July 10, 2025",Franchise_TX_01,Antimicrobial Treatment,37.0,3146.85,3146.85,1,,85.05,
CLM-66732,"November 26, 2025",Franchise_TX_01,Drywall Repair - MISC,1.0,135.07,80.91,0,,135.07,
CLM-65873,12/19/2025,Franchise_NY_12,Water Extraction,,172.17,147.18,0,,$57.39,3.0
CLM-58567,07/09/2025,Franchise_NY_12,Antimicrobial Treatment,,1192.82,1192.82,1,,$27.74,43.0
CLM-10929,04/03/2025,Franchise_NY_12,Water Extraction,,2986.76,2986.76,1,,$106.67,28.0
CLM-77843,"May 29, 2025",Franchise_TX_01,Antimicrobial Treatment,23.0,3154.45,1607.58,0,,137.15,
CLM-98233,03/13/2025,Franchise_NY_12,Baseboard Replacement,,884.78,682.23,0,,$68.06,13.0
CLM-55317,06/04/2025,Franchise_NY_12,Baseboard Replacement,,1322.4,1097.78,0,,$45.6,29.0
CLM-12651,2025-11-07,Franchise_FL_04,Baseboard Replacement,1.0,17.89,15.95,0,17.89,,
CLM-89037,2025-06-30,Franchise_FL_04,Antimicrobial Treatment,5.0,588.3,588.3,1,117.66,,
CLM-16305,2025-10-12,Franchise_FL_04,Drywall Repair,16.0,,1255.52,1,78.47,,
CLM-12085,"September 14, 2025",Franchise_TX_01,Dehumidifier Rental,17.0,715.36,347.24,0,,42.08,
CLM-96670,2025-01-26,Franchise_FL_04,Drywall Repair,13.0,1165.19,941.81,0,89.63,,
CLM-93942,2025-08-26,Franchise_FL_04,Drywall Repair,49.0,3428.04,3428.04,1,69.96,,
CLM-56281,2025-07-01,Franchise_FL_04,Baseboard Replacement,46.0,2575.08,2575.08,1,55.98,,
CLM-91700,2025-04-02,Franchise_FL_04,Water Extraction,6.0,589.26,589.26,1,98.21,,
CLM-42376,05/27/2025,Franchise_NY_12,Baseboard Replacement,,2556.16,1701.31,0,,$79.88,32.0
CLM-27769,2025-11-01,Franchise_FL_04,Dehumidifier Rental,11.0,1356.08,994.51,0,123.28,,
CLM-45077,"August 05, 2025",Franchise_TX_01,Dehumidifier Rental,18.0,2651.04,2651.04,1,,147.28,
CLM-84017,"May 01, 2025",Franchise_TX_01,Antimicrobial Treatment,45.0,1098.0,577.15,0,,24.4,
CLM-46932,2025-11-21,Franchise_FL_04,Baseboard Replacement,25.0,1868.75,759.91,0,74.75,,
CLM-96305,03/08/2025,Franchise_NY_12,Baseboard Replacement,,3811.22,2126.43,0,,$77.78,49.0
CLM-94781,01/18/2025,Franchise_NY_12,Dehumidifier Rental,,1515.01,1515.01,1,,$65.87,23.0
CLM-24305,08/03/2025,Franchise_NY_12,Baseboard Replacement,,3894.99,2855.17,0,,$134.31,29.0
CLM-42604,11/12/2025,Franchise_NY_12,Dehumidifier Rental,,841.12,403.79,0,,$30.04,28.0
CLM-53998,04/08/2025,Franchise_NY_12,Baseboard Replacement,,1132.8,1132.8,1,,$47.2,24.0
CLM-16651,2025-10-23,Franchise_FL_04,Drywall Repair,22.0,991.32,859.54,0,45.06,,
CLM-91710,2025-10-06,Franchise_FL_04,Water Extraction,6.0,425.22,425.22,1,70.87,,
CLM-97077,03/22/2025,Franchise_NY_12,Dehumidifier Rental,,2133.44,1446.51,0,,$66.67,32.0
CLM-38085,"October 11, 2025",Franchise_TX_01,Water Extraction,23.0,1059.61,1059.61,1,,46.07,
CLM-18203,2025-07-19,Franchise_FL_04,Baseboard Replacement,2.0,97.5,97.5,1,48.75,,
CLM-23352,09/10/2025,Franchise_NY_12,Water Extraction,,2744.94,2744.94,1,,$83.18,33.0
CLM-68982,07/05/2025,Franchise_NY_12,Antimicrobial Treatment,,1081.12,661.33,0,,$135.14,8.0
CLM-44269,11/26/2025,Franchise_NY_12,Antimicrobial Treatment,,1593.48,659.83,0,,$56.91,28.0
CLM-30357,"December 08, 2025",Franchise_TX_01,Water Extraction,50.0,4026.5,3580.55,0,,80.53,
CLM-51101,2025-11-27,Franchise_FL_04,Baseboard Replacement,7.0,251.37,251.37,1,35.91,,
CLM-40552,2025-08-09,Franchise_FL_04,Drywall Repair,15.0,1356.75,579.41,0,90.45,,
CLM-97894,07/12/2025,Franchise_NY_12,Drywall Repair,,1368.95,1368.95,1,,$72.05,19.0
CLM-26773,"February 06, 2025",Franchise_TX_01,Water Extraction,4.0,424.44,369.49,0,,106.11,
CLM-96550,05/20/2025,Franchise_NY_12,Drywall Repair,,4912.26,4095.32,0,,$129.27,38.0
CLM-77529,08/06/2025,Franchise_NY_12,Drywall Repair,,907.92,907.92,1,,$75.66,12.0
CLM-48246,"April 22, 2025",Franchise_TX_01,Antimicrobial Treatment,48.0,5097.12,5097.12,1,,106.19,
CLM-43730,08/24/2025,Franchise_NY_12,Water Extraction,,6097.5,6097.5,1,,$121.95,50.0
CLM-72014,12/25/2025,Franchise_NY_12,Antimicrobial Treatment,,6163.62,6163.62,1,,$143.34,43.0
CLM-30044,2025-10-14,Franchise_FL_04,Dehumidifier Rental,47.0,1627.14,1627.14,1,34.62,,
CLM-62654,"July 13, 2025",Franchise_TX_01,Antimicrobial Treatment,29.0,2997.15,2997.15,1,,103.35,
CLM-11569,"October 23, 2025",Franchise_TX_01,Antimicrobial Treatment,4.0,267.68,267.68,1,,66.92,
CLM-93521,2025-10-31,Franchise_FL_04,Baseboard Replacement,10.0,1326.5,1326.5,1,132.65,,
CLM-17553,"April 25, 2025",Franchise_TX_01,Antimicrobial Treatment,26.0,2851.68,1642.44,0,,109.68,
CLM-46469,"October 22, 2025",Franchise_TX_01,Water Extraction,29.0,1084.89,1084.89,1,,37.41,
CLM-79538,"September 08, 2025",Franchise_TX_01,Antimicrobial Treatment,18.0,1710.36,1275.11,0,,95.02,
CLM-49657,2025-10-02,Franchise_FL_04,Dehumidifier Rental,38.0,2212.36,2212.36,1,58.22,,
CLM-42406,2025-08-30,Franchise_FL_04,Water Extraction,6.0,217.74,217.74,1,36.29,,
CLM-99174,"August 05, 2025",Franchise_TX_01,Drywall Repair,39.0,3461.25,3461.25,1,,88.75,
CLM-41204,04/08/2025,Franchise_NY_12,Water Extraction,,1433.36,1433.36,1,,$75.44,19.0
CLM-20827,2025-09-13,Franchise_FL_04,Drywall Repair,25.0,3224.5,2825.0,0,128.98,,
CLM-33621,07/22/2025,Franchise_NY_12,Water Extraction,,428.0,428.0,1,,$42.8,10.0
CLM-80270,07/24/2025,Franchise_NY_12,Baseboard Replacement,,4275.96,4275.96,1,,$109.64,39.0
CLM-90565,"May 31, 2025",Franchise_TX_01,Antimicrobial Treatment,44.0,6201.36,6201.36,1,,140.94,
CLM-10344,"July 06, 2025",Franchise_TX_01,Drywall Repair,19.0,1493.59,1493.59,1,,78.61,
CLM-19477,2025-06-01,Franchise_FL_04,Drywall Repair,29.0,1017.32,1017.32,1,35.08,,
CLM-12830,"November 17, 2025",Franchise_TX_01,Antimicrobial Treatment,37.0,2393.53,1222.22,0,,64.69,
CLM-74961,"April 11, 2025",Franchise_TX_01,Dehumidifier Rental,35.0,4227.65,4227.65,1,,120.79,
CLM-91199,04/18/2025,Franchise_NY_12,Dehumidifier Rental,,2641.4,2641.4,1,,$132.07,20.0
CLM-73515,2025-05-09,Franchise_FL_04,Water Extraction,34.0,2235.84,2235.84,1,65.76,,
CLM-21924,02/12/2025,Franchise_NY_12,Baseboard Replacement,,2860.8,2860.8,1,,$95.36,30.0
CLM-86841,09/17/2025,Franchise_NY_12,Antimicrobial Treatment,,5510.4,4748.28,0,,$131.2,42.0
CLM-23280,10/03/2025,Franchise_NY_12,Dehumidifier Rental,,215.46,215.46,1,,$30.78,7.0
CLM-25591,07/10/2025,Franchise_NY_12,Dehumidifier Rental,,3232.24,3232.24,1,,$146.92,22.0
CLM-48107,2025-07-01,Franchise_FL_04,Antimicrobial Treatment,46.0,1054.32,922.07,0,22.92,,
CLM-40855,04/05/2025,Franchise_NY_12,Water Extraction,,1383.2,758.73,0,,$34.58,40.0
CLM-99472,02/24/2025,Franchise_NY_12,Baseboard Replacement,,4168.85,3745.81,0,,$119.11,35.0
CLM-38613,07/22/2025,Franchise_NY_12,Drywall Repair,,1593.2,1593.2,1,,$79.66,20.0
CLM-31242,2025-01-03,Franchise_FL_04,Water Extraction,6.0,657.54,657.54,1,109.59,,
CLM-62506,"September 19, 2025",Franchise_TX_01,Dehumidifier Rental - MISC,35.0,3874.15,3874.15,1,,110.69,
CLM-48382,09/18/2025,Franchise_NY_12,Dehumidifier Rental,,5302.78,3865.42,0,,$108.22,49.0
CLM-30744,11/19/2025,Franchise_NY_12,Antimicrobial Treatment,,1498.45,1498.45,1,,$65.15,23.0
CLM-81957,01/01/2025,Franchise_NY_12,Drywall Repair,,606.72,606.72,1,,$37.92,16.0
CLM-15843,01/09/2025,Franchise_NY_12,Antimicrobial Treatment,,1406.4,832.75,0,,$35.16,40.0
CLM-62888,06/04/2025,Franchise_NY_12,Antimicrobial Treatment,,2611.98,2611.98,1,,$145.11,18.0
CLM-88731,2025-09-26,Franchise_FL_04,Dehumidifier Rental,41.0,1802.36,1802.36,1,43.96,,
CLM-33150,"November 01, 2025",Franchise_TX_01,Antimicrobial Treatment,29.0,2789.22,2789.22,1,,96.18,
CLM-28385,"March 12, 2025",Franchise_TX_01,Dehumidifier Rental,15.0,2068.95,2068.95,1,,137.93,
CLM-30567,01/05/2025,Franchise_NY_12,Water Extraction,,3052.16,1544.38,0,,$95.38,32.0
CLM-38516,05/02/2025,Franchise_NY_12,Antimicrobial Treatment,,242.4,242.4,1,,$30.3,8.0
CLM-69394,07/08/2025,Franchise_NY_12,Dehumidifier Rental,,5032.4,2455.96,0,,$125.81,40.0
CLM-79529,2025-01-31,Franchise_FL_04,Drywall Repair,13.0,571.61,411.61,0,43.97,,
CLM-83165,"November 06, 2025",Franchise_TX_01,Baseboard Replacement - MISC,31.0,657.82,657.82,1,,21.22,
CLM-91149,"March 16, 2025",Franchise_TX_01,Antimicrobial Treatment,27.0,2003.94,2003.94,1,,74.22,
CLM-71323,2025-02-02,Franchise_FL_04,Drywall Repair,3.0,293.85,293.85,1,97.95,,
CLM-14936,08/08/2025,Franchise_NY_12,Water Extraction,,1996.32,1996.32,1,,$83.18,24.0
CLM-78539,10/09/2025,Franchise_NY_12,Antimicrobial Treatment,,122.88,122.88,1,,$61.44,2.0
CLM-39866,2025-10-18,Franchise_FL_04,Water Extraction,34.0,4721.24,4721.24,1,138.86,,
CLM-61023,11/09/2025,Franchise_NY_12,Baseboard Replacement,,3788.91,3788.91,1,,$140.33,27.0
CLM-91255,2025-01-31,Franchise_FL_04,Dehumidifier Rental,30.0,1521.6,1521.6,1,50.72,,
CLM-24739,"February 14, 2025",Franchise_TX_01,Baseboard Replacement,39.0,4069.65,3526.12,0,,104.35,
CLM-65328,"December 31, 2025",Franchise_TX_01,Water Extraction - MISC,20.0,2118.4,2118.4,1,,105.92,
CLM-19508,"January 05, 2025",Franchise_TX_01,Baseboard Replacement,45.0,1059.3,1059.3,1,,23.54,
CLM-87062,2025-12-16,Franchise_FL_04,Baseboard Replacement,34.0,2451.74,2451.74,1,72.11,,
CLM-89014,"November 23, 2025",Franchise_TX_01,Antimicrobial Treatment - MISC,22.0,616.0,616.0,1,,28.0,
CLM-32035,2025-08-18,Franchise_FL_04,Antimicrobial Treatment,23.0,,808.79,0,57.63,,
CLM-24626,02/05/2025,Franchise_NY_12,Baseboard Replacement,,1338.7,1021.15,0,,$121.7,11.0
CLM-88974,2025-04-23,Franchise_FL_04,Baseboard Replacement,4.0,247.2,247.2,1,61.8,,
CLM-84533,04/07/2025,Franchise_NY_12,Drywall Repair,,578.55,578.55,1,,$30.45,19.0
CLM-52735,2025-03-01,Franchise_FL_04,Water Extraction,36.0,2489.76,1157.88,0,69.16,,
CLM-43098,07/09/2025,Franchise_NY_12,Antimicrobial Treatment,,1851.36,850.34,0,,$97.44,19.0
CLM-59581,2025-05-07,Franchise_FL_04,Antimicrobial Treatment,16.0,2179.36,1257.51,0,136.21,,
CLM-85920,05/25/2025,Franchise_NY_12,Antimicrobial Treatment,,2073.06,2073.06,1,,$76.78,27.0
CLM-50463,08/01/2025,Franchise_NY_12,Drywall Repair,,5576.24,5576.24,1,,$129.68,43.0
CLM-70082,2025-01-04,Franchise_FL_04,Baseboard Replacement,37.0,1722.35,1722.35,1,46.55,,
CLM-92133,"December 13, 2025",Franchise_TX_01,Antimicrobial Treatment,41.0,1019.26,1019.26,1,,24.86,
CLM-43853,"April 25, 2025",Franchise_TX_01,Antimicrobial Treatment,44.0,6307.4,3474.05,0,,143.35,
CLM-65370,2025-04-07,Franchise_FL_04,Dehumidifier Rental,8.0,892.16,892.16,1,111.52,,
CLM-91595,2025-12-14,Franchise_FL_04,Drywall Repair,50.0,5110.0,3081.63,0,102.2,,
CLM-88238,"October 14, 2025",Franchise_TX_01,Antimicrobial Treatment - MISC,25.0,2463.5,2463.5,1,,98.54,
CLM-77771,2025-08-01,Franchise_FL_04,Water Extraction,44.0,5393.08,5393.08,1,122.57,,
CLM-21347,07/12/2025,Franchise_NY_12,Dehumidifier Rental,,447.69,447.69,1,,$149.23,3.0
CLM-58903,"September 27, 2025",Franchise_TX_01,Water Extraction,30.0,4170.9,4170.9,1,,139.03,
CLM-25789,2025-11-12,Franchise_FL_04,Water Extraction,43.0,,1036.99,0,40.1,,
CLM-21435,"April 05, 2025",Franchise_TX_01,Drywall Repair,34.0,3684.24,3684.24,1,,108.36,
CLM-12082,"November 10, 2025",Franchise_TX_01,Baseboard Replacement,5.0,236.25,180.67,0,,47.25,
CLM-66425,11/06/2025,Franchise_NY_12,Drywall Repair,,1276.47,1276.47,1,,$98.19,13.0
CLM-88276,01/18/2025,Franchise_NY_12,Baseboard Replacement,,1917.51,1467.64,0,,$83.37,23.0
CLM-20048,2025-05-08,Franchise_FL_04,Drywall Repair,25.0,1006.0,697.36,0,40.24,,
CLM-46078,11/09/2025,Franchise_NY_12,Antimicrobial Treatment,,3761.64,3761.64,1,,$87.48,43.0
CLM-41120,"February 03, 2025",Franchise_TX_01,Water Extraction,45.0,5768.55,3517.93,0,,128.19,
CLM-33358,04/15/2025,Franchise_NY_12,Drywall Repair,,5253.29,5253.29,1,,$107.21,49.0
CLM-78503,03/10/2025,Franchise_NY_12,Baseboard Replacement,,131.31,131.31,1,,$43.77,3.0
CLM-89243,2025-10-30,Franchise_FL_04,Baseboard Replacement,6.0,572.88,572.88,1,95.48,,
CLM-87241,2025-11-28,Franchise_FL_04,Dehumidifier Rental,42.0,2561.58,1362.91,0,60.99,,
CLM-56121,2025-03-31,Franchise_FL_04,Water Extraction,42.0,4077.78,2308.46,0,97.09,,
CLM-64337,07/31/2025,Franchise_NY_12,Antimicrobial Treatment,,285.98,285.98,1,,$142.99,2.0
CLM-44904,03/30/2025,Franchise_NY_12,Baseboard Replacement,,6067.68,3714.34,0,,$126.41,48.0
CLM-21079,2025-04-29,Franchise_FL_04,Drywall Repair,13.0,1407.64,1407.64,1,108.28,,
CLM-88146,"July 20, 2025",Franchise_TX_01,Water Extraction - MISC,49.0,950.6,698.44,0,,19.4,
CLM-88799,01/01/2026,Franchise_NY_12,Antimicrobial Treatment,,143.04,143.04,1,,$71.52,2.0
CLM-26782,04/13/2025,Franchise_NY_12,Dehumidifier Rental,,983.16,744.65,0,,$54.62,18.0
CLM-66370,"November 08, 2025",Franchise_TX_01,Dehumidifier Rental,47.0,870.91,388.76,0,,18.53,
CLM-34969,09/04/2025,Franchise_NY_12,Antimicrobial Treatment,,3187.8,2838.7,0,,$70.84,45.0
CLM-16671,2025-10-12,Franchise_FL_04,Antimicrobial Treatment,18.0,1803.42,1803.42,1,100.19,,
CLM-49460,10/18/2025,Franchise_NY_12,Antimicrobial Treatment,,1450.2,1450.2,1,,$120.85,12.0
CLM-57312,"July 05, 2025",Franchise_TX_01,Baseboard Replacement,34.0,3951.48,3951.48,1,,116.22,
CLM-28021,05/19/2025,Franchise_NY_12,Baseboard Replacement,,3861.5,2551.99,0,,$77.23,50.0
CLM-30551,08/19/2025,Franchise_NY_12,Antimicrobial Treatment,,1510.96,1510.96,1,,$68.68,22.0
CLM-31705,"November 19, 2025",Franchise_TX_01,Dehumidifier Rental - MISC,39.0,4443.66,4443.66,1,,113.94,
CLM-47935,2025-01-12,Franchise_FL_04,Water Extraction,15.0,497.55,497.55,1,33.17,,
CLM-93081,04/24/2025,Franchise_NY_12,Antimicrobial Treatment,,1313.55,1313.55,1,,$48.65,27.0
CLM-10513,06/11/2025,Franchise_NY_12,Dehumidifier Rental,,5656.8,3555.99,0,,$141.42,40.0
CLM-58960,"August 07, 2025",Franchise_TX_01,Water Extraction - MISC,15.0,1961.4,1961.4,1,,130.76,
CLM-34477,"July 19, 2025",Franchise_TX_01,Baseboard Replacement,29.0,1028.63,438.1,0,,35.47,
CLM-63916,11/28/2025,Franchise_NY_12,Baseboard Replacement,,3771.75,3771.75,1,,$80.25,47.0
CLM-86268,"March 22, 2025",Franchise_TX_01,Water Extraction,15.0,665.25,665.25,1,,44.35,
CLM-46477,09/19/2025,Franchise_NY_12,Drywall Repair,,2828.77,2828.77,1,,$57.73,49.0
CLM-28261,2025-02-15,Franchise_FL_04,Drywall Repair,49.0,2649.92,1151.96,0,54.08,,
CLM-40358,"January 07, 2025",Franchise_TX_01,Dehumidifier Rental,38.0,1430.32,1430.32,1,,37.64,
CLM-99023,"September 08, 2025",Franchise_TX_01,Baseboard Replacement,16.0,2068.48,2068.48,1,,129.28,
CLM-53581,2025-08-24,Franchise_FL_04,Dehumidifier Rental,45.0,,1950.3,1,43.34,,
CLM-87327,"August 14, 2025",Franchise_TX_01,Dehumidifier Rental,10.0,1177.0,495.8,0,,117.7,
CLM-98476,2025-04-13,Franchise_FL_04,Water Extraction,21.0,964.53,964.53,1,45.93,,
CLM-74544,2025-01-12,Franchise_FL_04,Baseboard Replacement,22.0,2810.06,2157.01,0,127.73,,
CLM-29535,"April 08, 2025",Franchise_TX_01,Dehumidifier Rental,14.0,1286.6,1286.6,1,,91.9,
CLM-26386,"April 18, 2025",Franchise_TX_01,Dehumidifier Rental - MISC,49.0,6579.72,6579.72,1,,134.28,
CLM-94813,04/16/2025,Franchise_NY_12,Baseboard Replacement,,3220.12,3220.12,1,,$84.74,38.0
CLM-51695,04/05/2025,Franchise_NY_12,Water Extraction,,1047.27,756.17,0,,$149.61,7.0
CLM-69669,2025-08-21,Franchise_FL_04,Baseboard Replacement,16.0,1674.4,1055.04,0,104.65,,
CLM-25103,02/01/2025,Franchise_NY_12,Baseboard Replacement,,450.34,450.34,1,,$19.58,23.0
CLM-86700,2025-03-23,Franchise_FL_04,Drywall Repair,26.0,2379.0,1101.56,0,91.5,,
CLM-17512,2025-02-20,Franchise_FL_04,Baseboard Replacement,45.0,1076.85,1076.85,1,23.93,,
CLM-98396,05/01/2025,Franchise_NY_12,Baseboard Replacement,,3163.24,3163.24,1,,$102.04,31.0
CLM-97989,"December 02, 2025",Franchise_TX_01,Drywall Repair - MISC,33.0,2674.98,2368.32,0,,81.06,
CLM-83181,"February 20, 2025",Franchise_TX_01,Antimicrobial Treatment,6.0,552.06,552.06,1,,92.01,
CLM-38298,"May 17, 2025",Franchise_TX_01,Drywall Repair,47.0,4468.29,4468.29,1,,95.07,
CLM-86084,"June 26, 2025",Franchise_TX_01,Dehumidifier Rental,49.0,2147.18,2147.18,1,,43.82,
CLM-51711,10/03/2025,Franchise_NY_12,Dehumidifier Rental,,3526.1,3526.1,1,,$95.3,37.0
CLM-42160,"May 18, 2025",Franchise_TX_01,Antimicrobial Treatment,38.0,4694.9,4694.9,1,,123.55,
CLM-63127,"January 19, 2025",Franchise_TX_01,Baseboard Replacement,42.0,1905.96,1682.74,0,,45.38,
CLM-14321,2025-12-20,Franchise_FL_04,Dehumidifier Rental,22.0,947.1,947.1,1,43.05,,
CLM-10667,"November 21, 2025",Franchise_TX_01,Dehumidifier Rental,30.0,666.9,666.9,1,,22.23,
CLM-31951,2025-02-16,Franchise_FL_04,Antimicrobial Treatment,20.0,,823.78,0,83.57,,
CLM-85804,01/28/2025,Franchise_NY_12,Drywall Repair,,304.15,126.92,0,,$60.83,5.0
CLM-20697,2025-11-21,Franchise_FL_04,Antimicrobial Treatment,18.0,1631.52,1631.52,1,90.64,,
CLM-17666,"January 30, 2025",Franchise_TX_01,Dehumidifier Rental,12.0,1145.16,1145.16,1,,95.43,
CLM-14841,"January 25, 2025",Franchise_TX_01,Baseboard Replacement,40.0,5447.2,2581.08,0,,136.18,
CLM-72306,05/29/2025,Franchise_NY_12,Water Extraction,,2325.76,2325.76,1,,$145.36,16.0
CLM-95328,"March 11, 2025",Franchise_TX_01,Antimicrobial Treatment,43.0,5284.7,5284.7,1,,122.9,
CLM-45878,2025-10-02,Franchise_FL_04,Baseboard Replacement,47.0,2737.28,2737.28,1,58.24,,
CLM-91506,05/01/2025,Franchise_NY_12,Water Extraction,,1171.62,1171.62,1,,$25.47,46.0
CLM-53084,"November 22, 2025",Franchise_TX_01,Baseboard Replacement,30.0,1626.3,1626.3,1,,54.21,
CLM-62789,07/18/2025,Franchise_NY_12,Baseboard Replacement,,335.4,185.77,0,,$16.77,20.0
CLM-98894,"September 01, 2025",Franchise_TX_01,Antimicrobial Treatment,14.0,1762.46,788.62,0,,125.89,
CLM-89109,"December 18, 2025",Franchise_TX_01,Dehumidifier Rental,35.0,1556.45,1556.45,1,,44.47,
CLM-85170,"November 04, 2025",Franchise_TX_01,Baseboard Replacement,47.0,2720.36,2720.36,1,,57.88,
CLM-90064,"August 30, 2025",Franchise_TX_01,Antimicrobial Treatment,24.0,1108.8,1108.8,1,,46.2,
CLM-16854,2025-05-23,Franchise_FL_04,Baseboard Replacement,1.0,92.76,92.76,1,92.76,,
CLM-20035,"September 08, 2025",Franchise_TX_01,Drywall Repair - MISC,37.0,1257.26,1257.26,1,,33.98,
CLM-94961,"October 04, 2025",Franchise_TX_01,Dehumidifier Rental,33.0,1321.32,1078.41,0,,40.04,
CLM-94179,"September 11, 2025",Franchise_TX_01,Drywall Repair,49.0,3844.54,3844.54,1,,78.46,
CLM-87267,2025-07-11,Franchise_FL_04,Dehumidifier Rental,29.0,2407.58,2407.58,1,83.02,,
CLM-47689,01/14/2025,Franchise_NY_12,Antimicrobial Treatment,,1089.84,781.92,0,,$57.36,19.0
CLM-99535,01/17/2025,Franchise_NY_12,Drywall Repair,,728.42,728.42,1,,$52.03,14.0
CLM-85641,02/06/2025,Franchise_NY_12,Antimicrobial Treatment,,3444.56,3444.56,1,,$123.02,28.0
CLM-23103,02/27/2025,Franchise_NY_12,Water Extraction,,4097.28,1999.33,0,,$128.04,32.0
CLM-10177,2025-01-08,Franchise_FL_04,Antimicrobial Treatment,12.0,209.52,113.89,0,17.46,,
CLM-39946,2025-07-12,Franchise_FL_04,Dehumidifier Rental,43.0,,2719.75,1,63.25,,
CLM-76646,02/12/2025,Franchise_NY_12,Dehumidifier Rental,,142.28,142.28,1,,$142.28,1.0
CLM-12004,2025-06-08,Franchise_FL_04,Drywall Repair,25.0,1476.5,1142.75,0,59.06,,
CLM-64082,03/11/2025,Franchise_NY_12,Antimicrobial Treatment,,2248.38,1309.11,0,,$124.91,18.0
CLM-94452,2025-08-27,Franchise_FL_04,Drywall Repair,30.0,3448.5,2865.01,0,114.95,,
CLM-35450,2025-03-29,Franchise_FL_04,Drywall Repair,45.0,1578.15,1578.15,1,35.07,,
CLM-82526,"September 09, 2025",Franchise_TX_01,Water Extraction,26.0,475.8,475.8,1,,18.3,
CLM-86683,2025-12-11,Franchise_FL_04,Dehumidifier Rental,36.0,3502.8,3502.8,1,97.3,,
CLM-51477,11/17/2025,Franchise_NY_12,Drywall Repair,,1773.72,1773.72,1,,$68.22,26.0
CLM-62882,"December 18, 2025",Franchise_TX_01,Water Extraction,37.0,5182.59,2889.14,0,,140.07,
CLM-86368,2025-10-07,Franchise_FL_04,Dehumidifier Rental,17.0,1886.66,1886.66,1,110.98,,
CLM-63177,2025-01-29,Franchise_FL_04,Baseboard Replacement,16.0,1794.24,1794.24,1,112.14,,
CLM-13285,03/10/2025,Franchise_NY_12,Baseboard Replacement,,3817.53,1546.34,0,,$141.39,27.0
CLM-51326,05/18/2025,Franchise_NY_12,Antimicrobial Treatment,,4010.76,4010.76,1,,$102.84,39.0
CLM-79175,10/26/2025,Franchise_NY_12,Drywall Repair,,360.15,222.1,0,,$120.05,3.0
CLM-87533,2025-10-31,Franchise_FL_04,Dehumidifier Rental,43.0,3369.91,1576.47,0,78.37,,
CLM-71547,02/25/2025,Franchise_NY_12,Dehumidifier Rental,,5115.11,5115.11,1,,$104.39,49.0
CLM-11849,12/29/2025,Franchise_NY_12,Dehumidifier Rental,,185.15,158.88,0,,$37.03,5.0
CLM-33278,11/10/2025,Franchise_NY_12,Drywall Repair,,3269.9,3269.9,1,,$86.05,38.0
CLM-87246,01/13/2025,Franchise_NY_12,Water Extraction,,1339.5,1339.5,1,,$26.79,50.0
CLM-74244,06/22/2025,Franchise_NY_12,Baseboard Replacement,,518.67,518.67,1,,$57.63,9.0
CLM-79784,07/24/2025,Franchise_NY_12,Baseboard Replacement,,721.1,721.1,1,,$144.22,5.0
CLM-14123,"November 25, 2025",Franchise_TX_01,Antimicrobial Treatment,46.0,3528.2,3528.2,1,,76.7,
CLM-33919,05/30/2025,Franchise_NY_12,Baseboard Replacement,,3221.64,3221.64,1,,$89.49,36.0
CLM-61810,"March 19, 2025",Franchise_TX_01,Baseboard Replacement,40.0,844.4,513.13,0,,21.11,
CLM-78494,2025-04-21,Franchise_FL_04,Drywall Repair,45.0,3601.8,3601.8,1,80.04,,
CLM-64281,2025-04-07,Franchise_FL_04,Dehumidifier Rental,18.0,,2078.1,1,115.45,,
CLM-91956,"June 27, 2025",Franchise_TX_01,Baseboard Replacement,13.0,1749.41,895.48,0,,134.57,
CLM-81635,12/25/2025,Franchise_NY_12,Baseboard Replacement,,1453.0,1453.0,1,,$145.3,10.0
CLM-28669,2025-12-22,Franchise_FL_04,Dehumidifier Rental,36.0,5142.96,5142.96,1,142.86,,
CLM-77527,04/16/2025,Franchise_NY_12,Baseboard Replacement,,2376.22,2091.13,0,,$108.01,22.0
CLM-13677,10/10/2025,Franchise_NY_12,Drywall Repair,,4141.5,2854.64,0,,$82.83,50.0
CLM-69712,08/17/2025,Franchise_NY_12,Drywall Repair,,5566.98,3901.16,0,,$135.78,41.0
CLM-24890,02/15/2025,Franchise_NY_12,Dehumidifier Rental,,4724.8,4724.8,1,,$147.65,32.0
CLM-91117,2025-03-15,Franchise_FL_04,Drywall Repair,47.0,5995.32,5995.32,1,127.56,,
CLM-12278,2025-10-02,Franchise_FL_04,Baseboard Replacement,38.0,3475.48,1934.33,0,91.46,,
CLM-95370,03/23/2025,Franchise_NY_12,Antimicrobial Treatment,,509.08,509.08,1,,$23.14,22.0
CLM-44504,2025-09-13,Franchise_FL_04,Baseboard Replacement,26.0,3429.14,1821.14,0,131.89,,
CLM-92123,"April 06, 2025",Franchise_TX_01,Antimicrobial Treatment,49.0,2015.86,1789.59,0,,41.14,
CLM-14307,"January 12, 2025",Franchise_TX_01,Baseboard Replacement,29.0,1961.56,1961.56,1,,67.64,
CLM-74256,2025-03-27,Franchise_FL_04,Drywall Repair,32.0,907.84,506.81,0,28.37,,
CLM-19133,"April 04, 2025",Franchise_TX_01,Antimicrobial Treatment,15.0,633.15,633.15,1,,42.21,
CLM-83356,2025-10-30,Franchise_FL_04,Dehumidifier Rental,7.0,264.11,264.11,1,37.73,,
CLM-90283,2025-01-20,Franchise_FL_04,Dehumidifier Rental,36.0,3831.84,3831.84,1,106.44,,
CLM-88590,03/04/2025,Franchise_NY_12,Baseboard Replacement,,1042.08,704.54,0,,$130.26,8.0
CLM-22189,"August 11, 2025",Franchise_TX_01,Antimicrobial Treatment,32.0,4392.32,2648.05,0,,137.26,
CLM-85636,2025-07-20,Franchise_FL_04,Antimicrobial Treatment,20.0,1606.6,1606.6,1,80.33,,
CLM-54982,2025-01-17,Franchise_FL_04,Water Extraction,10.0,949.1,671.44,0,94.91,,
CLM-73439,01/28/2025,Franchise_NY_12,Baseboard Replacement,,2714.6,2714.6,1,,$77.56,35.0
CLM-52015,"April 06, 2025",Franchise_TX_01,Drywall Repair,37.0,5269.91,5269.91,1,,142.43,
CLM-61495,07/14/2025,Franchise_NY_12,Antimicrobial Treatment,,2299.5,2299.5,1,,$91.98,25.0
CLM-98231,2025-10-15,Franchise_FL_04,Baseboard Replacement,14.0,1164.66,1164.66,1,83.19,,
CLM-80055,2025-06-13,Franchise_FL_04,Water Extraction,2.0,31.56,31.56,1,15.78,,
CLM-88873,04/10/2025,Franchise_NY_12,Antimicrobial Treatment,,4717.05,3739.68,0,,$115.05,41.0
CLM-98774,03/11/2025,Franchise_NY_12,Dehumidifier Rental,,264.02,264.02,1,,$132.01,2.0
CLM-27512,01/30/2025,Franchise_NY_12,Dehumidifier Rental,,1762.62,1762.62,1,,$60.78,29.0
CLM-40264,11/01/2025,Franchise_NY_12,Drywall Repair,,553.5,553.5,1,,$55.35,10.0
CLM-80564,12/31/2025,Franchise_NY_12,Drywall Repair,,872.78,371.04,0,,$51.34,17.0
CLM-20907,06/28/2025,Franchise_NY_12,Dehumidifier Rental,,1686.63,1686.63,1,,$88.77,19.0
CLM-37197,"September 09, 2025",Franchise_TX_01,Dehumidifier Rental - MISC,50.0,1552.0,1552.0,1,,31.04,
CLM-44776,2025-08-23,Franchise_FL_04,Antimicrobial Treatment,35.0,2157.75,1489.5,0,61.65,,
CLM-92844,2025-12-05,Franchise_FL_04,Antimicrobial Treatment,37.0,4339.36,2892.65,0,117.28,,
CLM-79442,"May 03, 2025",Franchise_TX_01,Drywall Repair,13.0,256.23,256.23,1,,19.71,
CLM-93133,2025-04-28,Franchise_FL_04,Antimicrobial Treatment,41.0,1292.32,1292.32,1,31.52,,
CLM-45665,"October 26, 2025",Franchise_TX_01,Baseboard Replacement,39.0,4647.63,4647.63,1,,119.17,
CLM-65013,06/21/2025,Franchise_NY_12,Dehumidifier Rental,,1183.2,1183.2,1,,$34.8,34.0
CLM-73316,2025-09-09,Franchise_FL_04,Drywall Repair,4.0,389.4,389.4,1,97.35,,
CLM-31183,03/09/2025,Franchise_NY_12,Antimicrobial Treatment,,1776.96,1776.96,1,,$111.06,16.0
CLM-46256,2025-05-31,Franchise_FL_04,Antimicrobial Treatment,11.0,669.9,669.9,1,60.9,,
CLM-95799,07/04/2025,Franchise_NY_12,Baseboard Replacement,,5664.96,2457.16,0,,$118.02,48.0
CLM-49670,2025-02-20,Franchise_FL_04,Water Extraction,38.0,5139.12,3101.05,0,135.24,,
CLM-23125,2025-04-05,Franchise_FL_04,Water Extraction,41.0,3187.75,3187.75,1,77.75,,
CLM-46208,"November 23, 2025",Franchise_TX_01,Baseboard Replacement,36.0,2769.84,1535.14,0,,76.94,
CLM-13952,09/06/2025,Franchise_NY_12,Baseboard Replacement,,3459.7,3459.7,1,,$119.3,29.0
CLM-98354,"June 25, 2025",Franchise_TX_01,Baseboard Replacement,39.0,1281.54,1281.54,1,,32.86,
CLM-84894,"September 14, 2025",Franchise_TX_01,Baseboard Replacement,50.0,4297.5,2963.98,0,,85.95,
CLM-69530,10/01/2025,Franchise_NY_12,Drywall Repair,,3959.1,3959.1,1,,$131.97,30.0
CLM-79769,"October 02, 2025",Franchise_TX_01,Drywall Repair - MISC,44.0,4772.68,4772.68,1,,108.47,
CLM-69418,2025-01-12,Franchise_FL_04,Dehumidifier Rental,9.0,1058.22,1058.22,1,117.58,,
CLM-31326,10/01/2025,Franchise_NY_12,Baseboard Replacement,,1447.68,1447.68,1,,$120.64,12.0
CLM-11426,"October 27, 2025",Franchise_TX_01,Water Extraction,16.0,608.0,344.82,0,,38.0,
CLM-22159,"March 24, 2025",Franchise_TX_01,Antimicrobial Treatment,2.0,151.7,92.18,0,,75.85,
CLM-46625,"February 24, 2025",Franchise_TX_01,Dehumidifier Rental,40.0,5990.8,3662.32,0,,149.77,
CLM-19661,10/14/2025,Franchise_NY_12,Water Extraction,,1702.44,1702.44,1,,$47.29,36.0
CLM-87474,"September 08, 2025",Franchise_TX_01,Drywall Repair,44.0,2852.96,2852.96,1,,64.84,
CLM-64588,"May 14, 2025",Franchise_TX_01,Dehumidifier Rental,10.0,1424.2,1424.2,1,,142.42,
CLM-40397,12/19/2025,Franchise_NY_12,Water Extraction,,2286.2,1686.9,0,,$114.31,20.0
CLM-58987,2025-05-31,Franchise_FL_04,Antimicrobial Treatment,5.0,,479.0,1,95.8,,
CLM-58802,12/18/2025,Franchise_NY_12,Antimicrobial Treatment,,2715.24,2715.24,1,,$79.86,34.0
CLM-64960,04/29/2025,Franchise_NY_12,Water Extraction,,1059.89,1059.89,1,,$34.19,31.0
CLM-34009,2025-02-15,Franchise_FL_04,Baseboard Replacement,37.0,3228.99,3228.99,1,87.27,,
CLM-14434,2025-03-09,Franchise_FL_04,Drywall Repair,11.0,541.09,321.89,0,49.19,,
CLM-78628,"February 10, 2025",Franchise_TX_01,Dehumidifier Rental,23.0,3085.68,2253.58,0,,134.16,
CLM-87965,2025-05-21,Franchise_FL_04,Baseboard Replacement,18.0,1709.64,1527.87,0,94.98,,
CLM-88993,2025-08-27,Franchise_FL_04,Dehumidifier Rental,48.0,6844.8,6844.8,1,142.6,,
CLM-84134,"October 16, 2025",Franchise_TX_01,Drywall Repair,33.0,2261.49,1234.14,0,,68.53,
CLM-16022,"January 11, 2025",Franchise_TX_01,Baseboard Replacement,31.0,2050.03,2050.03,1,,66.13,
CLM-45693,2025-09-13,Franchise_FL_04,Baseboard Replacement,27.0,1918.89,1918.89,1,71.07,,
CLM-91813,"July 02, 2025",Franchise_TX_01,Dehumidifier Rental - MISC,43.0,4989.29,2970.69,0,,116.03,
CLM-38489,2025-03-01,Franchise_FL_04,Antimicrobial Treatment,4.0,555.44,375.27,0,138.86,,
CLM-86278,07/12/2025,Franchise_NY_12,Antimicrobial Treatment,,765.3,765.3,1,,$76.53,10.0
CLM-30059,"August 16, 2025",Franchise_TX_01,Dehumidifier Rental,21.0,2372.37,2372.37,1,,112.97,
CLM-44526,"December 01, 2025",Franchise_TX_01,Drywall Repair,4.0,112.04,112.04,1,,28.01,
CLM-22818,11/24/2025,Franchise_NY_12,Water Extraction,,3547.5,2575.28,0,,$141.9,25.0
CLM-18419,2025-08-15,Franchise_FL_04,Antimicrobial Treatment,14.0,,805.57,0,140.87,,
CLM-48770,"June 04, 2025",Franchise_TX_01,Drywall Repair,36.0,630.72,630.72,1,,17.52,
CLM-35859,01/11/2025,Franchise_NY_12,Drywall Repair,,419.56,419.56,1,,$24.68,17.0
CLM-22133,2025-02-21,Franchise_FL_04,Dehumidifier Rental,29.0,3955.89,3955.89,1,136.41,,
CLM-32872,"September 15, 2025",Franchise_TX_01,Baseboard Replacement,32.0,3648.96,3648.96,1,,114.03,
CLM-49110,"February 09, 2025",Franchise_TX_01,Drywall Repair,6.0,799.8,799.8,1,,133.3,
CLM-34797,12/12/2025,Franchise_NY_12,Baseboard Replacement,,782.42,782.42,1,,$41.18,19.0
CLM-60073,2025-06-28,Franchise_FL_04,Dehumidifier Rental,49.0,2671.97,1097.07,0,54.53,,
CLM-27270,"February 18, 2025",Franchise_TX_01,Water Extraction,19.0,1726.91,1726.91,1,,90.89,
CLM-71788,07/18/2025,Franchise_NY_12,Drywall Repair,,4138.48,2687.81,0,,$121.72,34.0
CLM-23174,2025-03-25,Franchise_FL_04,Water Extraction,9.0,207.9,207.9,1,23.1,,
CLM-52037,09/08/2025,Franchise_NY_12,Dehumidifier Rental,,665.84,665.84,1,,$47.56,14.0
CLM-95173,"September 25, 2025",Franchise_TX_01,Baseboard Replacement - MISC,1.0,58.01,47.88,0,,58.01,
CLM-17995,2025-11-21,Franchise_FL_04,Dehumidifier Rental,40.0,1240.8,1240.8,1,31.02,,
CLM-48365,10/04/2025,Franchise_NY_12,Dehumidifier Rental,,420.16,191.02,0,,$52.52,8.0
CLM-23570,2025-03-31,Franchise_FL_04,Dehumidifier Rental,40.0,2064.4,1590.31,0,51.61,,
CLM-31237,10/02/2025,Franchise_NY_12,Baseboard Replacement,,1442.67,1442.67,1,,$75.93,19.0
CLM-34474,"April 26, 2025",Franchise_TX_01,Dehumidifier Rental - MISC,23.0,869.17,453.21,0,,37.79,
CLM-11799,"July 13, 2025",Franchise_TX_01,Antimicrobial Treatment - MISC,9.0,951.03,650.0,0,,105.67,
CLM-73270,"September 19, 2025",Franchise_TX_01,Antimicrobial Treatment,24.0,3131.28,3131.28,1,,130.47,
CLM-64940,2025-06-24,Franchise_FL_04,Baseboard Replacement,11.0,195.69,98.11,0,17.79,,
CLM-36518,08/15/2025,Franchise_NY_12,Baseboard Replacement,,1158.93,1158.93,1,,$128.77,9.0
CLM-53594,"May 01, 2025",Franchise_TX_01,Dehumidifier Rental,25.0,880.5,880.5,1,,35.22,
CLM-91590,01/21/2025,Franchise_NY_12,Dehumidifier Rental,,1340.4,979.75,0,,$89.36,15.0
CLM-83542,12/30/2025,Franchise_NY_12,Dehumidifier Rental,,2045.82,2045.82,1,,$146.13,14.0
CLM-59214,2025-10-22,Franchise_FL_04,Water Extraction,11.0,426.03,426.03,1,38.73,,
CLM-81265,"August 25, 2025",Franchise_TX_01,Water Extraction - MISC,50.0,5570.0,5570.0,1,,111.4,
CLM-24631,2025-11-07,Franchise_FL_04,Water Extraction,19.0,1659.84,1028.7,0,87.36,,
CLM-45187,2025-05-24,Franchise_FL_04,Antimicrobial Treatment,7.0,578.41,578.41,1,82.63,,
CLM-95801,"July 02, 2025",Franchise_TX_01,Antimicrobial Treatment,23.0,789.36,789.36,1,,34.32,
CLM-44956,2025-11-13,Franchise_FL_04,Antimicrobial Treatment,50.0,7243.5,7243.5,1,144.87,,
CLM-40060,"March 12, 2025",Franchise_TX_01,Baseboard Replacement - MISC,43.0,5393.92,5393.92,1,,125.44,
CLM-92780,"August 20, 2025",Franchise_TX_01,Dehumidifier Rental,7.0,973.35,973.35,1,,139.05,
CLM-76717,"March 31, 2025",Franchise_TX_01,Dehumidifier Rental,27.0,2525.58,2525.58,1,,93.54,
CLM-40974,"November 23, 2025",Franchise_TX_01,Baseboard Replacement,38.0,5684.42,5684.42,1,,149.59,
CLM-70609,05/22/2025,Franchise_NY_12,Baseboard Replacement,,1137.0,1137.0,1,,$94.75,12.0
CLM-83023,04/13/2025,Franchise_NY_12,Water Extraction,,318.36,221.91,0,,$53.06,6.0
CLM-89286,2025-04-18,Franchise_FL_04,Antimicrobial Treatment,44.0,1774.52,1774.52,1,40.33,,
CLM-23813,"October 23, 2025",Franchise_TX_01,Drywall Repair - MISC,34.0,1858.1,1858.1,1,,54.65,
CLM-53492,2025-01-08,Franchise_FL_04,Antimicrobial Treatment,27.0,3355.56,3355.56,1,124.28,,
CLM-42489,02/18/2025,Franchise_NY_12,Water Extraction,,1620.32,1156.45,0,,$124.64,13.0
CLM-12203,2025-07-21,Franchise_FL_04,Water Extraction,32.0,4667.52,4667.52,1,145.86,,
CLM-50390,12/21/2025,Franchise_NY_12,Water Extraction,,3684.12,3684.12,1,,$83.73,44.0
CLM-52190,2025-03-19,Franchise_FL_04,Drywall Repair,49.0,3547.11,1860.25,0,72.39,,
CLM-81371,2025-04-03,Franchise_FL_04,Baseboard Replacement,50.0,3499.0,3499.0,1,69.98,,
CLM-35471,"January 22, 2025",Franchise_TX_01,Antimicrobial Treatment - MISC,12.0,1289.88,1289.88,1,,107.49,
CLM-45220,"October 17, 2025",Franchise_TX_01,Dehumidifier Rental - MISC,44.0,2538.8,2538.8,1,,57.7,
CLM-66650,"August 06, 2025",Franchise_TX_01,Baseboard Replacement - MISC,34.0,4941.22,2410.06,0,,145.33,
CLM-70749,"April 11, 2025",Franchise_TX_01,Water Extraction,11.0,1515.69,1107.39,0,,137.79,
CLM-70369,04/28/2025,Franchise_NY_12,Water Extraction,,5433.6,5433.6,1,,$135.84,40.0
CLM-44584,2025-06-06,Franchise_FL_04,Drywall Repair,34.0,4586.94,4586.94,1,134.91,,
CLM-52120,"April 19, 2025",Franchise_TX_01,Antimicrobial Treatment - MISC,37.0,864.69,420.64,0,,23.37,
CLM-76537,"August 02, 2025",Franchise_TX_01,Baseboard Replacement,7.0,404.95,404.95,1,,57.85,
CLM-35780,2025-04-20,Franchise_FL_04,Baseboard Replacement,49.0,5987.31,5987.31,1,122.19,,
CLM-76252,"November 12, 2025",Franchise_TX_01,Drywall Repair,18.0,937.98,937.98,1,,52.11,
CLM-52228,"August 17, 2025",Franchise_TX_01,Antimicrobial Treatment,2.0,38.48,22.04,0,,19.24,
CLM-54983,2025-09-14,Franchise_FL_04,Water Extraction,35.0,2196.95,2196.95,1,62.77,,
CLM-49819,2025-11-24,Franchise_FL_04,Dehumidifier Rental,7.0,842.24,842.24,1,120.32,,
CLM-55988,"August 17, 2025",Franchise_TX_01,Dehumidifier Rental,10.0,458.5,409.94,0,,45.85,
CLM-19348,2025-06-16,Franchise_FL_04,Drywall Repair,38.0,2979.96,2979.96,1,78.42,,
CLM-18451,"November 03, 2025",Franchise_TX_01,Baseboard Replacement,27.0,3808.62,2559.3,0,,141.06,
CLM-24511,2025-01-22,Franchise_FL_04,Antimicrobial Treatment,16.0,2033.12,2033.12,1,127.07,,
CLM-73008,"October 02, 2025",Franchise_TX_01,Baseboard Replacement - MISC,24.0,2259.12,2259.12,1,,94.13,
CLM-52560,2025-10-13,Franchise_FL_04,Baseboard Replacement,5.0,391.0,391.0,1,78.2,,
CLM-25655,2025-05-06,Franchise_FL_04,Dehumidifier Rental,43.0,5520.34,4040.19,0,128.38,,
CLM-97345,"December 25, 2025",Franchise_TX_01,Dehumidifier Rental,46.0,964.16,964.16,1,,20.96,
CLM-84480,02/28/2025,Franchise_NY_12,Water Extraction,,1397.76,799.16,0,,$99.84,14.0
CLM-81828,"December 20, 2025",Franchise_TX_01,Baseboard Replacement,7.0,156.24,156.24,1,,22.32,
CLM-84701,"September 19, 2025",Franchise_TX_01,Drywall Repair,20.0,2973.8,2624.44,0,,148.69,
CLM-44106,2025-05-17,Franchise_FL_04,Antimicrobial Treatment,39.0,5305.17,5305.17,1,136.03,,
CLM-69963,2025-01-10,Franchise_FL_04,Baseboard Replacement,46.0,5987.36,5987.36,1,130.16,,
CLM-11361,"November 14, 2025",Franchise_TX_01,Water Extraction,42.0,6010.62,6010.62,1,,143.11,
CLM-27346,04/17/2025,Franchise_NY_12,Baseboard Replacement,,2928.22,2928.22,1,,$71.42,41.0
CLM-47386,2025-03-04,Franchise_FL_04,Water Extraction,18.0,,2280.06,1,126.67,,
CLM-99748,10/01/2025,Franchise_NY_12,Baseboard Replacement,,2616.18,2616.18,1,,$62.29,42.0
CLM-25686,2025-11-04,Franchise_FL_04,Drywall Repair,22.0,459.8,459.8,1,20.9,,
CLM-63665,2025-03-20,Franchise_FL_04,Dehumidifier Rental,27.0,4041.9,4041.9,1,149.7,,
CLM-98537,"March 22, 2025",Franchise_TX_01,Water Extraction - MISC,2.0,264.12,264.12,1,,132.06,
CLM-87318,"March 29, 2025",Franchise_TX_01,Drywall Repair,49.0,950.6,834.81,0,,19.4,
CLM-27004,03/09/2025,Franchise_NY_12,Drywall Repair,,772.5,772.5,1,,$25.75,30.0
CLM-39300,2025-04-02,Franchise_FL_04,Dehumidifier Rental,11.0,,663.96,1,60.36,,
CLM-66573,2025-01-11,Franchise_FL_04,Dehumidifier Rental,17.0,1427.49,1427.49,1,83.97,,
CLM-15061,"June 17, 2025",Franchise_TX_01,Antimicrobial Treatment,50.0,1729.5,1729.5,1,,34.59,
CLM-20219,10/26/2025,Franchise_NY_12,Water Extraction,,5984.1,5984.1,1,,$132.98,45.0
CLM-14862,"November 23, 2025",Franchise_TX_01,Water Extraction,41.0,701.51,701.51,1,,17.11,
CLM-35257,2025-01-04,Franchise_FL_04,Dehumidifier Rental,30.0,2039.4,1509.92,0,67.98,,
CLM-64467,"February 22, 2025",Franchise_TX_01,Dehumidifier Rental,24.0,1823.52,1035.58,0,,75.98,
CLM-60269,02/16/2025,Franchise_NY_12,Baseboard Replacement,,1192.8,1192.8,1,,$29.82,40.0
CLM-72619,"July 04, 2025",Franchise_TX_01,Drywall Repair,12.0,1478.64,772.14,0,,123.22,
CLM-58396,"July 18, 2025",Franchise_TX_01,Water Extraction,15.0,2196.0,2196.0,1,,146.4,
CLM-76553,05/14/2025,Franchise_NY_12,Water Extraction,,3713.85,2083.16,0,,$106.11,35.0
CLM-75602,"July 20, 2025",Franchise_TX_01,Drywall Repair - MISC,36.0,1556.28,712.2,0,,43.23,
CLM-97975,2025-08-28,Franchise_FL_04,Drywall Repair,14.0,1094.52,1094.52,1,78.18,,
CLM-47467,05/15/2025,Franchise_NY_12,Water Extraction,,832.04,688.32,0,,$18.91,44.0
CLM-91856,05/24/2025,Franchise_NY_12,Water Extraction,,2656.96,2656.96,1,,$139.84,19.0
CLM-33186,2025-01-04,Franchise_FL_04,Dehumidifier Rental,45.0,3445.2,3445.2,1,76.56,,
CLM-15911,2025-02-03,Franchise_FL_04,Drywall Repair,32.0,1829.76,1107.52,0,57.18,,
CLM-83262,09/14/2025,Franchise_NY_12,Drywall Repair,,2913.63,2913.63,1,,$100.47,29.0
CLM-32885,2025-05-13,Franchise_FL_04,Baseboard Replacement,4.0,396.04,396.04,1,99.01,,
CLM-42735,05/07/2025,Franchise_NY_12,Baseboard Replacement,,3608.0,3608.0,1,,$90.2,40.0
CLM-27106,2025-08-10,Franchise_FL_04,Dehumidifier Rental,10.0,886.9,886.9,1,88.69,,
CLM-36882,01/29/2025,Franchise_NY_12,Drywall Repair,,972.88,972.88,1,,$121.61,8.0
CLM-26925,07/02/2025,Franchise_NY_12,Water Extraction,,560.4,560.4,1,,$23.35,24.0
CLM-55706,"October 12, 2025",Franchise_TX_01,Drywall Repair,47.0,4421.29,4421.29,1,,94.07,
CLM-56863,"December 29, 2025",Franchise_TX_01,Dehumidifier Rental,28.0,593.6,593.6,1,,21.2,
CLM-51223,2025-03-12,Franchise_FL_04,Water Extraction,49.0,7168.7,7168.7,1,146.3,,
CLM-15475,"February 21, 2025",Franchise_TX_01,Baseboard Replacement - MISC,7.0,818.65,818.65,1,,116.95,
CLM-58677,2025-08-06,Franchise_FL_04,Antimicrobial Treatment,17.0,1213.46,1031.29,0,71.38,,
CLM-43930,2025-07-05,Franchise_FL_04,Dehumidifier Rental,22.0,1732.5,1732.5,1,78.75,,
CLM-19474,"January 01, 2025",Franchise_TX_01,Dehumidifier Rental,29.0,3852.07,3023.22,0,,132.83,
CLM-12465,11/29/2025,Franchise_NY_12,Drywall Repair,,210.9,210.9,1,,$105.45,2.0
CLM-98189,03/10/2025,Franchise_NY_12,Drywall Repair,,2509.99,2509.99,1,,$109.13,23.0
CLM-94872,06/06/2025,Franchise_NY_12,Dehumidifier Rental,,5113.08,2114.58,0,,$121.74,42.0
CLM-43171,2025-04-09,Franchise_FL_04,Water Extraction,1.0,,46.53,0,69.42,,
CLM-83570,2025-04-25,Franchise_FL_04,Baseboard Replacement,2.0,286.08,126.39,0,143.04,,
CLM-81434,"January 31, 2025",Franchise_TX_01,Antimicrobial Treatment,28.0,543.48,367.6,0,,19.41,
CLM-52888,"February 22, 2025",Franchise_TX_01,Water Extraction,4.0,564.96,564.96,1,,141.24,
CLM-19449,08/03/2025,Franchise_NY_12,Antimicrobial Treatment,,67.32,32.15,0,,$67.32,1.0
CLM-44784,05/27/2025,Franchise_NY_12,Baseboard Replacement,,2478.33,2478.33,1,,$91.79,27.0
CLM-38329,2025-03-12,Franchise_FL_04,Drywall Repair,47.0,,1909.14,1,40.62,,
CLM-81387,2025-11-10,Franchise_FL_04,Dehumidifier Rental,16.0,858.72,610.54,0,53.67,,
CLM-73235,2025-12-30,Franchise_FL_04,Drywall Repair,32.0,4323.2,4323.2,1,135.1,,
CLM-23531,"March 28, 2025",Franchise_TX_01,Dehumidifier Rental,2.0,222.18,222.18,1,,111.09,
CLM-32092,01/06/2025,Franchise_NY_12,Baseboard Replacement,,585.75,245.6,0,,$53.25,11.0
CLM-18088,"July 21, 2025",Franchise_TX_01,Drywall Repair - MISC,24.0,451.92,451.92,1,,18.83,
CLM-51176,"November 22, 2025",Franchise_TX_01,Dehumidifier Rental,1.0,66.95,66.95,1,,66.95,
CLM-10763,"March 24, 2025",Franchise_TX_01,Baseboard Replacement,23.0,2313.57,1426.66,0,,100.59,
CLM-51104,"April 13, 2025",Franchise_TX_01,Antimicrobial Treatment,11.0,557.7,557.7,1,,50.7,
CLM-55896,2025-05-14,Franchise_FL_04,Baseboard Replacement,39.0,2547.09,1072.61,0,65.31,,
CLM-36022,11/28/2025,Franchise_NY_12,Baseboard Replacement,,1237.0,883.55,0,,$49.48,25.0
CLM-71615,2025-02-03,Franchise_FL_04,Baseboard Replacement,15.0,1414.05,1414.05,1,94.27,,
CLM-43827,2025-02-20,Franchise_FL_04,Water Extraction,47.0,6682.93,6682.93,1,142.19,,
CLM-69979,09/04/2025,Franchise_NY_12,Antimicrobial Treatment,,5462.1,2605.33,0,,$121.38,45.0
CLM-18166,"December 11, 2025",Franchise_TX_01,Water Extraction,41.0,1480.51,1480.51,1,,36.11,
CLM-21270,2025-10-23,Franchise_FL_04,Water Extraction,34.0,2136.56,2136.56,1,62.84,,
CLM-69080,"October 12, 2025",Franchise_TX_01,Water Extraction,26.0,3808.74,3808.74,1,,146.49,
CLM-14785,06/09/2025,Franchise_NY_12,Drywall Repair,,3945.16,3945.16,1,,$103.82,38.0
CLM-40769,12/02/2025,Franchise_NY_12,Drywall Repair,,4942.7,2675.98,0,,$107.45,46.0
CLM-78988,01/24/2025,Franchise_NY_12,Baseboard Replacement,,1432.32,1432.32,1,,$29.84,48.0
CLM-29225,2025-04-21,Franchise_FL_04,Drywall Repair,12.0,,633.12,1,52.76,,
CLM-26965,"October 26, 2025",Franchise_TX_01,Drywall Repair,6.0,525.78,525.78,1,,87.63,
CLM-42341,2025-05-24,Franchise_FL_04,Antimicrobial Treatment,47.0,5691.7,5691.7,1,121.1,,
CLM-37280,2025-05-30,Franchise_FL_04,Drywall Repair,10.0,,341.21,0,43.02,,
CLM-56745,"October 24, 2025",Franchise_TX_01,Drywall Repair,6.0,358.32,207.78,0,,59.72,
CLM-77799,2025-01-26,Franchise_FL_04,Water Extraction,34.0,632.4,632.4,1,18.6,,
CLM-12496,2025-11-03,Franchise_FL_04,Antimicrobial Treatment,34.0,2628.88,2628.88,1,77.32,,
CLM-58671,2025-08-30,Franchise_FL_04,Water Extraction,6.0,220.32,161.57,0,36.72,,
CLM-26429,"September 19, 2025",Franchise_TX_01,Water Extraction,27.0,3119.04,2272.56,0,,115.52,
CLM-39014,"June 26, 2025",Franchise_TX_01,Antimicrobial Treatment,18.0,1967.58,1967.58,1,,109.31,
CLM-95114,2025-01-22,Franchise_FL_04,Dehumidifier Rental,25.0,1763.75,790.49,0,70.55,,
CLM-40150,2025-10-08,Franchise_FL_04,Antimicrobial Treatment,11.0,731.72,731.72,1,66.52,,
CLM-54952,11/20/2025,Franchise_NY_12,Drywall Repair,,3967.74,3117.93,0,,$84.42,47.0
CLM-92635,2025-06-13,Franchise_FL_04,Baseboard Replacement,38.0,1539.38,1539.38,1,40.51,,
CLM-42592,03/18/2025,Franchise_NY_12,Baseboard Replacement,,1218.23,1218.23,1,,$93.71,13.0
CLM-70044,"January 25, 2025",Franchise_TX_01,Antimicrobial Treatment - MISC,49.0,6771.31,6771.31,1,,138.19,
CLM-70032,2025-03-30,Franchise_FL_04,Dehumidifier Rental,24.0,840.0,655.58,0,35.0,,
CLM-20405,04/16/2025,Franchise_NY_12,Baseboard Replacement,,367.47,367.47,1,,$40.83,9.0
CLM-46924,2025-09-13,Franchise_FL_04,Antimicrobial Treatment,41.0,2692.88,2692.88,1,65.68,,
CLM-88310,"December 18, 2025",Franchise_TX_01,Drywall Repair,50.0,1560.0,1560.0,1,,31.2,
CLM-33638,07/10/2025,Franchise_NY_12,Water Extraction,,2321.64,1476.66,0,,$64.49,36.0
CLM-10953,2025-04-22,Franchise_FL_04,Baseboard Replacement,38.0,1178.0,893.91,0,31.0,,
CLM-93704,"June 09, 2025",Franchise_TX_01,Dehumidifier Rental,17.0,543.66,407.27,0,,31.98,
CLM-56663,2025-04-29,Franchise_FL_04,Drywall Repair,28.0,1285.76,1285.76,1,45.92,,
CLM-77359,"October 26, 2025",Franchise_TX_01,Drywall Repair,44.0,6426.2,3687.3,0,,146.05,
CLM-32753,03/11/2025,Franchise_NY_12,Dehumidifier Rental,,1519.56,1519.56,1,,$84.42,18.0
CLM-40357,"July 29, 2025",Franchise_TX_01,Drywall Repair,27.0,2798.82,2798.82,1,,103.66,
CLM-85728,"July 13, 2025",Franchise_TX_01,Water Extraction,34.0,3727.08,3727.08,1,,109.62,
CLM-23924,10/11/2025,Franchise_NY_12,Baseboard Replacement,,1731.24,1731.24,1,,$48.09,36.0
CLM-49294,2025-07-13,Franchise_FL_04,Baseboard Replacement,47.0,5914.95,5914.95,1,125.85,,
CLM-68384,2025-02-08,Franchise_FL_04,Antimicrobial Treatment,34.0,2126.7,2126.7,1,62.55,,
CLM-23919,07/21/2025,Franchise_NY_12,Antimicrobial Treatment,,806.4,674.83,0,,$40.32,20.0
CLM-50766,2025-06-29,Franchise_FL_04,Dehumidifier Rental,23.0,2969.3,2969.3,1,129.1,,
CLM-29016,2025-01-18,Franchise_FL_04,Drywall Repair,3.0,344.55,344.55,1,114.85,,
CLM-23538,01/01/2026,Franchise_NY_12,Antimicrobial Treatment,,472.92,472.92,1,,$39.41,12.0
CLM-94021,07/06/2025,Franchise_NY_12,Dehumidifier Rental,,827.2,827.2,1,,$51.7,16.0
CLM-59233,2025-10-18,Franchise_FL_04,Dehumidifier Rental,15.0,651.9,651.9,1,43.46,,
CLM-42677,2025-08-21,Franchise_FL_04,Water Extraction,37.0,,4154.73,1,112.29,,
CLM-68157,"October 02, 2025",Franchise_TX_01,Water Extraction,29.0,3951.83,2277.16,0,,136.27,
CLM-46526,2025-10-12,Franchise_FL_04,Baseboard Replacement,22.0,1562.66,1562.66,1,71.03,,
CLM-52349,11/23/2025,Franchise_NY_12,Drywall Repair,,3769.93,3769.93,1,,$101.89,37.0
CLM-72666,"August 20, 2025",Franchise_TX_01,Dehumidifier Rental,33.0,985.71,985.71,1,,29.87,
CLM-20666,"August 21, 2025",Franchise_TX_01,Baseboard Replacement,38.0,3009.98,3009.98,1,,79.21,
CLM-87780,2025-04-01,Franchise_FL_04,Dehumidifier Rental,2.0,105.52,92.37,0,52.76,,
CLM-62197,2025-02-07,Franchise_FL_04,Dehumidifier Rental,7.0,237.72,166.0,0,33.96,,
CLM-64010,06/19/2025,Franchise_NY_12,Drywall Repair,,1740.2,1740.2,1,,$49.72,35.0
CLM-89012,2025-08-26,Franchise_FL_04,Baseboard Replacement,39.0,3417.57,1494.04,0,87.63,,
CLM-21868,2025-12-20,Franchise_FL_04,Baseboard Replacement,36.0,4758.84,2584.91,0,132.19,,
CLM-48532,"July 26, 2025",Franchise_TX_01,Drywall Repair,8.0,561.84,561.84,1,,70.23,
CLM-65300,04/21/2025,Franchise_NY_12,Antimicrobial Treatment,,336.48,288.6,0,,$21.03,16.0
CLM-45341,2025-09-01,Franchise_FL_04,Baseboard Replacement,38.0,5527.1,5527.1,1,145.45,,
CLM-27659,06/27/2025,Franchise_NY_12,Drywall Repair,,4782.6,3428.37,0,,$106.28,45.0
CLM-94174,"April 26, 2025",Franchise_TX_01,Dehumidifier Rental - MISC,21.0,570.99,472.01,0,,27.19,
CLM-28659,11/14/2025,Franchise_NY_12,Drywall Repair,,538.02,478.71,0,,$38.43,14.0
CLM-65835,2025-02-14,Franchise_FL_04,Drywall Repair,4.0,469.04,216.25,0,117.26,,
CLM-16675,09/12/2025,Franchise_NY_12,Dehumidifier Rental,,2629.0,1311.88,0,,$131.45,20.0
CLM-76236,02/15/2025,Franchise_NY_12,Antimicrobial Treatment,,1516.79,1182.65,0,,$137.89,11.0
CLM-77661,2025-08-02,Franchise_FL_04,Drywall Repair,7.0,895.79,387.95,0,127.97,,
CLM-75197,10/31/2025,Franchise_NY_12,Water Extraction,,949.97,949.97,1,,$135.71,7.0
CLM-74103,02/13/2025,Franchise_NY_12,Water Extraction,,4012.32,4012.32,1,,$102.88,39.0
CLM-73581,2025-10-06,Franchise_FL_04,Baseboard Replacement,32.0,3045.76,3045.76,1,95.18,,
CLM-68881,2025-02-06,Franchise_FL_04,Baseboard Replacement,17.0,1137.64,1137.64,1,66.92,,
CLM-23114,01/24/2025,Franchise_NY_12,Drywall Repair,,3762.0,3762.0,1,,$104.5,36.0
CLM-37228,2025-10-31,Franchise_FL_04,Antimicrobial Treatment,33.0,1395.9,868.54,0,42.3,,
CLM-53894,"May 06, 2025",Franchise_TX_01,Antimicrobial Treatment,28.0,3664.92,3664.92,1,,130.89,
CLM-79189,07/30/2025,Franchise_NY_12,Baseboard Replacement,,2812.95,2812.95,1,,$80.37,35.0
CLM-66571,2025-06-08,Franchise_FL_04,Dehumidifier Rental,47.0,2538.94,2538.94,1,54.02,,
CLM-69329,2025-02-19,Franchise_FL_04,Dehumidifier Rental,20.0,2154.0,2154.0,1,107.7,,
CLM-28338,2025-02-05,Franchise_FL_04,Water Extraction,24.0,1567.68,1080.55,0,65.32,,
CLM-32117,"August 15, 2025",Franchise_TX_01,Baseboard Replacement,25.0,644.5,644.5,1,,25.78,
CLM-15881,"January 31, 2025",Franchise_TX_01,Water Extraction,6.0,216.18,112.57,0,,36.03,
CLM-42202,"March 15, 2025",Franchise_TX_01,Dehumidifier Rental - MISC,9.0,1175.76,561.25,0,,130.64,
CLM-96011,12/09/2025,Franchise_NY_12,Dehumidifier Rental,,478.85,478.85,1,,$95.77,5.0
CLM-45721,04/01/2025,Franchise_NY_12,Antimicrobial Treatment,,545.11,545.11,1,,$28.69,19.0
CLM-23705,"January 10, 2025",Franchise_TX_01,Antimicrobial Treatment,43.0,2685.78,2685.78,1,,62.46,
CLM-29091,"May 25, 2025",Franchise_TX_01,Dehumidifier Rental,12.0,325.2,272.3,0,,27.1,
CLM-55608,06/27/2025,Franchise_NY_12,Antimicrobial Treatment,,226.53,226.53,1,,$75.51,3.0
CLM-55537,"March 15, 2025",Franchise_TX_01,Baseboard Replacement,27.0,1765.53,768.11,0,,65.39,
CLM-32598,2025-03-30,Franchise_FL_04,Drywall Repair,31.0,4234.91,3505.78,0,136.61,,
CLM-24792,"November 15, 2025",Franchise_TX_01,Baseboard Replacement - MISC,26.0,3839.16,3839.16,1,,147.66,
CLM-49519,03/01/2025,Franchise_NY_12,Baseboard Replacement,,1432.76,1432.76,1,,$42.14,34.0
CLM-61034,2025-07-26,Franchise_FL_04,Baseboard Replacement,46.0,2328.06,1334.48,0,50.61,,
CLM-60705,03/17/2025,Franchise_NY_12,Antimicrobial Treatment,,4377.12,4377.12,1,,$91.19,48.0
CLM-38859,2025-10-17,Franchise_FL_04,Baseboard Replacement,1.0,91.43,64.81,0,91.43,,
CLM-41428,"March 21, 2025",Franchise_TX_01,Drywall Repair,36.0,772.56,522.84,0,,21.46,
CLM-76692,03/26/2025,Franchise_NY_12,Drywall Repair,,3836.56,3836.56,1,,$112.84,34.0
CLM-75900,03/12/2025,Franchise_NY_12,Antimicrobial Treatment,,360.5,360.5,1,,$72.1,5.0
CLM-74627,08/26/2025,Franchise_NY_12,Antimicrobial Treatment,,405.96,405.96,1,,$67.66,6.0
CLM-45066,10/13/2025,Franchise_NY_12,Dehumidifier Rental,,5984.1,5984.1,1,,$132.98,45.0
CLM-35497,11/29/2025,Franchise_NY_12,Baseboard Replacement,,4831.83,4831.83,1,,$130.59,37.0
CLM-19815,2025-10-29,Franchise_FL_04,Drywall Repair,41.0,1838.03,772.78,0,44.83,,
CLM-37632,06/07/2025,Franchise_NY_12,Water Extraction,,3166.8,3166.8,1,,$81.2,39.0
CLM-92165,2025-04-03,Franchise_FL_04,Antimicrobial Treatment,36.0,,1665.02,0,96.84,,
CLM-44973,01/30/2025,Franchise_NY_12,Baseboard Replacement,,3369.3,2018.07,0,,$102.1,33.0
CLM-19831,07/04/2025,Franchise_NY_12,Drywall Repair,,2329.74,1394.22,0,,$110.94,21.0
CLM-26029,02/26/2025,Franchise_NY_12,Antimicrobial Treatment,,733.88,733.88,1,,$52.42,14.0
CLM-93255,2025-09-29,Franchise_FL_04,Antimicrobial Treatment,44.0,3780.48,1820.26,0,85.92,,
CLM-36976,"January 20, 2025",Franchise_TX_01,Antimicrobial Treatment,24.0,2201.04,2201.04,1,,91.71,
CLM-12227,2025-07-12,Franchise_FL_04,Antimicrobial Treatment,7.0,536.69,303.05,0,76.67,,
CLM-16454,"July 05, 2025",Franchise_TX_01,Drywall Repair,13.0,624.39,624.39,1,,48.03,
CLM-97567,"March 17, 2025",Franchise_TX_01,Water Extraction,35.0,5068.7,2376.9,0,,144.82,
CLM-40637,"January 24, 2025",Franchise_TX_01,Baseboard Replacement,41.0,4423.08,4423.08,1,,107.88,
CLM-33012,2025-09-15,Franchise_FL_04,Antimicrobial Treatment,10.0,416.5,300.95,0,41.65,,
CLM-95702,06/28/2025,Franchise_NY_12,Baseboard Replacement,,2254.4,2254.4,1,,$56.36,40.0
CLM-34339,"October 01, 2025",Franchise_TX_01,Drywall Repair,46.0,4713.62,3108.87,0,,102.47,
CLM-85267,"September 01, 2025",Franchise_TX_01,Water Extraction,26.0,2276.3,1917.29,0,,87.55,
CLM-86997,"December 12, 2025",Franchise_TX_01,Antimicrobial Treatment,36.0,3057.12,1875.88,0,,84.92,
CLM-18836,10/10/2025,Franchise_NY_12,Drywall Repair,,2327.47,2327.47,1,,$136.91,17.0
CLM-58435,"April 22, 2025",Franchise_TX_01,Water Extraction,32.0,2401.6,2401.6,1,,75.05,
CLM-97660,12/22/2025,Franchise_NY_12,Dehumidifier Rental,,2427.4,2427.4,1,,$121.37,20.0
CLM-60048,02/07/2025,Franchise_NY_12,Antimicrobial Treatment,,264.3,264.3,1,,$44.05,6.0
CLM-40047,"October 17, 2025",Franchise_TX_01,Antimicrobial Treatment,24.0,424.08,225.28,0,,17.67,
CLM-74040,02/16/2025,Franchise_NY_12,Drywall Repair,,3454.0,1983.97,0,,$138.16,25.0
CLM-38053,2025-05-01,Franchise_FL_04,Baseboard Replacement,2.0,251.2,124.2,0,125.6,,
CLM-92495,03/10/2025,Franchise_NY_12,Drywall Repair,,1664.64,1141.09,0,,$92.48,18.0
CLM-77661,"March 18, 2025",Franchise_TX_01,Dehumidifier Rental,19.0,2440.36,2440.36,1,,128.44,
CLM-47082,2025-05-26,Franchise_FL_04,Dehumidifier Rental,8.0,685.68,462.65,0,85.71,,
CLM-21470,2025-01-03,Franchise_FL_04,Dehumidifier Rental,5.0,497.4,270.3,0,99.48,,
CLM-45921,"November 07, 2025",Franchise_TX_01,Water Extraction - MISC,14.0,1463.56,1463.56,1,,104.54,
CLM-44731,09/19/2025,Franchise_NY_12,Drywall Repair,,3566.59,1497.49,0,,$86.99,41.0
CLM-79018,09/28/2025,Franchise_NY_12,Antimicrobial Treatment,,329.56,329.56,1,,$82.39,4.0
CLM-55334,01/08/2025,Franchise_NY_12,Dehumidifier Rental,,1561.96,1561.96,1,,$45.94,34.0
CLM-99868,2025-09-20,Franchise_FL_04,Drywall Repair,33.0,506.22,506.22,1,15.34,,
CLM-28353,03/06/2025,Franchise_NY_12,Baseboard Replacement,,4615.9,3452.9,0,,$148.9,31.0
CLM-65597,01/10/2025,Franchise_NY_12,Drywall Repair,,2023.08,2023.08,1,,$43.98,46.0
CLM-47443,"August 23, 2025",Franchise_TX_01,Water Extraction,40.0,2353.2,2353.2,1,,58.83,
CLM-45617,2025-10-02,Franchise_FL_04,Antimicrobial Treatment,39.0,4446.0,2934.93,0,114.0,,
CLM-52616,"April 21, 2025",Franchise_TX_01,Dehumidifier Rental - MISC,38.0,5687.84,5687.84,1,,149.68,
CLM-92089,06/18/2025,Franchise_NY_12,Antimicrobial Treatment,,1307.25,1307.25,1,,$37.35,35.0
CLM-46699,05/09/2025,Franchise_NY_12,Drywall Repair,,1931.4,1931.4,1,,$52.2,37.0
CLM-99693,2025-10-05,Franchise_FL_04,Water Extraction,12.0,1797.24,735.58,0,149.77,,
CLM-97083,"March 20, 2025",Franchise_TX_01,Drywall Repair,11.0,446.05,446.05,1,,40.55,
CLM-43468,07/06/2025,Franchise_NY_12,Dehumidifier Rental,,841.13,841.13,1,,$44.27,19.0
CLM-11246,11/22/2025,Franchise_NY_12,Baseboard Replacement,,5301.12,3960.95,0,,$110.44,48.0
CLM-55947,"September 14, 2025",Franchise_TX_01,Dehumidifier Rental - MISC,46.0,2545.64,2545.64,1,,55.34,
CLM-22497,01/01/2026,Franchise_NY_12,Drywall Repair,,5489.38,5489.38,1,,$127.66,43.0
CLM-94196,"September 24, 2025",Franchise_TX_01,Antimicrobial Treatment,23.0,2717.45,2717.45,1,,118.15,
CLM-17638,"January 25, 2025",Franchise_TX_01,Dehumidifier Rental,36.0,1472.76,613.36,0,,40.91,
CLM-35638,03/23/2025,Franchise_NY_12,Water Extraction,,2351.52,2351.52,1,,$97.98,24.0
CLM-73411,2025-11-25,Franchise_FL_04,Antimicrobial Treatment,25.0,3112.0,3112.0,1,124.48,,
CLM-65036,06/29/2025,Franchise_NY_12,Water Extraction,,2340.94,2078.5,0,,$101.78,23.0
CLM-20288,2025-06-17,Franchise_FL_04,Baseboard Replacement,27.0,764.1,764.1,1,28.3,,
CLM-23911,"October 14, 2025",Franchise_TX_01,Dehumidifier Rental,24.0,379.2,379.2,1,,15.8,
CLM-69618,"February 13, 2025",Franchise_TX_01,Dehumidifier Rental,11.0,514.25,514.25,1,,46.75,
CLM-41184,"March 27, 2025",Franchise_TX_01,Baseboard Replacement,20.0,2770.4,2770.4,1,,138.52,
CLM-84484,"March 12, 2025",Franchise_TX_01,Dehumidifier Rental,7.0,491.75,290.82,0,,70.25,
CLM-16023,07/30/2025,Franchise_NY_12,Antimicrobial Treatment,,5396.0,5396.0,1,,$134.9,40.0
CLM-60437,"January 18, 2025",Franchise_TX_01,Baseboard Replacement,41.0,2671.15,2671.15,1,,65.15,
CLM-79036,2025-05-06,Franchise_FL_04,Drywall Repair,41.0,2665.41,2665.41,1,65.01,,
CLM-26723,2025-09-09,Franchise_FL_04,Dehumidifier Rental,14.0,,1452.5,1,103.75,,
CLM-12218,"September 13, 2025",Franchise_TX_01,Baseboard Replacement,41.0,5827.33,4619.88,0,,142.13,
CLM-41351,"July 01, 2025",Franchise_TX_01,Dehumidifier Rental,45.0,6124.05,6124.05,1,,136.09,
CLM-97993,09/04/2025,Franchise_NY_12,Drywall Repair,,3427.05,3427.05,1,,$103.85,33.0
CLM-98894,2025-10-17,Franchise_FL_04,Antimicrobial Treatment,12.0,436.68,205.52,0,36.39,,
CLM-78592,10/30/2025,Franchise_NY_12,Baseboard Replacement,,1168.88,993.62,0,,$61.52,19.0
CLM-70738,06/24/2025,Franchise_NY_12,Drywall Repair,,1449.1,1449.1,1,,$144.91,10.0
CLM-51276,2025-03-25,Franchise_FL_04,Dehumidifier Rental,33.0,4016.76,4016.76,1,121.72,,
CLM-76899,07/11/2025,Franchise_NY_12,Baseboard Replacement,,2253.65,1475.03,0,,$64.39,35.0
CLM-99398,"October 14, 2025",Franchise_TX_01,Dehumidifier Rental,12.0,1464.6,1005.81,0,,122.05,
CLM-41521,10/07/2025,Franchise_NY_12,Dehumidifier Rental,,131.5,131.5,1,,$65.75,2.0
CLM-51652,04/10/2025,Franchise_NY_12,Dehumidifier Rental,,1226.72,850.59,0,,$55.76,22.0
CLM-13670,"May 24, 2025",Franchise_TX_01,Dehumidifier Rental - MISC,20.0,2118.2,1418.09,0,,105.91,
CLM-33124,"June 26, 2025",Franchise_TX_01,Antimicrobial Treatment,24.0,3084.72,3084.72,1,,128.53,
CLM-18590,2025-10-08,Franchise_FL_04,Water Extraction,19.0,,694.45,1,36.55,,
CLM-78310,2025-08-20,Franchise_FL_04,Baseboard Replacement,19.0,1294.47,1294.47,1,68.13,,
CLM-41689,"April 15, 2025",Franchise_TX_01,Drywall Repair,3.0,78.33,78.33,1,,26.11,
CLM-63227,05/08/2025,Franchise_NY_12,Water Extraction,,3455.1,3455.1,1,,$115.17,30.0
CLM-66027,2025-02-11,Franchise_FL_04,Water Extraction,39.0,3570.84,3570.84,1,91.56,,
CLM-57359,2025-12-22,Franchise_FL_04,Antimicrobial Treatment,36.0,4350.24,4350.24,1,120.84,,
CLM-39272,"February 13, 2025",Franchise_TX_01,Antimicrobial Treatment - MISC,15.0,466.8,466.8,1,,31.12,
CLM-80560,"May 27, 2025",Franchise_TX_01,Baseboard Replacement,37.0,887.26,497.9,0,,23.98,
CLM-24844,"May 01, 2025",Franchise_TX_01,Dehumidifier Rental,46.0,5492.86,4034.9,0,,119.41,
CLM-98509,09/25/2025,Franchise_NY_12,Water Extraction,,524.55,524.55,1,,$104.91,5.0
CLM-88060,"September 19, 2025",Franchise_TX_01,Water Extraction - MISC,7.0,1014.72,726.61,0,,144.96,
CLM-16291,2025-04-23,Franchise_FL_04,Water Extraction,23.0,386.17,183.8,0,16.79,,
CLM-54485,2025-09-26,Franchise_FL_04,Antimicrobial Treatment,21.0,560.91,297.09,0,26.71,,
CLM-97921,04/25/2025,Franchise_NY_12,Baseboard Replacement,,3597.74,3597.74,1,,$124.06,29.0
CLM-75626,"May 20, 2025",Franchise_TX_01,Antimicrobial Treatment,40.0,3763.6,3763.6,1,,94.09,
CLM-96014,"July 31, 2025",Franchise_TX_01,Antimicrobial Treatment,38.0,3571.24,3571.24,1,,93.98,
CLM-92483,"May 01, 2025",Franchise_TX_01,Antimicrobial Treatment,3.0,99.63,79.01,0,,33.21,
CLM-62521,"September 14, 2025",Franchise_TX_01,Water Extraction - MISC,41.0,1357.92,1357.92,1,,33.12,
CLM-77412,2025-08-08,Franchise_FL_04,Antimicrobial Treatment,39.0,3569.67,3569.67,1,91.53,,
CLM-40437,"November 16, 2025",Franchise_TX_01,Dehumidifier Rental,42.0,1303.68,1036.58,0,,31.04,
CLM-56998,"November 29, 2025",Franchise_TX_01,Antimicrobial Treatment,10.0,1023.1,1023.1,1,,102.31,
CLM-32890,01/11/2025,Franchise_NY_12,Drywall Repair,,1446.52,1446.52,1,,$49.88,29.0
CLM-42735,2025-05-03,Franchise_FL_04,Baseboard Replacement,40.0,1085.6,467.08,0,27.14,,
CLM-41033,2025-05-02,Franchise_FL_04,Antimicrobial Treatment,5.0,485.4,298.85,0,97.08,,
CLM-43553,"November 13, 2025",Franchise_TX_01,Water Extraction,2.0,92.5,38.63,0,,46.25,
CLM-39196,11/26/2025,Franchise_NY_12,Antimicrobial Treatment,,2023.69,1558.55,0,,$106.51,19.0
CLM-28605,01/01/2025,Franchise_NY_12,Antimicrobial Treatment,,667.42,667.42,1,,$19.63,34.0
CLM-86656,01/05/2025,Franchise_NY_12,Water Extraction,,1674.24,1181.0,0,,$52.32,32.0
CLM-56326,09/19/2025,Franchise_NY_12,Dehumidifier Rental,,3036.66,2380.73,0,,$92.02,33.0
CLM-46403,08/07/2025,Franchise_NY_12,Baseboard Replacement,,4410.45,2837.2,0,,$98.01,45.0
CLM-80369,"October 11, 2025",Franchise_TX_01,Drywall Repair,9.0,416.97,416.97,1,,46.33,
CLM-24928,"February 13, 2025",Franchise_TX_01,Dehumidifier Rental,19.0,465.5,465.5,1,,24.5,
CLM-64721,"July 03, 2025",Franchise_TX_01,Antimicrobial Treatment - MISC,50.0,5175.5,4161.05,0,,103.51,
CLM-15129,"August 13, 2025",Franchise_TX_01,Dehumidifier Rental,10.0,705.6,705.6,1,,70.56,
CLM-68048,2025-04-20,Franchise_FL_04,Antimicrobial Treatment,45.0,2878.65,2878.65,1,63.97,,
CLM-88603,"December 24, 2025",Franchise_TX_01,Baseboard Replacement,32.0,2571.52,2236.31,0,,80.36,
CLM-74039,"November 22, 2025",Franchise_TX_01,Dehumidifier Rental - MISC,26.0,3023.28,2303.66,0,,116.28,
CLM-94612,2025-06-18,Franchise_FL_04,Water Extraction,41.0,1931.51,1931.51,1,47.11,,
CLM-75126,2025-10-24,Franchise_FL_04,Drywall Repair,42.0,2767.38,2244.38,0,65.89,,
CLM-48290,02/02/2025,Franchise_NY_12,Baseboard Replacement,,4331.82,4331.82,1,,$94.17,46.0
CLM-27271,2025-02-18,Franchise_FL_04,Dehumidifier Rental,36.0,3279.6,1347.71,0,91.1,,
CLM-65982,2025-08-02,Franchise_FL_04,Dehumidifier Rental,44.0,4777.52,4777.52,1,108.58,,
CLM-82822,2025-06-29,Franchise_FL_04,Water Extraction,2.0,248.38,248.38,1,124.19,,
CLM-21219,"April 17, 2025",Franchise_TX_01,Dehumidifier Rental - MISC,45.0,4916.25,4916.25,1,,109.25,
CLM-64988,07/04/2025,Franchise_NY_12,Dehumidifier Rental,,640.35,490.79,0,,$42.69,15.0
CLM-53214,2025-01-28,Franchise_FL_04,Drywall Repair,31.0,1864.96,1129.14,0,60.16,,
CLM-55561,2025-09-21,Franchise_FL_04,Antimicrobial Treatment,7.0,688.59,688.59,1,98.37,,
CLM-53178,10/17/2025,Franchise_NY_12,Dehumidifier Rental,,7152.0,4364.34,0,,$143.04,50.0
CLM-51686,2025-04-24,Franchise_FL_04,Drywall Repair,15.0,237.3,140.49,0,15.82,,
CLM-43220,2025-09-26,Franchise_FL_04,Baseboard Replacement,3.0,127.65,127.65,1,42.55,,
CLM-19470,04/02/2025,Franchise_NY_12,Baseboard Replacement,,5664.6,5664.6,1,,$125.88,45.0
CLM-54082,"March 26, 2025",Franchise_TX_01,Baseboard Replacement,47.0,4162.32,4162.32,1,,88.56,
CLM-83789,"May 12, 2025",Franchise_TX_01,Water Extraction,29.0,2900.87,1256.46,0,,100.03,
CLM-79344,10/31/2025,Franchise_NY_12,Antimicrobial Treatment,,194.13,194.13,1,,$64.71,3.0
CLM-58265,2025-09-13,Franchise_FL_04,Drywall Repair,7.0,822.43,585.23,0,117.49,,
CLM-49830,04/29/2025,Franchise_NY_12,Baseboard Replacement,,1583.78,1583.78,1,,$143.98,11.0
CLM-53570,12/03/2025,Franchise_NY_12,Dehumidifier Rental,,4110.0,4110.0,1,,$102.75,40.0
CLM-48623,07/31/2025,Franchise_NY_12,Baseboard Replacement,,544.53,411.32,0,,$77.79,7.0
CLM-37070,08/13/2025,Franchise_NY_12,Dehumidifier Rental,,450.45,450.45,1,,$30.03,15.0
CLM-60697,2025-11-10,Franchise_FL_04,Water Extraction,26.0,560.56,560.56,1,21.56,,
CLM-31880,07/19/2025,Franchise_NY_12,Water Extraction,,2891.33,1583.16,0,,$125.71,23.0
CLM-70430,2025-11-23,Franchise_FL_04,Antimicrobial Treatment,11.0,444.95,444.95,1,40.45,,
CLM-17953,03/11/2025,Franchise_NY_12,Antimicrobial Treatment,,501.24,501.24,1,,$83.54,6.0
CLM-71962,2025-09-24,Franchise_FL_04,Antimicrobial Treatment,45.0,3282.3,3282.3,1,72.94,,
CLM-90544,"December 15, 2025",Franchise_TX_01,Water Extraction,26.0,2236.0,2236.0,1,,86.0,
CLM-31221,10/02/2025,Franchise_NY_12,Antimicrobial Treatment,,1533.12,997.18,0,,$95.82,16.0
CLM-59395,"January 01, 2025",Franchise_TX_01,Baseboard Replacement,42.0,2501.94,1772.69,0,,59.57,
CLM-77352,2025-04-01,Franchise_FL_04,Drywall Repair,7.0,580.37,580.37,1,82.91,,
CLM-70193,2025-12-14,Franchise_FL_04,Water Extraction,47.0,4988.58,4988.58,1,106.14,,
CLM-18083,2025-10-20,Franchise_FL_04,Drywall Repair,32.0,813.44,535.7,0,25.42,,
CLM-94457,2025-03-01,Franchise_FL_04,Antimicrobial Treatment,8.0,343.12,281.91,0,42.89,,
CLM-80991,2025-03-24,Franchise_FL_04,Baseboard Replacement,38.0,3489.54,2418.92,0,91.83,,
CLM-33115,"October 23, 2025",Franchise_TX_01,Water Extraction,31.0,2195.11,2195.11,1,,70.81,
CLM-85595,"June 26, 2025",Franchise_TX_01,Drywall Repair,38.0,632.7,632.7,1,,16.65,
CLM-93050,"December 02, 2025",Franchise_TX_01,Dehumidifier Rental,7.0,645.89,407.39,0,,92.27,
CLM-86937,"December 02, 2025",Franchise_TX_01,Dehumidifier Rental,12.0,1417.8,1417.8,1,,118.15,
CLM-10970,2025-12-15,Franchise_FL_04,Antimicrobial Treatment,22.0,,354.57,0,28.25,,
CLM-79548,2025-08-11,Franchise_FL_04,Water Extraction,9.0,310.95,310.95,1,34.55,,
CLM-61243,01/15/2025,Franchise_NY_12,Drywall Repair,,3402.42,1450.73,0,,$81.01,42.0
CLM-22923,"June 02, 2025",Franchise_TX_01,Baseboard Replacement - MISC,26.0,1326.78,1121.08,0,,51.03,
CLM-90746,12/19/2025,Franchise_NY_12,Antimicrobial Treatment,,5402.0,5402.0,1,,$135.05,40.0
CLM-17039,"January 12, 2025",Franchise_TX_01,Drywall Repair - MISC,47.0,6536.29,5516.82,0,,139.07,
CLM-46474,"March 02, 2025",Franchise_TX_01,Antimicrobial Treatment,17.0,1486.82,684.38,0,,87.46,
CLM-51001,"August 23, 2025",Franchise_TX_01,Baseboard Replacement - MISC,15.0,980.85,657.87,0,,65.39,
CLM-34593,04/02/2025,Franchise_NY_12,Baseboard Replacement,,2533.44,1131.38,0,,$52.78,48.0
CLM-82556,05/03/2025,Franchise_NY_12,Water Extraction,,586.8,586.8,1,,$48.9,12.0
CLM-78946,"November 07, 2025",Franchise_TX_01,Dehumidifier Rental,15.0,993.0,993.0,1,,66.2,
CLM-92641,"September 07, 2025",Franchise_TX_01,Drywall Repair,18.0,1684.44,1684.44,1,,93.58,
CLM-11510,09/02/2025,Franchise_NY_12,Drywall Repair,,5492.25,5492.25,1,,$122.05,45.0
CLM-25562,2025-10-19,Franchise_FL_04,Drywall Repair,39.0,3030.3,2300.7,0,77.7,,
CLM-71595,"May 21, 2025",Franchise_TX_01,Dehumidifier Rental,12.0,1117.56,508.4,0,,93.13,
CLM-39028,"March 14, 2025",Franchise_TX_01,Drywall Repair,17.0,693.6,693.6,1,,40.8,
CLM-29075,2025-03-18,Franchise_FL_04,Antimicrobial Treatment,9.0,402.39,402.39,1,44.71,,
CLM-96011,"September 07, 2025",Franchise_TX_01,Antimicrobial Treatment,42.0,3343.62,2672.76,0,,79.61,
CLM-76139,01/07/2025,Franchise_NY_12,Baseboard Replacement,,1151.64,633.65,0,,$27.42,42.0
CLM-21759,12/28/2025,Franchise_NY_12,Drywall Repair,,1238.4,1062.2,0,,$38.7,32.0
CLM-11914,02/22/2025,Franchise_NY_12,Antimicrobial Treatment,,2272.59,973.47,0,,$84.17,27.0
CLM-28642,01/23/2025,Franchise_NY_12,Baseboard Replacement,,924.5,924.5,1,,$36.98,25.0
CLM-63594,05/19/2025,Franchise_NY_12,Antimicrobial Treatment,,455.85,455.85,1,,$91.17,5.0
CLM-84404,11/26/2025,Franchise_NY_12,Water Extraction,,903.3,524.57,0,,$30.11,30.0
CLM-51254,2025-03-07,Franchise_FL_04,Antimicrobial Treatment,41.0,4199.63,1831.6,0,102.43,,
CLM-17054,05/31/2025,Franchise_NY_12,Antimicrobial Treatment,,2218.3,2218.3,1,,$63.38,35.0
CLM-61516,2025-09-02,Franchise_FL_04,Baseboard Replacement,35.0,1050.0,1050.0,1,30.0,,
CLM-36414,12/12/2025,Franchise_NY_12,Drywall Repair,,109.17,109.17,1,,$109.17,1.0
CLM-42968,"April 29, 2025",Franchise_TX_01,Baseboard Replacement - MISC,23.0,3028.18,3028.18,1,,131.66,
CLM-70469,"February 04, 2025",Franchise_TX_01,Drywall Repair - MISC,2.0,270.64,211.93,0,,135.32,
CLM-88832,"December 16, 2025",Franchise_TX_01,Baseboard Replacement - MISC,22.0,2811.38,2811.38,1,,127.79,
CLM-55096,11/27/2025,Franchise_NY_12,Baseboard Replacement,,4889.84,2284.49,0,,$128.68,38.0
CLM-73907,"June 05, 2025",Franchise_TX_01,Water Extraction,9.0,429.93,429.93,1,,47.77,
CLM-27136,06/09/2025,Franchise_NY_12,Dehumidifier Rental,,94.94,49.17,0,,$47.47,2.0
CLM-49950,"September 10, 2025",Franchise_TX_01,Drywall Repair - MISC,27.0,2589.03,2068.94,0,,95.89,
CLM-74186,"September 04, 2025",Franchise_TX_01,Drywall Repair,6.0,283.86,283.86,1,,47.31,
CLM-87648,2025-09-11,Franchise_FL_04,Water Extraction,32.0,3869.76,1642.33,0,120.93,,
CLM-54333,"December 31, 2025",Franchise_TX_01,Water Extraction - MISC,7.0,875.77,875.77,1,,125.11,
CLM-12744,05/21/2025,Franchise_NY_12,Dehumidifier Rental,,2279.04,1937.46,0,,$71.22,32.0
CLM-57196,05/13/2025,Franchise_NY_12,Baseboard Replacement,,2301.84,1627.35,0,,$127.88,18.0
CLM-30542,11/11/2025,Franchise_NY_12,Dehumidifier Rental,,172.88,96.18,0,,$86.44,2.0
CLM-75964,"June 21, 2025",Franchise_TX_01,Dehumidifier Rental,36.0,2886.12,1884.35,0,,80.17,
CLM-89514,07/25/2025,Franchise_NY_12,Water Extraction,,3537.5,3537.5,1,,$70.75,50.0
CLM-18114,"February 26, 2025",Franchise_TX_01,Baseboard Replacement,48.0,1069.44,555.71,0,,22.28,
CLM-20545,2025-02-16,Franchise_FL_04,Antimicrobial Treatment,21.0,692.37,692.37,1,32.97,,
CLM-46806,2025-01-08,Franchise_FL_04,Antimicrobial Treatment,38.0,3734.64,3734.64,1,98.28,,
CLM-59901,"October 04, 2025",Franchise_TX_01,Antimicrobial Treatment,10.0,1452.0,1452.0,1,,145.2,
CLM-48886,03/10/2025,Franchise_NY_12,Dehumidifier Rental,,102.91,77.44,0,,$102.91,1.0
CLM-64536,2025-10-01,Franchise_FL_04,Water Extraction,48.0,2922.24,2922.24,1,60.88,,
CLM-42643,2025-09-29,Franchise_FL_04,Antimicrobial Treatment,29.0,761.25,680.29,0,26.25,,
CLM-35187,2025-02-26,Franchise_FL_04,Drywall Repair,1.0,39.24,34.39,0,39.24,,
CLM-57650,"February 18, 2025",Franchise_TX_01,Antimicrobial Treatment,30.0,1366.5,1366.5,1,,45.55,
CLM-34564,"November 30, 2025",Franchise_TX_01,Baseboard Replacement,45.0,2031.3,1733.56,0,,45.14,
CLM-95444,"August 25, 2025",Franchise_TX_01,Water Extraction,2.0,262.56,262.56,1,,131.28,
CLM-36004,"March 15, 2025",Franchise_TX_01,Water Extraction,11.0,1150.82,1150.82,1,,104.62,
CLM-92118,05/10/2025,Franchise_NY_12,Dehumidifier Rental,,1171.2,1171.2,1,,$146.4,8.0
CLM-72222,08/19/2025,Franchise_NY_12,Dehumidifier Rental,,2415.66,1774.6,0,,$92.91,26.0
CLM-45475,05/28/2025,Franchise_NY_12,Drywall Repair,,786.78,786.78,1,,$87.42,9.0
CLM-51194,2025-07-02,Franchise_FL_04,Antimicrobial Treatment,47.0,5187.86,3677.03,0,110.38,,
CLM-66260,"August 18, 2025",Franchise_TX_01,Water Extraction,40.0,1360.4,1360.4,1,,34.01,
CLM-34477,2025-08-29,Franchise_FL_04,Antimicrobial Treatment,14.0,324.24,255.39,0,23.16,,
CLM-75946,11/11/2025,Franchise_NY_12,Drywall Repair,,2856.0,2021.44,0,,$119.0,24.0
CLM-83316,2025-03-24,Franchise_FL_04,Water Extraction,4.0,510.84,510.84,1,127.71,,
CLM-85321,06/08/2025,Franchise_NY_12,Antimicrobial Treatment,,2291.72,2291.72,1,,$49.82,46.0
CLM-74963,2025-07-23,Franchise_FL_04,Drywall Repair,45.0,1186.2,1186.2,1,26.36,,
CLM-52488,"March 03, 2025",Franchise_TX_01,Baseboard Replacement,12.0,1117.56,1117.56,1,,93.13,
CLM-41891,08/04/2025,Franchise_NY_12,Antimicrobial Treatment,,3501.4,3501.4,1,,$100.04,35.0
CLM-74282,"March 29, 2025",Franchise_TX_01,Baseboard Replacement,31.0,1717.71,1136.96,0,,55.41,
CLM-69605,05/24/2025,Franchise_NY_12,Drywall Repair,,2807.5,2807.5,1,,$56.15,50.0
CLM-38401,2025-03-03,Franchise_FL_04,Drywall Repair,16.0,2200.48,1823.98,0,137.53,,
CLM-59907,"January 24, 2025",Franchise_TX_01,Antimicrobial Treatment,15.0,1863.75,1863.75,1,,124.25,
CLM-49911,"June 12, 2025",Franchise_TX_01,Dehumidifier Rental,42.0,4317.18,3005.86,0,,102.79,
CLM-93550,03/05/2025,Franchise_NY_12,Baseboard Replacement,,4061.12,4061.12,1,,$109.76,37.0
CLM-37414,"January 03, 2025",Franchise_TX_01,Water Extraction,32.0,2917.44,1616.99,0,,91.17,
CLM-37538,03/01/2025,Franchise_NY_12,Antimicrobial Treatment,,2318.08,2318.08,1,,$144.88,16.0
CLM-68094,2025-02-18,Franchise_FL_04,Dehumidifier Rental,24.0,2891.04,2891.04,1,120.46,,
CLM-35385,02/16/2025,Franchise_NY_12,Water Extraction,,155.4,155.4,1,,$77.7,2.0
CLM-38710,11/03/2025,Franchise_NY_12,Dehumidifier Rental,,1849.92,1238.81,0,,$45.12,41.0
CLM-72039,2025-10-01,Franchise_FL_04,Water Extraction,24.0,932.16,932.16,1,38.84,,
CLM-12990,2025-10-19,Franchise_FL_04,Drywall Repair,6.0,470.16,470.16,1,78.36,,
CLM-79444,2025-12-23,Franchise_FL_04,Water Extraction,37.0,4881.78,3072.33,0,131.94,,
CLM-53148,"April 30, 2025",Franchise_TX_01,Baseboard Replacement,18.0,1969.38,1969.38,1,,109.41,
CLM-58036,"September 28, 2025",Franchise_TX_01,Water Extraction,3.0,177.84,177.84,1,,59.28,
CLM-65258,"August 30, 2025",Franchise_TX_01,Baseboard Replacement,43.0,1468.02,1468.02,1,,34.14,
CLM-85715,"April 13, 2025",Franchise_TX_01,Water Extraction,4.0,568.88,568.88,1,,142.22,
CLM-32295,08/03/2025,Franchise_NY_12,Water Extraction,,1864.08,1864.08,1,,$103.56,18.0
CLM-57080,2025-12-21,Franchise_FL_04,Drywall Repair,7.0,538.86,538.86,1,76.98,,
CLM-99588,11/29/2025,Franchise_NY_12,Dehumidifier Rental,,2944.95,2252.13,0,,$101.55,29.0
CLM-78642,"September 29, 2025",Franchise_TX_01,Baseboard Replacement,47.0,4075.37,4075.37,1,,86.71,
CLM-50265,02/05/2025,Franchise_NY_12,Drywall Repair,,1857.15,1857.15,1,,$123.81,15.0
CLM-90893,2025-06-18,Franchise_FL_04,Baseboard Replacement,49.0,2340.24,2340.24,1,47.76,,
CLM-22962,"January 04, 2025",Franchise_TX_01,Drywall Repair,37.0,592.37,592.37,1,,16.01,
CLM-12865,2025-12-15,Franchise_FL_04,Antimicrobial Treatment,31.0,,2015.93,1,65.03,,
CLM-49379,2025-08-20,Franchise_FL_04,Baseboard Replacement,4.0,121.84,121.84,1,30.46,,
CLM-89736,"August 03, 2025",Franchise_TX_01,Baseboard Replacement,46.0,4988.7,4988.7,1,,108.45,
CLM-30615,09/06/2025,Franchise_NY_12,Drywall Repair,,1611.2,1611.2,1,,$50.35,32.0
CLM-66143,"October 05, 2025",Franchise_TX_01,Antimicrobial Treatment,5.0,374.75,320.69,0,,74.95,
CLM-52348,02/26/2025,Franchise_NY_12,Water Extraction,,390.1,237.27,0,,$39.01,10.0
CLM-37653,"January 30, 2025",Franchise_TX_01,Dehumidifier Rental,23.0,618.01,518.27,0,,26.87,
CLM-75841,2025-05-10,Franchise_FL_04,Baseboard Replacement,39.0,5291.13,5291.13,1,135.67,,
CLM-99231,2025-09-27,Franchise_FL_04,Dehumidifier Rental,28.0,3276.28,2293.76,0,117.01,,
CLM-58062,05/12/2025,Franchise_NY_12,Water Extraction,,2998.75,2187.39,0,,$119.95,25.0
CLM-89714,"March 10, 2025",Franchise_TX_01,Drywall Repair - MISC,1.0,128.18,91.43,0,,128.18,
CLM-49069,2025-11-14,Franchise_FL_04,Baseboard Replacement,41.0,4254.98,4254.98,1,103.78,,
CLM-72629,08/13/2025,Franchise_NY_12,Antimicrobial Treatment,,438.24,438.24,1,,$146.08,3.0
CLM-76663,01/29/2025,Franchise_NY_12,Antimicrobial Treatment,,2190.51,1589.54,0,,$115.29,19.0
CLM-99272,2025-12-04,Franchise_FL_04,Drywall Repair,14.0,610.96,545.68,0,43.64,,
CLM-16816,"March 16, 2025",Franchise_TX_01,Dehumidifier Rental,19.0,2635.3,2635.3,1,,138.7,
CLM-76468,01/10/2025,Franchise_NY_12,Water Extraction,,147.15,99.66,0,,$16.35,9.0
CLM-48997,2025-06-22,Franchise_FL_04,Baseboard Replacement,2.0,41.26,41.26,1,20.63,,
CLM-13400,"November 03, 2025",Franchise_TX_01,Water Extraction,32.0,4159.36,4159.36,1,,129.98,
CLM-85098,08/07/2025,Franchise_NY_12,Antimicrobial Treatment,,259.6,259.6,1,,$23.6,11.0
CLM-60222,2025-10-18,Franchise_FL_04,Dehumidifier Rental,26.0,3032.12,1641.67,0,116.62,,
CLM-13984,2025-04-28,Franchise_FL_04,Dehumidifier Rental,13.0,424.19,424.19,1,32.63,,
CLM-23866,"November 20, 2025",Franchise_TX_01,Drywall Repair - MISC,48.0,7008.96,7008.96,1,,146.02,
CLM-14220,07/22/2025,Franchise_NY_12,Baseboard Replacement,,5192.5,3895.78,0,,$103.85,50.0
CLM-34851,08/20/2025,Franchise_NY_12,Antimicrobial Treatment,,1154.34,733.88,0,,$128.26,9.0
CLM-97058,2025-02-02,Franchise_FL_04,Antimicrobial Treatment,40.0,1191.2,608.17,0,29.78,,
CLM-11724,2025-01-10,Franchise_FL_04,Dehumidifier Rental,37.0,1881.08,1385.81,0,50.84,,
CLM-26666,2025-02-10,Franchise_FL_04,Baseboard Replacement,21.0,1721.37,1721.37,1,81.97,,
CLM-64864,"January 28, 2025",Franchise_TX_01,Drywall Repair,48.0,4500.0,2523.21,0,,93.75,
CLM-95921,07/08/2025,Franchise_NY_12,Drywall Repair,,265.0,265.0,1,,$53.0,5.0
CLM-80593,2025-08-14,Franchise_FL_04,Drywall Repair,15.0,475.5,230.51,0,31.7,,
CLM-84407,"February 21, 2025",Franchise_TX_01,Baseboard Replacement,12.0,1760.28,806.4,0,,146.69,
CLM-30733,"October 17, 2025",Franchise_TX_01,Water Extraction - MISC,43.0,3381.95,3381.95,1,,78.65,
CLM-66829,08/25/2025,Franchise_NY_12,Water Extraction,,4149.42,4149.42,1,,$125.74,33.0
CLM-17630,03/24/2025,Franchise_NY_12,Antimicrobial Treatment,,5754.84,5754.84,1,,$147.56,39.0
CLM-83521,"July 14, 2025",Franchise_TX_01,Dehumidifier Rental,33.0,1538.79,1538.79,1,,46.63,
CLM-46198,"May 12, 2025",Franchise_TX_01,Drywall Repair,25.0,483.0,424.88,0,,19.32,
CLM-39882,"September 06, 2025",Franchise_TX_01,Water Extraction,3.0,336.9,193.8,0,,112.3,
CLM-13322,2025-06-25,Franchise_FL_04,Water Extraction,36.0,,3223.32,0,130.53,,
CLM-61932,2025-07-22,Franchise_FL_04,Antimicrobial Treatment,47.0,836.6,678.16,0,17.8,,
CLM-33183,"January 10, 2025",Franchise_TX_01,Dehumidifier Rental - MISC,43.0,3809.37,3809.37,1,,88.59,
CLM-13592,"May 22, 2025",Franchise_TX_01,Baseboard Replacement - MISC,29.0,1713.32,1713.32,1,,59.08,
CLM-99551,"April 22, 2025",Franchise_TX_01,Water Extraction - MISC,20.0,896.6,896.6,1,,44.83,
CLM-61535,2025-01-20,Franchise_FL_04,Antimicrobial Treatment,48.0,6840.48,6840.48,1,142.51,,
CLM-18612,"November 01, 2025",Franchise_TX_01,Antimicrobial Treatment - MISC,14.0,1171.52,1171.52,1,,83.68,
CLM-78860,2025-02-19,Franchise_FL_04,Water Extraction,50.0,5767.5,5767.5,1,115.35,,
CLM-58039,02/18/2025,Franchise_NY_12,Dehumidifier Rental,,873.06,666.01,0,,$145.51,6.0
CLM-52761,11/27/2025,Franchise_NY_12,Drywall Repair,,909.2,909.2,1,,$113.65,8.0
CLM-82474,"August 11, 2025",Franchise_TX_01,Water Extraction,18.0,2219.76,2219.76,1,,123.32,
CLM-51129,12/02/2025,Franchise_NY_12,Baseboard Replacement,,1226.06,525.26,0,,$111.46,11.0
CLM-99892,2025-09-30,Franchise_FL_04,Drywall Repair,48.0,5790.24,5790.24,1,120.63,,
CLM-57652,"January 17, 2025",Franchise_TX_01,Dehumidifier Rental - MISC,49.0,3808.77,3808.77,1,,77.73,
CLM-17456,2025-01-21,Franchise_FL_04,Baseboard Replacement,31.0,,2212.47,1,71.37,,
CLM-91691,2025-06-19,Franchise_FL_04,Baseboard Replacement,14.0,383.88,383.88,1,27.42,,
CLM-17126,2025-04-16,Franchise_FL_04,Drywall Repair,5.0,288.65,288.65,1,57.73,,
CLM-55175,12/28/2025,Franchise_NY_12,Drywall Repair,,2492.0,2492.0,1,,$71.2,35.0
CLM-12755,2025-02-10,Franchise_FL_04,Drywall Repair,11.0,1458.49,1458.49,1,132.59,,
CLM-41714,2025-02-11,Franchise_FL_04,Drywall Repair,10.0,737.2,737.2,1,73.72,,
CLM-78980,06/06/2025,Franchise_NY_12,Water Extraction,,2585.35,1393.48,0,,$89.15,29.0
CLM-52905,2025-11-28,Franchise_FL_04,Drywall Repair,8.0,142.56,142.56,1,17.82,,
CLM-19012,2025-10-05,Franchise_FL_04,Dehumidifier Rental,40.0,,2658.8,1,66.47,,
CLM-38602,2025-07-19,Franchise_FL_04,Water Extraction,34.0,5010.58,4402.08,0,147.37,,
CLM-48877,2025-10-27,Franchise_FL_04,Water Extraction,45.0,,2187.15,0,87.33,,
CLM-16171,02/08/2025,Franchise_NY_12,Water Extraction,,6639.3,6639.3,1,,$147.54,45.0
CLM-95491,2025-01-10,Franchise_FL_04,Drywall Repair,6.0,211.2,115.92,0,35.2,,
CLM-73437,"May 20, 2025",Franchise_TX_01,Antimicrobial Treatment,36.0,1679.76,1270.02,0,,46.66,
CLM-96366,2025-03-24,Franchise_FL_04,Dehumidifier Rental,46.0,959.1,438.96,0,20.85,,
CLM-41323,"March 04, 2025",Franchise_TX_01,Antimicrobial Treatment,38.0,4336.18,2288.82,0,,114.11,
CLM-49951,05/27/2025,Franchise_NY_12,Baseboard Replacement,,353.92,353.92,1,,$88.48,4.0
CLM-90180,03/26/2025,Franchise_NY_12,Drywall Repair,,884.62,884.62,1,,$80.42,11.0
CLM-21828,"January 10, 2025",Franchise_TX_01,Antimicrobial Treatment - MISC,4.0,342.48,300.76,0,,85.62,
CLM-22631,04/14/2025,Franchise_NY_12,Drywall Repair,,2638.23,2638.23,1,,$125.63,21.0
CLM-44011,2025-04-29,Franchise_FL_04,Antimicrobial Treatment,42.0,763.98,763.98,1,18.19,,
CLM-26247,"September 03, 2025",Franchise_TX_01,Drywall Repair,6.0,630.0,308.86,0,,105.0,
CLM-29041,05/16/2025,Franchise_NY_12,Dehumidifier Rental,,1198.12,1057.9,0,,$108.92,11.0
CLM-51718,"December 20, 2025",Franchise_TX_01,Baseboard Replacement,48.0,3034.56,3034.56,1,,63.22,
CLM-53759,"February 27, 2025",Franchise_TX_01,Water Extraction,40.0,5779.2,2911.0,0,,144.48,
CLM-34967,"December 23, 2025",Franchise_TX_01,Dehumidifier Rental,38.0,5433.24,5433.24,1,,142.98,
CLM-84431,"August 05, 2025",Franchise_TX_01,Antimicrobial Treatment,19.0,1460.15,1460.15,1,,76.85,
CLM-49229,"March 13, 2025",Franchise_TX_01,Baseboard Replacement - MISC,8.0,1187.6,589.91,0,,148.45,
CLM-91019,"July 09, 2025",Franchise_TX_01,Drywall Repair,27.0,545.13,545.13,1,,20.19,
CLM-46738,2025-06-29,Franchise_FL_04,Dehumidifier Rental,47.0,,3881.59,0,122.36,,
CLM-11691,03/01/2025,Franchise_NY_12,Water Extraction,,213.92,213.92,1,,$106.96,2.0
CLM-58170,07/30/2025,Franchise_NY_12,Antimicrobial Treatment,,44.69,44.69,1,,$44.69,1.0
CLM-89922,2025-04-24,Franchise_FL_04,Antimicrobial Treatment,39.0,2214.81,1760.2,0,56.79,,
CLM-46932,"June 29, 2025",Franchise_TX_01,Drywall Repair,48.0,6116.64,6116.64,1,,127.43,
CLM-92639,"February 24, 2025",Franchise_TX_01,Baseboard Replacement,37.0,3685.57,3685.57,1,,99.61,
CLM-11230,"June 12, 2025",Franchise_TX_01,Dehumidifier Rental,8.0,1056.56,1056.56,1,,132.07,
CLM-23319,"January 27, 2025",Franchise_TX_01,Drywall Repair,23.0,2849.01,2849.01,1,,123.87,
CLM-67610,2025-08-09,Franchise_FL_04,Drywall Repair,16.0,,534.73,0,63.95,,
CLM-45958,"July 15, 2025",Franchise_TX_01,Antimicrobial Treatment,4.0,559.4,411.69,0,,139.85,
CLM-75432,2025-12-12,Franchise_FL_04,Antimicrobial Treatment,3.0,336.24,336.24,1,112.08,,
CLM-87397,2025-12-08,Franchise_FL_04,Antimicrobial Treatment,35.0,3056.55,1771.4,0,87.33,,
CLM-93596,2025-11-09,Franchise_FL_04,Baseboard Replacement,2.0,75.18,75.18,1,37.59,,
CLM-24483,"June 02, 2025",Franchise_TX_01,Drywall Repair,9.0,843.12,843.12,1,,93.68,
CLM-83311,2025-05-08,Franchise_FL_04,Baseboard Replacement,14.0,,1590.82,1,113.63,,
CLM-25095,10/19/2025,Franchise_NY_12,Drywall Repair,,2024.0,2024.0,1,,$126.5,16.0
CLM-79791,"October 10, 2025",Franchise_TX_01,Drywall Repair,47.0,3563.54,2714.85,0,,75.82,
CLM-66893,12/22/2025,Franchise_NY_12,Dehumidifier Rental,,1153.12,1153.12,1,,$72.07,16.0
CLM-57254,"August 18, 2025",Franchise_TX_01,Baseboard Replacement,46.0,1446.7,1134.57,0,,31.45,
CLM-57261,09/02/2025,Franchise_NY_12,Drywall Repair,,303.12,176.6,0,,$50.52,6.0
CLM-99304,2025-03-06,Franchise_FL_04,Dehumidifier Rental,36.0,,2588.33,0,93.29,,
CLM-36302,"November 23, 2025",Franchise_TX_01,Water Extraction,21.0,2362.71,2362.71,1,,112.51,
CLM-90403,07/14/2025,Franchise_NY_12,Drywall Repair,,4220.64,4220.64,1,,$87.93,48.0
CLM-54803,09/13/2025,Franchise_NY_12,Antimicrobial Treatment,,5264.28,4409.73,0,,$125.34,42.0
CLM-50847,"May 23, 2025",Franchise_TX_01,Antimicrobial Treatment,46.0,1477.06,1048.61,0,,32.11,
CLM-43367,11/04/2025,Franchise_NY_12,Water Extraction,,1232.28,1232.28,1,,$44.01,28.0
CLM-69820,05/02/2025,Franchise_NY_12,Dehumidifier Rental,,1881.0,1881.0,1,,$125.4,15.0
CLM-36225,01/02/2025,Franchise_NY_12,Water Extraction,,2287.17,2287.17,1,,$84.71,27.0
CLM-29466,04/28/2025,Franchise_NY_12,Dehumidifier Rental,,1858.78,787.47,0,,$84.49,22.0
CLM-97560,07/21/2025,Franchise_NY_12,Baseboard Replacement,,1873.96,1873.96,1,,$85.18,22.0
CLM-49985,06/24/2025,Franchise_NY_12,Antimicrobial Treatment,,870.0,870.0,1,,$34.8,25.0
CLM-94522,07/05/2025,Franchise_NY_12,Antimicrobial Treatment,,376.32,334.39,0,,$62.72,6.0
CLM-64565,2025-08-13,Franchise_FL_04,Antimicrobial Treatment,32.0,2292.16,2292.16,1,71.63,,
CLM-31176,2025-04-25,Franchise_FL_04,Baseboard Replacement,18.0,543.78,543.78,1,30.21,,
CLM-37451,2025-07-23,Franchise_FL_04,Drywall Repair,33.0,4536.18,4536.18,1,137.46,,
CLM-19196,2025-12-13,Franchise_FL_04,Drywall Repair,48.0,2222.88,1093.68,0,46.31,,
CLM-85481,2025-03-05,Franchise_FL_04,Drywall Repair,38.0,2337.0,2337.0,1,61.5,,
CLM-71799,2025-02-15,Franchise_FL_04,Drywall Repair,49.0,5433.12,5433.12,1,110.88,,
CLM-70534,2025-08-13,Franchise_FL_04,Baseboard Replacement,10.0,427.6,229.29,0,42.76,,
CLM-37100,2025-04-20,Franchise_FL_04,Antimicrobial Treatment,42.0,6202.14,6202.14,1,147.67,,
CLM-72512,"March 21, 2025",Franchise_TX_01,Water Extraction,17.0,1155.49,1155.49,1,,67.97,
CLM-42827,02/17/2025,Franchise_NY_12,Antimicrobial Treatment,,3757.24,1840.2,0,,$129.56,29.0
CLM-26231,"May 13, 2025",Franchise_TX_01,Drywall Repair,3.0,124.71,124.71,1,,41.57,
CLM-13753,"September 18, 2025",Franchise_TX_01,Baseboard Replacement,35.0,2634.1,2634.1,1,,75.26,
CLM-98377,"October 24, 2025",Franchise_TX_01,Baseboard Replacement,33.0,1438.8,1196.84,0,,43.6,
CLM-89947,2025-02-24,Franchise_FL_04,Water Extraction,42.0,1580.04,1311.18,0,37.62,,
CLM-87923,10/14/2025,Franchise_NY_12,Dehumidifier Rental,,2265.77,2265.77,1,,$78.13,29.0
CLM-62860,12/25/2025,Franchise_NY_12,Dehumidifier Rental,,2777.97,2777.97,1,,$71.23,39.0
CLM-14431,03/29/2025,Franchise_NY_12,Antimicrobial Treatment,,122.75,122.75,1,,$24.55,5.0
CLM-17734,02/16/2025,Franchise_NY_12,Water Extraction,,1628.22,1628.22,1,,$148.02,11.0
CLM-89520,"June 20, 2025",Franchise_TX_01,Baseboard Replacement,49.0,7147.63,7147.63,1,,145.87,
CLM-15498,2025-06-01,Franchise_FL_04,Water Extraction,21.0,,1495.26,0,79.23,,
CLM-88184,"March 23, 2025",Franchise_TX_01,Baseboard Replacement,50.0,3337.0,3337.0,1,,66.74,
CLM-87684,"June 13, 2025",Franchise_TX_01,Drywall Repair,41.0,843.37,843.37,1,,20.57,
CLM-76986,"December 27, 2025",Franchise_TX_01,Dehumidifier Rental,43.0,4480.17,2215.53,0,,104.19,
CLM-32304,08/20/2025,Franchise_NY_12,Antimicrobial Treatment,,212.88,212.88,1,,$17.74,12.0
CLM-82051,2025-11-28,Franchise_FL_04,Antimicrobial Treatment,36.0,4633.2,4003.7,0,128.7,,
CLM-26569,2025-09-29,Franchise_FL_04,Baseboard Replacement,47.0,2877.81,1460.39,0,61.23,,
CLM-29572,07/19/2025,Franchise_NY_12,Antimicrobial Treatment,,1719.3,1407.12,0,,$57.31,30.0
CLM-38680,"December 05, 2025",Franchise_TX_01,Water Extraction,30.0,3169.5,3169.5,1,,105.65,
CLM-54708,"June 14, 2025",Franchise_TX_01,Baseboard Replacement,34.0,4519.96,2107.6,0,,132.94,
CLM-50677,2025-09-27,Franchise_FL_04,Antimicrobial Treatment,23.0,2020.32,1757.49,0,87.84,,
CLM-13812,"June 22, 2025",Franchise_TX_01,Drywall Repair - MISC,5.0,437.05,437.05,1,,87.41,
CLM-59391,06/01/2025,Franchise_NY_12,Baseboard Replacement,,302.38,302.38,1,,$23.26,13.0
CLM-62667,"May 29, 2025",Franchise_TX_01,Dehumidifier Rental - MISC,43.0,1501.99,1501.99,1,,34.93,
CLM-55420,04/16/2025,Franchise_NY_12,Water Extraction,,2205.94,2205.94,1,,$100.27,22.0
CLM-38741,12/17/2025,Franchise_NY_12,Water Extraction,,1727.31,698.37,0,,$132.87,13.0
CLM-73916,01/11/2025,Franchise_NY_12,Baseboard Replacement,,2006.14,2006.14,1,,$54.22,37.0
CLM-99838,04/03/2025,Franchise_NY_12,Antimicrobial Treatment,,3597.62,3597.62,1,,$138.37,26.0
CLM-23210,11/14/2025,Franchise_NY_12,Drywall Repair,,820.92,572.43,0,,$136.82,6.0
CLM-16033,05/30/2025,Franchise_NY_12,Baseboard Replacement,,156.72,114.3,0,,$26.12,6.0
CLM-56111,2025-04-19,Franchise_FL_04,Baseboard Replacement,2.0,174.34,77.83,0,87.17,,
CLM-99606,"August 27, 2025",Franchise_TX_01,Water Extraction,45.0,4002.75,4002.75,1,,88.95,
CLM-75285,2025-08-05,Franchise_FL_04,Baseboard Replacement,31.0,,4261.88,1,137.48,,
CLM-83141,"June 23, 2025",Franchise_TX_01,Antimicrobial Treatment,25.0,3164.0,2731.12,0,,126.56,
CLM-29201,"October 28, 2025",Franchise_TX_01,Water Extraction,12.0,547.08,547.08,1,,45.59,
CLM-55723,02/04/2025,Franchise_NY_12,Baseboard Replacement,,1747.02,739.88,0,,$79.41,22.0
CLM-85269,11/18/2025,Franchise_NY_12,Water Extraction,,232.02,114.75,0,,$25.78,9.0
CLM-70257,12/17/2025,Franchise_NY_12,Dehumidifier Rental,,786.19,367.4,0,,$27.11,29.0
CLM-85040,"May 10, 2025",Franchise_TX_01,Baseboard Replacement,4.0,534.16,534.16,1,,133.54,
CLM-77050,08/18/2025,Franchise_NY_12,Antimicrobial Treatment,,1188.16,631.31,0,,$25.28,47.0
CLM-12498,12/14/2025,Franchise_NY_12,Antimicrobial Treatment,,1419.48,1419.48,1,,$78.86,18.0
CLM-89663,2025-02-11,Franchise_FL_04,Baseboard Replacement,36.0,621.72,492.78,0,17.27,,
CLM-66705,"December 18, 2025",Franchise_TX_01,Antimicrobial Treatment,4.0,436.44,436.44,1,,109.11,
CLM-74078,2025-11-27,Franchise_FL_04,Baseboard Replacement,18.0,1156.5,580.31,0,64.25,,
CLM-98089,2025-09-23,Franchise_FL_04,Water Extraction,49.0,1776.25,1358.66,0,36.25,,
CLM-71877,05/13/2025,Franchise_NY_12,Baseboard Replacement,,1010.68,641.59,0,,$22.97,44.0
CLM-31733,03/14/2025,Franchise_NY_12,Antimicrobial Treatment,,73.76,57.06,0,,$36.88,2.0
CLM-92854,"June 16, 2025",Franchise_TX_01,Drywall Repair,17.0,294.27,294.27,1,,17.31,
CLM-29052,2025-05-31,Franchise_FL_04,Water Extraction,32.0,1273.28,600.24,0,39.79,,
CLM-35116,2025-10-10,Franchise_FL_04,Dehumidifier Rental,46.0,2967.0,2967.0,1,64.5,,
CLM-65871,"February 12, 2025",Franchise_TX_01,Baseboard Replacement,1.0,47.81,47.81,1,,47.81,
CLM-81893,"July 25, 2025",Franchise_TX_01,Dehumidifier Rental,25.0,2195.0,1973.47,0,,87.8,
CLM-81180,12/02/2025,Franchise_NY_12,Antimicrobial Treatment,,3508.92,3508.92,1,,$92.34,38.0
CLM-20184,"January 18, 2025",Franchise_TX_01,Drywall Repair,46.0,6034.28,4108.73,0,,131.18,
CLM-92472,"August 13, 2025",Franchise_TX_01,Water Extraction - MISC,6.0,300.6,300.6,1,,50.1,
CLM-16451,"June 14, 2025",Franchise_TX_01,Antimicrobial Treatment,5.0,541.25,541.25,1,,108.25,
CLM-42387,2025-08-08,Franchise_FL_04,Antimicrobial Treatment,28.0,1784.16,1234.04,0,63.72,,
CLM-19871,10/23/2025,Franchise_NY_12,Baseboard Replacement,,945.56,945.56,1,,$135.08,7.0
CLM-66012,2025-09-27,Franchise_FL_04,Dehumidifier Rental,22.0,2573.12,2573.12,1,116.96,,
CLM-52233,"July 05, 2025",Franchise_TX_01,Baseboard Replacement,41.0,2166.44,1002.57,0,,52.84,
CLM-60150,01/17/2025,Franchise_NY_12,Dehumidifier Rental,,4336.5,2788.19,0,,$86.73,50.0
CLM-46467,03/26/2025,Franchise_NY_12,Antimicrobial Treatment,,2632.08,2632.08,1,,$59.82,44.0
CLM-78823,"October 05, 2025",Franchise_TX_01,Dehumidifier Rental,1.0,140.67,140.67,1,,140.67,
CLM-87643,2025-10-29,Franchise_FL_04,Dehumidifier Rental,48.0,2000.16,1652.59,0,41.67,,
CLM-77971,02/02/2025,Franchise_NY_12,Water Extraction,,3332.4,3332.4,1,,$111.08,30.0
CLM-28279,2025-03-18,Franchise_FL_04,Drywall Repair,40.0,1766.8,1766.8,1,44.17,,
CLM-17064,08/13/2025,Franchise_NY_12,Baseboard Replacement,,4041.58,2203.66,0,,$118.87,34.0
CLM-77803,03/30/2025,Franchise_NY_12,Baseboard Replacement,,604.35,353.72,0,,$120.87,5.0
CLM-76946,06/16/2025,Franchise_NY_12,Drywall Repair,,3011.03,3011.03,1,,$97.13,31.0
CLM-76880,2025-06-15,Franchise_FL_04,Antimicrobial Treatment,13.0,1652.43,1652.43,1,127.11,,
CLM-83768,2025-09-22,Franchise_FL_04,Drywall Repair,48.0,4070.88,2008.41,0,84.81,,
CLM-66196,2025-07-29,Franchise_FL_04,Water Extraction,7.0,299.25,299.25,1,42.75,,
CLM-72537,2025-09-06,Franchise_FL_04,Dehumidifier Rental,49.0,2226.56,2226.56,1,45.44,,
CLM-96575,"December 11, 2025",Franchise_TX_01,Dehumidifier Rental,37.0,5304.32,5304.32,1,,143.36,
CLM-45455,"January 10, 2025",Franchise_TX_01,Drywall Repair - MISC,25.0,1976.75,1619.63,0,,79.07,
CLM-33340,08/25/2025,Franchise_NY_12,Dehumidifier Rental,,117.01,117.01,1,,$117.01,1.0
CLM-40838,2025-01-24,Franchise_FL_04,Drywall Repair,49.0,3037.02,3037.02,1,61.98,,
CLM-23257,11/26/2025,Franchise_NY_12,Dehumidifier Rental,,1081.76,1081.76,1,,$67.61,16.0
CLM-78791,10/30/2025,Franchise_NY_12,Drywall Repair,,6837.56,6837.56,1,,$145.48,47.0
CLM-10659,01/06/2025,Franchise_NY_12,Dehumidifier Rental,,3862.56,3862.56,1,,$99.04,39.0
CLM-67164,2025-03-12,Franchise_FL_04,Dehumidifier Rental,36.0,4317.84,4317.84,1,119.94,,
CLM-32251,11/14/2025,Franchise_NY_12,Antimicrobial Treatment,,5853.05,5853.05,1,,$119.45,49.0
CLM-96030,"January 13, 2025",Franchise_TX_01,Drywall Repair,13.0,1840.93,1840.93,1,,141.61,
CLM-59737,07/20/2025,Franchise_NY_12,Drywall Repair,,6005.76,2698.76,0,,$125.12,48.0
CLM-80151,"May 04, 2025",Franchise_TX_01,Baseboard Replacement,5.0,574.3,574.3,1,,114.86,
CLM-77884,2025-02-12,Franchise_FL_04,Dehumidifier Rental,8.0,275.68,275.68,1,34.46,,
CLM-12605,08/09/2025,Franchise_NY_12,Drywall Repair,,2323.92,2323.92,1,,$101.04,23.0
CLM-89242,07/26/2025,Franchise_NY_12,Baseboard Replacement,,993.87,573.18,0,,$110.43,9.0
CLM-25173,"October 22, 2025",Franchise_TX_01,Dehumidifier Rental,33.0,1607.1,1607.1,1,,48.7,
CLM-57167,2025-03-19,Franchise_FL_04,Water Extraction,13.0,397.02,397.02,1,30.54,,
CLM-70439,02/27/2025,Franchise_NY_12,Water Extraction,,4165.6,4165.6,1,,$104.14,40.0
CLM-54622,"October 17, 2025",Franchise_TX_01,Baseboard Replacement - MISC,6.0,790.74,537.08,0,,131.79,
CLM-39418,2025-12-04,Franchise_FL_04,Dehumidifier Rental,32.0,3103.04,2452.53,0,96.97,,
CLM-21474,2025-07-21,Franchise_FL_04,Antimicrobial Treatment,43.0,2005.95,2005.95,1,46.65,,
CLM-87133,2025-12-16,Franchise_FL_04,Dehumidifier Rental,29.0,4143.81,3070.63,0,142.89,,
CLM-48304,2025-09-10,Franchise_FL_04,Water Extraction,5.0,339.65,339.65,1,67.93,,
CLM-59749,03/17/2025,Franchise_NY_12,Drywall Repair,,172.16,172.16,1,,$21.52,8.0
CLM-44579,"March 17, 2025",Franchise_TX_01,Antimicrobial Treatment,27.0,456.84,378.68,0,,16.92,
CLM-19790,2025-09-18,Franchise_FL_04,Water Extraction,17.0,2400.91,1492.75,0,141.23,,
CLM-15747,07/02/2025,Franchise_NY_12,Dehumidifier Rental,,502.48,502.48,1,,$22.84,22.0
CLM-59881,02/17/2025,Franchise_NY_12,Drywall Repair,,1055.34,1055.34,1,,$58.63,18.0
CLM-56750,12/03/2025,Franchise_NY_12,Water Extraction,,988.0,988.0,1,,$76.0,13.0
CLM-30881,01/01/2025,Franchise_NY_12,Drywall Repair,,251.25,251.25,1,,$50.25,5.0
CLM-19166,"October 12, 2025",Franchise_TX_01,Drywall Repair,29.0,1577.02,1577.02,1,,54.38,
CLM-65874,04/29/2025,Franchise_NY_12,Water Extraction,,1697.45,1697.45,1,,$99.85,17.0
CLM-46461,08/16/2025,Franchise_NY_12,Antimicrobial Treatment,,248.36,248.36,1,,$35.48,7.0
CLM-61468,05/29/2025,Franchise_NY_12,Dehumidifier Rental,,4651.57,4651.57,1,,$94.93,49.0
CLM-64162,2025-10-12,Franchise_FL_04,Antimicrobial Treatment,2.0,77.44,77.44,1,38.72,,
CLM-11488,08/05/2025,Franchise_NY_12,Dehumidifier Rental,,1318.9,1318.9,1,,$59.95,22.0
CLM-71368,2025-09-11,Franchise_FL_04,Water Extraction,12.0,506.52,506.52,1,42.21,,
CLM-72709,"November 23, 2025",Franchise_TX_01,Dehumidifier Rental,10.0,762.1,762.1,1,,76.21,
CLM-46180,2025-11-08,Franchise_FL_04,Drywall Repair,4.0,381.12,381.12,1,95.28,,
CLM-38634,03/14/2025,Franchise_NY_12,Water Extraction,,717.2,717.2,1,,$143.44,5.0
CLM-70501,2025-05-29,Franchise_FL_04,Antimicrobial Treatment,9.0,358.92,275.53,0,39.88,,
CLM-69475,2025-10-23,Franchise_FL_04,Drywall Repair,24.0,1774.32,886.61,0,73.93,,
CLM-66237,11/25/2025,Franchise_NY_12,Antimicrobial Treatment,,592.2,379.19,0,,$59.22,10.0
CLM-17977,"May 06, 2025",Franchise_TX_01,Water Extraction,40.0,3372.0,3372.0,1,,84.3,
CLM-57843,11/23/2025,Franchise_NY_12,Baseboard Replacement,,2026.16,981.95,0,,$53.32,38.0
CLM-15770,"September 29, 2025",Franchise_TX_01,Water Extraction - MISC,6.0,362.04,286.23,0,,60.34,
CLM-98503,2025-01-06,Franchise_FL_04,Water Extraction,46.0,5227.9,5227.9,1,113.65,,
CLM-33744,"July 11, 2025",Franchise_TX_01,Baseboard Replacement,24.0,2220.48,1040.73,0,,92.52,
CLM-15819,2025-04-02,Franchise_FL_04,Antimicrobial Treatment,32.0,2589.44,2300.59,0,80.92,,
CLM-35282,"March 24, 2025",Franchise_TX_01,Antimicrobial Treatment,15.0,593.25,593.25,1,,39.55,
CLM-95480,2025-08-06,Franchise_FL_04,Baseboard Replacement,4.0,357.68,183.22,0,89.42,,
CLM-35386,2025-12-17,Franchise_FL_04,Drywall Repair,18.0,2106.54,2106.54,1,117.03,,
CLM-54702,10/26/2025,Franchise_NY_12,Antimicrobial Treatment,,2254.12,959.18,0,,$47.96,47.0
CLM-50372,"September 12, 2025",Franchise_TX_01,Antimicrobial Treatment,46.0,2899.38,1242.02,0,,63.03,
CLM-10870,2025-06-14,Franchise_FL_04,Water Extraction,20.0,2027.0,2027.0,1,101.35,,
CLM-59012,01/15/2025,Franchise_NY_12,Water Extraction,,1196.86,1196.86,1,,$85.49,14.0
CLM-44538,"February 21, 2025",Franchise_TX_01,Dehumidifier Rental - MISC,49.0,3636.78,3636.78,1,,74.22,
CLM-52303,2025-07-11,Franchise_FL_04,Drywall Repair,43.0,1373.42,1373.42,1,31.94,,
CLM-76559,10/18/2025,Franchise_NY_12,Dehumidifier Rental,,1905.54,1258.48,0,,$48.86,39.0
CLM-10969,"December 02, 2025",Franchise_TX_01,Drywall Repair,6.0,94.2,94.2,1,,15.7,
CLM-66694,2025-06-27,Franchise_FL_04,Water Extraction,42.0,2989.98,1664.76,0,71.19,,
CLM-48901,04/22/2025,Franchise_NY_12,Antimicrobial Treatment,,850.44,479.92,0,,$70.87,12.0
CLM-98471,"August 20, 2025",Franchise_TX_01,Water Extraction,16.0,2054.4,2054.4,1,,128.4,
CLM-55959,04/24/2025,Franchise_NY_12,Water Extraction,,4687.92,4687.92,1,,$137.88,34.0
CLM-87424,2025-07-12,Franchise_FL_04,Dehumidifier Rental,50.0,3694.5,2124.1,0,73.89,,
CLM-14133,2025-07-07,Franchise_FL_04,Baseboard Replacement,44.0,2050.4,2050.4,1,46.6,,
CLM-99269,"October 27, 2025",Franchise_TX_01,Dehumidifier Rental,32.0,4434.24,4434.24,1,,138.57,
CLM-64191,11/15/2025,Franchise_NY_12,Drywall Repair,,550.9,289.54,0,,$15.74,35.0
CLM-18157,04/07/2025,Franchise_NY_12,Baseboard Replacement,,1598.19,1598.19,1,,$48.43,33.0
CLM-20035,2025-07-09,Franchise_FL_04,Baseboard Replacement,40.0,,2664.39,0,95.77,,
CLM-61119,2025-01-28,Franchise_FL_04,Water Extraction,21.0,2636.55,2636.55,1,125.55,,
CLM-81815,02/11/2025,Franchise_NY_12,Antimicrobial Treatment,,3948.3,3948.3,1,,$96.3,41.0
CLM-92290,"January 27, 2025",Franchise_TX_01,Drywall Repair - MISC,34.0,4661.74,4661.74,1,,137.11,
CLM-84139,2025-06-04,Franchise_FL_04,Drywall Repair,28.0,3223.08,3223.08,1,115.11,,
CLM-65844,"July 23, 2025",Franchise_TX_01,Water Extraction,47.0,3579.52,3149.77,0,,76.16,
CLM-35653,"October 20, 2025",Franchise_TX_01,Baseboard Replacement,25.0,890.25,381.72,0,,35.61,
CLM-19384,2025-08-28,Franchise_FL_04,Drywall Repair,31.0,1630.91,1630.91,1,52.61,,
CLM-22926,"October 20, 2025",Franchise_TX_01,Dehumidifier Rental - MISC,42.0,5324.34,5324.34,1,,126.77,
CLM-40733,"January 26, 2025",Franchise_TX_01,Baseboard Replacement,16.0,568.0,304.89,0,,35.5,
CLM-14756,04/12/2025,Franchise_NY_12,Antimicrobial Treatment,,4791.67,4791.67,1,,$116.87,41.0
CLM-56762,"December 15, 2025",Franchise_TX_01,Water Extraction - MISC,31.0,688.2,688.2,1,,22.2,
CLM-25511,05/02/2025,Franchise_NY_12,Dehumidifier Rental,,3226.08,2168.79,0,,$82.72,39.0
CLM-92631,2025-04-19,Franchise_FL_04,Dehumidifier Rental,47.0,1417.99,826.07,0,30.17,,
CLM-99990,2025-10-04,Franchise_FL_04,Antimicrobial Treatment,6.0,179.82,179.82,1,29.97,,
CLM-81439,2025-06-09,Franchise_FL_04,Water Extraction,1.0,98.81,87.28,0,98.81,,
CLM-15366,"December 30, 2025",Franchise_TX_01,Antimicrobial Treatment,15.0,2094.75,2094.75,1,,139.65,
CLM-66727,"February 16, 2025",Franchise_TX_01,Antimicrobial Treatment - MISC,28.0,2599.24,2599.24,1,,92.83,
CLM-12126,"October 03, 2025",Franchise_TX_01,Drywall Repair - MISC,12.0,1541.76,1075.61,0,,128.48,
CLM-48672,"March 02, 2025",Franchise_TX_01,Baseboard Replacement - MISC,29.0,3544.96,2117.16,0,,122.24,
CLM-31108,2025-06-25,Franchise_FL_04,Antimicrobial Treatment,18.0,426.06,426.06,1,23.67,,
CLM-43970,2025-07-03,Franchise_FL_04,Dehumidifier Rental,23.0,1128.61,573.29,0,49.07,,
CLM-66664,09/12/2025,Franchise_NY_12,Antimicrobial Treatment,,1130.76,1130.76,1,,$31.41,36.0
CLM-82313,2025-05-14,Franchise_FL_04,Drywall Repair,18.0,836.64,836.64,1,46.48,,
CLM-35631,06/01/2025,Franchise_NY_12,Dehumidifier Rental,,1053.69,1053.69,1,,$95.79,11.0
CLM-74469,2025-03-09,Franchise_FL_04,Drywall Repair,28.0,2035.88,2035.88,1,72.71,,
CLM-95458,06/24/2025,Franchise_NY_12,Drywall Repair,,2339.92,2339.92,1,,$106.36,22.0
CLM-39774,01/07/2025,Franchise_NY_12,Water Extraction,,713.9,713.9,1,,$64.9,11.0
CLM-97663,2025-01-12,Franchise_FL_04,Dehumidifier Rental,30.0,3826.5,3826.5,1,127.55,,
CLM-70601,2025-11-29,Franchise_FL_04,Antimicrobial Treatment,5.0,633.3,537.85,0,126.66,,
CLM-58183,11/23/2025,Franchise_NY_12,Baseboard Replacement,,1057.5,1057.5,1,,$22.5,47.0
CLM-49620,09/20/2025,Franchise_NY_12,Dehumidifier Rental,,369.9,243.25,0,,$36.99,10.0
CLM-81282,12/13/2025,Franchise_NY_12,Drywall Repair,,2478.36,2478.36,1,,$65.22,38.0
CLM-44782,"November 29, 2025",Franchise_TX_01,Dehumidifier Rental,32.0,2110.72,2110.72,1,,65.96,
CLM-30782,05/22/2025,Franchise_NY_12,Drywall Repair,,4710.03,4710.03,1,,$120.77,39.0
CLM-58594,"November 20, 2025",Franchise_TX_01,Water Extraction,17.0,572.39,477.13,0,,33.67,
CLM-30574,2025-04-18,Franchise_FL_04,Water Extraction,40.0,1309.6,1070.73,0,32.74,,
CLM-91746,10/06/2025,Franchise_NY_12,Drywall Repair,,961.84,961.84,1,,$120.23,8.0
CLM-13799,09/12/2025,Franchise_NY_12,Dehumidifier Rental,,327.2,327.2,1,,$40.9,8.0
CLM-15523,01/24/2025,Franchise_NY_12,Antimicrobial Treatment,,3075.6,1834.94,0,,$69.9,44.0
CLM-18087,2025-12-14,Franchise_FL_04,Baseboard Replacement,19.0,1762.06,1237.98,0,92.74,,
CLM-37185,2025-01-01,Franchise_FL_04,Antimicrobial Treatment,15.0,1006.2,1006.2,1,67.08,,
CLM-89442,2025-12-26,Franchise_FL_04,Antimicrobial Treatment,31.0,4534.06,4534.06,1,146.26,,
CLM-16771,2025-10-24,Franchise_FL_04,Baseboard Replacement,1.0,64.82,47.37,0,64.82,,
CLM-59602,2025-04-05,Franchise_FL_04,Dehumidifier Rental,24.0,2080.08,2080.08,1,86.67,,
CLM-67134,2025-06-14,Franchise_FL_04,Dehumidifier Rental,43.0,660.48,307.06,0,15.36,,
CLM-67904,01/30/2025,Franchise_NY_12,Water Extraction,,3163.5,3163.5,1,,$83.25,38.0
CLM-30503,05/20/2025,Franchise_NY_12,Drywall Repair,,3477.76,2327.03,0,,$133.76,26.0
CLM-41595,07/21/2025,Franchise_NY_12,Baseboard Replacement,,1419.16,1419.16,1,,$83.48,17.0
CLM-95173,09/03/2025,Franchise_NY_12,Antimicrobial Treatment,,1430.24,1117.03,0,,$102.16,14.0
CLM-12070,2025-04-12,Franchise_FL_04,Dehumidifier Rental,25.0,2264.75,959.58,0,90.59,,
CLM-39667,"January 08, 2025",Franchise_TX_01,Baseboard Replacement,8.0,764.8,764.8,1,,95.6,
CLM-11955,03/05/2025,Franchise_NY_12,Dehumidifier Rental,,1229.81,1229.81,1,,$53.47,23.0
CLM-84597,02/24/2025,Franchise_NY_12,Baseboard Replacement,,659.34,659.34,1,,$109.89,6.0
CLM-11219,2025-04-13,Franchise_FL_04,Drywall Repair,7.0,853.58,441.71,0,121.94,,
CLM-79687,11/08/2025,Franchise_NY_12,Baseboard Replacement,,1213.74,1213.74,1,,$67.43,18.0
CLM-80670,2025-01-28,Franchise_FL_04,Antimicrobial Treatment,12.0,1097.88,1097.88,1,91.49,,
CLM-27579,09/12/2025,Franchise_NY_12,Antimicrobial Treatment,,3504.93,3504.93,1,,$81.51,43.0
CLM-12019,2025-03-25,Franchise_FL_04,Water Extraction,7.0,1019.34,841.72,0,145.62,,
CLM-31472,01/12/2025,Franchise_NY_12,Drywall Repair,,1461.35,1461.35,1,,$132.85,11.0
CLM-57854,"December 01, 2025",Franchise_TX_01,Water Extraction,2.0,172.48,118.78,0,,86.24,
CLM-15087,2025-12-14,Franchise_FL_04,Water Extraction,27.0,3266.73,3266.73,1,120.99,,
CLM-88892,2025-11-07,Franchise_FL_04,Dehumidifier Rental,1.0,67.76,57.22,0,67.76,,
CLM-98930,2025-09-20,Franchise_FL_04,Dehumidifier Rental,43.0,2248.9,1396.99,0,52.3,,
CLM-82341,11/29/2025,Franchise_NY_12,Dehumidifier Rental,,797.92,517.91,0,,$49.87,16.0
CLM-68258,2025-07-06,Franchise_FL_04,Water Extraction,31.0,637.05,561.85,0,20.55,,
CLM-55801,2025-09-11,Franchise_FL_04,Baseboard Replacement,8.0,324.72,324.72,1,40.59,,
CLM-60795,2025-04-28,Franchise_FL_04,Dehumidifier Rental,4.0,200.28,168.73,0,50.07,,
CLM-38734,11/02/2025,Franchise_NY_12,Baseboard Replacement,,3948.78,2585.81,0,,$127.38,31.0
CLM-59556,"January 01, 2025",Franchise_TX_01,Water Extraction - MISC,50.0,3969.5,3969.5,1,,79.39,
CLM-32182,"August 19, 2025",Franchise_TX_01,Water Extraction,12.0,291.84,291.84,1,,24.32,
CLM-94600,"December 17, 2025",Franchise_TX_01,Antimicrobial Treatment,20.0,729.2,299.45,0,,36.46,
CLM-84264,2025-03-24,Franchise_FL_04,Water Extraction,28.0,2406.32,1032.91,0,85.94,,
CLM-35458,02/09/2025,Franchise_NY_12,Dehumidifier Rental,,3991.68,1733.88,0,,$95.04,42.0
CLM-64974,2025-12-21,Franchise_FL_04,Baseboard Replacement,20.0,1353.0,1353.0,1,67.65,,
CLM-34006,"February 27, 2025",Franchise_TX_01,Antimicrobial Treatment - MISC,36.0,4572.36,2551.46,0,,127.01,
CLM-94672,04/21/2025,Franchise_NY_12,Baseboard Replacement,,148.44,128.03,0,,$37.11,4.0
CLM-37018,12/04/2025,Franchise_NY_12,Dehumidifier Rental,,2876.38,2876.38,1,,$110.63,26.0
CLM-33685,"February 22, 2025",Franchise_TX_01,Water Extraction - MISC,36.0,3504.24,1669.23,0,,97.34,
CLM-23881,07/24/2025,Franchise_NY_12,Antimicrobial Treatment,,803.88,803.88,1,,$57.42,14.0
CLM-87802,06/10/2025,Franchise_NY_12,Baseboard Replacement,,2822.85,2274.0,0,,$104.55,27.0
CLM-27598,10/05/2025,Franchise_NY_12,Antimicrobial Treatment,,661.36,333.67,0,,$47.24,14.0
CLM-61627,2025-09-20,Franchise_FL_04,Drywall Repair,47.0,1300.96,1300.96,1,27.68,,
CLM-36050,"April 03, 2025",Franchise_TX_01,Water Extraction,16.0,1340.32,1340.32,1,,83.77,
CLM-79455,2025-06-14,Franchise_FL_04,Drywall Repair,9.0,,363.46,0,54.09,,
CLM-57608,08/04/2025,Franchise_NY_12,Antimicrobial Treatment,,2115.54,2115.54,1,,$91.98,23.0
CLM-31501,08/14/2025,Franchise_NY_12,Antimicrobial Treatment,,5496.46,5496.46,1,,$134.06,41.0
CLM-84324,10/05/2025,Franchise_NY_12,Water Extraction,,3615.7,3615.7,1,,$95.15,38.0
CLM-60316,2025-10-19,Franchise_FL_04,Antimicrobial Treatment,14.0,324.1,324.1,1,23.15,,
CLM-77633,"July 18, 2025",Franchise_TX_01,Antimicrobial Treatment,25.0,2339.0,1263.03,0,,93.56,
CLM-61407,"June 19, 2025",Franchise_TX_01,Antimicrobial Treatment,16.0,1892.0,1892.0,1,,118.25,
CLM-66508,05/19/2025,Franchise_NY_12,Drywall Repair,,536.8,536.8,1,,$67.1,8.0
CLM-66279,2025-05-03,Franchise_FL_04,Water Extraction,32.0,1402.88,1402.88,1,43.84,,
CLM-31132,2025-11-11,Franchise_FL_04,Water Extraction,45.0,6018.3,4868.27,0,133.74,,
CLM-84986,"January 10, 2025",Franchise_TX_01,Baseboard Replacement,8.0,345.52,345.52,1,,43.19,
CLM-92685,"May 26, 2025",Franchise_TX_01,Dehumidifier Rental,33.0,4175.49,4175.49,1,,126.53,
CLM-58250,"April 11, 2025",Franchise_TX_01,Baseboard Replacement,38.0,2742.84,2742.84,1,,72.18,
CLM-33025,12/30/2025,Franchise_NY_12,Baseboard Replacement,,573.8,281.94,0,,$143.45,4.0
CLM-92774,"August 13, 2025",Franchise_TX_01,Antimicrobial Treatment - MISC,20.0,911.0,911.0,1,,45.55,
CLM-76130,"April 05, 2025",Franchise_TX_01,Drywall Repair,3.0,74.34,74.34,1,,24.78,
CLM-34342,"December 08, 2025",Franchise_TX_01,Antimicrobial Treatment - MISC,39.0,1716.78,1716.78,1,,44.02,
CLM-83896,"November 23, 2025",Franchise_TX_01,Antimicrobial Treatment - MISC,48.0,4089.12,4089.12,1,,85.19,
CLM-59689,2025-06-29,Franchise_FL_04,Water Extraction,24.0,2276.64,1069.63,0,94.86,,
CLM-11332,"December 25, 2025",Franchise_TX_01,Antimicrobial Treatment,35.0,1616.3,1149.04,0,,46.18,
CLM-34915,2025-04-17,Franchise_FL_04,Dehumidifier Rental,32.0,1316.48,929.16,0,41.14,,
CLM-27693,"June 02, 2025",Franchise_TX_01,Antimicrobial Treatment,28.0,4131.12,4131.12,1,,147.54,
CLM-40447,2025-09-20,Franchise_FL_04,Antimicrobial Treatment,4.0,244.96,244.96,1,61.24,,
CLM-81909,06/09/2025,Franchise_NY_12,Water Extraction,,4381.44,4381.44,1,,$104.32,42.0
CLM-42894,2025-08-12,Franchise_FL_04,Baseboard Replacement,23.0,2790.59,1670.48,0,121.33,,
CLM-15540,"May 15, 2025",Franchise_TX_01,Antimicrobial Treatment,27.0,826.74,826.74,1,,30.62,
CLM-59651,10/19/2025,Franchise_NY_12,Baseboard Replacement,,1422.96,1422.96,1,,$50.82,28.0
CLM-53047,"June 11, 2025",Franchise_TX_01,Antimicrobial Treatment,10.0,1452.0,757.46,0,,145.2,
CLM-15677,2025-12-10,Franchise_FL_04,Dehumidifier Rental,17.0,880.77,660.72,0,51.81,,
CLM-86250,2025-04-26,Franchise_FL_04,Antimicrobial Treatment,28.0,2751.56,2751.56,1,98.27,,
CLM-97598,"August 09, 2025",Franchise_TX_01,Drywall Repair,31.0,4019.15,1608.63,0,,129.65,
CLM-14964,"April 11, 2025",Franchise_TX_01,Water Extraction,36.0,959.04,959.04,1,,26.64,
CLM-29496,2025-02-04,Franchise_FL_04,Baseboard Replacement,28.0,4060.84,3420.55,0,145.03,,
CLM-63456,01/16/2025,Franchise_NY_12,Water Extraction,,3414.15,3414.15,1,,$75.87,45.0
CLM-85305,"November 21, 2025",Franchise_TX_01,Drywall Repair,1.0,95.32,82.98,0,,95.32,
CLM-74449,03/21/2025,Franchise_NY_12,Drywall Repair,,88.36,88.36,1,,$88.36,1.0
CLM-53995,2025-09-20,Franchise_FL_04,Dehumidifier Rental,18.0,2598.84,2598.84,1,144.38,,
CLM-22079,2025-01-20,Franchise_FL_04,Water Extraction,42.0,4958.1,4958.1,1,118.05,,
CLM-78059,2025-04-11,Franchise_FL_04,Antimicrobial Treatment,28.0,,1889.16,1,67.47,,
CLM-37332,2025-01-28,Franchise_FL_04,Antimicrobial Treatment,7.0,538.09,538.09,1,76.87,,
CLM-77633,06/08/2025,Franchise_NY_12,Water Extraction,,1965.74,1965.74,1,,$51.73,38.0
CLM-19643,01/03/2025,Franchise_NY_12,Antimicrobial Treatment,,298.66,298.66,1,,$149.33,2.0
CLM-71083,11/23/2025,Franchise_NY_12,Baseboard Replacement,,1900.47,1900.47,1,,$146.19,13.0
CLM-47023,2025-07-20,Franchise_FL_04,Antimicrobial Treatment,18.0,295.02,295.02,1,16.39,,
CLM-94829,2025-01-24,Franchise_FL_04,Water Extraction,24.0,2042.88,1608.5,0,85.12,,
CLM-91638,"November 27, 2025",Franchise_TX_01,Antimicrobial Treatment,47.0,6531.12,3863.56,0,,138.96,
CLM-67979,11/25/2025,Franchise_NY_12,Water Extraction,,5374.8,5374.8,1,,$149.3,36.0
CLM-77572,07/02/2025,Franchise_NY_12,Drywall Repair,,3102.0,1942.29,0,,$94.0,33.0
CLM-98896,04/09/2025,Franchise_NY_12,Baseboard Replacement,,4304.4,2144.02,0,,$107.61,40.0
CLM-78039,"December 28, 2025",Franchise_TX_01,Baseboard Replacement,36.0,2628.36,2628.36,1,,73.01,
CLM-79666,2025-09-04,Franchise_FL_04,Antimicrobial Treatment,25.0,1635.75,686.93,0,65.43,,
CLM-34183,"March 27, 2025",Franchise_TX_01,Antimicrobial Treatment,4.0,396.76,193.06,0,,99.19,
CLM-69291,"April 21, 2025",Franchise_TX_01,Antimicrobial Treatment,14.0,1093.12,892.48,0,,78.08,
CLM-82246,2025-03-11,Franchise_FL_04,Water Extraction,30.0,759.0,759.0,1,25.3,,
CLM-86386,2025-03-15,Franchise_FL_04,Drywall Repair,44.0,2147.64,2147.64,1,48.81,,
CLM-52613,2025-03-16,Franchise_FL_04,Antimicrobial Treatment,12.0,1558.44,895.78,0,129.87,,
CLM-80811,02/21/2025,Franchise_NY_12,Water Extraction,,1201.23,1201.23,1,,$44.49,27.0
CLM-42730,10/02/2025,Franchise_NY_12,Water Extraction,,2856.65,1381.63,0,,$92.15,31.0
CLM-55560,2025-01-13,Franchise_FL_04,Baseboard Replacement,15.0,1779.3,1779.3,1,118.62,,
CLM-72325,"October 13, 2025",Franchise_TX_01,Baseboard Replacement,43.0,3994.27,3994.27,1,,92.89,
CLM-56159,2025-01-07,Franchise_FL_04,Dehumidifier Rental,38.0,3665.1,3665.1,1,96.45,,
CLM-47871,2025-02-04,Franchise_FL_04,Baseboard Replacement,50.0,6447.5,6447.5,1,128.95,,
CLM-35076,"March 25, 2025",Franchise_TX_01,Dehumidifier Rental,11.0,905.96,905.96,1,,82.36,
CLM-28642,2025-10-23,Franchise_FL_04,Antimicrobial Treatment,28.0,985.04,985.04,1,35.18,,
CLM-89776,06/07/2025,Franchise_NY_12,Drywall Repair,,1029.5,622.19,0,,$20.59,50.0
CLM-87087,09/04/2025,Franchise_NY_12,Baseboard Replacement,,1950.48,1950.48,1,,$54.18,36.0
CLM-91880,2025-10-05,Franchise_FL_04,Water Extraction,17.0,2271.71,2271.71,1,133.63,,
CLM-99518,2025-10-09,Franchise_FL_04,Water Extraction,49.0,,6713.98,1,137.02,,
CLM-60005,01/12/2025,Franchise_NY_12,Antimicrobial Treatment,,2030.67,2030.67,1,,$88.29,23.0
CLM-24712,2025-12-12,Franchise_FL_04,Drywall Repair,13.0,974.35,974.35,1,74.95,,
CLM-21089,2025-02-15,Franchise_FL_04,Water Extraction,11.0,896.61,896.61,1,81.51,,
CLM-72583,2025-04-30,Franchise_FL_04,Dehumidifier Rental,13.0,918.97,918.97,1,70.69,,
CLM-46684,12/15/2025,Franchise_NY_12,Antimicrobial Treatment,,1653.29,1433.14,0,,$57.01,29.0
CLM-15927,"July 02, 2025",Franchise_TX_01,Antimicrobial Treatment,48.0,2736.96,2736.96,1,,57.02,
CLM-76086,02/06/2025,Franchise_NY_12,Dehumidifier Rental,,1630.56,1630.56,1,,$67.94,24.0
CLM-87136,"January 18, 2025",Franchise_TX_01,Baseboard Replacement,44.0,2008.6,2008.6,1,,45.65,
CLM-69064,"July 31, 2025",Franchise_TX_01,Antimicrobial Treatment,25.0,2212.5,2212.5,1,,88.5,
CLM-10289,"January 28, 2025",Franchise_TX_01,Baseboard Replacement,18.0,2000.7,2000.7,1,,111.15,
CLM-59343,2025-04-06,Franchise_FL_04,Antimicrobial Treatment,31.0,2013.76,1014.37,0,64.96,,
CLM-95012,2025-02-02,Franchise_FL_04,Antimicrobial Treatment,41.0,651.9,651.9,1,15.9,,
CLM-91074,"September 14, 2025",Franchise_TX_01,Antimicrobial Treatment,37.0,4345.65,2300.05,0,,117.45,
CLM-33411,2025-03-29,Franchise_FL_04,Water Extraction,2.0,276.44,276.44,1,138.22,,
CLM-14927,2025-04-10,Franchise_FL_04,Baseboard Replacement,13.0,326.17,326.17,1,25.09,,
CLM-87939,2025-02-08,Franchise_FL_04,Dehumidifier Rental,3.0,342.39,226.61,0,114.13,,
CLM-75750,2025-07-28,Franchise_FL_04,Dehumidifier Rental,32.0,2882.56,1678.01,0,90.08,,
CLM-36913,07/03/2025,Franchise_NY_12,Baseboard Replacement,,2680.76,2680.76,1,,$92.44,29.0
CLM-56986,"May 14, 2025",Franchise_TX_01,Water Extraction,25.0,977.0,677.8,0,,39.08,
CLM-56003,12/22/2025,Franchise_NY_12,Baseboard Replacement,,843.18,843.18,1,,$18.33,46.0
CLM-11598,2025-08-11,Franchise_FL_04,Antimicrobial Treatment,21.0,2131.08,1420.67,0,101.48,,
CLM-61463,"March 22, 2025",Franchise_TX_01,Water Extraction,5.0,309.45,262.04,0,,61.89,
CLM-25529,2025-04-27,Franchise_FL_04,Baseboard Replacement,34.0,2591.82,2591.82,1,76.23,,
CLM-43140,05/14/2025,Franchise_NY_12,Antimicrobial Treatment,,2579.04,1972.17,0,,$107.46,24.0
CLM-11275,"June 16, 2025",Franchise_TX_01,Antimicrobial Treatment,6.0,330.96,194.14,0,,55.16,
CLM-42362,07/22/2025,Franchise_NY_12,Dehumidifier Rental,,516.24,516.24,1,,$21.51,24.0
CLM-23525,2025-09-20,Franchise_FL_04,Water Extraction,3.0,402.0,402.0,1,134.0,,
CLM-67582,"July 17, 2025",Franchise_TX_01,Water Extraction,20.0,2063.4,2063.4,1,,103.17,
CLM-86898,2025-04-23,Franchise_FL_04,Baseboard Replacement,22.0,986.92,986.92,1,44.86,,
CLM-39981,09/20/2025,Franchise_NY_12,Baseboard Replacement,,1610.1,1610.1,1,,$53.67,30.0
CLM-45098,2025-11-16,Franchise_FL_04,Baseboard Replacement,43.0,,4230.77,1,98.39,,
CLM-36364,"September 09, 2025",Franchise_TX_01,Dehumidifier Rental,17.0,1219.07,1068.29,0,,71.71,
CLM-78820,2025-10-23,Franchise_FL_04,Water Extraction,18.0,619.2,619.2,1,34.4,,
CLM-66945,"October 16, 2025",Franchise_TX_01,Antimicrobial Treatment,24.0,2133.84,2133.84,1,,88.91,
CLM-83850,"March 02, 2025",Franchise_TX_01,Antimicrobial Treatment,27.0,760.86,760.86,1,,28.18,
CLM-78921,"January 10, 2025",Franchise_TX_01,Drywall Repair,2.0,137.38,106.31,0,,68.69,
CLM-64092,"July 04, 2025",Franchise_TX_01,Antimicrobial Treatment - MISC,15.0,1474.65,1018.91,0,,98.31,
CLM-63064,2025-11-10,Franchise_FL_04,Water Extraction,10.0,225.4,123.86,0,22.54,,
CLM-98775,01/28/2025,Franchise_NY_12,Antimicrobial Treatment,,1701.57,919.02,0,,$130.89,13.0
CLM-30197,"October 20, 2025",Franchise_TX_01,Antimicrobial Treatment - MISC,27.0,3795.12,3795.12,1,,140.56,
CLM-77721,04/04/2025,Franchise_NY_12,Drywall Repair,,3908.8,3908.8,1,,$97.72,40.0
CLM-87166,"March 26, 2025",Franchise_TX_01,Dehumidifier Rental,7.0,143.15,143.15,1,,20.45,
CLM-68027,2025-01-21,Franchise_FL_04,Baseboard Replacement,2.0,90.12,90.12,1,45.06,,
CLM-22003,08/26/2025,Franchise_NY_12,Antimicrobial Treatment,,3623.68,1495.92,0,,$95.36,38.0
CLM-78688,2025-10-10,Franchise_FL_04,Drywall Repair,44.0,4196.28,4196.28,1,95.37,,
CLM-18568,"March 17, 2025",Franchise_TX_01,Baseboard Replacement,3.0,329.73,329.73,1,,109.91,
CLM-14173,2025-12-04,Franchise_FL_04,Drywall Repair,34.0,4449.92,2367.68,0,130.88,,
CLM-57022,2025-02-24,Franchise_FL_04,Drywall Repair,43.0,5474.33,3533.3,0,127.31,,
CLM-51735,2025-04-28,Franchise_FL_04,Antimicrobial Treatment,32.0,2942.4,2942.4,1,91.95,,
CLM-34350,"August 04, 2025",Franchise_TX_01,Water Extraction,20.0,1004.2,404.98,0,,50.21,
CLM-66468,05/14/2025,Franchise_NY_12,Antimicrobial Treatment,,80.73,64.57,0,,$26.91,3.0
CLM-19895,2025-12-26,Franchise_FL_04,Drywall Repair,37.0,3565.69,1900.8,0,96.37,,
CLM-76719,2025-11-05,Franchise_FL_04,Drywall Repair,38.0,,826.5,1,21.75,,
CLM-52548,06/25/2025,Franchise_NY_12,Water Extraction,,1060.0,637.04,0,,$21.2,50.0
CLM-93170,"August 12, 2025",Franchise_TX_01,Antimicrobial Treatment,46.0,5668.58,2358.36,0,,123.23,
CLM-16418,06/01/2025,Franchise_NY_12,Drywall Repair,,5796.96,5796.96,1,,$148.64,39.0
CLM-16113,"November 09, 2025",Franchise_TX_01,Dehumidifier Rental,17.0,899.81,899.81,1,,52.93,
CLM-49049,2025-08-31,Franchise_FL_04,Water Extraction,5.0,700.8,296.07,0,140.16,,
CLM-48313,06/03/2025,Franchise_NY_12,Antimicrobial Treatment,,5333.6,2961.34,0,,$133.34,40.0
CLM-62234,2025-01-02,Franchise_FL_04,Baseboard Replacement,27.0,3747.06,3244.37,0,138.78,,
CLM-64535,2025-07-03,Franchise_FL_04,Baseboard Replacement,20.0,793.2,793.2,1,39.66,,
CLM-91041,03/06/2025,Franchise_NY_12,Baseboard Replacement,,1057.28,1057.28,1,,$33.04,32.0
CLM-22971,01/20/2025,Franchise_NY_12,Baseboard Replacement,,339.2,257.2,0,,$67.84,5.0
CLM-48582,"November 21, 2025",Franchise_TX_01,Dehumidifier Rental - MISC,17.0,760.24,372.71,0,,44.72,
CLM-45571,2025-09-08,Franchise_FL_04,Water Extraction,40.0,2673.2,2673.2,1,66.83,,
CLM-56412,2025-03-11,Franchise_FL_04,Water Extraction,39.0,2077.92,2077.92,1,53.28,,
CLM-65731,03/05/2025,Franchise_NY_12,Baseboard Replacement,,2340.04,2340.04,1,,$123.16,19.0
CLM-48100,12/30/2025,Franchise_NY_12,Dehumidifier Rental,,1527.68,1307.53,0,,$138.88,11.0
CLM-74130,"February 15, 2025",Franchise_TX_01,Dehumidifier Rental,26.0,2540.46,2540.46,1,,97.71,
CLM-42014,2025-02-23,Franchise_FL_04,Dehumidifier Rental,48.0,6932.64,6932.64,1,144.43,,
CLM-63317,"August 18, 2025",Franchise_TX_01,Drywall Repair - MISC,4.0,397.64,173.78,0,,99.41,
CLM-72958,2025-07-23,Franchise_FL_04,Antimicrobial Treatment,34.0,2222.58,2222.58,1,65.37,,
CLM-97767,2025-10-18,Franchise_FL_04,Baseboard Replacement,23.0,3319.59,3319.59,1,144.33,,
CLM-73240,2025-08-29,Franchise_FL_04,Baseboard Replacement,43.0,3397.86,2881.78,0,79.02,,
CLM-94876,2025-10-26,Franchise_FL_04,Water Extraction,38.0,5131.52,5131.52,1,135.04,,
CLM-69343,"February 16, 2025",Franchise_TX_01,Baseboard Replacement,36.0,1702.8,1702.8,1,,47.3,
CLM-53730,"August 19, 2025",Franchise_TX_01,Baseboard Replacement,10.0,793.6,663.73,0,,79.36,
CLM-39575,12/14/2025,Franchise_NY_12,Antimicrobial Treatment,,469.98,257.61,0,,$78.33,6.0
CLM-73376,2025-06-05,Franchise_FL_04,Antimicrobial Treatment,19.0,2714.91,2714.91,1,142.89,,
CLM-98104,2025-10-31,Franchise_FL_04,Antimicrobial Treatment,9.0,1272.42,1272.42,1,141.38,,
CLM-34230,2025-10-02,Franchise_FL_04,Dehumidifier Rental,2.0,291.06,144.02,0,145.53,,
CLM-44964,01/28/2025,Franchise_NY_12,Antimicrobial Treatment,,835.2,671.55,0,,$83.52,10.0
CLM-20028,01/12/2025,Franchise_NY_12,Water Extraction,,5168.24,5168.24,1,,$117.46,44.0
CLM-33616,2025-04-11,Franchise_FL_04,Drywall Repair,11.0,1251.47,954.63,0,113.77,,
CLM-89167,"November 11, 2025",Franchise_TX_01,Water Extraction,6.0,248.58,248.58,1,,41.43,
CLM-36613,"December 20, 2025",Franchise_TX_01,Antimicrobial Treatment,34.0,1543.94,1543.94,1,,45.41,
CLM-39936,02/05/2025,Franchise_NY_12,Dehumidifier Rental,,730.6,730.6,1,,$36.53,20.0
CLM-17557,"April 26, 2025",Franchise_TX_01,Antimicrobial Treatment,2.0,281.46,281.46,1,,140.73,
CLM-25868,10/04/2025,Franchise_NY_12,Baseboard Replacement,,2534.74,2534.74,1,,$97.49,26.0
CLM-28440,"September 24, 2025",Franchise_TX_01,Drywall Repair,24.0,2900.88,2900.88,1,,120.87,
CLM-26288,"June 06, 2025",Franchise_TX_01,Drywall Repair,18.0,2067.66,2067.66,1,,114.87,
CLM-13522,09/17/2025,Franchise_NY_12,Antimicrobial Treatment,,2488.5,2488.5,1,,$71.1,35.0
CLM-24362,2025-09-24,Franchise_FL_04,Baseboard Replacement,11.0,1336.17,1336.17,1,121.47,,
CLM-15216,2025-10-21,Franchise_FL_04,Water Extraction,47.0,5224.05,5224.05,1,111.15,,
CLM-41643,06/23/2025,Franchise_NY_12,Drywall Repair,,3286.92,1330.87,0,,$67.08,49.0
CLM-62984,2025-02-18,Franchise_FL_04,Dehumidifier Rental,5.0,745.95,745.95,1,149.19,,
CLM-32693,"December 20, 2025",Franchise_TX_01,Baseboard Replacement - MISC,24.0,3497.76,3497.76,1,,145.74,
CLM-90274,03/20/2025,Franchise_NY_12,Baseboard Replacement,,2074.66,2074.66,1,,$148.19,14.0
CLM-44392,2025-05-23,Franchise_FL_04,Drywall Repair,49.0,3457.93,2765.73,0,70.57,,
CLM-25729,2025-01-10,Franchise_FL_04,Antimicrobial Treatment,7.0,792.75,792.75,1,113.25,,
CLM-43526,11/28/2025,Franchise_NY_12,Water Extraction,,2275.46,2275.46,1,,$103.43,22.0
CLM-45640,"October 09, 2025",Franchise_TX_01,Antimicrobial Treatment - MISC,28.0,691.88,560.35,0,,24.71,
CLM-41824,01/29/2025,Franchise_NY_12,Water Extraction,,329.7,329.7,1,,$54.95,6.0
CLM-84847,"September 06, 2025",Franchise_TX_01,Dehumidifier Rental,35.0,3133.55,3133.55,1,,89.53,
CLM-72401,"May 11, 2025",Franchise_TX_01,Water Extraction,42.0,1056.3,807.24,0,,25.15,
CLM-56263,05/31/2025,Franchise_NY_12,Baseboard Replacement,,1015.28,1015.28,1,,$126.91,8.0
CLM-16232,2025-03-05,Franchise_FL_04,Drywall Repair,37.0,5236.61,5236.61,1,141.53,,
CLM-97590,09/09/2025,Franchise_NY_12,Dehumidifier Rental,,2378.7,2378.7,1,,$79.29,30.0
CLM-20708,"August 22, 2025",Franchise_TX_01,Water Extraction - MISC,43.0,6374.75,6374.75,1,,148.25,
CLM-86420,"November 27, 2025",Franchise_TX_01,Drywall Repair,20.0,1311.8,1311.8,1,,65.59,
CLM-32999,"April 17, 2025",Franchise_TX_01,Baseboard Replacement,22.0,2982.76,2121.26,0,,135.58,
CLM-57026,2025-02-10,Franchise_FL_04,Baseboard Replacement,16.0,548.48,548.48,1,34.28,,
CLM-85490,2025-11-07,Franchise_FL_04,Dehumidifier Rental,1.0,103.53,87.18,0,103.53,,
CLM-53305,"May 27, 2025",Franchise_TX_01,Drywall Repair,2.0,177.14,177.14,1,,88.57,
CLM-97923,"June 09, 2025",Franchise_TX_01,Drywall Repair,35.0,915.6,600.88,0,,26.16,
CLM-73804,12/27/2025,Franchise_NY_12,Water Extraction,,733.05,733.05,1,,$146.61,5.0
CLM-55890,11/22/2025,Franchise_NY_12,Drywall Repair,,305.35,123.86,0,,$61.07,5.0
CLM-93607,2025-09-05,Franchise_FL_04,Dehumidifier Rental,19.0,1140.76,972.3,0,60.04,,
CLM-48992,2025-04-11,Franchise_FL_04,Drywall Repair,49.0,4260.06,3246.38,0,86.94,,
CLM-50512,2025-10-17,Franchise_FL_04,Antimicrobial Treatment,8.0,711.44,496.25,0,88.93,,
CLM-15363,10/09/2025,Franchise_NY_12,Dehumidifier Rental,,1510.63,1510.63,1,,$137.33,11.0
CLM-38684,12/06/2025,Franchise_NY_12,Antimicrobial Treatment,,367.52,367.52,1,,$91.88,4.0
CLM-34653,"June 17, 2025",Franchise_TX_01,Antimicrobial Treatment - MISC,26.0,1616.94,1616.94,1,,62.19,
CLM-27853,2025-07-09,Franchise_FL_04,Drywall Repair,26.0,2081.04,2081.04,1,80.04,,
CLM-85316,"July 27, 2025",Franchise_TX_01,Antimicrobial Treatment,15.0,846.9,846.9,1,,56.46,
CLM-84644,04/23/2025,Franchise_NY_12,Drywall Repair,,1822.48,1356.25,0,,$82.84,22.0
CLM-89064,"April 18, 2025",Franchise_TX_01,Baseboard Replacement,32.0,1449.92,1449.92,1,,45.31,
CLM-84169,"November 04, 2025",Franchise_TX_01,Baseboard Replacement,50.0,3376.0,3376.0,1,,67.52,
CLM-67974,08/21/2025,Franchise_NY_12,Dehumidifier Rental,,4398.07,4398.07,1,,$107.27,41.0
CLM-47138,"April 11, 2025",Franchise_TX_01,Water Extraction - MISC,23.0,3312.69,3312.69,1,,144.03,
CLM-26646,04/10/2025,Franchise_NY_12,Antimicrobial Treatment,,1216.8,1216.8,1,,$33.8,36.0
CLM-31207,2025-09-10,Franchise_FL_04,Baseboard Replacement,48.0,6032.64,3766.45,0,125.68,,
CLM-21963,07/17/2025,Franchise_NY_12,Baseboard Replacement,,1410.5,712.62,0,,$54.25,26.0
CLM-31092,2025-02-21,Franchise_FL_04,Water Extraction,22.0,1004.08,1004.08,1,45.64,,
CLM-70492,2025-11-25,Franchise_FL_04,Antimicrobial Treatment,1.0,114.62,114.62,1,114.62,,
CLM-20467,04/04/2025,Franchise_NY_12,Dehumidifier Rental,,356.46,203.91,0,,$27.42,13.0
CLM-47265,12/24/2025,Franchise_NY_12,Antimicrobial Treatment,,4940.54,4940.54,1,,$145.31,34.0
CLM-93932,05/05/2025,Franchise_NY_12,Drywall Repair,,516.78,385.57,0,,$57.42,9.0
CLM-11756,12/08/2025,Franchise_NY_12,Dehumidifier Rental,,1566.04,1071.64,0,,$31.96,49.0
CLM-83260,"February 27, 2025",Franchise_TX_01,Drywall Repair,49.0,1515.57,1515.57,1,,30.93,
CLM-65517,"January 23, 2025",Franchise_TX_01,Baseboard Replacement,29.0,2469.93,2014.33,0,,85.17,
CLM-66070,05/16/2025,Franchise_NY_12,Antimicrobial Treatment,,4177.74,4177.74,1,,$99.47,42.0
CLM-76575,"December 03, 2025",Franchise_TX_01,Dehumidifier Rental,14.0,1394.26,559.97,0,,99.59,
CLM-72121,2025-01-22,Franchise_FL_04,Water Extraction,11.0,1592.69,1592.69,1,144.79,,
CLM-32107,2025-12-18,Franchise_FL_04,Antimicrobial Treatment,26.0,2785.12,1919.21,0,107.12,,
CLM-21617,2025-05-18,Franchise_FL_04,Dehumidifier Rental,35.0,5047.35,4364.46,0,144.21,,
CLM-31946,"January 18, 2025",Franchise_TX_01,Water Extraction - MISC,33.0,2397.78,2397.78,1,,72.66,
CLM-44182,2025-01-06,Franchise_FL_04,Dehumidifier Rental,19.0,1003.77,893.7,0,52.83,,
CLM-38034,08/17/2025,Franchise_NY_12,Water Extraction,,1467.36,841.13,0,,$61.14,24.0
CLM-26536,12/02/2025,Franchise_NY_12,Dehumidifier Rental,,3836.12,3836.12,1,,$132.28,29.0
CLM-21847,"December 03, 2025",Franchise_TX_01,Dehumidifier Rental,48.0,2017.92,2017.92,1,,42.04,
CLM-71772,2025-10-08,Franchise_FL_04,Drywall Repair,35.0,5143.95,2838.97,0,146.97,,
CLM-70761,2025-11-24,Franchise_FL_04,Water Extraction,38.0,2049.72,1821.96,0,53.94,,
CLM-21926,2025-02-09,Franchise_FL_04,Drywall Repair,48.0,792.48,321.2,0,16.51,,
CLM-26325,"June 16, 2025",Franchise_TX_01,Water Extraction,39.0,3021.72,3021.72,1,,77.48,
CLM-26526,11/01/2025,Franchise_NY_12,Dehumidifier Rental,,5932.28,5932.28,1,,$137.96,43.0
CLM-54238,2025-08-25,Franchise_FL_04,Water Extraction,18.0,756.72,433.41,0,42.04,,
CLM-68743,05/25/2025,Franchise_NY_12,Dehumidifier Rental,,6932.64,6932.64,1,,$144.43,48.0
CLM-22559,2025-09-23,Franchise_FL_04,Water Extraction,22.0,1923.68,1475.93,0,87.44,,
CLM-56956,"May 11, 2025",Franchise_TX_01,Antimicrobial Treatment,26.0,1825.98,1641.46,0,,70.23,
CLM-47421,"May 21, 2025",Franchise_TX_01,Baseboard Replacement,42.0,2234.4,1713.9,0,,53.2,
CLM-36064,2025-09-08,Franchise_FL_04,Drywall Repair,35.0,2540.3,1874.96,0,72.58,,
CLM-24400,05/09/2025,Franchise_NY_12,Dehumidifier Rental,,1265.71,1265.71,1,,$26.93,47.0
CLM-84073,2025-01-19,Franchise_FL_04,Dehumidifier Rental,43.0,2306.95,2306.95,1,53.65,,
CLM-81620,12/24/2025,Franchise_NY_12,Drywall Repair,,917.19,538.73,0,,$33.97,27.0
CLM-25862,03/19/2025,Franchise_NY_12,Antimicrobial Treatment,,1201.48,1201.48,1,,$42.91,28.0
CLM-32311,"May 14, 2025",Franchise_TX_01,Water Extraction,16.0,1341.12,1341.12,1,,83.82,
CLM-45984,2025-02-11,Franchise_FL_04,Antimicrobial Treatment,41.0,5103.27,5103.27,1,124.47,,
CLM-65278,05/28/2025,Franchise_NY_12,Dehumidifier Rental,,779.24,779.24,1,,$111.32,7.0
CLM-28326,02/19/2025,Franchise_NY_12,Antimicrobial Treatment,,2165.04,2165.04,1,,$120.28,18.0
CLM-17315,"September 03, 2025",Franchise_TX_01,Baseboard Replacement,22.0,1342.0,1034.37,0,,61.0,
CLM-79858,2025-04-25,Franchise_FL_04,Water Extraction,17.0,1843.48,1843.48,1,108.44,,
CLM-60740,"January 05, 2025",Franchise_TX_01,Drywall Repair,7.0,325.78,141.29,0,,46.54,
CLM-92833,07/16/2025,Franchise_NY_12,Antimicrobial Treatment,,3850.2,3850.2,1,,$124.2,31.0
CLM-58800,"March 08, 2025",Franchise_TX_01,Antimicrobial Treatment,37.0,1935.84,1010.36,0,,52.32,
CLM-67690,2025-09-29,Franchise_FL_04,Drywall Repair,37.0,,1092.21,0,45.37,,
CLM-97280,09/06/2025,Franchise_NY_12,Drywall Repair,,1831.13,1831.13,1,,$49.49,37.0
CLM-90162,04/06/2025,Franchise_NY_12,Antimicrobial Treatment,,1307.84,1307.84,1,,$40.87,32.0
CLM-73591,2025-05-27,Franchise_FL_04,Drywall Repair,30.0,2562.6,1846.77,0,85.42,,
CLM-49466,05/21/2025,Franchise_NY_12,Baseboard Replacement,,2836.16,1917.37,0,,$88.63,32.0
CLM-29262,05/29/2025,Franchise_NY_12,Baseboard Replacement,,474.43,313.66,0,,$43.13,11.0
CLM-29280,2025-10-24,Franchise_FL_04,Dehumidifier Rental,26.0,2885.74,2885.74,1,110.99,,
CLM-11849,10/30/2025,Franchise_NY_12,Baseboard Replacement,,3018.0,3018.0,1,,$125.75,24.0
CLM-51915,04/09/2025,Franchise_NY_12,Dehumidifier Rental,,4689.72,4689.72,1,,$130.27,36.0
CLM-11248,11/05/2025,Franchise_NY_12,Antimicrobial Treatment,,810.88,453.2,0,,$115.84,7.0
CLM-79088,06/16/2025,Franchise_NY_12,Antimicrobial Treatment,,822.75,822.75,1,,$54.85,15.0
CLM-11692,"November 14, 2025",Franchise_TX_01,Dehumidifier Rental - MISC,18.0,1791.72,971.73,0,,99.54,
CLM-55317,2025-12-08,Franchise_FL_04,Water Extraction,20.0,586.6,586.6,1,29.33,,
CLM-41160,2025-05-14,Franchise_FL_04,Drywall Repair,41.0,3154.54,2383.81,0,76.94,,
CLM-48694,2025-11-13,Franchise_FL_04,Antimicrobial Treatment,29.0,570.43,346.84,0,19.67,,
CLM-88897,03/13/2025,Franchise_NY_12,Antimicrobial Treatment,,2235.64,2235.64,1,,$101.62,22.0
CLM-56470,"April 03, 2025",Franchise_TX_01,Water Extraction - MISC,7.0,817.11,403.49,0,,116.73,
CLM-44407,2025-06-14,Franchise_FL_04,Baseboard Replacement,23.0,2471.81,2471.81,1,107.47,,
CLM-16068,"December 06, 2025",Franchise_TX_01,Drywall Repair,43.0,6095.68,2645.28,0,,141.76,
CLM-45219,"June 16, 2025",Franchise_TX_01,Dehumidifier Rental,26.0,2128.62,2128.62,1,,81.87,
CLM-27701,2025-10-21,Franchise_FL_04,Baseboard Replacement,12.0,1336.68,1336.68,1,111.39,,
CLM-94482,10/25/2025,Franchise_NY_12,Drywall Repair,,869.67,707.52,0,,$32.21,27.0
CLM-76086,05/03/2025,Franchise_NY_12,Baseboard Replacement,,1879.04,914.21,0,,$117.44,16.0
CLM-48808,06/08/2025,Franchise_NY_12,Dehumidifier Rental,,873.31,735.1,0,,$37.97,23.0
CLM-98692,2025-06-25,Franchise_FL_04,Drywall Repair,38.0,,3761.62,1,98.99,,
CLM-92718,06/11/2025,Franchise_NY_12,Baseboard Replacement,,4340.16,4340.16,1,,$135.63,32.0
CLM-65676,2025-10-11,Franchise_FL_04,Baseboard Replacement,35.0,1843.45,1843.45,1,52.67,,
CLM-65781,2025-09-06,Franchise_FL_04,Antimicrobial Treatment,35.0,2982.35,2682.99,0,85.21,,
CLM-32830,2025-09-15,Franchise_FL_04,Drywall Repair,47.0,2730.23,2050.4,0,58.09,,
CLM-29716,05/21/2025,Franchise_NY_12,Antimicrobial Treatment,,1601.34,1151.68,0,,$41.06,39.0
CLM-67530,"August 07, 2025",Franchise_TX_01,Dehumidifier Rental,13.0,1000.35,515.02,0,,76.95,
CLM-26114,"September 08, 2025",Franchise_TX_01,Water Extraction,19.0,2304.51,1687.86,0,,121.29,
CLM-87074,"October 07, 2025",Franchise_TX_01,Baseboard Replacement,37.0,1945.09,1945.09,1,,52.57,
CLM-87732,2025-09-25,Franchise_FL_04,Water Extraction,50.0,7141.0,7141.0,1,142.82,,
CLM-82002,"October 28, 2025",Franchise_TX_01,Baseboard Replacement,33.0,4092.99,4092.99,1,,124.03,
CLM-99310,"September 19, 2025",Franchise_TX_01,Antimicrobial Treatment,26.0,2185.82,1827.06,0,,84.07,
CLM-26779,2025-07-23,Franchise_FL_04,Water Extraction,3.0,243.93,103.5,0,81.31,,
CLM-36386,2025-07-02,Franchise_FL_04,Baseboard Replacement,31.0,2816.66,1960.35,0,90.86,,
CLM-34303,2025-09-08,Franchise_FL_04,Water Extraction,47.0,3152.76,3152.76,1,67.08,,
CLM-64112,07/26/2025,Franchise_NY_12,Water Extraction,,5123.36,5123.36,1,,$124.96,41.0
CLM-43495,2025-06-05,Franchise_FL_04,Drywall Repair,23.0,,3054.4,1,132.8,,
CLM-90185,01/24/2025,Franchise_NY_12,Water Extraction,,1819.84,1637.06,0,,$41.36,44.0
CLM-92250,"March 29, 2025",Franchise_TX_01,Dehumidifier Rental,25.0,880.75,450.61,0,,35.23,
CLM-49195,2025-05-11,Franchise_FL_04,Water Extraction,21.0,361.41,361.41,1,17.21,,
CLM-86353,01/21/2025,Franchise_NY_12,Water Extraction,,1271.4,1043.32,0,,$127.14,10.0
CLM-43187,"January 03, 2025",Franchise_TX_01,Water Extraction - MISC,23.0,2801.63,2801.63,1,,121.81,
CLM-93259,2025-07-01,Franchise_FL_04,Dehumidifier Rental,17.0,2489.48,1065.59,0,146.44,,
CLM-84105,"December 10, 2025",Franchise_TX_01,Antimicrobial Treatment,16.0,510.24,510.24,1,,31.89,
CLM-68862,"February 17, 2025",Franchise_TX_01,Dehumidifier Rental,31.0,2749.08,2749.08,1,,88.68,
CLM-27870,2025-05-11,Franchise_FL_04,Baseboard Replacement,5.0,,66.62,0,32.75,,
CLM-13535,03/30/2025,Franchise_NY_12,Dehumidifier Rental,,2555.88,1437.84,0,,$134.52,19.0
CLM-81319,2025-03-13,Franchise_FL_04,Antimicrobial Treatment,34.0,,2221.9,1,65.35,,
CLM-26831,10/24/2025,Franchise_NY_12,Baseboard Replacement,,182.88,75.86,0,,$45.72,4.0
CLM-15806,"January 16, 2025",Franchise_TX_01,Water Extraction,22.0,643.28,555.41,0,,29.24,
CLM-32516,08/05/2025,Franchise_NY_12,Dehumidifier Rental,,385.71,385.71,1,,$128.57,3.0
CLM-66013,11/04/2025,Franchise_NY_12,Drywall Repair,,4014.72,3494.12,0,,$118.08,34.0
CLM-51191,09/29/2025,Franchise_NY_12,Antimicrobial Treatment,,883.26,670.25,0,,$98.14,9.0
CLM-10759,2025-04-12,Franchise_FL_04,Antimicrobial Treatment,35.0,3404.8,3404.8,1,97.28,,
CLM-45873,07/22/2025,Franchise_NY_12,Baseboard Replacement,,133.97,133.97,1,,$133.97,1.0
CLM-59675,"August 08, 2025",Franchise_TX_01,Antimicrobial Treatment,24.0,2095.44,2095.44,1,,87.31,
CLM-24991,"January 19, 2025",Franchise_TX_01,Dehumidifier Rental,33.0,726.0,545.59,0,,22.0,
CLM-21756,01/10/2025,Franchise_NY_12,Baseboard Replacement,,3485.33,3485.33,1,,$112.43,31.0
CLM-59361,2025-06-23,Franchise_FL_04,Antimicrobial Treatment,50.0,2402.0,2402.0,1,48.04,,
CLM-88946,"December 25, 2025",Franchise_TX_01,Antimicrobial Treatment,13.0,1608.49,1608.49,1,,123.73,
CLM-85771,2025-06-08,Franchise_FL_04,Antimicrobial Treatment,36.0,551.52,551.52,1,15.32,,
CLM-23713,"September 13, 2025",Franchise_TX_01,Baseboard Replacement - MISC,2.0,292.64,254.85,0,,146.32,
CLM-21229,2025-05-15,Franchise_FL_04,Water Extraction,29.0,,3101.84,1,106.96,,
CLM-92515,"March 24, 2025",Franchise_TX_01,Water Extraction,8.0,410.0,183.2,0,,51.25,
CLM-81579,09/30/2025,Franchise_NY_12,Water Extraction,,6317.56,6317.56,1,,$146.92,43.0
CLM-49421,2025-01-26,Franchise_FL_04,Baseboard Replacement,17.0,1348.27,1348.27,1,79.31,,
CLM-18821,2025-09-21,Franchise_FL_04,Antimicrobial Treatment,1.0,41.89,41.89,1,41.89,,
CLM-58723,2025-10-04,Franchise_FL_04,Dehumidifier Rental,46.0,5779.44,3672.67,0,125.64,,
CLM-42969,2025-03-21,Franchise_FL_04,Dehumidifier Rental,43.0,5828.65,5828.65,1,135.55,,
CLM-16660,2025-09-05,Franchise_FL_04,Drywall Repair,42.0,4701.9,4701.9,1,111.95,,
CLM-28384,2025-09-07,Franchise_FL_04,Dehumidifier Rental,13.0,1825.07,1370.43,0,140.39,,
CLM-13306,02/21/2025,Franchise_NY_12,Antimicrobial Treatment,,933.6,933.6,1,,$62.24,15.0
CLM-31253,2025-07-25,Franchise_FL_04,Dehumidifier Rental,28.0,,607.39,0,34.19,,
CLM-46920,2025-10-08,Franchise_FL_04,Antimicrobial Treatment,13.0,603.46,513.75,0,46.42,,
CLM-41690,10/08/2025,Franchise_NY_12,Water Extraction,,932.58,932.58,1,,$34.54,27.0
CLM-65707,05/16/2025,Franchise_NY_12,Antimicrobial Treatment,,934.96,441.05,0,,$30.16,31.0
CLM-89132,"January 07, 2025",Franchise_TX_01,Drywall Repair,37.0,3699.63,2438.55,0,,99.99,
CLM-29398,2025-06-16,Franchise_FL_04,Drywall Repair,3.0,441.54,441.54,1,147.18,,
CLM-72645,"November 19, 2025",Franchise_TX_01,Drywall Repair - MISC,43.0,5043.04,5043.04,1,,117.28,
CLM-67652,09/07/2025,Franchise_NY_12,Antimicrobial Treatment,,1559.36,713.83,0,,$48.73,32.0
CLM-71420,2025-02-23,Franchise_FL_04,Dehumidifier Rental,37.0,730.75,543.55,0,19.75,,
CLM-21026,2025-12-10,Franchise_FL_04,Baseboard Replacement,9.0,,461.88,0,77.53,,
CLM-68181,08/31/2025,Franchise_NY_12,Water Extraction,,4248.0,2653.25,0,,$84.96,50.0
CLM-98935,2025-02-23,Franchise_FL_04,Drywall Repair,14.0,1061.06,914.11,0,75.79,,
CLM-76718,"September 04, 2025",Franchise_TX_01,Baseboard Replacement,11.0,1227.71,1227.71,1,,111.61,
CLM-95125,2025-10-07,Franchise_FL_04,Drywall Repair,27.0,1185.03,756.06,0,43.89,,
CLM-10030,"January 11, 2025",Franchise_TX_01,Baseboard Replacement,49.0,985.88,985.88,1,,20.12,
CLM-64430,02/24/2025,Franchise_NY_12,Antimicrobial Treatment,,2780.81,2780.81,1,,$64.67,43.0
CLM-79857,02/27/2025,Franchise_NY_12,Drywall Repair,,1540.11,1540.11,1,,$46.67,33.0
CLM-20826,2025-01-09,Franchise_FL_04,Drywall Repair,9.0,250.38,207.78,0,27.82,,
CLM-13017,"March 25, 2025",Franchise_TX_01,Water Extraction,4.0,561.12,561.12,1,,140.28,
CLM-28328,2025-10-27,Franchise_FL_04,Water Extraction,2.0,143.84,124.1,0,71.92,,
CLM-91436,09/02/2025,Franchise_NY_12,Dehumidifier Rental,,4594.25,4594.25,1,,$97.75,47.0
CLM-85230,10/23/2025,Franchise_NY_12,Dehumidifier Rental,,3003.52,1352.61,0,,$93.86,32.0
CLM-57540,2025-08-20,Franchise_FL_04,Baseboard Replacement,17.0,1476.79,1322.01,0,86.87,,
CLM-91368,"March 01, 2025",Franchise_TX_01,Baseboard Replacement,5.0,344.4,344.4,1,,68.88,
CLM-65183,2025-09-01,Franchise_FL_04,Baseboard Replacement,14.0,305.2,305.2,1,21.8,,
CLM-64033,06/14/2025,Franchise_NY_12,Antimicrobial Treatment,,6156.92,3616.83,0,,$139.93,44.0
CLM-46861,2025-05-27,Franchise_FL_04,Water Extraction,43.0,1892.43,1409.5,0,44.01,,
CLM-64065,2025-10-08,Franchise_FL_04,Water Extraction,30.0,971.7,694.67,0,32.39,,
CLM-82703,2025-11-14,Franchise_FL_04,Drywall Repair,9.0,390.15,180.27,0,43.35,,
CLM-61006,"December 03, 2025",Franchise_TX_01,Dehumidifier Rental - MISC,1.0,83.04,83.04,1,,83.04,
CLM-21729,2025-08-08,Franchise_FL_04,Drywall Repair,14.0,264.46,264.46,1,18.89,,
CLM-54789,2025-08-07,Franchise_FL_04,Water Extraction,44.0,,1959.31,0,90.95,,
CLM-28300,06/19/2025,Franchise_NY_12,Baseboard Replacement,,5292.64,4761.92,0,,$139.28,38.0
CLM-36796,09/08/2025,Franchise_NY_12,Drywall Repair,,2207.31,1435.53,0,,$105.11,21.0
CLM-17077,2025-11-07,Franchise_FL_04,Baseboard Replacement,1.0,27.87,22.4,0,27.87,,
CLM-66347,"August 10, 2025",Franchise_TX_01,Dehumidifier Rental,36.0,4375.8,3788.56,0,,121.55,
CLM-77337,05/25/2025,Franchise_NY_12,Dehumidifier Rental,,930.51,930.51,1,,$132.93,7.0
CLM-30372,2025-02-28,Franchise_FL_04,Water Extraction,8.0,328.4,328.4,1,41.05,,
CLM-94345,"August 02, 2025",Franchise_TX_01,Water Extraction,2.0,124.08,124.08,1,,62.04,
CLM-60212,05/02/2025,Franchise_NY_12,Antimicrobial Treatment,,4438.44,2973.9,0,,$123.29,36.0
CLM-84017,"October 03, 2025",Franchise_TX_01,Drywall Repair,45.0,3845.7,3845.7,1,,85.46,
CLM-68808,"June 24, 2025",Franchise_TX_01,Drywall Repair - MISC,28.0,2274.72,2274.72,1,,81.24,
CLM-50426,"April 10, 2025",Franchise_TX_01,Antimicrobial Treatment,38.0,4044.34,3301.9,0,,106.43,
CLM-70995,2025-08-01,Franchise_FL_04,Antimicrobial Treatment,47.0,6155.12,6155.12,1,130.96,,
CLM-52787,"June 20, 2025",Franchise_TX_01,Baseboard Replacement,18.0,2457.72,2457.72,1,,136.54,
CLM-55941,"November 26, 2025",Franchise_TX_01,Drywall Repair,49.0,1643.46,727.13,0,,33.54,
CLM-30019,"February 21, 2025",Franchise_TX_01,Drywall Repair,43.0,3830.44,3830.44,1,,89.08,
CLM-97666,2025-03-31,Franchise_FL_04,Antimicrobial Treatment,27.0,3204.9,3204.9,1,118.7,,
CLM-69129,05/05/2025,Franchise_NY_12,Drywall Repair,,657.2,513.72,0,,$21.2,31.0
CLM-36819,11/18/2025,Franchise_NY_12,Dehumidifier Rental,,4797.1,4797.1,1,,$97.9,49.0
CLM-29011,2025-09-13,Franchise_FL_04,Baseboard Replacement,23.0,843.64,367.59,0,36.68,,
CLM-43941,"December 31, 2025",Franchise_TX_01,Drywall Repair,18.0,1096.56,1096.56,1,,60.92,
CLM-84217,2025-08-01,Franchise_FL_04,Drywall Repair,42.0,2420.04,2420.04,1,57.62,,
CLM-57216,"May 30, 2025",Franchise_TX_01,Baseboard Replacement,20.0,2005.6,2005.6,1,,100.28,
CLM-16561,2025-11-07,Franchise_FL_04,Antimicrobial Treatment,43.0,2299.21,1690.67,0,53.47,,
CLM-67606,2025-06-26,Franchise_FL_04,Drywall Repair,46.0,3906.78,2884.13,0,84.93,,
CLM-67016,03/13/2025,Franchise_NY_12,Antimicrobial Treatment,,2837.25,2837.25,1,,$63.05,45.0
CLM-43072,06/17/2025,Franchise_NY_12,Antimicrobial Treatment,,286.2,286.2,1,,$95.4,3.0
CLM-53612,05/25/2025,Franchise_NY_12,Water Extraction,,1994.23,1414.26,0,,$64.33,31.0
CLM-27424,"August 02, 2025",Franchise_TX_01,Drywall Repair,26.0,396.5,396.5,1,,15.25,
CLM-16381,"June 05, 2025",Franchise_TX_01,Baseboard Replacement,7.0,123.55,86.49,0,,17.65,
CLM-56805,12/25/2025,Franchise_NY_12,Dehumidifier Rental,,2846.34,2030.31,0,,$105.42,27.0
CLM-98163,04/02/2025,Franchise_NY_12,Dehumidifier Rental,,390.78,307.14,0,,$15.03,26.0
CLM-27956,08/03/2025,Franchise_NY_12,Water Extraction,,1945.68,1945.68,1,,$44.22,44.0
CLM-62691,"March 22, 2025",Franchise_TX_01,Water Extraction,43.0,2570.97,1790.68,0,,59.79,
CLM-53123,"January 17, 2025",Franchise_TX_01,Antimicrobial Treatment,34.0,2727.82,2050.54,0,,80.23,
CLM-27232,"August 30, 2025",Franchise_TX_01,Baseboard Replacement,46.0,5428.92,5428.92,1,,118.02,
CLM-79985,08/05/2025,Franchise_NY_12,Antimicrobial Treatment,,2687.78,2687.78,1,,$58.43,46.0
CLM-67627,10/02/2025,Franchise_NY_12,Antimicrobial Treatment,,2153.8,874.61,0,,$48.95,44.0
CLM-80756,2025-01-24,Franchise_FL_04,Antimicrobial Treatment,13.0,874.9,456.4,0,67.3,,
CLM-57256,2025-11-04,Franchise_FL_04,Dehumidifier Rental,49.0,4813.27,4813.27,1,98.23,,
CLM-26337,01/16/2025,Franchise_NY_12,Water Extraction,,227.96,183.04,0,,$56.99,4.0
CLM-94575,2025-09-28,Franchise_FL_04,Water Extraction,40.0,1311.6,1142.19,0,32.79,,
CLM-82228,2025-07-24,Franchise_FL_04,Baseboard Replacement,27.0,4007.88,4007.88,1,148.44,,
CLM-22102,"May 30, 2025",Franchise_TX_01,Baseboard Replacement,10.0,905.1,905.1,1,,90.51,
CLM-13547,"January 24, 2025",Franchise_TX_01,Water Extraction,40.0,4286.8,4286.8,1,,107.17,
CLM-14706,2025-09-09,Franchise_FL_04,Antimicrobial Treatment,35.0,1649.2,1217.8,0,47.12,,
CLM-90223,2025-10-15,Franchise_FL_04,Water Extraction,22.0,399.08,271.98,0,18.14,,
CLM-85802,2025-01-19,Franchise_FL_04,Drywall Repair,6.0,,533.4,1,88.9,,
CLM-98324,04/21/2025,Franchise_NY_12,Dehumidifier Rental,,469.62,469.62,1,,$78.27,6.0
CLM-61613,02/05/2025,Franchise_NY_12,Water Extraction,,4320.64,4320.64,1,,$135.02,32.0
CLM-73973,2025-10-29,Franchise_FL_04,Antimicrobial Treatment,38.0,4986.36,3579.65,0,131.22,,
CLM-82327,2025-05-18,Franchise_FL_04,Water Extraction,11.0,852.39,852.39,1,77.49,,
CLM-54595,"March 20, 2025",Franchise_TX_01,Antimicrobial Treatment,26.0,1913.08,1913.08,1,,73.58,
CLM-11415,2025-09-19,Franchise_FL_04,Drywall Repair,5.0,138.5,91.45,0,27.7,,
CLM-61315,"May 12, 2025",Franchise_TX_01,Dehumidifier Rental - MISC,32.0,4087.04,3270.69,0,,127.72,
CLM-48065,12/21/2025,Franchise_NY_12,Drywall Repair,,1397.48,1397.48,1,,$49.91,28.0
CLM-72765,2025-11-02,Franchise_FL_04,Water Extraction,2.0,151.04,151.04,1,75.52,,
CLM-17593,2025-01-25,Franchise_FL_04,Baseboard Replacement,19.0,,1435.83,1,75.57,,
CLM-49109,2025-10-06,Franchise_FL_04,Baseboard Replacement,6.0,334.92,284.66,0,55.82,,
CLM-42959,2025-08-16,Franchise_FL_04,Antimicrobial Treatment,29.0,609.29,473.24,0,21.01,,
CLM-77484,2025-04-07,Franchise_FL_04,Water Extraction,21.0,1036.14,1036.14,1,49.34,,
CLM-95212,"January 03, 2025",Franchise_TX_01,Drywall Repair,48.0,4221.12,4221.12,1,,87.94,
CLM-20824,2025-03-10,Franchise_FL_04,Antimicrobial Treatment,32.0,4319.36,2048.94,0,134.98,,
CLM-31356,05/07/2025,Franchise_NY_12,Drywall Repair,,895.62,543.66,0,,$27.14,33.0
CLM-95197,2025-11-04,Franchise_FL_04,Water Extraction,3.0,379.35,379.35,1,126.45,,
CLM-37140,"June 16, 2025",Franchise_TX_01,Baseboard Replacement,9.0,385.65,208.12,0,,42.85,
CLM-74835,06/06/2025,Franchise_NY_12,Baseboard Replacement,,1977.6,1977.6,1,,$41.2,48.0
CLM-29942,2025-01-12,Franchise_FL_04,Antimicrobial Treatment,44.0,3919.52,3919.52,1,89.08,,
CLM-36172,"November 25, 2025",Franchise_TX_01,Antimicrobial Treatment,25.0,3228.0,2420.51,0,,129.12,
CLM-91178,2025-05-29,Franchise_FL_04,Baseboard Replacement,3.0,56.64,39.72,0,18.88,,
CLM-67289,06/12/2025,Franchise_NY_12,Water Extraction,,2273.85,1427.17,0,,$73.35,31.0
CLM-91491,06/04/2025,Franchise_NY_12,Dehumidifier Rental,,5764.92,3220.73,0,,$137.26,42.0
CLM-35148,"February 03, 2025",Franchise_TX_01,Water Extraction,16.0,1756.96,977.8,0,,109.81,
CLM-13664,2025-03-31,Franchise_FL_04,Baseboard Replacement,11.0,857.89,857.89,1,77.99,,
CLM-14139,2025-05-11,Franchise_FL_04,Water Extraction,22.0,2816.66,2816.66,1,128.03,,
CLM-50332,2025-08-30,Franchise_FL_04,Water Extraction,7.0,,429.17,1,61.31,,
CLM-50949,2025-12-09,Franchise_FL_04,Antimicrobial Treatment,37.0,3167.57,3167.57,1,85.61,,
CLM-84192,11/18/2025,Franchise_NY_12,Water Extraction,,820.64,820.64,1,,$17.84,46.0
CLM-60632,2025-10-02,Franchise_FL_04,Baseboard Replacement,48.0,1905.12,1713.77,0,39.69,,
CLM-72018,08/30/2025,Franchise_NY_12,Dehumidifier Rental,,2425.94,1325.33,0,,$110.27,22.0
CLM-79667,2025-04-05,Franchise_FL_04,Dehumidifier Rental,10.0,731.3,336.37,0,73.13,,
CLM-94831,02/03/2025,Franchise_NY_12,Dehumidifier Rental,,588.76,588.76,1,,$147.19,4.0
CLM-17032,06/06/2025,Franchise_NY_12,Baseboard Replacement,,5561.4,5561.4,1,,$142.6,39.0
CLM-96756,10/17/2025,Franchise_NY_12,Antimicrobial Treatment,,2749.85,2074.08,0,,$63.95,43.0
CLM-79293,2025-10-28,Franchise_FL_04,Antimicrobial Treatment,48.0,6240.48,6240.48,1,130.01,,
CLM-47749,"August 02, 2025",Franchise_TX_01,Water Extraction - MISC,7.0,987.21,987.21,1,,141.03,
CLM-72836,2025-08-21,Franchise_FL_04,Antimicrobial Treatment,18.0,2137.86,2137.86,1,118.77,,
CLM-48428,2025-03-18,Franchise_FL_04,Drywall Repair,36.0,4170.24,4170.24,1,115.84,,
CLM-97275,07/13/2025,Franchise_NY_12,Dehumidifier Rental,,4637.64,3777.11,0,,$110.42,42.0
CLM-15660,09/23/2025,Franchise_NY_12,Water Extraction,,1968.46,1553.03,0,,$75.71,26.0
CLM-78258,"May 04, 2025",Franchise_TX_01,Water Extraction,44.0,6000.28,6000.28,1,,136.37,
CLM-93926,"January 14, 2025",Franchise_TX_01,Water Extraction,22.0,704.44,704.44,1,,32.02,
CLM-56688,"September 19, 2025",Franchise_TX_01,Water Extraction,13.0,840.97,840.97,1,,64.69,
CLM-66828,"December 05, 2025",Franchise_TX_01,Antimicrobial Treatment - MISC,24.0,1446.48,1446.48,1,,60.27,
CLM-23953,"May 14, 2025",Franchise_TX_01,Antimicrobial Treatment,49.0,3414.81,3414.81,1,,69.69,
CLM-40706,03/20/2025,Franchise_NY_12,Antimicrobial Treatment,,2959.6,2959.6,1,,$105.7,28.0
CLM-61218,04/04/2025,Franchise_NY_12,Antimicrobial Treatment,,1370.37,1370.37,1,,$80.61,17.0
CLM-10242,2025-05-26,Franchise_FL_04,Water Extraction,23.0,3111.21,3111.21,1,135.27,,
CLM-65674,"August 02, 2025",Franchise_TX_01,Dehumidifier Rental,27.0,4040.01,4040.01,1,,149.63,
CLM-70952,11/08/2025,Franchise_NY_12,Drywall Repair,,164.25,164.25,1,,$54.75,3.0
CLM-99904,02/28/2025,Franchise_NY_12,Drywall Repair,,1363.78,847.67,0,,$123.98,11.0
CLM-63162,"December 10, 2025",Franchise_TX_01,Water Extraction,26.0,2886.78,2886.78,1,,111.03,
CLM-75641,2025-01-21,Franchise_FL_04,Dehumidifier Rental,7.0,,676.9,0,122.65,,
CLM-19860,2025-12-18,Franchise_FL_04,Antimicrobial Treatment,21.0,1467.06,1467.06,1,69.86,,
CLM-35107,08/15/2025,Franchise_NY_12,Dehumidifier Rental,,2123.4,2123.4,1,,$141.56,15.0
CLM-52228,2025-05-03,Franchise_FL_04,Dehumidifier Rental,39.0,1610.7,1610.7,1,41.3,,
CLM-41916,"June 27, 2025",Franchise_TX_01,Drywall Repair,5.0,286.8,140.31,0,,57.36,
CLM-75609,2025-11-29,Franchise_FL_04,Drywall Repair,18.0,2156.04,2156.04,1,119.78,,
CLM-70843,2025-09-19,Franchise_FL_04,Water Extraction,18.0,,1520.76,0,148.98,,
CLM-30885,"March 10, 2025",Franchise_TX_01,Antimicrobial Treatment,18.0,2599.38,2599.38,1,,144.41,
CLM-53550,2025-02-06,Franchise_FL_04,Dehumidifier Rental,38.0,4232.82,4232.82,1,111.39,,
CLM-50141,10/15/2025,Franchise_NY_12,Dehumidifier Rental,,3990.6,3122.06,0,,$88.68,45.0
CLM-97337,"February 03, 2025",Franchise_TX_01,Dehumidifier Rental,23.0,1115.04,870.5,0,,48.48,
CLM-32891,2025-03-11,Franchise_FL_04,Drywall Repair,39.0,4900.35,4900.35,1,125.65,,
CLM-38615,06/01/2025,Franchise_NY_12,Dehumidifier Rental,,2414.8,2414.8,1,,$60.37,40.0
CLM-71508,2025-09-27,Franchise_FL_04,Water Extraction,36.0,5152.32,5152.32,1,143.12,,
CLM-92423,2025-04-03,Franchise_FL_04,Water Extraction,34.0,1494.98,1494.98,1,43.97,,
CLM-71980,2025-11-28,Franchise_FL_04,Drywall Repair,48.0,3430.08,2831.17,0,71.46,,
CLM-76611,2025-01-14,Franchise_FL_04,Water Extraction,35.0,773.85,773.85,1,22.11,,
CLM-24083,"July 17, 2025",Franchise_TX_01,Dehumidifier Rental,44.0,6509.8,3636.41,0,,147.95,
CLM-15322,"June 05, 2025",Franchise_TX_01,Drywall Repair,34.0,1719.38,1719.38,1,,50.57,
CLM-39402,2025-02-23,Franchise_FL_04,Baseboard Replacement,36.0,1600.2,668.79,0,44.45,,
CLM-53131,12/25/2025,Franchise_NY_12,Baseboard Replacement,,450.72,450.72,1,,$28.17,16.0
CLM-96018,"December 11, 2025",Franchise_TX_01,Dehumidifier Rental,26.0,1800.24,866.99,0,,69.24,
CLM-17737,07/21/2025,Franchise_NY_12,Dehumidifier Rental,,2284.2,1254.82,0,,$48.6,47.0
CLM-47401,04/18/2025,Franchise_NY_12,Water Extraction,,52.8,30.18,0,,$26.4,2.0
CLM-34029,"March 18, 2025",Franchise_TX_01,Water Extraction,50.0,2539.5,1416.06,0,,50.79,
CLM-60246,"July 27, 2025",Franchise_TX_01,Drywall Repair,10.0,612.7,323.36,0,,61.27,
CLM-55944,2025-07-01,Franchise_FL_04,Antimicrobial Treatment,33.0,,1249.05,1,37.85,,
CLM-95148,09/23/2025,Franchise_NY_12,Baseboard Replacement,,2396.24,2396.24,1,,$85.58,28.0
CLM-79182,2025-06-04,Franchise_FL_04,Drywall Repair,19.0,2349.92,2349.92,1,123.68,,
CLM-18213,02/15/2025,Franchise_NY_12,Antimicrobial Treatment,,516.9,516.9,1,,$103.38,5.0
CLM-65924,01/06/2025,Franchise_NY_12,Dehumidifier Rental,,219.36,219.36,1,,$36.56,6.0
CLM-78973,2025-10-15,Franchise_FL_04,Antimicrobial Treatment,31.0,2478.45,1231.14,0,79.95,,
CLM-62820,05/19/2025,Franchise_NY_12,Drywall Repair,,4292.64,4292.64,1,,$119.24,36.0
CLM-33988,"December 17, 2025",Franchise_TX_01,Water Extraction - MISC,37.0,4464.05,4464.05,1,,120.65,
CLM-62298,04/19/2025,Franchise_NY_12,Antimicrobial Treatment,,3556.71,3556.71,1,,$131.73,27.0
CLM-45888,08/07/2025,Franchise_NY_12,Baseboard Replacement,,756.9,634.61,0,,$75.69,10.0
CLM-79508,2025-12-01,Franchise_FL_04,Baseboard Replacement,17.0,2178.72,2178.72,1,128.16,,
CLM-22007,04/12/2025,Franchise_NY_12,Drywall Repair,,1181.1,1181.1,1,,$78.74,15.0
CLM-61603,01/02/2025,Franchise_NY_12,Baseboard Replacement,,321.6,321.6,1,,$107.2,3.0
CLM-23672,"September 23, 2025",Franchise_TX_01,Baseboard Replacement,33.0,2747.58,2747.58,1,,83.26,
CLM-10225,2025-09-11,Franchise_FL_04,Drywall Repair,41.0,5458.33,5458.33,1,133.13,,
CLM-67743,08/07/2025,Franchise_NY_12,Water Extraction,,3385.48,1564.54,0,,$120.91,28.0
CLM-57180,"August 28, 2025",Franchise_TX_01,Drywall Repair - MISC,16.0,336.0,241.52,0,,21.0,
CLM-85427,"December 20, 2025",Franchise_TX_01,Baseboard Replacement,43.0,5815.32,5815.32,1,,135.24,
CLM-91867,"January 22, 2025",Franchise_TX_01,Water Extraction,26.0,657.54,580.99,0,,25.29,
CLM-39539,2025-08-21,Franchise_FL_04,Baseboard Replacement,2.0,161.9,161.9,1,80.95,,
CLM-73146,2025-08-07,Franchise_FL_04,Water Extraction,47.0,2186.44,2186.44,1,46.52,,
CLM-19022,2025-01-16,Franchise_FL_04,Baseboard Replacement,26.0,1654.38,1654.38,1,63.63,,
CLM-86764,"September 24, 2025",Franchise_TX_01,Dehumidifier Rental,8.0,598.56,598.56,1,,74.82,
CLM-59616,10/13/2025,Franchise_NY_12,Drywall Repair,,1479.2,1479.2,1,,$92.45,16.0
CLM-58814,2025-11-24,Franchise_FL_04,Baseboard Replacement,1.0,110.11,110.11,1,110.11,,
CLM-64197,"March 09, 2025",Franchise_TX_01,Antimicrobial Treatment,42.0,799.68,799.68,1,,19.04,
CLM-97677,2025-06-28,Franchise_FL_04,Antimicrobial Treatment,26.0,1004.38,1004.38,1,38.63,,
CLM-69028,02/07/2025,Franchise_NY_12,Dehumidifier Rental,,978.78,978.78,1,,$44.49,22.0
CLM-40288,12/27/2025,Franchise_NY_12,Antimicrobial Treatment,,2590.86,1609.7,0,,$89.34,29.0
CLM-57310,"June 10, 2025",Franchise_TX_01,Water Extraction,30.0,3271.2,1328.54,0,,109.04,
CLM-75022,"June 24, 2025",Franchise_TX_01,Water Extraction,49.0,908.46,908.46,1,,18.54,
CLM-92494,"November 22, 2025",Franchise_TX_01,Antimicrobial Treatment,37.0,4224.29,4224.29,1,,114.17,
CLM-16544,2025-10-17,Franchise_FL_04,Drywall Repair,25.0,2590.5,2590.5,1,103.62,,
CLM-14811,"February 12, 2025",Franchise_TX_01,Baseboard Replacement,16.0,1497.92,1497.92,1,,93.62,
CLM-24032,2025-10-10,Franchise_FL_04,Water Extraction,49.0,3852.87,3852.87,1,78.63,,
CLM-64871,2025-06-15,Franchise_FL_04,Drywall Repair,28.0,4102.56,4102.56,1,146.52,,
CLM-98150,02/16/2025,Franchise_NY_12,Baseboard Replacement,,222.93,122.79,0,,$24.77,9.0
CLM-91991,2025-09-01,Franchise_FL_04,Water Extraction,6.0,302.04,302.04,1,50.34,,
CLM-84493,03/15/2025,Franchise_NY_12,Antimicrobial Treatment,,472.75,472.75,1,,$94.55,5.0
CLM-53666,2025-09-15,Franchise_FL_04,Drywall Repair,18.0,504.54,504.54,1,28.03,,
CLM-54077,2025-04-02,Franchise_FL_04,Dehumidifier Rental,2.0,239.14,239.14,1,119.57,,
CLM-37046,2025-10-05,Franchise_FL_04,Antimicrobial Treatment,36.0,1991.88,1477.08,0,55.33,,
CLM-39039,"October 20, 2025",Franchise_TX_01,Dehumidifier Rental,45.0,3186.9,3186.9,1,,70.82,
CLM-41100,2025-02-08,Franchise_FL_04,Drywall Repair,27.0,3446.55,1534.81,0,127.65,,
CLM-48682,"August 11, 2025",Franchise_TX_01,Dehumidifier Rental,46.0,4604.14,3651.69,0,,100.09,
CLM-59707,2025-12-25,Franchise_FL_04,Antimicrobial Treatment,48.0,6848.64,6848.64,1,142.68,,
CLM-17610,2025-12-02,Franchise_FL_04,Water Extraction,30.0,3903.0,2147.99,0,130.1,,
CLM-99870,2025-10-09,Franchise_FL_04,Dehumidifier Rental,49.0,2449.02,2449.02,1,49.98,,
CLM-25397,04/28/2025,Franchise_NY_12,Drywall Repair,,380.4,380.4,1,,$38.04,10.0
CLM-59328,"August 09, 2025",Franchise_TX_01,Water Extraction - MISC,18.0,1582.56,1582.56,1,,87.92,
CLM-39182,2025-12-13,Franchise_FL_04,Baseboard Replacement,19.0,1686.82,828.21,0,88.78,,
CLM-66678,"March 17, 2025",Franchise_TX_01,Dehumidifier Rental - MISC,12.0,939.6,715.93,0,,78.3,
CLM-86529,05/20/2025,Franchise_NY_12,Water Extraction,,849.0,359.02,0,,$42.45,20.0
CLM-43634,07/05/2025,Franchise_NY_12,Baseboard Replacement,,1168.18,1168.18,1,,$89.86,13.0
CLM-62620,2025-07-19,Franchise_FL_04,Baseboard Replacement,21.0,2649.99,2649.99,1,126.19,,
CLM-19619,08/07/2025,Franchise_NY_12,Water Extraction,,3412.8,2494.59,0,,$85.32,40.0
CLM-43371,09/26/2025,Franchise_NY_12,Water Extraction,,1032.24,743.48,0,,$60.72,17.0
CLM-78435,12/25/2025,Franchise_NY_12,Baseboard Replacement,,764.8,764.8,1,,$76.48,10.0
CLM-57662,03/23/2025,Franchise_NY_12,Drywall Repair,,5295.02,5295.02,1,,$123.14,43.0
CLM-34294,10/18/2025,Franchise_NY_12,Water Extraction,,534.82,534.82,1,,$41.14,13.0
CLM-22845,"February 15, 2025",Franchise_TX_01,Dehumidifier Rental,17.0,1601.91,1601.91,1,,94.23,
CLM-96385,2025-12-23,Franchise_FL_04,Water Extraction,48.0,4872.96,2768.84,0,101.52,,
CLM-24286,2025-10-06,Franchise_FL_04,Water Extraction,3.0,311.19,311.19,1,103.73,,
CLM-88231,"May 12, 2025",Franchise_TX_01,Water Extraction,35.0,5039.65,5039.65,1,,143.99,
CLM-47071,08/26/2025,Franchise_NY_12,Antimicrobial Treatment,,2474.12,2474.12,1,,$56.23,44.0
CLM-55248,05/07/2025,Franchise_NY_12,Antimicrobial Treatment,,1035.72,838.14,0,,$115.08,9.0
CLM-66142,"November 02, 2025",Franchise_TX_01,Water Extraction - MISC,23.0,2594.4,2117.35,0,,112.8,
CLM-11070,"June 23, 2025",Franchise_TX_01,Dehumidifier Rental,8.0,1192.88,1192.88,1,,149.11,
CLM-83573,04/04/2025,Franchise_NY_12,Dehumidifier Rental,,2381.7,1089.96,0,,$79.39,30.0
CLM-32317,2025-11-27,Franchise_FL_04,Drywall Repair,31.0,3127.28,2411.23,0,100.88,,
CLM-31470,"June 27, 2025",Franchise_TX_01,Dehumidifier Rental,39.0,2841.15,1721.27,0,,72.85,
CLM-33617,10/17/2025,Franchise_NY_12,Antimicrobial Treatment,,2296.58,1946.95,0,,$88.33,26.0
CLM-75181,"September 01, 2025",Franchise_TX_01,Antimicrobial Treatment,39.0,833.04,563.71,0,,21.36,
CLM-10433,09/21/2025,Franchise_NY_12,Dehumidifier Rental,,1312.09,1312.09,1,,$100.93,13.0
CLM-85635,2025-10-09,Franchise_FL_04,Dehumidifier Rental,33.0,825.99,825.99,1,25.03,,
CLM-40488,"January 11, 2025",Franchise_TX_01,Drywall Repair,25.0,1177.75,1177.75,1,,47.11,
CLM-47715,05/17/2025,Franchise_NY_12,Baseboard Replacement,,1315.44,907.7,0,,$93.96,14.0
CLM-88762,"November 18, 2025",Franchise_TX_01,Antimicrobial Treatment - MISC,38.0,3761.62,3761.62,1,,98.99,
CLM-90958,2025-06-06,Franchise_FL_04,Water Extraction,36.0,5216.76,2131.93,0,144.91,,
CLM-12457,"December 27, 2025",Franchise_TX_01,Dehumidifier Rental,14.0,474.46,410.6,0,,33.89,
CLM-69889,2025-08-09,Franchise_FL_04,Antimicrobial Treatment,43.0,5147.1,5147.1,1,119.7,,
CLM-78568,2025-03-13,Franchise_FL_04,Antimicrobial Treatment,27.0,3009.15,3009.15,1,111.45,,
CLM-10169,2025-12-19,Franchise_FL_04,Baseboard Replacement,29.0,3138.96,3138.96,1,108.24,,
CLM-81158,07/05/2025,Franchise_NY_12,Dehumidifier Rental,,293.76,293.76,1,,$17.28,17.0
CLM-45259,"December 27, 2025",Franchise_TX_01,Baseboard Replacement - MISC,26.0,2225.6,2225.6,1,,85.6,
CLM-18984,2025-12-13,Franchise_FL_04,Baseboard Replacement,41.0,5962.22,3309.21,0,145.42,,
CLM-86810,04/14/2025,Franchise_NY_12,Baseboard Replacement,,2366.56,2366.56,1,,$84.52,28.0
CLM-70257,2025-06-10,Franchise_FL_04,Baseboard Replacement,13.0,257.27,257.27,1,19.79,,
CLM-60401,02/02/2025,Franchise_NY_12,Water Extraction,,2273.48,1300.84,0,,$103.34,22.0
CLM-56869,"September 23, 2025",Franchise_TX_01,Water Extraction,45.0,1991.7,1991.7,1,,44.26,
CLM-17385,2025-09-09,Franchise_FL_04,Water Extraction,36.0,4323.24,4323.24,1,120.09,,
CLM-86206,"March 07, 2025",Franchise_TX_01,Antimicrobial Treatment - MISC,37.0,3421.39,3421.39,1,,92.47,
CLM-64431,06/16/2025,Franchise_NY_12,Drywall Repair,,3375.12,3375.12,1,,$140.63,24.0
CLM-75228,2025-01-05,Franchise_FL_04,Drywall Repair,10.0,683.5,683.5,1,68.35,,
CLM-37958,"November 10, 2025",Franchise_TX_01,Water Extraction - MISC,30.0,3047.7,3047.7,1,,101.59,
CLM-64593,"June 24, 2025",Franchise_TX_01,Water Extraction,39.0,4194.06,4194.06,1,,107.54,
CLM-63137,"March 16, 2025",Franchise_TX_01,Water Extraction - MISC,36.0,1316.88,1316.88,1,,36.58,
CLM-52120,11/16/2025,Franchise_NY_12,Dehumidifier Rental,,1655.28,1281.3,0,,$37.62,44.0
CLM-44275,2025-09-17,Franchise_FL_04,Baseboard Replacement,26.0,1486.94,1486.94,1,57.19,,
CLM-37827,"June 01, 2025",Franchise_TX_01,Water Extraction - MISC,7.0,704.62,523.0,0,,100.66,
CLM-59876,2025-04-09,Franchise_FL_04,Drywall Repair,20.0,679.2,679.2,1,33.96,,
CLM-23875,2025-09-04,Franchise_FL_04,Antimicrobial Treatment,48.0,4623.84,4623.84,1,96.33,,
CLM-42838,06/02/2025,Franchise_NY_12,Antimicrobial Treatment,,1903.65,1091.34,0,,$126.91,15.0
CLM-60339,2025-02-01,Franchise_FL_04,Drywall Repair,50.0,1600.5,1600.5,1,32.01,,
CLM-90766,09/11/2025,Franchise_NY_12,Baseboard Replacement,,724.32,609.26,0,,$120.72,6.0
CLM-28732,05/02/2025,Franchise_NY_12,Water Extraction,,4050.77,4050.77,1,,$130.67,31.0
CLM-81947,2025-10-15,Franchise_FL_04,Baseboard Replacement,21.0,1857.87,1857.87,1,88.47,,
CLM-22588,"June 13, 2025",Franchise_TX_01,Water Extraction,6.0,487.02,487.02,1,,81.17,
CLM-57865,"June 19, 2025",Franchise_TX_01,Dehumidifier Rental,29.0,678.6,678.6,1,,23.4,
CLM-49695,2025-02-25,Franchise_FL_04,Drywall Repair,4.0,321.68,321.68,1,80.42,,
CLM-85931,"September 22, 2025",Franchise_TX_01,Antimicrobial Treatment,13.0,1533.22,760.99,0,,117.94,
CLM-23228,"January 12, 2025",Franchise_TX_01,Dehumidifier Rental,43.0,4146.06,4146.06,1,,96.42,
CLM-42996,"September 19, 2025",Franchise_TX_01,Dehumidifier Rental,26.0,2208.7,1656.23,0,,84.95,
CLM-30256,09/12/2025,Franchise_NY_12,Antimicrobial Treatment,,1698.58,1469.5,0,,$36.14,47.0
CLM-45616,"January 30, 2025",Franchise_TX_01,Drywall Repair,40.0,3610.0,3610.0,1,,90.25,
CLM-14839,2025-12-18,Franchise_FL_04,Baseboard Replacement,18.0,1090.44,1090.44,1,60.58,,
CLM-37447,10/10/2025,Franchise_NY_12,Dehumidifier Rental,,1745.85,1364.09,0,,$116.39,15.0
CLM-36341,"January 03, 2025",Franchise_TX_01,Drywall Repair,23.0,589.03,589.03,1,,25.61,
CLM-52547,01/04/2025,Franchise_NY_12,Dehumidifier Rental,,3223.16,3223.16,1,,$84.82,38.0
CLM-14745,"February 08, 2025",Franchise_TX_01,Water Extraction,24.0,1766.16,1766.16,1,,73.59,
CLM-56982,2025-10-16,Franchise_FL_04,Baseboard Replacement,1.0,66.22,58.27,0,66.22,,
CLM-18648,"January 30, 2025",Franchise_TX_01,Water Extraction,49.0,3027.71,2228.25,0,,61.79,
CLM-46273,2025-07-28,Franchise_FL_04,Baseboard Replacement,15.0,1982.4,1982.4,1,132.16,,
CLM-28067,11/27/2025,Franchise_NY_12,Drywall Repair,,2380.35,1353.94,0,,$68.01,35.0
CLM-76207,"May 06, 2025",Franchise_TX_01,Baseboard Replacement,39.0,5364.84,5364.84,1,,137.56,
CLM-23570,04/30/2025,Franchise_NY_12,Drywall Repair,,2138.58,2138.58,1,,$118.81,18.0
CLM-27353,07/19/2025,Franchise_NY_12,Dehumidifier Rental,,3560.4,3560.4,1,,$82.8,43.0
CLM-42910,07/30/2025,Franchise_NY_12,Drywall Repair,,4106.96,2171.68,0,,$93.34,44.0
CLM-75416,02/21/2025,Franchise_NY_12,Drywall Repair,,402.43,318.8,0,,$57.49,7.0
CLM-49694,08/29/2025,Franchise_NY_12,Dehumidifier Rental,,678.48,678.48,1,,$30.84,22.0
CLM-44393,"October 13, 2025",Franchise_TX_01,Water Extraction,8.0,157.28,72.84,0,,19.66,
CLM-53601,"September 25, 2025",Franchise_TX_01,Drywall Repair - MISC,20.0,2441.8,2441.8,1,,122.09,
CLM-52501,"July 14, 2025",Franchise_TX_01,Dehumidifier Rental,17.0,1164.84,1164.84,1,,68.52,
CLM-13667,"February 12, 2025",Franchise_TX_01,Dehumidifier Rental,7.0,472.64,472.64,1,,67.52,
CLM-97142,02/25/2025,Franchise_NY_12,Water Extraction,,5523.42,4117.89,0,,$131.51,42.0
CLM-47215,09/26/2025,Franchise_NY_12,Dehumidifier Rental,,4272.48,4272.48,1,,$99.36,43.0
CLM-72671,2025-06-29,Franchise_FL_04,Drywall Repair,31.0,4049.53,2944.07,0,130.63,,
CLM-22071,06/01/2025,Franchise_NY_12,Baseboard Replacement,,1902.0,1902.0,1,,$47.55,40.0
CLM-72221,10/26/2025,Franchise_NY_12,Drywall Repair,,587.44,410.35,0,,$73.43,8.0
CLM-92312,06/23/2025,Franchise_NY_12,Baseboard Replacement,,963.16,963.16,1,,$87.56,11.0
CLM-83208,2025-04-18,Franchise_FL_04,Dehumidifier Rental,38.0,4015.08,4015.08,1,105.66,,
CLM-86237,09/11/2025,Franchise_NY_12,Antimicrobial Treatment,,103.2,103.2,1,,$25.8,4.0
CLM-11615,"November 17, 2025",Franchise_TX_01,Dehumidifier Rental,48.0,2776.8,2776.8,1,,57.85,
CLM-12776,"July 07, 2025",Franchise_TX_01,Dehumidifier Rental,12.0,485.76,485.76,1,,40.48,
CLM-75624,08/13/2025,Franchise_NY_12,Baseboard Replacement,,934.23,934.23,1,,$49.17,19.0
CLM-13073,"July 19, 2025",Franchise_TX_01,Baseboard Replacement - MISC,20.0,1234.4,1234.4,1,,61.72,
CLM-87886,"July 27, 2025",Franchise_TX_01,Drywall Repair,27.0,1007.64,521.62,0,,37.32,
CLM-79155,02/01/2025,Franchise_NY_12,Baseboard Replacement,,4386.6,4386.6,1,,$146.22,30.0
CLM-74051,"August 30, 2025",Franchise_TX_01,Drywall Repair,2.0,205.28,157.29,0,,102.64,
CLM-28371,"May 10, 2025",Franchise_TX_01,Antimicrobial Treatment,36.0,1830.6,984.39,0,,50.85,
CLM-38694,"June 13, 2025",Franchise_TX_01,Dehumidifier Rental - MISC,33.0,4535.52,4535.52,1,,137.44,
CLM-10151,2025-10-24,Franchise_FL_04,Antimicrobial Treatment,27.0,2611.17,2611.17,1,96.71,,
CLM-49100,"February 20, 2025",Franchise_TX_01,Dehumidifier Rental,23.0,1860.93,1860.93,1,,80.91,
CLM-64868,2025-09-29,Franchise_FL_04,Antimicrobial Treatment,29.0,1957.79,1957.79,1,67.51,,
CLM-84304,2025-03-15,Franchise_FL_04,Baseboard Replacement,48.0,4105.92,3273.85,0,85.54,,
CLM-75966,"May 17, 2025",Franchise_TX_01,Baseboard Replacement,14.0,1266.86,1083.99,0,,90.49,
CLM-95193,2025-08-12,Franchise_FL_04,Drywall Repair,7.0,322.84,262.22,0,46.12,,
CLM-81145,2025-09-07,Franchise_FL_04,Water Extraction,15.0,1550.4,1378.33,0,103.36,,
CLM-90661,2025-03-03,Franchise_FL_04,Antimicrobial Treatment,36.0,1555.56,1223.88,0,43.21,,
CLM-95335,05/09/2025,Franchise_NY_12,Drywall Repair,,1813.9,1813.9,1,,$106.7,17.0
CLM-86130,"May 10, 2025",Franchise_TX_01,Drywall Repair,37.0,3008.47,3008.47,1,,81.31,
CLM-44873,"April 12, 2025",Franchise_TX_01,Drywall Repair - MISC,10.0,1167.5,788.44,0,,116.75,
CLM-93870,2025-10-04,Franchise_FL_04,Drywall Repair,6.0,298.92,298.92,1,49.82,,
CLM-23126,2025-08-26,Franchise_FL_04,Drywall Repair,14.0,666.82,464.61,0,47.63,,
CLM-21057,"April 20, 2025",Franchise_TX_01,Antimicrobial Treatment,47.0,4742.77,4742.77,1,,100.91,
CLM-33688,2025-09-08,Franchise_FL_04,Water Extraction,10.0,744.8,378.44,0,74.48,,
CLM-80103,06/14/2025,Franchise_NY_12,Drywall Repair,,690.3,690.3,1,,$15.34,45.0
CLM-42273,12/24/2025,Franchise_NY_12,Dehumidifier Rental,,1249.8,1249.8,1,,$124.98,10.0
CLM-82473,08/03/2025,Franchise_NY_12,Antimicrobial Treatment,,1450.95,844.25,0,,$96.73,15.0
CLM-18553,08/29/2025,Franchise_NY_12,Dehumidifier Rental,,3202.42,2479.54,0,,$123.17,26.0
CLM-50184,10/05/2025,Franchise_NY_12,Water Extraction,,2817.0,2817.0,1,,$112.68,25.0
CLM-93731,11/30/2025,Franchise_NY_12,Dehumidifier Rental,,985.32,690.05,0,,$42.84,23.0
CLM-65484,2025-12-03,Franchise_FL_04,Antimicrobial Treatment,11.0,858.44,370.17,0,78.04,,
CLM-74681,2025-07-15,Franchise_FL_04,Antimicrobial Treatment,14.0,1190.98,1190.98,1,85.07,,
CLM-54151,"October 18, 2025",Franchise_TX_01,Water Extraction - MISC,22.0,2515.26,1335.94,0,,114.33,
CLM-24430,"February 22, 2025",Franchise_TX_01,Antimicrobial Treatment,10.0,196.1,196.1,1,,19.61,
CLM-55757,2025-03-12,Franchise_FL_04,Water Extraction,47.0,,4017.27,0,132.21,,
CLM-26257,"October 06, 2025",Franchise_TX_01,Baseboard Replacement - MISC,1.0,111.13,111.13,1,,111.13,
CLM-92613,2025-08-05,Franchise_FL_04,Dehumidifier Rental,9.0,1012.68,527.4,0,112.52,,
CLM-45721,03/01/2025,Franchise_NY_12,Dehumidifier Rental,,430.65,430.65,1,,$15.95,27.0
CLM-63279,2025-09-28,Franchise_FL_04,Antimicrobial Treatment,14.0,1212.68,1212.68,1,86.62,,
CLM-60489,"November 28, 2025",Franchise_TX_01,Dehumidifier Rental - MISC,49.0,2892.47,1234.44,0,,59.03,
CLM-18148,"April 16, 2025",Franchise_TX_01,Baseboard Replacement,46.0,3908.62,3908.62,1,,84.97,
CLM-39185,"November 06, 2025",Franchise_TX_01,Antimicrobial Treatment - MISC,43.0,3135.99,3135.99,1,,72.93,
CLM-45103,01/27/2025,Franchise_NY_12,Baseboard Replacement,,1158.82,1029.73,0,,$44.57,26.0
CLM-44506,03/13/2025,Franchise_NY_12,Water Extraction,,3223.5,3223.5,1,,$128.94,25.0
CLM-17124,2025-05-08,Franchise_FL_04,Dehumidifier Rental,47.0,3281.07,3281.07,1,69.81,,
CLM-77426,"August 03, 2025",Franchise_TX_01,Drywall Repair,16.0,1899.04,1899.04,1,,118.69,
CLM-46383,"January 03, 2025",Franchise_TX_01,Dehumidifier Rental - MISC,20.0,1961.6,1396.22,0,,98.08,
CLM-57971,"December 21, 2025",Franchise_TX_01,Drywall Repair,18.0,2536.2,2536.2,1,,140.9,
CLM-61373,2025-12-11,Franchise_FL_04,Baseboard Replacement,34.0,3901.84,3901.84,1,114.76,,
CLM-67223,"February 21, 2025",Franchise_TX_01,Drywall Repair,47.0,2851.49,2851.49,1,,60.67,
CLM-76724,"March 14, 2025",Franchise_TX_01,Drywall Repair,2.0,149.58,115.97,0,,74.79,
CLM-32366,"October 26, 2025",Franchise_TX_01,Baseboard Replacement - MISC,24.0,2340.72,1368.86,0,,97.53,
CLM-88080,"May 01, 2025",Franchise_TX_01,Baseboard Replacement,29.0,2837.65,2837.65,1,,97.85,
CLM-46463,02/20/2025,Franchise_NY_12,Baseboard Replacement,,2797.9,2797.9,1,,$57.1,49.0
CLM-33910,05/15/2025,Franchise_NY_12,Drywall Repair,,1192.05,1192.05,1,,$26.49,45.0
CLM-80318,"June 06, 2025",Franchise_TX_01,Antimicrobial Treatment,6.0,862.2,862.2,1,,143.7,
CLM-89560,2025-12-18,Franchise_FL_04,Drywall Repair,48.0,4087.2,2067.75,0,85.15,,
CLM-99929,2025-09-21,Franchise_FL_04,Antimicrobial Treatment,32.0,2886.08,2886.08,1,90.19,,
CLM-93210,2025-12-29,Franchise_FL_04,Drywall Repair,3.0,,376.08,1,125.36,,
CLM-39546,2025-11-07,Franchise_FL_04,Baseboard Replacement,48.0,,3550.08,1,73.96,,
CLM-45962,10/08/2025,Franchise_NY_12,Water Extraction,,1453.98,805.16,0,,$44.06,33.0
CLM-66356,"May 27, 2025",Franchise_TX_01,Baseboard Replacement,18.0,1356.3,565.46,0,,75.35,
CLM-40845,2025-09-02,Franchise_FL_04,Water Extraction,1.0,59.83,28.75,0,59.83,,
CLM-53046,09/06/2025,Franchise_NY_12,Antimicrobial Treatment,,945.07,437.15,0,,$41.09,23.0
CLM-69001,"February 14, 2025",Franchise_TX_01,Baseboard Replacement,22.0,2702.92,1258.41,0,,122.86,
CLM-57717,2025-03-12,Franchise_FL_04,Drywall Repair,24.0,586.56,586.56,1,24.44,,
CLM-50622,2025-11-07,Franchise_FL_04,Water Extraction,11.0,1076.9,822.33,0,97.9,,
CLM-27462,"September 07, 2025",Franchise_TX_01,Antimicrobial Treatment,10.0,210.0,210.0,1,,21.0,
CLM-75950,"November 19, 2025",Franchise_TX_01,Water Extraction,45.0,1544.85,1166.92,0,,34.33,
CLM-20200,2025-12-04,Franchise_FL_04,Dehumidifier Rental,13.0,532.87,378.79,0,40.99,,
CLM-70216,2025-09-19,Franchise_FL_04,Baseboard Replacement,37.0,4845.15,3320.82,0,130.95,,
CLM-83167,2025-12-12,Franchise_FL_04,Dehumidifier Rental,37.0,2774.63,1850.44,0,74.99,,
CLM-18749,"November 13, 2025",Franchise_TX_01,Drywall Repair - MISC,47.0,3238.77,2621.26,0,,68.91,
CLM-30083,"November 20, 2025",Franchise_TX_01,Dehumidifier Rental,16.0,305.28,305.28,1,,19.08,
CLM-99886,12/12/2025,Franchise_NY_12,Baseboard Replacement,,2495.5,1224.11,0,,$99.82,25.0
CLM-30559,2025-02-07,Franchise_FL_04,Baseboard Replacement,39.0,4448.34,4448.34,1,114.06,,
CLM-65890,2025-03-22,Franchise_FL_04,Water Extraction,25.0,2510.5,2510.5,1,100.42,,
CLM-32896,04/29/2025,Franchise_NY_12,Dehumidifier Rental,,465.7,465.7,1,,$93.14,5.0
CLM-49880,04/23/2025,Franchise_NY_12,Water Extraction,,1603.26,872.75,0,,$59.38,27.0
CLM-45768,"July 06, 2025",Franchise_TX_01,Water Extraction,8.0,1114.72,1114.72,1,,139.34,
CLM-93319,"February 11, 2025",Franchise_TX_01,Baseboard Replacement,8.0,693.84,693.84,1,,86.73,
CLM-31369,"August 17, 2025",Franchise_TX_01,Antimicrobial Treatment,15.0,1911.9,1161.81,0,,127.46,
CLM-17061,"February 22, 2025",Franchise_TX_01,Antimicrobial Treatment,38.0,2351.06,2351.06,1,,61.87,
CLM-83692,"September 26, 2025",Franchise_TX_01,Drywall Repair,11.0,974.71,808.85,0,,88.61,
CLM-78311,2025-05-17,Franchise_FL_04,Water Extraction,16.0,1528.32,1098.28,0,95.52,,
CLM-36351,"December 19, 2025",Franchise_TX_01,Dehumidifier Rental - MISC,19.0,1304.92,1304.92,1,,68.68,
CLM-62255,"August 16, 2025",Franchise_TX_01,Drywall Repair,14.0,434.7,231.64,0,,31.05,
CLM-91582,04/09/2025,Franchise_NY_12,Dehumidifier Rental,,338.4,255.31,0,,$84.6,4.0
CLM-14645,"June 21, 2025",Franchise_TX_01,Water Extraction,8.0,150.96,150.96,1,,18.87,
CLM-66976,06/06/2025,Franchise_NY_12,Water Extraction,,2240.55,2240.55,1,,$49.79,45.0
CLM-59257,06/24/2025,Franchise_NY_12,Baseboard Replacement,,630.0,630.0,1,,$45.0,14.0
CLM-38174,07/27/2025,Franchise_NY_12,Drywall Repair,,3010.56,3010.56,1,,$94.08,32.0
CLM-94980,02/02/2025,Franchise_NY_12,Drywall Repair,,1938.93,1295.99,0,,$39.57,49.0
CLM-96852,2025-12-11,Franchise_FL_04,Drywall Repair,43.0,4189.06,2311.27,0,97.42,,
CLM-89459,12/24/2025,Franchise_NY_12,Water Extraction,,4492.4,4492.4,1,,$102.1,44.0
CLM-75173,"January 26, 2025",Franchise_TX_01,Drywall Repair,48.0,2886.24,2886.24,1,,60.13,
CLM-30457,2025-01-13,Franchise_FL_04,Drywall Repair,50.0,,1251.5,1,25.03,,
CLM-38979,01/23/2025,Franchise_NY_12,Antimicrobial Treatment,,913.44,913.44,1,,$38.06,24.0
CLM-78045,2025-10-26,Franchise_FL_04,Baseboard Replacement,35.0,1603.7,1603.7,1,45.82,,
CLM-86583,2025-07-15,Franchise_FL_04,Antimicrobial Treatment,31.0,1413.29,934.18,0,45.59,,
CLM-10170,"November 12, 2025",Franchise_TX_01,Antimicrobial Treatment,38.0,1283.64,766.29,0,,33.78,
CLM-26991,"March 27, 2025",Franchise_TX_01,Baseboard Replacement,46.0,1998.24,1998.24,1,,43.44,
CLM-63414,2025-07-20,Franchise_FL_04,Dehumidifier Rental,41.0,2966.76,2966.76,1,72.36,,
CLM-62612,"November 01, 2025",Franchise_TX_01,Drywall Repair,11.0,666.38,303.75,0,,60.58,
CLM-48171,01/05/2025,Franchise_NY_12,Antimicrobial Treatment,,587.8,587.8,1,,$117.56,5.0
CLM-13034,"December 14, 2025",Franchise_TX_01,Dehumidifier Rental,41.0,3232.03,3232.03,1,,78.83,
CLM-72857,07/09/2025,Franchise_NY_12,Water Extraction,,2424.52,2424.52,1,,$49.48,49.0
CLM-11716,"June 28, 2025",Franchise_TX_01,Baseboard Replacement - MISC,15.0,738.9,738.9,1,,49.26,
CLM-93607,01/22/2025,Franchise_NY_12,Baseboard Replacement,,2913.33,2913.33,1,,$138.73,21.0
CLM-51941,11/21/2025,Franchise_NY_12,Water Extraction,,399.8,229.82,0,,$79.96,5.0
CLM-34336,2025-07-26,Franchise_FL_04,Water Extraction,29.0,2626.53,2626.53,1,90.57,,
CLM-42632,12/11/2025,Franchise_NY_12,Baseboard Replacement,,2349.27,2349.27,1,,$87.01,27.0
CLM-90630,2025-10-22,Franchise_FL_04,Baseboard Replacement,4.0,190.44,190.44,1,47.61,,
CLM-11068,2025-01-26,Franchise_FL_04,Baseboard Replacement,10.0,1453.1,1008.29,0,145.31,,
CLM-27985,"November 08, 2025",Franchise_TX_01,Dehumidifier Rental,12.0,199.44,199.44,1,,16.62,
CLM-14683,2025-03-27,Franchise_FL_04,Water Extraction,8.0,138.16,138.16,1,17.27,,
CLM-85956,07/15/2025,Franchise_NY_12,Antimicrobial Treatment,,1040.39,1040.39,1,,$80.03,13.0
CLM-61335,2025-06-23,Franchise_FL_04,Antimicrobial Treatment,13.0,1494.35,839.68,0,114.95,,
CLM-25894,"September 19, 2025",Franchise_TX_01,Antimicrobial Treatment,49.0,1439.13,1439.13,1,,29.37,
CLM-42554,"October 08, 2025",Franchise_TX_01,Antimicrobial Treatment,36.0,1642.32,1642.32,1,,45.62,
CLM-99868,"February 18, 2025",Franchise_TX_01,Water Extraction,36.0,1283.76,775.58,0,,35.66,
CLM-31192,05/11/2025,Franchise_NY_12,Baseboard Replacement,,991.06,991.06,1,,$70.79,14.0
CLM-76925,"February 22, 2025",Franchise_TX_01,Drywall Repair,39.0,2107.95,2107.95,1,,54.05,
CLM-82816,2025-05-25,Franchise_FL_04,Baseboard Replacement,3.0,439.74,439.74,1,146.58,,
CLM-81914,"July 20, 2025",Franchise_TX_01,Water Extraction,16.0,1520.48,1520.48,1,,95.03,
CLM-12301,2025-06-14,Franchise_FL_04,Baseboard Replacement,37.0,1228.03,916.99,0,33.19,,
CLM-90251,2025-02-08,Franchise_FL_04,Antimicrobial Treatment,36.0,649.44,540.07,0,18.04,,
CLM-61688,2025-12-22,Franchise_FL_04,Antimicrobial Treatment,19.0,1581.37,1294.9,0,83.23,,
CLM-81428,"July 08, 2025",Franchise_TX_01,Drywall Repair,35.0,2327.85,2060.55,0,,66.51,
CLM-79235,2025-01-03,Franchise_FL_04,Water Extraction,28.0,3812.48,3812.48,1,136.16,,
CLM-70365,2025-03-19,Franchise_FL_04,Baseboard Replacement,8.0,513.04,423.97,0,64.13,,
CLM-75666,2025-04-13,Franchise_FL_04,Dehumidifier Rental,29.0,,1609.5,1,55.5,,
CLM-69764,2025-05-23,Franchise_FL_04,Dehumidifier Rental,40.0,902.0,902.0,1,22.55,,
CLM-12829,"May 24, 2025",Franchise_TX_01,Baseboard Replacement,4.0,408.64,408.64,1,,102.16,
CLM-51559,11/27/2025,Franchise_NY_12,Baseboard Replacement,,3386.52,1428.54,0,,$94.07,36.0
CLM-59482,12/20/2025,Franchise_NY_12,Water Extraction,,4342.8,1771.0,0,,$124.08,35.0
CLM-66247,01/15/2025,Franchise_NY_12,Baseboard Replacement,,1852.2,1852.2,1,,$61.74,30.0
CLM-15188,10/24/2025,Franchise_NY_12,Water Extraction,,1021.36,1021.36,1,,$30.04,34.0
CLM-36705,2025-06-23,Franchise_FL_04,Antimicrobial Treatment,45.0,2971.35,2971.35,1,66.03,,
CLM-27550,2025-04-10,Franchise_FL_04,Drywall Repair,11.0,390.72,390.72,1,35.52,,
CLM-54496,04/15/2025,Franchise_NY_12,Dehumidifier Rental,,657.44,657.44,1,,$41.09,16.0
CLM-25226,06/24/2025,Franchise_NY_12,Antimicrobial Treatment,,1641.86,1641.86,1,,$149.26,11.0
CLM-14717,2025-05-04,Franchise_FL_04,Water Extraction,37.0,1457.43,1457.43,1,39.39,,
CLM-18613,"September 02, 2025",Franchise_TX_01,Drywall Repair,45.0,5535.45,5535.45,1,,123.01,
CLM-14281,01/07/2025,Franchise_NY_12,Drywall Repair,,3109.6,1861.23,0,,$135.2,23.0
CLM-72003,2025-09-07,Franchise_FL_04,Antimicrobial Treatment,37.0,2984.42,1279.79,0,80.66,,
CLM-51657,07/02/2025,Franchise_NY_12,Water Extraction,,1246.95,1246.95,1,,$83.13,15.0
CLM-45109,05/31/2025,Franchise_NY_12,Water Extraction,,3882.9,3882.9,1,,$90.3,43.0
CLM-62211,"October 21, 2025",Franchise_TX_01,Baseboard Replacement,12.0,670.08,334.57,0,,55.84,
CLM-14621,06/04/2025,Franchise_NY_12,Dehumidifier Rental,,1007.63,1007.63,1,,$77.51,13.0
CLM-22253,01/23/2025,Franchise_NY_12,Water Extraction,,5057.67,5057.67,1,,$107.61,47.0
CLM-89562,"November 14, 2025",Franchise_TX_01,Dehumidifier Rental,28.0,3242.12,3242.12,1,,115.79,
CLM-45038,03/06/2025,Franchise_NY_12,Baseboard Replacement,,4356.66,4356.66,1,,$94.71,46.0
CLM-23498,2025-11-17,Franchise_FL_04,Antimicrobial Treatment,33.0,4785.66,4785.66,1,145.02,,
CLM-51068,01/01/2025,Franchise_NY_12,Water Extraction,,726.55,445.2,0,,$145.31,5.0
CLM-78516,2025-10-26,Franchise_FL_04,Drywall Repair,27.0,1724.22,1087.74,0,63.86,,
CLM-23140,"July 03, 2025",Franchise_TX_01,Antimicrobial Treatment - MISC,1.0,31.03,14.91,0,,31.03,
CLM-86678,2025-10-15,Franchise_FL_04,Antimicrobial Treatment,18.0,1022.04,824.85,0,56.78,,
CLM-64198,2025-07-30,Franchise_FL_04,Water Extraction,40.0,2753.6,2753.6,1,68.84,,
CLM-50163,"February 19, 2025",Franchise_TX_01,Baseboard Replacement,20.0,2418.0,1038.27,0,,120.9,
CLM-53130,"November 19, 2025",Franchise_TX_01,Baseboard Replacement,50.0,5914.5,5914.5,1,,118.29,
CLM-25182,2025-08-07,Franchise_FL_04,Drywall Repair,31.0,3547.02,3547.02,1,114.42,,
CLM-58499,04/28/2025,Franchise_NY_12,Drywall Repair,,742.5,335.09,0,,$49.5,15.0
CLM-93246,2025-08-18,Franchise_FL_04,Dehumidifier Rental,38.0,3016.06,2350.85,0,79.37,,
CLM-26606,2025-10-28,Franchise_FL_04,Baseboard Replacement,29.0,3375.02,3375.02,1,116.38,,
CLM-15490,"September 24, 2025",Franchise_TX_01,Water Extraction - MISC,24.0,549.6,549.6,1,,22.9,
CLM-17205,"January 08, 2025",Franchise_TX_01,Dehumidifier Rental,46.0,2570.02,1600.88,0,,55.87,
CLM-93550,12/06/2025,Franchise_NY_12,Water Extraction,,653.51,653.51,1,,$59.41,11.0
CLM-39961,04/19/2025,Franchise_NY_12,Baseboard Replacement,,96.52,50.63,0,,$96.52,1.0
CLM-84276,08/23/2025,Franchise_NY_12,Antimicrobial Treatment,,2159.6,2159.6,1,,$53.99,40.0
CLM-94708,10/19/2025,Franchise_NY_12,Water Extraction,,1436.16,1250.77,0,,$119.68,12.0
CLM-56936,11/05/2025,Franchise_NY_12,Antimicrobial Treatment,,2394.4,1819.11,0,,$149.65,16.0
CLM-65755,11/26/2025,Franchise_NY_12,Dehumidifier Rental,,3804.51,3804.51,1,,$131.19,29.0
CLM-12841,2025-08-05,Franchise_FL_04,Baseboard Replacement,1.0,,130.66,1,130.66,,
CLM-38293,"June 04, 2025",Franchise_TX_01,Drywall Repair - MISC,43.0,2659.12,2659.12,1,,61.84,
CLM-11687,02/09/2025,Franchise_NY_12,Antimicrobial Treatment,,1522.92,1112.92,0,,$72.52,21.0
CLM-98591,"March 16, 2025",Franchise_TX_01,Baseboard Replacement,19.0,1718.55,792.35,0,,90.45,
CLM-94371,07/29/2025,Franchise_NY_12,Dehumidifier Rental,,1515.38,1515.38,1,,$44.57,34.0
CLM-77459,2025-02-04,Franchise_FL_04,Baseboard Replacement,20.0,2293.8,1877.36,0,114.69,,
CLM-18242,2025-03-26,Franchise_FL_04,Dehumidifier Rental,35.0,,3532.9,1,100.94,,
CLM-54401,07/07/2025,Franchise_NY_12,Drywall Repair,,1420.02,1420.02,1,,$78.89,18.0
CLM-67987,2025-07-12,Franchise_FL_04,Drywall Repair,20.0,1643.0,1643.0,1,82.15,,
CLM-26077,"February 27, 2025",Franchise_TX_01,Baseboard Replacement,5.0,342.5,146.15,0,,68.5,
CLM-64865,2025-09-27,Franchise_FL_04,Drywall Repair,12.0,1777.2,1777.2,1,148.1,,
CLM-13185,2025-09-03,Franchise_FL_04,Baseboard Replacement,6.0,446.16,446.16,1,74.36,,
CLM-96109,2025-03-05,Franchise_FL_04,Drywall Repair,11.0,1339.91,1339.91,1,121.81,,
CLM-83278,2025-01-26,Franchise_FL_04,Water Extraction,7.0,1006.74,1006.74,1,143.82,,
CLM-47354,2025-11-03,Franchise_FL_04,Water Extraction,34.0,1782.28,1782.28,1,52.42,,
CLM-73135,10/22/2025,Franchise_NY_12,Water Extraction,,793.73,793.73,1,,$46.69,17.0
CLM-69956,"April 06, 2025",Franchise_TX_01,Water Extraction,27.0,1173.15,942.28,0,,43.45,
CLM-33445,2025-09-12,Franchise_FL_04,Dehumidifier Rental,43.0,3812.38,3812.38,1,88.66,,
CLM-56006,"March 04, 2025",Franchise_TX_01,Baseboard Replacement,17.0,1705.95,1403.32,0,,100.35,
CLM-76727,2025-05-17,Franchise_FL_04,Dehumidifier Rental,25.0,406.5,192.7,0,16.26,,
CLM-93359,07/30/2025,Franchise_NY_12,Water Extraction,,794.2,794.2,1,,$36.1,22.0
CLM-10181,"July 26, 2025",Franchise_TX_01,Baseboard Replacement,17.0,634.78,410.33,0,,37.34,
CLM-52501,"April 11, 2025",Franchise_TX_01,Dehumidifier Rental,47.0,6824.87,6824.87,1,,145.21,
CLM-82677,02/06/2025,Franchise_NY_12,Drywall Repair,,3023.73,1277.0,0,,$111.99,27.0
CLM-88437,07/06/2025,Franchise_NY_12,Drywall Repair,,2617.12,1829.43,0,,$59.48,44.0
CLM-19724,2025-07-03,Franchise_FL_04,Antimicrobial Treatment,6.0,677.94,677.94,1,112.99,,
CLM-34665,"May 20, 2025",Franchise_TX_01,Baseboard Replacement,40.0,1377.6,1377.6,1,,34.44,
CLM-29738,04/06/2025,Franchise_NY_12,Water Extraction,,462.84,411.3,0,,$15.96,29.0
CLM-24493,12/13/2025,Franchise_NY_12,Baseboard Replacement,,4564.17,4564.17,1,,$117.03,39.0
CLM-45026,2025-03-25,Franchise_FL_04,Water Extraction,38.0,2764.5,2764.5,1,72.75,,
CLM-98670,2025-10-26,Franchise_FL_04,Baseboard Replacement,20.0,395.0,395.0,1,19.75,,
CLM-54961,06/04/2025,Franchise_NY_12,Water Extraction,,1740.78,1740.78,1,,$96.71,18.0
CLM-93960,2025-02-02,Franchise_FL_04,Water Extraction,48.0,6495.84,6495.84,1,135.33,,
CLM-43023,12/31/2025,Franchise_NY_12,Drywall Repair,,704.34,704.34,1,,$54.18,13.0
CLM-99210,"August 05, 2025",Franchise_TX_01,Baseboard Replacement - MISC,15.0,1725.45,728.18,0,,115.03,
CLM-84981,2025-06-16,Franchise_FL_04,Dehumidifier Rental,42.0,5775.0,5775.0,1,137.5,,
CLM-57713,2025-08-27,Franchise_FL_04,Antimicrobial Treatment,38.0,3959.98,2527.91,0,104.21,,
CLM-50119,2025-02-13,Franchise_FL_04,Antimicrobial Treatment,22.0,2329.36,2329.36,1,105.88,,
CLM-72139,"February 28, 2025",Franchise_TX_01,Water Extraction,28.0,3797.36,3797.36,1,,135.62,
CLM-34155,2025-07-29,Franchise_FL_04,Baseboard Replacement,40.0,956.4,956.4,1,23.91,,
CLM-37874,2025-10-09,Franchise_FL_04,Dehumidifier Rental,48.0,1533.12,1533.12,1,31.94,,
CLM-62102,2025-07-31,Franchise_FL_04,Drywall Repair,42.0,6082.44,6082.44,1,144.82,,
CLM-97325,"January 02, 2025",Franchise_TX_01,Water Extraction,23.0,1773.53,1773.53,1,,77.11,
CLM-18535,2025-01-25,Franchise_FL_04,Dehumidifier Rental,50.0,7144.5,7144.5,1,142.89,,
CLM-24015,05/13/2025,Franchise_NY_12,Drywall Repair,,716.8,716.8,1,,$20.48,35.0
CLM-72401,"September 16, 2025",Franchise_TX_01,Water Extraction,24.0,3518.64,1470.93,0,,146.61,
CLM-47670,01/07/2025,Franchise_NY_12,Water Extraction,,2870.28,2517.93,0,,$136.68,21.0
CLM-29892,"December 12, 2025",Franchise_TX_01,Dehumidifier Rental,41.0,2950.77,2950.77,1,,71.97,
CLM-45100,"February 23, 2025",Franchise_TX_01,Dehumidifier Rental - MISC,15.0,348.6,348.6,1,,23.24,
CLM-65861,03/27/2025,Franchise_NY_12,Antimicrobial Treatment,,2624.37,1808.2,0,,$124.97,21.0
CLM-95068,"September 27, 2025",Franchise_TX_01,Drywall Repair,10.0,883.3,883.3,1,,88.33,
CLM-85432,"January 11, 2025",Franchise_TX_01,Dehumidifier Rental - MISC,4.0,495.04,495.04,1,,123.76,
CLM-30212,"March 06, 2025",Franchise_TX_01,Antimicrobial Treatment,32.0,4013.44,3073.92,0,,125.42,
CLM-22530,"February 21, 2025",Franchise_TX_01,Antimicrobial Treatment - MISC,27.0,3434.4,1550.04,0,,127.2,
CLM-41118,08/13/2025,Franchise_NY_12,Drywall Repair,,1023.4,1023.4,1,,$36.55,28.0
CLM-82545,11/11/2025,Franchise_NY_12,Dehumidifier Rental,,3711.28,3711.28,1,,$80.68,46.0
CLM-40255,2025-11-21,Franchise_FL_04,Drywall Repair,25.0,2904.25,1467.56,0,116.17,,
CLM-85220,03/04/2025,Franchise_NY_12,Antimicrobial Treatment,,3885.21,2988.19,0,,$79.29,49.0
CLM-89218,"October 03, 2025",Franchise_TX_01,Water Extraction,50.0,7013.5,3220.34,0,,140.27,
CLM-48609,2025-08-24,Franchise_FL_04,Baseboard Replacement,36.0,5349.96,5349.96,1,148.61,,
CLM-48744,11/28/2025,Franchise_NY_12,Water Extraction,,1307.52,619.31,0,,$145.28,9.0
CLM-69289,01/25/2025,Franchise_NY_12,Dehumidifier Rental,,555.3,369.63,0,,$61.7,9.0
CLM-54444,"June 08, 2025",Franchise_TX_01,Water Extraction,26.0,2960.88,2960.88,1,,113.88,
CLM-49160,2025-11-04,Franchise_FL_04,Water Extraction,20.0,2762.0,2762.0,1,138.1,,
CLM-12610,10/09/2025,Franchise_NY_12,Drywall Repair,,1289.96,727.86,0,,$92.14,14.0
CLM-32473,2025-02-02,Franchise_FL_04,Antimicrobial Treatment,5.0,227.25,185.68,0,45.45,,
CLM-78567,"March 16, 2025",Franchise_TX_01,Baseboard Replacement,4.0,306.68,143.4,0,,76.67,
CLM-50717,"February 05, 2025",Franchise_TX_01,Drywall Repair,26.0,702.26,418.76,0,,27.01,
CLM-16122,03/04/2025,Franchise_NY_12,Baseboard Replacement,,1860.0,1860.0,1,,$60.0,31.0
CLM-97815,2025-05-12,Franchise_FL_04,Drywall Repair,37.0,591.26,591.26,1,15.98,,
CLM-11220,01/08/2025,Franchise_NY_12,Water Extraction,,3216.78,2576.45,0,,$69.93,46.0
CLM-54199,"March 22, 2025",Franchise_TX_01,Antimicrobial Treatment - MISC,42.0,752.64,752.64,1,,17.92,
CLM-71798,"April 13, 2025",Franchise_TX_01,Drywall Repair,14.0,1304.24,1304.24,1,,93.16,
CLM-97678,2025-03-31,Franchise_FL_04,Water Extraction,12.0,1357.92,1357.92,1,113.16,,
CLM-79272,2025-04-22,Franchise_FL_04,Antimicrobial Treatment,23.0,1466.94,1466.94,1,63.78,,
CLM-69312,09/17/2025,Franchise_NY_12,Drywall Repair,,673.37,673.37,1,,$39.61,17.0
CLM-78258,2025-04-29,Franchise_FL_04,Baseboard Replacement,35.0,4589.55,1899.94,0,131.13,,
CLM-84736,2025-11-29,Franchise_FL_04,Dehumidifier Rental,25.0,3591.75,1999.63,0,143.67,,
CLM-91510,"January 21, 2025",Franchise_TX_01,Drywall Repair,20.0,1147.4,1147.4,1,,57.37,
CLM-57468,"November 16, 2025",Franchise_TX_01,Water Extraction - MISC,12.0,705.0,705.0,1,,58.75,
CLM-25636,03/30/2025,Franchise_NY_12,Water Extraction,,1075.36,1075.36,1,,$41.36,26.0
CLM-46670,2025-12-04,Franchise_FL_04,Antimicrobial Treatment,9.0,151.2,151.2,1,16.8,,
CLM-20493,09/19/2025,Franchise_NY_12,Dehumidifier Rental,,6385.44,6385.44,1,,$133.03,48.0
CLM-82992,05/09/2025,Franchise_NY_12,Drywall Repair,,1642.08,912.86,0,,$49.76,33.0
CLM-25088,07/06/2025,Franchise_NY_12,Antimicrobial Treatment,,1543.8,704.3,0,,$102.92,15.0
CLM-31930,2025-04-13,Franchise_FL_04,Antimicrobial Treatment,1.0,145.17,118.77,0,145.17,,
CLM-24615,2025-08-12,Franchise_FL_04,Antimicrobial Treatment,38.0,1856.3,1856.3,1,48.85,,
CLM-73416,2025-09-06,Franchise_FL_04,Drywall Repair,40.0,2971.2,1649.37,0,74.28,,
CLM-28445,2025-11-05,Franchise_FL_04,Drywall Repair,40.0,4453.2,2291.55,0,111.33,,
CLM-86522,2025-08-09,Franchise_FL_04,Drywall Repair,5.0,713.05,713.05,1,142.61,,
CLM-39181,"March 19, 2025",Franchise_TX_01,Drywall Repair - MISC,28.0,3447.08,3447.08,1,,123.11,
CLM-80057,2025-06-11,Franchise_FL_04,Baseboard Replacement,1.0,89.34,89.34,1,89.34,,
CLM-53151,2025-11-19,Franchise_FL_04,Antimicrobial Treatment,38.0,,2710.54,1,71.33,,
CLM-57256,"April 10, 2025",Franchise_TX_01,Dehumidifier Rental,13.0,1729.0,1177.55,0,,133.0,
CLM-56161,"June 25, 2025",Franchise_TX_01,Drywall Repair,21.0,1304.94,1304.94,1,,62.14,
CLM-97878,03/24/2025,Franchise_NY_12,Baseboard Replacement,,167.01,96.2,0,,$55.67,3.0
CLM-21749,11/29/2025,Franchise_NY_12,Drywall Repair,,1377.36,1377.36,1,,$57.39,24.0
CLM-87939,"June 12, 2025",Franchise_TX_01,Baseboard Replacement,31.0,1507.22,1507.22,1,,48.62,
CLM-42201,12/20/2025,Franchise_NY_12,Baseboard Replacement,,551.04,551.04,1,,$45.92,12.0
CLM-13174,05/23/2025,Franchise_NY_12,Baseboard Replacement,,2200.08,2200.08,1,,$91.67,24.0
CLM-33781,2025-05-18,Franchise_FL_04,Water Extraction,46.0,2214.9,2214.9,1,48.15,,
CLM-34015,2025-04-12,Franchise_FL_04,Baseboard Replacement,50.0,3710.5,3710.5,1,74.21,,
CLM-96869,2025-02-18,Franchise_FL_04,Water Extraction,30.0,2386.2,1544.9,0,79.54,,
CLM-31123,"September 12, 2025",Franchise_TX_01,Baseboard Replacement,5.0,446.65,446.65,1,,89.33,
CLM-35623,11/18/2025,Franchise_NY_12,Drywall Repair,,1416.03,1078.04,0,,$42.91,33.0
CLM-83029,"September 30, 2025",Franchise_TX_01,Water Extraction,37.0,5409.03,5409.03,1,,146.19,
CLM-64897,2025-03-11,Franchise_FL_04,Drywall Repair,43.0,6293.48,6293.48,1,146.36,,
CLM-47439,"February 06, 2025",Franchise_TX_01,Water Extraction,40.0,2433.2,1955.16,0,,60.83,
CLM-90407,"February 08, 2025",Franchise_TX_01,Dehumidifier Rental,12.0,1027.68,779.18,0,,85.64,
CLM-44772,11/01/2025,Franchise_NY_12,Drywall Repair,,4110.81,4110.81,1,,$124.57,33.0
CLM-55333,01/30/2025,Franchise_NY_12,Antimicrobial Treatment,,5903.67,5903.67,1,,$125.61,47.0
CLM-24221,11/04/2025,Franchise_NY_12,Antimicrobial Treatment,,5286.56,5286.56,1,,$112.48,47.0
CLM-61143,11/19/2025,Franchise_NY_12,Antimicrobial Treatment,,4680.44,4680.44,1,,$137.66,34.0
CLM-26355,"November 08, 2025",Franchise_TX_01,Water Extraction,5.0,108.75,72.17,0,,21.75,
CLM-73906,02/10/2025,Franchise_NY_12,Drywall Repair,,837.07,623.06,0,,$17.81,47.0
CLM-92316,"November 04, 2025",Franchise_TX_01,Dehumidifier Rental,36.0,5229.72,5229.72,1,,145.27,
CLM-69666,2025-08-26,Franchise_FL_04,Baseboard Replacement,13.0,841.88,841.88,1,64.76,,
CLM-32754,"November 11, 2025",Franchise_TX_01,Antimicrobial Treatment - MISC,10.0,1319.9,869.67,0,,131.99,
CLM-99202,04/07/2025,Franchise_NY_12,Drywall Repair,,2931.74,2931.74,1,,$68.18,43.0
CLM-25230,04/22/2025,Franchise_NY_12,Water Extraction,,1160.72,959.74,0,,$145.09,8.0
CLM-55078,"December 22, 2025",Franchise_TX_01,Water Extraction - MISC,34.0,3908.3,3908.3,1,,114.95,
CLM-15037,"April 06, 2025",Franchise_TX_01,Antimicrobial Treatment,9.0,600.3,522.77,0,,66.7,
CLM-24762,09/28/2025,Franchise_NY_12,Water Extraction,,1403.92,671.41,0,,$61.04,23.0
CLM-48439,2025-07-08,Franchise_FL_04,Baseboard Replacement,19.0,332.69,144.05,0,17.51,,
CLM-78874,"June 01, 2025",Franchise_TX_01,Water Extraction,35.0,3337.25,3337.25,1,,95.35,
CLM-96279,10/13/2025,Franchise_NY_12,Baseboard Replacement,,422.16,275.04,0,,$35.18,12.0
CLM-67194,03/13/2025,Franchise_NY_12,Water Extraction,,497.34,497.34,1,,$27.63,18.0
CLM-51055,01/27/2025,Franchise_NY_12,Dehumidifier Rental,,4787.2,4787.2,1,,$108.8,44.0
CLM-99411,"December 09, 2025",Franchise_TX_01,Antimicrobial Treatment,34.0,1425.28,1425.28,1,,41.92,
CLM-81525,2025-07-04,Franchise_FL_04,Drywall Repair,16.0,944.16,739.49,0,59.01,,
CLM-79357,2025-01-03,Franchise_FL_04,Drywall Repair,3.0,152.7,152.7,1,50.9,,
CLM-13984,02/08/2025,Franchise_NY_12,Baseboard Replacement,,1926.22,1926.22,1,,$101.38,19.0
CLM-98670,2025-06-11,Franchise_FL_04,Dehumidifier Rental,1.0,57.25,57.25,1,57.25,,
CLM-39149,"October 09, 2025",Franchise_TX_01,Drywall Repair,2.0,67.1,53.53,0,,33.55,
CLM-33344,02/28/2025,Franchise_NY_12,Antimicrobial Treatment,,1093.1,1093.1,1,,$64.3,17.0
CLM-67789,2025-07-23,Franchise_FL_04,Drywall Repair,28.0,2393.16,1929.63,0,85.47,,
CLM-36522,"February 07, 2025",Franchise_TX_01,Water Extraction - MISC,34.0,2405.84,2405.84,1,,70.76,
CLM-89366,09/04/2025,Franchise_NY_12,Dehumidifier Rental,,2741.1,2741.1,1,,$91.37,30.0
CLM-28677,"August 01, 2025",Franchise_TX_01,Water Extraction - MISC,10.0,1277.4,515.9,0,,127.74,
CLM-90776,05/05/2025,Franchise_NY_12,Antimicrobial Treatment,,1648.8,1119.65,0,,$41.22,40.0
CLM-66542,"April 05, 2025",Franchise_TX_01,Antimicrobial Treatment,4.0,507.48,272.24,0,,126.87,
CLM-98952,12/23/2025,Franchise_NY_12,Dehumidifier Rental,,122.26,122.26,1,,$61.13,2.0
CLM-20986,"October 24, 2025",Franchise_TX_01,Water Extraction,47.0,937.18,937.18,1,,19.94,
CLM-70377,07/10/2025,Franchise_NY_12,Antimicrobial Treatment,,1281.63,1281.63,1,,$61.03,21.0
CLM-69751,"September 12, 2025",Franchise_TX_01,Water Extraction - MISC,33.0,1353.33,1353.33,1,,41.01,
CLM-22438,2025-09-02,Franchise_FL_04,Drywall Repair,7.0,192.71,192.71,1,27.53,,
CLM-24239,2025-01-18,Franchise_FL_04,Antimicrobial Treatment,24.0,2098.08,2098.08,1,87.42,,
CLM-28406,2025-11-22,Franchise_FL_04,Antimicrobial Treatment,34.0,1970.98,1970.98,1,57.97,,
CLM-38447,04/05/2025,Franchise_NY_12,Baseboard Replacement,,3067.68,3067.68,1,,$127.82,24.0
CLM-44308,2025-07-23,Franchise_FL_04,Water Extraction,31.0,4639.46,4639.46,1,149.66,,
CLM-18944,03/20/2025,Franchise_NY_12,Water Extraction,,846.4,736.24,0,,$36.8,23.0
CLM-94244,08/20/2025,Franchise_NY_12,Water Extraction,,3834.18,3834.18,1,,$112.77,34.0
CLM-54785,2025-10-13,Franchise_FL_04,Water Extraction,47.0,2223.1,2223.1,1,47.3,,
CLM-85710,2025-04-20,Franchise_FL_04,Water Extraction,4.0,,70.64,1,17.66,,
CLM-45709,"December 13, 2025",Franchise_TX_01,Baseboard Replacement,47.0,741.66,741.66,1,,15.78,
CLM-33266,2025-06-20,Franchise_FL_04,Drywall Repair,3.0,301.47,301.47,1,100.49,,
CLM-47573,05/19/2025,Franchise_NY_12,Antimicrobial Treatment,,3171.84,3171.84,1,,$99.12,32.0
CLM-50911,"January 10, 2025",Franchise_TX_01,Dehumidifier Rental - MISC,10.0,370.1,183.07,0,,37.01,
CLM-61870,"January 07, 2025",Franchise_TX_01,Drywall Repair,23.0,1451.3,1451.3,1,,63.1,
CLM-32824,2025-08-12,Franchise_FL_04,Baseboard Replacement,14.0,1851.64,1494.69,0,132.26,,
CLM-64265,2025-12-27,Franchise_FL_04,Baseboard Replacement,41.0,5496.05,4169.0,0,134.05,,
CLM-37213,2025-02-14,Franchise_FL_04,Baseboard Replacement,19.0,1820.2,1820.2,1,95.8,,
CLM-20009,"February 08, 2025",Franchise_TX_01,Drywall Repair,12.0,1179.12,1179.12,1,,98.26,
CLM-35735,2025-06-03,Franchise_FL_04,Dehumidifier Rental,10.0,271.9,115.58,0,27.19,,
CLM-91990,2025-04-14,Franchise_FL_04,Dehumidifier Rental,10.0,711.8,711.8,1,71.18,,
CLM-21426,"June 13, 2025",Franchise_TX_01,Dehumidifier Rental,17.0,1121.15,1121.15,1,,65.95,
CLM-65016,2025-03-28,Franchise_FL_04,Water Extraction,15.0,1073.1,1073.1,1,71.54,,
CLM-65607,07/03/2025,Franchise_NY_12,Dehumidifier Rental,,1491.84,1491.84,1,,$35.52,42.0
CLM-24874,05/05/2025,Franchise_NY_12,Antimicrobial Treatment,,4025.84,1726.79,0,,$143.78,28.0
CLM-27384,2025-10-12,Franchise_FL_04,Baseboard Replacement,18.0,357.48,357.48,1,19.86,,
CLM-86091,"April 13, 2025",Franchise_TX_01,Drywall Repair - MISC,22.0,2118.6,2118.6,1,,96.3,
CLM-35822,2025-03-25,Franchise_FL_04,Antimicrobial Treatment,16.0,580.48,276.7,0,36.28,,
CLM-23691,2025-01-05,Franchise_FL_04,Drywall Repair,25.0,3221.25,2449.09,0,128.85,,
CLM-11989,2025-06-16,Franchise_FL_04,Water Extraction,10.0,1225.7,1225.7,1,122.57,,
CLM-72887,"March 01, 2025",Franchise_TX_01,Drywall Repair - MISC,3.0,82.56,48.35,0,,27.52,
CLM-40601,2025-12-10,Franchise_FL_04,Drywall Repair,18.0,2285.1,2285.1,1,126.95,,
CLM-99325,05/28/2025,Franchise_NY_12,Baseboard Replacement,,221.36,221.36,1,,$55.34,4.0
CLM-32722,2025-07-03,Franchise_FL_04,Baseboard Replacement,31.0,1291.77,1067.24,0,41.67,,
CLM-67886,08/24/2025,Franchise_NY_12,Dehumidifier Rental,,71.78,71.78,1,,$35.89,2.0
CLM-57473,"May 01, 2025",Franchise_TX_01,Water Extraction,48.0,2201.28,1872.41,0,,45.86,
CLM-73608,2025-05-06,Franchise_FL_04,Baseboard Replacement,40.0,909.2,523.77,0,22.73,,
CLM-69674,"August 10, 2025",Franchise_TX_01,Antimicrobial Treatment,14.0,988.96,988.96,1,,70.64,
CLM-71836,06/05/2025,Franchise_NY_12,Baseboard Replacement,,5321.14,2572.35,0,,$140.03,38.0
CLM-43326,"May 31, 2025",Franchise_TX_01,Baseboard Replacement - MISC,48.0,1922.4,1922.4,1,,40.05,
CLM-16613,02/24/2025,Franchise_NY_12,Drywall Repair,,1260.32,681.24,0,,$78.77,16.0
CLM-48023,"February 21, 2025",Franchise_TX_01,Dehumidifier Rental,40.0,1817.2,1817.2,1,,45.43,
CLM-23121,"July 04, 2025",Franchise_TX_01,Drywall Repair - MISC,44.0,1449.8,1449.8,1,,32.95,
CLM-72443,2025-06-17,Franchise_FL_04,Antimicrobial Treatment,7.0,610.33,610.33,1,87.19,,
CLM-45697,07/25/2025,Franchise_NY_12,Antimicrobial Treatment,,286.56,286.56,1,,$71.64,4.0
CLM-84007,"February 24, 2025",Franchise_TX_01,Baseboard Replacement - MISC,42.0,1768.2,1008.79,0,,42.1,
CLM-68375,2025-02-14,Franchise_FL_04,Antimicrobial Treatment,41.0,1703.96,1703.96,1,41.56,,
CLM-93869,01/08/2025,Franchise_NY_12,Dehumidifier Rental,,1536.27,841.14,0,,$37.47,41.0
CLM-24047,2025-03-06,Franchise_FL_04,Water Extraction,6.0,268.5,268.5,1,44.75,,
CLM-55956,02/08/2025,Franchise_NY_12,Antimicrobial Treatment,,1751.82,921.58,0,,$40.74,43.0
CLM-35088,2025-09-09,Franchise_FL_04,Baseboard Replacement,26.0,3386.76,2118.1,0,130.26,,
CLM-83424,2025-10-23,Franchise_FL_04,Drywall Repair,18.0,2598.84,2598.84,1,144.38,,
CLM-99962,"February 21, 2025",Franchise_TX_01,Water Extraction,29.0,1804.38,1804.38,1,,62.22,
CLM-91055,09/06/2025,Franchise_NY_12,Baseboard Replacement,,2412.3,2412.3,1,,$141.9,17.0
CLM-70332,"August 16, 2025",Franchise_TX_01,Water Extraction,12.0,1098.36,1098.36,1,,91.53,
CLM-81580,2025-07-16,Franchise_FL_04,Dehumidifier Rental,7.0,618.87,331.25,0,88.41,,
CLM-97494,"December 24, 2025",Franchise_TX_01,Drywall Repair,37.0,5333.55,4789.73,0,,144.15,
CLM-70001,10/29/2025,Franchise_NY_12,Baseboard Replacement,,834.68,834.68,1,,$59.62,14.0
CLM-81341,2025-09-28,Franchise_FL_04,Dehumidifier Rental,24.0,,666.24,1,27.76,,
CLM-20839,"June 22, 2025",Franchise_TX_01,Antimicrobial Treatment - MISC,3.0,201.54,201.54,1,,67.18,
CLM-14672,"August 03, 2025",Franchise_TX_01,Baseboard Replacement,29.0,1025.44,644.53,0,,35.36,
CLM-67643,"May 07, 2025",Franchise_TX_01,Drywall Repair - MISC,28.0,2912.84,2912.84,1,,104.03,
CLM-85154,11/28/2025,Franchise_NY_12,Dehumidifier Rental,,692.16,412.43,0,,$49.44,14.0
CLM-33442,"June 07, 2025",Franchise_TX_01,Baseboard Replacement - MISC,28.0,1557.08,1093.02,0,,55.61,
CLM-23487,"June 05, 2025",Franchise_TX_01,Dehumidifier Rental,13.0,502.58,379.96,0,,38.66,
CLM-35296,"September 15, 2025",Franchise_TX_01,Dehumidifier Rental,50.0,3835.0,3835.0,1,,76.7,
CLM-71446,2025-06-08,Franchise_FL_04,Drywall Repair,28.0,1038.24,931.29,0,37.08,,
CLM-96776,"December 20, 2025",Franchise_TX_01,Dehumidifier Rental,26.0,1940.64,925.66,0,,74.64,
CLM-62331,2025-09-02,Franchise_FL_04,Drywall Repair,43.0,5695.35,4511.58,0,132.45,,
CLM-43124,2025-06-24,Franchise_FL_04,Antimicrobial Treatment,4.0,259.24,259.24,1,64.81,,
CLM-73037,"May 11, 2025",Franchise_TX_01,Drywall Repair,15.0,253.05,221.98,0,,16.87,
CLM-85063,02/11/2025,Franchise_NY_12,Dehumidifier Rental,,2545.44,2545.44,1,,$106.06,24.0
CLM-64504,2025-09-06,Franchise_FL_04,Antimicrobial Treatment,40.0,4303.2,4303.2,1,107.58,,
CLM-67817,"January 12, 2025",Franchise_TX_01,Antimicrobial Treatment,8.0,790.56,790.56,1,,98.82,
CLM-27757,"March 30, 2025",Franchise_TX_01,Drywall Repair,31.0,2036.08,2036.08,1,,65.68,
CLM-35230,07/06/2025,Franchise_NY_12,Water Extraction,,487.52,256.89,0,,$44.32,11.0
CLM-42670,"October 21, 2025",Franchise_TX_01,Drywall Repair - MISC,28.0,2057.16,2057.16,1,,73.47,
CLM-46758,"June 02, 2025",Franchise_TX_01,Dehumidifier Rental,46.0,4442.22,2875.04,0,,96.57,
CLM-51436,"March 25, 2025",Franchise_TX_01,Antimicrobial Treatment,37.0,755.91,755.91,1,,20.43,
CLM-70472,08/11/2025,Franchise_NY_12,Water Extraction,,353.04,353.04,1,,$29.42,12.0
CLM-31228,2025-07-25,Franchise_FL_04,Water Extraction,29.0,3473.33,3473.33,1,119.77,,
CLM-45875,2025-01-19,Franchise_FL_04,Baseboard Replacement,7.0,,1047.9,1,149.7,,
CLM-58798,"October 20, 2025",Franchise_TX_01,Dehumidifier Rental - MISC,23.0,1484.42,705.37,0,,64.54,
CLM-81657,2025-10-11,Franchise_FL_04,Water Extraction,39.0,3444.87,3444.87,1,88.33,,
CLM-43157,2025-11-15,Franchise_FL_04,Baseboard Replacement,32.0,1844.48,1844.48,1,57.64,,
CLM-72063,09/12/2025,Franchise_NY_12,Antimicrobial Treatment,,637.49,385.72,0,,$91.07,7.0
CLM-11310,09/03/2025,Franchise_NY_12,Dehumidifier Rental,,930.6,930.6,1,,$62.04,15.0
CLM-28326,10/26/2025,Franchise_NY_12,Antimicrobial Treatment,,177.64,177.64,1,,$88.82,2.0
CLM-97944,"May 12, 2025",Franchise_TX_01,Dehumidifier Rental,19.0,500.65,500.65,1,,26.35,
CLM-37887,04/28/2025,Franchise_NY_12,Antimicrobial Treatment,,508.59,508.59,1,,$56.51,9.0
CLM-91781,"May 23, 2025",Franchise_TX_01,Antimicrobial Treatment - MISC,41.0,1045.5,1045.5,1,,25.5,
CLM-38294,"February 20, 2025",Franchise_TX_01,Drywall Repair,41.0,2885.99,2885.99,1,,70.39,
CLM-44897,"September 17, 2025",Franchise_TX_01,Drywall Repair - MISC,37.0,5208.12,3708.8,0,,140.76,
CLM-26288,2025-03-15,Franchise_FL_04,Water Extraction,46.0,2923.3,2923.3,1,63.55,,
CLM-74927,"May 22, 2025",Franchise_TX_01,Water Extraction - MISC,42.0,2532.18,2532.18,1,,60.29,
CLM-27659,"December 04, 2025",Franchise_TX_01,Antimicrobial Treatment,16.0,1499.68,1499.68,1,,93.73,
CLM-68505,06/06/2025,Franchise_NY_12,Antimicrobial Treatment,,1387.26,691.67,0,,$33.03,42.0
CLM-19279,"May 05, 2025",Franchise_TX_01,Antimicrobial Treatment - MISC,19.0,1151.59,482.54,0,,60.61,
CLM-51228,"June 03, 2025",Franchise_TX_01,Baseboard Replacement,18.0,2329.92,1579.69,0,,129.44,
CLM-74359,"September 28, 2025",Franchise_TX_01,Dehumidifier Rental,34.0,2565.3,2565.3,1,,75.45,
CLM-36572,2025-09-08,Franchise_FL_04,Baseboard Replacement,5.0,325.65,325.65,1,65.13,,
CLM-49478,08/14/2025,Franchise_NY_12,Antimicrobial Treatment,,1637.6,1637.6,1,,$40.94,40.0
CLM-56924,11/14/2025,Franchise_NY_12,Baseboard Replacement,,1326.6,1326.6,1,,$73.7,18.0
CLM-97640,2025-01-19,Franchise_FL_04,Water Extraction,49.0,4052.79,3555.95,0,82.71,,
CLM-81204,"September 26, 2025",Franchise_TX_01,Baseboard Replacement,46.0,5172.24,3599.45,0,,112.44,
CLM-63965,"March 27, 2025",Franchise_TX_01,Water Extraction - MISC,21.0,1215.27,1215.27,1,,57.87,
CLM-81667,12/22/2025,Franchise_NY_12,Baseboard Replacement,,1466.8,1015.06,0,,$38.6,38.0
CLM-45036,2025-08-29,Franchise_FL_04,Drywall Repair,3.0,404.85,404.85,1,134.95,,
CLM-88533,10/16/2025,Franchise_NY_12,Baseboard Replacement,,5066.6,5066.6,1,,$144.76,35.0
CLM-52716,07/01/2025,Franchise_NY_12,Dehumidifier Rental,,2067.96,1604.82,0,,$54.42,38.0
CLM-65021,2025-10-02,Franchise_FL_04,Drywall Repair,42.0,3087.0,3087.0,1,73.5,,
CLM-24530,2025-06-17,Franchise_FL_04,Antimicrobial Treatment,45.0,3070.35,1242.17,0,68.23,,
CLM-14437,2025-12-20,Franchise_FL_04,Water Extraction,1.0,27.1,27.1,1,27.1,,
CLM-11518,05/06/2025,Franchise_NY_12,Antimicrobial Treatment,,5503.7,4551.46,0,,$117.1,47.0
CLM-33927,04/24/2025,Franchise_NY_12,Dehumidifier Rental,,680.48,680.48,1,,$85.06,8.0
CLM-33569,2025-10-08,Franchise_FL_04,Dehumidifier Rental,20.0,,575.4,1,28.77,,
CLM-90039,"May 04, 2025",Franchise_TX_01,Baseboard Replacement,42.0,5092.08,5092.08,1,,121.24,
CLM-60140,"January 04, 2025",Franchise_TX_01,Baseboard Replacement,18.0,2123.46,2123.46,1,,117.97,
CLM-89862,2025-09-02,Franchise_FL_04,Water Extraction,29.0,635.97,295.95,0,21.93,,
CLM-45000,2025-09-04,Franchise_FL_04,Antimicrobial Treatment,35.0,4035.15,4035.15,1,115.29,,
CLM-94829,02/25/2025,Franchise_NY_12,Antimicrobial Treatment,,1159.52,1159.52,1,,$144.94,8.0
CLM-41103,"October 15, 2025",Franchise_TX_01,Baseboard Replacement,11.0,1463.22,1217.2,0,,133.02,
CLM-65459,"October 06, 2025",Franchise_TX_01,Dehumidifier Rental,50.0,1318.5,1091.6,0,,26.37,
CLM-30247,06/28/2025,Franchise_NY_12,Baseboard Replacement,,5391.45,2618.67,0,,$119.81,45.0
CLM-96006,"August 30, 2025",Franchise_TX_01,Water Extraction,46.0,4136.32,3021.4,0,,89.92,
CLM-73324,12/27/2025,Franchise_NY_12,Dehumidifier Rental,,1040.4,612.71,0,,$43.35,24.0
CLM-41880,2025-05-06,Franchise_FL_04,Drywall Repair,47.0,3788.67,3788.67,1,80.61,,
CLM-76251,"January 28, 2025",Franchise_TX_01,Dehumidifier Rental - MISC,22.0,1538.24,1538.24,1,,69.92,
CLM-80571,01/20/2025,Franchise_NY_12,Dehumidifier Rental,,3009.6,2349.96,0,,$62.7,48.0
CLM-59457,03/04/2025,Franchise_NY_12,Drywall Repair,,3033.8,3033.8,1,,$108.35,28.0
CLM-99503,01/19/2025,Franchise_NY_12,Dehumidifier Rental,,1176.63,1176.63,1,,$30.17,39.0
CLM-69078,"August 03, 2025",Franchise_TX_01,Drywall Repair,8.0,1168.32,647.06,0,,146.04,
CLM-66807,"August 14, 2025",Franchise_TX_01,Dehumidifier Rental - MISC,1.0,85.5,85.5,1,,85.5,
CLM-89361,"October 18, 2025",Franchise_TX_01,Dehumidifier Rental,41.0,3156.18,3156.18,1,,76.98,
CLM-53417,11/23/2025,Franchise_NY_12,Drywall Repair,,460.8,460.8,1,,$76.8,6.0
CLM-94582,2025-04-12,Franchise_FL_04,Baseboard Replacement,11.0,1080.97,1080.97,1,98.27,,
CLM-83931,2025-12-05,Franchise_FL_04,Water Extraction,42.0,708.96,372.81,0,16.88,,
CLM-34169,2025-09-09,Franchise_FL_04,Drywall Repair,34.0,2372.52,2372.52,1,69.78,,
CLM-23386,2025-10-09,Franchise_FL_04,Drywall Repair,35.0,1773.45,1773.45,1,50.67,,
CLM-39035,"May 13, 2025",Franchise_TX_01,Water Extraction,5.0,406.2,272.94,0,,81.24,
CLM-74493,2025-11-19,Franchise_FL_04,Antimicrobial Treatment,1.0,57.5,57.5,1,57.5,,
CLM-12077,2025-07-12,Franchise_FL_04,Dehumidifier Rental,25.0,1778.0,932.38,0,71.12,,
CLM-44904,05/03/2025,Franchise_NY_12,Antimicrobial Treatment,,1301.63,1301.63,1,,$118.33,11.0
CLM-86169,"February 04, 2025",Franchise_TX_01,Water Extraction - MISC,15.0,1918.95,929.78,0,,127.93,
CLM-31717,2025-10-13,Franchise_FL_04,Antimicrobial Treatment,28.0,4185.72,4185.72,1,149.49,,
CLM-86815,2025-07-30,Franchise_FL_04,Baseboard Replacement,40.0,2989.2,2989.2,1,74.73,,
CLM-55773,06/27/2025,Franchise_NY_12,Dehumidifier Rental,,896.7,896.7,1,,$149.45,6.0
CLM-52277,2025-06-18,Franchise_FL_04,Baseboard Replacement,50.0,5605.0,5605.0,1,112.1,,
CLM-22548,04/15/2025,Franchise_NY_12,Antimicrobial Treatment,,4829.2,4243.1,0,,$120.73,40.0
CLM-96931,08/23/2025,Franchise_NY_12,Water Extraction,,1477.98,1096.36,0,,$70.38,21.0
CLM-38666,04/21/2025,Franchise_NY_12,Water Extraction,,3009.3,3009.3,1,,$85.98,35.0
CLM-90084,2025-10-04,Franchise_FL_04,Water Extraction,8.0,421.2,421.2,1,52.65,,
CLM-86953,2025-07-18,Franchise_FL_04,Antimicrobial Treatment,27.0,2923.29,2923.29,1,108.27,,
CLM-14886,05/08/2025,Franchise_NY_12,Drywall Repair,,58.63,58.63,1,,$58.63,1.0
CLM-99556,04/23/2025,Franchise_NY_12,Antimicrobial Treatment,,3346.92,3346.92,1,,$92.97,36.0
CLM-15119,04/22/2025,Franchise_NY_12,Drywall Repair,,1957.08,1531.65,0,,$41.64,47.0
CLM-11186,2025-04-01,Franchise_FL_04,Water Extraction,15.0,2097.3,2097.3,1,139.82,,
CLM-56250,01/23/2025,Franchise_NY_12,Water Extraction,,1957.41,1957.41,1,,$93.21,21.0
CLM-83748,"May 24, 2025",Franchise_TX_01,Antimicrobial Treatment,7.0,379.89,161.9,0,,54.27,
CLM-48722,"October 01, 2025",Franchise_TX_01,Dehumidifier Rental,43.0,3555.24,3555.24,1,,82.68,
CLM-18719,"February 21, 2025",Franchise_TX_01,Baseboard Replacement,43.0,2576.56,2576.56,1,,59.92,
CLM-56068,"July 02, 2025",Franchise_TX_01,Baseboard Replacement,37.0,4914.71,4914.71,1,,132.83,
CLM-35322,2025-08-20,Franchise_FL_04,Baseboard Replacement,48.0,4563.84,3971.02,0,95.08,,
CLM-94584,12/30/2025,Franchise_NY_12,Dehumidifier Rental,,2022.29,2022.29,1,,$47.03,43.0
CLM-84660,02/08/2025,Franchise_NY_12,Water Extraction,,5941.31,5941.31,1,,$144.91,41.0
CLM-55343,05/12/2025,Franchise_NY_12,Dehumidifier Rental,,37.29,31.49,0,,$37.29,1.0
CLM-91669,01/25/2025,Franchise_NY_12,Drywall Repair,,291.36,291.36,1,,$18.21,16.0
CLM-24258,"December 05, 2025",Franchise_TX_01,Baseboard Replacement - MISC,39.0,3705.78,2087.48,0,,95.02,
CLM-30772,10/25/2025,Franchise_NY_12,Water Extraction,,1291.18,660.27,0,,$58.69,22.0
CLM-81903,08/11/2025,Franchise_NY_12,Baseboard Replacement,,509.13,509.13,1,,$56.57,9.0
CLM-35617,2025-10-11,Franchise_FL_04,Water Extraction,35.0,,879.2,1,25.12,,
CLM-57696,06/06/2025,Franchise_NY_12,Dehumidifier Rental,,1379.5,1056.36,0,,$137.95,10.0
CLM-37109,"July 21, 2025",Franchise_TX_01,Dehumidifier Rental,41.0,3600.62,3600.62,1,,87.82,
CLM-58651,"May 21, 2025",Franchise_TX_01,Baseboard Replacement,5.0,747.6,495.21,0,,149.52,
CLM-66216,"March 06, 2025",Franchise_TX_01,Drywall Repair,6.0,381.36,199.2,0,,63.56,
CLM-44886,"November 09, 2025",Franchise_TX_01,Antimicrobial Treatment,11.0,1358.5,933.59,0,,123.5,
CLM-55442,06/18/2025,Franchise_NY_12,Baseboard Replacement,,1766.55,1766.55,1,,$117.77,15.0
CLM-55251,2025-07-19,Franchise_FL_04,Baseboard Replacement,33.0,598.62,598.62,1,18.14,,
CLM-44655,09/30/2025,Franchise_NY_12,Dehumidifier Rental,,1375.4,919.64,0,,$137.54,10.0
CLM-84849,"October 20, 2025",Franchise_TX_01,Dehumidifier Rental - MISC,43.0,1803.85,1803.85,1,,41.95,
CLM-80178,2025-02-26,Franchise_FL_04,Antimicrobial Treatment,43.0,5229.66,3899.22,0,121.62,,
CLM-48801,"March 23, 2025",Franchise_TX_01,Baseboard Replacement,16.0,1421.12,1213.15,0,,88.82,
CLM-49641,01/05/2025,Franchise_NY_12,Antimicrobial Treatment,,1788.96,1297.43,0,,$149.08,12.0
CLM-83032,"May 22, 2025",Franchise_TX_01,Dehumidifier Rental,2.0,287.78,287.78,1,,143.89,
CLM-11019,02/14/2025,Franchise_NY_12,Drywall Repair,,2976.6,2976.6,1,,$99.22,30.0
CLM-74744,"November 12, 2025",Franchise_TX_01,Antimicrobial Treatment,16.0,1793.12,1793.12,1,,112.07,
CLM-32276,07/27/2025,Franchise_NY_12,Baseboard Replacement,,2777.42,1232.31,0,,$146.18,19.0
CLM-22782,05/21/2025,Franchise_NY_12,Dehumidifier Rental,,578.65,578.65,1,,$115.73,5.0
CLM-61841,"November 12, 2025",Franchise_TX_01,Water Extraction,35.0,4408.6,4408.6,1,,125.96,
CLM-46215,"December 12, 2025",Franchise_TX_01,Baseboard Replacement - MISC,22.0,2161.5,1760.51,0,,98.25,
CLM-74778,"December 07, 2025",Franchise_TX_01,Antimicrobial Treatment - MISC,37.0,1026.38,1026.38,1,,27.74,
CLM-44820,05/27/2025,Franchise_NY_12,Drywall Repair,,1611.9,1611.9,1,,$107.46,15.0
CLM-73474,"May 14, 2025",Franchise_TX_01,Antimicrobial Treatment,30.0,4082.1,2886.17,0,,136.07,
CLM-59790,"December 21, 2025",Franchise_TX_01,Drywall Repair,9.0,442.98,442.98,1,,49.22,
CLM-86007,2025-10-05,Franchise_FL_04,Drywall Repair,45.0,892.35,593.48,0,19.83,,
CLM-92428,"January 08, 2025",Franchise_TX_01,Drywall Repair,37.0,2954.08,1206.69,0,,79.84,
CLM-62165,04/26/2025,Franchise_NY_12,Antimicrobial Treatment,,1383.15,1383.15,1,,$92.21,15.0
CLM-98436,2025-11-17,Franchise_FL_04,Water Extraction,3.0,351.63,165.73,0,117.21,,
CLM-11313,2025-08-19,Franchise_FL_04,Antimicrobial Treatment,22.0,1906.96,1906.96,1,86.68,,
CLM-43963,03/30/2025,Franchise_NY_12,Antimicrobial Treatment,,3563.82,3563.82,1,,$137.07,26.0
CLM-50514,2025-05-09,Franchise_FL_04,Dehumidifier Rental,42.0,5420.94,3946.41,0,129.07,,
CLM-41732,2025-11-16,Franchise_FL_04,Dehumidifier Rental,29.0,3919.64,3919.64,1,135.16,,
CLM-96763,05/26/2025,Franchise_NY_12,Baseboard Replacement,,813.36,813.36,1,,$67.78,12.0
CLM-68494,"October 14, 2025",Franchise_TX_01,Water Extraction,37.0,1444.48,1444.48,1,,39.04,
CLM-16832,2025-11-21,Franchise_FL_04,Antimicrobial Treatment,27.0,3295.35,2490.79,0,122.05,,
CLM-59536,2025-09-09,Franchise_FL_04,Baseboard Replacement,40.0,3464.4,3464.4,1,86.61,,
CLM-83585,"April 14, 2025",Franchise_TX_01,Antimicrobial Treatment,23.0,1403.23,1403.23,1,,61.01,
CLM-84073,04/30/2025,Franchise_NY_12,Water Extraction,,4006.8,2930.8,0,,$148.4,27.0
CLM-66102,2025-03-18,Franchise_FL_04,Water Extraction,7.0,263.83,220.06,0,37.69,,
CLM-12695,2025-08-09,Franchise_FL_04,Antimicrobial Treatment,40.0,843.6,843.6,1,21.09,,
CLM-21842,06/30/2025,Franchise_NY_12,Water Extraction,,2553.84,2553.84,1,,$106.41,24.0
CLM-86317,"May 28, 2025",Franchise_TX_01,Water Extraction - MISC,27.0,725.22,725.22,1,,26.86,
CLM-45680,"October 11, 2025",Franchise_TX_01,Baseboard Replacement,18.0,288.36,182.34,0,,16.02,
CLM-31131,09/01/2025,Franchise_NY_12,Dehumidifier Rental,,2672.95,2672.95,1,,$54.55,49.0
CLM-93449,01/26/2025,Franchise_NY_12,Baseboard Replacement,,3987.45,3987.45,1,,$88.61,45.0
CLM-91267,11/02/2025,Franchise_NY_12,Antimicrobial Treatment,,1939.5,929.3,0,,$77.58,25.0
CLM-87958,2025-07-06,Franchise_FL_04,Dehumidifier Rental,21.0,769.02,769.02,1,36.62,,
CLM-53814,2025-02-05,Franchise_FL_04,Dehumidifier Rental,25.0,1308.75,620.0,0,52.35,,
CLM-38836,2025-02-05,Franchise_FL_04,Baseboard Replacement,19.0,1701.64,1701.64,1,89.56,,
CLM-98792,"September 06, 2025",Franchise_TX_01,Drywall Repair,18.0,973.08,973.08,1,,54.06,
CLM-78711,02/06/2025,Franchise_NY_12,Baseboard Replacement,,2507.96,2507.96,1,,$96.46,26.0
CLM-28743,"April 02, 2025",Franchise_TX_01,Drywall Repair,39.0,3051.75,3051.75,1,,78.25,
CLM-58723,2025-05-26,Franchise_FL_04,Antimicrobial Treatment,20.0,1435.4,1288.47,0,71.77,,
CLM-35410,2025-11-21,Franchise_FL_04,Antimicrobial Treatment,20.0,,2645.8,1,132.29,,
CLM-11064,2025-02-19,Franchise_FL_04,Baseboard Replacement,13.0,1074.71,525.14,0,82.67,,
CLM-98924,2025-04-19,Franchise_FL_04,Water Extraction,8.0,654.32,654.32,1,81.79,,
CLM-43796,07/31/2025,Franchise_NY_12,Water Extraction,,1223.5,1223.5,1,,$48.94,25.0
CLM-43465,2025-06-10,Franchise_FL_04,Antimicrobial Treatment,47.0,,2625.93,0,119.83,,
CLM-23837,01/01/2026,Franchise_NY_12,Water Extraction,,4534.2,4534.2,1,,$100.76,45.0
CLM-81637,"December 26, 2025",Franchise_TX_01,Dehumidifier Rental,29.0,1136.8,1136.8,1,,39.2,
CLM-39137,2025-09-09,Franchise_FL_04,Baseboard Replacement,7.0,1048.95,1048.95,1,149.85,,
CLM-21159,10/02/2025,Franchise_NY_12,Drywall Repair,,3410.67,1856.24,0,,$148.29,23.0
CLM-69171,06/20/2025,Franchise_NY_12,Dehumidifier Rental,,1026.3,530.77,0,,$93.3,11.0
CLM-24694,2025-11-07,Franchise_FL_04,Dehumidifier Rental,42.0,5303.34,4709.09,0,126.27,,
CLM-54392,"November 19, 2025",Franchise_TX_01,Dehumidifier Rental,14.0,1583.96,718.96,0,,113.14,
CLM-49390,12/15/2025,Franchise_NY_12,Antimicrobial Treatment,,510.66,510.66,1,,$85.11,6.0
CLM-37322,01/27/2025,Franchise_NY_12,Antimicrobial Treatment,,1876.96,1876.96,1,,$117.31,16.0
CLM-84986,2025-10-29,Franchise_FL_04,Drywall Repair,20.0,2415.2,1690.19,0,120.76,,
CLM-30316,12/04/2025,Franchise_NY_12,Dehumidifier Rental,,1367.5,1157.33,0,,$136.75,10.0
CLM-69802,2025-12-10,Franchise_FL_04,Baseboard Replacement,6.0,411.78,219.4,0,68.63,,
CLM-54758,09/24/2025,Franchise_NY_12,Drywall Repair,,6811.71,6811.71,1,,$144.93,47.0
CLM-46225,05/17/2025,Franchise_NY_12,Dehumidifier Rental,,3552.85,3552.85,1,,$101.51,35.0
CLM-74298,2025-08-10,Franchise_FL_04,Water Extraction,24.0,2650.32,2003.96,0,110.43,,
CLM-39287,05/17/2025,Franchise_NY_12,Drywall Repair,,534.4,534.4,1,,$53.44,10.0
CLM-61835,12/12/2025,Franchise_NY_12,Dehumidifier Rental,,1039.92,1039.92,1,,$24.76,42.0
CLM-50404,05/07/2025,Franchise_NY_12,Baseboard Replacement,,4974.84,4974.84,1,,$127.56,39.0
CLM-75267,2025-01-14,Franchise_FL_04,Dehumidifier Rental,28.0,2886.52,2387.25,0,103.09,,
CLM-23469,2025-08-13,Franchise_FL_04,Antimicrobial Treatment,31.0,4499.65,4499.65,1,145.15,,
CLM-33064,11/08/2025,Franchise_NY_12,Baseboard Replacement,,4899.91,2860.55,0,,$119.51,41.0
CLM-82911,"August 07, 2025",Franchise_TX_01,Dehumidifier Rental,45.0,2548.35,2548.35,1,,56.63,
CLM-91201,"December 27, 2025",Franchise_TX_01,Antimicrobial Treatment - MISC,31.0,1268.83,762.86,0,,40.93,
CLM-19957,09/23/2025,Franchise_NY_12,Antimicrobial Treatment,,1975.16,1595.37,0,,$89.78,22.0
CLM-94622,"December 08, 2025",Franchise_TX_01,Baseboard Replacement,34.0,3430.26,3430.26,1,,100.89,
CLM-75861,11/18/2025,Franchise_NY_12,Baseboard Replacement,,1173.51,1173.51,1,,$130.39,9.0
CLM-97367,"March 15, 2025",Franchise_TX_01,Baseboard Replacement,35.0,2613.8,1763.44,0,,74.68,
CLM-97570,2025-07-27,Franchise_FL_04,Antimicrobial Treatment,4.0,348.04,264.4,0,87.01,,
CLM-17392,2025-10-28,Franchise_FL_04,Water Extraction,8.0,,400.72,1,50.09,,
CLM-91624,06/22/2025,Franchise_NY_12,Baseboard Replacement,,4162.08,4162.08,1,,$90.48,46.0
CLM-80385,08/23/2025,Franchise_NY_12,Antimicrobial Treatment,,1296.45,1296.45,1,,$86.43,15.0
CLM-72066,2025-12-22,Franchise_FL_04,Baseboard Replacement,15.0,361.05,361.05,1,24.07,,
CLM-95464,03/03/2025,Franchise_NY_12,Baseboard Replacement,,2294.25,2294.25,1,,$65.55,35.0
CLM-31022,2025-11-15,Franchise_FL_04,Baseboard Replacement,25.0,3744.0,2033.93,0,149.76,,
CLM-44969,06/21/2025,Franchise_NY_12,Antimicrobial Treatment,,3703.59,3703.59,1,,$137.17,27.0
CLM-52896,01/31/2025,Franchise_NY_12,Water Extraction,,2970.0,1583.58,0,,$59.4,50.0
CLM-75964,"February 17, 2025",Franchise_TX_01,Dehumidifier Rental - MISC,48.0,2407.68,1515.69,0,,50.16,
CLM-55731,11/26/2025,Franchise_NY_12,Dehumidifier Rental,,2488.7,1435.66,0,,$60.7,41.0
CLM-71859,05/01/2025,Franchise_NY_12,Baseboard Replacement,,181.77,86.78,0,,$60.59,3.0
CLM-18193,"November 10, 2025",Franchise_TX_01,Baseboard Replacement,48.0,2385.6,2385.6,1,,49.7,
CLM-87956,"September 28, 2025",Franchise_TX_01,Dehumidifier Rental - MISC,17.0,2516.0,1075.74,0,,148.0,
CLM-42445,"July 20, 2025",Franchise_TX_01,Baseboard Replacement,18.0,1282.14,655.7,0,,71.23,
CLM-58069,08/19/2025,Franchise_NY_12,Water Extraction,,5193.5,5193.5,1,,$103.87,50.0
CLM-67812,12/01/2025,Franchise_NY_12,Water Extraction,,2955.97,2955.97,1,,$101.93,29.0
CLM-98610,2025-07-03,Franchise_FL_04,Antimicrobial Treatment,34.0,3973.58,3553.74,0,116.87,,
CLM-66068,01/18/2025,Franchise_NY_12,Baseboard Replacement,,4045.14,2678.17,0,,$149.82,27.0
CLM-41525,"April 01, 2025",Franchise_TX_01,Baseboard Replacement,10.0,1113.5,551.8,0,,111.35,
CLM-61646,"December 12, 2025",Franchise_TX_01,Dehumidifier Rental - MISC,16.0,1786.4,1786.4,1,,111.65,
CLM-37989,"September 01, 2025",Franchise_TX_01,Baseboard Replacement - MISC,10.0,367.7,367.7,1,,36.77,
CLM-11775,"April 28, 2025",Franchise_TX_01,Dehumidifier Rental,28.0,1558.76,1558.76,1,,55.67,
CLM-92787,12/21/2025,Franchise_NY_12,Baseboard Replacement,,143.22,143.22,1,,$47.74,3.0
CLM-72526,11/05/2025,Franchise_NY_12,Water Extraction,,3040.8,2520.32,0,,$76.02,40.0
CLM-23672,07/21/2025,Franchise_NY_12,Baseboard Replacement,,1072.85,738.39,0,,$24.95,43.0
CLM-48846,"February 04, 2025",Franchise_TX_01,Dehumidifier Rental,21.0,2258.97,2258.97,1,,107.57,
CLM-43330,2025-01-11,Franchise_FL_04,Baseboard Replacement,16.0,1008.16,794.92,0,63.01,,
CLM-21359,05/20/2025,Franchise_NY_12,Baseboard Replacement,,1896.32,1206.49,0,,$59.26,32.0
CLM-67444,08/30/2025,Franchise_NY_12,Baseboard Replacement,,2433.19,2433.19,1,,$51.77,47.0
CLM-28684,"July 17, 2025",Franchise_TX_01,Antimicrobial Treatment,49.0,3108.56,3108.56,1,,63.44,
CLM-11959,2025-10-05,Franchise_FL_04,Dehumidifier Rental,38.0,5337.86,4051.72,0,140.47,,
CLM-67210,"June 12, 2025",Franchise_TX_01,Baseboard Replacement,39.0,5639.79,4989.98,0,,144.61,
CLM-25303,"March 15, 2025",Franchise_TX_01,Antimicrobial Treatment,21.0,415.8,415.8,1,,19.8,
CLM-61883,"December 26, 2025",Franchise_TX_01,Drywall Repair - MISC,17.0,1322.09,1113.14,0,,77.77,
CLM-65754,01/26/2025,Franchise_NY_12,Baseboard Replacement,,745.15,745.15,1,,$149.03,5.0
CLM-45754,12/24/2025,Franchise_NY_12,Water Extraction,,518.82,246.05,0,,$86.47,6.0
CLM-87366,"October 19, 2025",Franchise_TX_01,Dehumidifier Rental,50.0,1388.0,1388.0,1,,27.76,
CLM-10150,"August 11, 2025",Franchise_TX_01,Water Extraction,37.0,4188.03,4188.03,1,,113.19,
CLM-19636,07/02/2025,Franchise_NY_12,Dehumidifier Rental,,2161.74,999.7,0,,$51.47,42.0
CLM-29145,08/31/2025,Franchise_NY_12,Antimicrobial Treatment,,3089.58,3089.58,1,,$90.87,34.0
CLM-50454,2025-05-13,Franchise_FL_04,Antimicrobial Treatment,29.0,2090.32,2090.32,1,72.08,,
CLM-62921,2025-11-28,Franchise_FL_04,Baseboard Replacement,23.0,3116.5,3116.5,1,135.5,,
CLM-63317,"November 10, 2025",Franchise_TX_01,Antimicrobial Treatment,2.0,95.56,95.56,1,,47.78,
CLM-17172,05/06/2025,Franchise_NY_12,Water Extraction,,228.13,228.13,1,,$32.59,7.0
CLM-46350,2025-06-22,Franchise_FL_04,Baseboard Replacement,27.0,3407.67,3407.67,1,126.21,,
CLM-39130,"December 10, 2025",Franchise_TX_01,Baseboard Replacement,1.0,66.42,66.42,1,,66.42,
CLM-49958,2025-12-30,Franchise_FL_04,Dehumidifier Rental,25.0,3471.0,1458.63,0,138.84,,
CLM-12632,"October 02, 2025",Franchise_TX_01,Antimicrobial Treatment,17.0,1522.01,944.05,0,,89.53,
CLM-89469,05/03/2025,Franchise_NY_12,Dehumidifier Rental,,1749.72,1749.72,1,,$145.81,12.0
CLM-68410,2025-12-30,Franchise_FL_04,Dehumidifier Rental,26.0,,2570.4,0,143.38,,
CLM-69855,"February 23, 2025",Franchise_TX_01,Dehumidifier Rental,27.0,2371.68,2371.68,1,,87.84,
CLM-24392,"January 15, 2025",Franchise_TX_01,Baseboard Replacement - MISC,22.0,1017.94,1017.94,1,,46.27,
CLM-89008,"January 18, 2025",Franchise_TX_01,Dehumidifier Rental,13.0,1607.58,1095.04,0,,123.66,
CLM-32245,2025-07-17,Franchise_FL_04,Dehumidifier Rental,2.0,241.86,241.86,1,120.93,,
CLM-96141,10/31/2025,Franchise_NY_12,Dehumidifier Rental,,707.7,707.7,1,,$16.85,42.0
CLM-85618,"November 26, 2025",Franchise_TX_01,Dehumidifier Rental,6.0,342.78,342.78,1,,57.13,
CLM-16297,2025-05-04,Franchise_FL_04,Antimicrobial Treatment,49.0,6933.5,5207.51,0,141.5,,
CLM-19166,2025-11-24,Franchise_FL_04,Drywall Repair,40.0,4563.6,4563.6,1,114.09,,
CLM-64625,2025-08-06,Franchise_FL_04,Drywall Repair,24.0,1120.56,1120.56,1,46.69,,
CLM-49509,"January 14, 2025",Franchise_TX_01,Water Extraction,16.0,1790.88,955.35,0,,111.93,
CLM-81130,2025-12-10,Franchise_FL_04,Dehumidifier Rental,35.0,1175.65,994.1,0,33.59,,
CLM-91058,"May 09, 2025",Franchise_TX_01,Baseboard Replacement,10.0,225.0,225.0,1,,22.5,
CLM-28223,"October 30, 2025",Franchise_TX_01,Drywall Repair,5.0,266.1,158.93,0,,53.22,
CLM-91958,2025-11-04,Franchise_FL_04,Dehumidifier Rental,7.0,,605.85,1,86.55,,
CLM-70899,07/27/2025,Franchise_NY_12,Antimicrobial Treatment,,871.36,871.36,1,,$31.12,28.0
CLM-34124,2025-07-03,Franchise_FL_04,Antimicrobial Treatment,14.0,1608.18,729.1,0,114.87,,
CLM-22183,2025-05-21,Franchise_FL_04,Drywall Repair,2.0,239.98,239.98,1,119.99,,
CLM-83960,08/08/2025,Franchise_NY_12,Baseboard Replacement,,2624.49,2292.33,0,,$79.53,33.0
CLM-25300,2025-05-23,Franchise_FL_04,Dehumidifier Rental,38.0,,2960.96,1,77.92,,
CLM-65385,06/15/2025,Franchise_NY_12,Baseboard Replacement,,1778.02,1778.02,1,,$46.79,38.0
CLM-33518,2025-02-27,Franchise_FL_04,Dehumidifier Rental,4.0,,140.67,0,39.17,,
CLM-71992,2025-11-28,Franchise_FL_04,Drywall Repair,17.0,1439.05,1439.05,1,84.65,,
CLM-42237,"February 15, 2025",Franchise_TX_01,Drywall Repair,21.0,3025.89,2239.92,0,,144.09,
CLM-33136,"December 13, 2025",Franchise_TX_01,Water Extraction,13.0,743.34,743.34,1,,57.18,
CLM-24140,"September 23, 2025",Franchise_TX_01,Baseboard Replacement,42.0,748.86,748.86,1,,17.83,
CLM-18590,"April 06, 2025",Franchise_TX_01,Drywall Repair - MISC,24.0,1935.36,1935.36,1,,80.64,
CLM-42610,"September 29, 2025",Franchise_TX_01,Drywall Repair,6.0,736.44,617.54,0,,122.74,
CLM-87801,2025-08-01,Franchise_FL_04,Dehumidifier Rental,16.0,736.0,335.57,0,46.0,,
CLM-96016,2025-05-23,Franchise_FL_04,Dehumidifier Rental,36.0,3105.0,3105.0,1,86.25,,
CLM-47270,"January 01, 2026",Franchise_TX_01,Drywall Repair,25.0,2357.5,2357.5,1,,94.3,
CLM-87415,02/05/2025,Franchise_NY_12,Water Extraction,,4987.85,4987.85,1,,$142.51,35.0
CLM-47422,02/28/2025,Franchise_NY_12,Water Extraction,,213.98,127.41,0,,$16.46,13.0
CLM-42347,2025-04-14,Franchise_FL_04,Dehumidifier Rental,19.0,1486.56,1064.95,0,78.24,,
CLM-41643,09/29/2025,Franchise_NY_12,Drywall Repair,,240.9,120.76,0,,$21.9,11.0
CLM-57725,11/29/2025,Franchise_NY_12,Drywall Repair,,1568.82,806.21,0,,$142.62,11.0
CLM-34814,"December 06, 2025",Franchise_TX_01,Baseboard Replacement,2.0,156.54,156.54,1,,78.27,
CLM-61272,"July 20, 2025",Franchise_TX_01,Antimicrobial Treatment - MISC,42.0,3955.56,3955.56,1,,94.18,
CLM-82024,03/09/2025,Franchise_NY_12,Baseboard Replacement,,794.22,571.61,0,,$37.82,21.0
CLM-13915,2025-03-04,Franchise_FL_04,Antimicrobial Treatment,45.0,4138.2,4138.2,1,91.96,,
CLM-29632,"June 22, 2025",Franchise_TX_01,Water Extraction,2.0,290.1,256.79,0,,145.05,
CLM-82107,"January 17, 2025",Franchise_TX_01,Dehumidifier Rental,50.0,898.5,898.5,1,,17.97,
CLM-57147,01/23/2025,Franchise_NY_12,Baseboard Replacement,,3947.44,1590.74,0,,$140.98,28.0
CLM-59488,04/01/2025,Franchise_NY_12,Baseboard Replacement,,405.6,405.6,1,,$25.35,16.0
CLM-81882,2025-09-18,Franchise_FL_04,Antimicrobial Treatment,39.0,3872.7,1602.96,0,99.3,,
CLM-77910,05/01/2025,Franchise_NY_12,Dehumidifier Rental,,293.6,293.6,1,,$36.7,8.0
CLM-25097,04/29/2025,Franchise_NY_12,Water Extraction,,4308.0,2765.58,0,,$143.6,30.0
CLM-31370,10/27/2025,Franchise_NY_12,Dehumidifier Rental,,1077.07,627.71,0,,$29.11,37.0
CLM-58654,11/29/2025,Franchise_NY_12,Drywall Repair,,3211.84,3211.84,1,,$100.37,32.0
CLM-91724,06/04/2025,Franchise_NY_12,Drywall Repair,,1603.8,1603.8,1,,$145.8,11.0
CLM-82647,"April 01, 2025",Franchise_TX_01,Antimicrobial Treatment,50.0,1277.0,1277.0,1,,25.54,
CLM-39062,"January 04, 2025",Franchise_TX_01,Antimicrobial Treatment,42.0,3398.22,3398.22,1,,80.91,
CLM-15008,09/10/2025,Franchise_NY_12,Dehumidifier Rental,,3534.72,3534.72,1,,$84.16,42.0
CLM-25877,"November 24, 2025",Franchise_TX_01,Antimicrobial Treatment - MISC,22.0,992.2,992.2,1,,45.1,
CLM-82167,"November 19, 2025",Franchise_TX_01,Baseboard Replacement,21.0,1143.66,1143.66,1,,54.46,
CLM-61003,12/06/2025,Franchise_NY_12,Water Extraction,,642.36,396.63,0,,$107.06,6.0
CLM-26333,04/18/2025,Franchise_NY_12,Antimicrobial Treatment,,4351.8,4351.8,1,,$145.06,30.0
CLM-42914,2025-07-09,Franchise_FL_04,Dehumidifier Rental,38.0,3720.2,2735.09,0,97.9,,
CLM-38406,2025-11-11,Franchise_FL_04,Baseboard Replacement,11.0,1642.08,1094.52,0,149.28,,
CLM-45008,"October 01, 2025",Franchise_TX_01,Baseboard Replacement,15.0,732.75,732.75,1,,48.85,
CLM-31587,06/26/2025,Franchise_NY_12,Baseboard Replacement,,108.03,108.03,1,,$108.03,1.0
CLM-46111,11/09/2025,Franchise_NY_12,Dehumidifier Rental,,1642.35,1239.21,0,,$109.49,15.0
CLM-74765,2025-03-05,Franchise_FL_04,Drywall Repair,25.0,1116.25,1116.25,1,44.65,,
CLM-71354,"February 28, 2025",Franchise_TX_01,Water Extraction,36.0,1755.0,1755.0,1,,48.75,
CLM-66826,02/25/2025,Franchise_NY_12,Water Extraction,,1578.28,1578.28,1,,$71.74,22.0
CLM-61724,07/09/2025,Franchise_NY_12,Baseboard Replacement,,2386.44,2386.44,1,,$113.64,21.0
CLM-19755,"June 19, 2025",Franchise_TX_01,Water Extraction,17.0,1763.92,1395.66,0,,103.76,
CLM-27573,"June 20, 2025",Franchise_TX_01,Water Extraction,27.0,3685.77,3685.77,1,,136.51,
CLM-46315,2025-03-23,Franchise_FL_04,Drywall Repair,33.0,,1145.05,0,82.3,,
CLM-77748,2025-06-02,Franchise_FL_04,Antimicrobial Treatment,2.0,103.66,88.46,0,51.83,,
CLM-45001,"February 03, 2025",Franchise_TX_01,Baseboard Replacement,37.0,3696.67,3696.67,1,,99.91,
CLM-26516,"January 26, 2025",Franchise_TX_01,Water Extraction,32.0,4065.6,4065.6,1,,127.05,
CLM-71393,2025-02-19,Franchise_FL_04,Water Extraction,28.0,1005.48,616.68,0,35.91,,
CLM-82879,2025-05-10,Franchise_FL_04,Drywall Repair,4.0,218.52,218.52,1,54.63,,
CLM-98759,"June 12, 2025",Franchise_TX_01,Antimicrobial Treatment,26.0,1475.24,1475.24,1,,56.74,
CLM-30656,09/04/2025,Franchise_NY_12,Drywall Repair,,1574.82,1574.82,1,,$40.38,39.0
CLM-43866,2025-06-11,Franchise_FL_04,Baseboard Replacement,37.0,4269.43,4269.43,1,115.39,,
CLM-47523,2025-02-05,Franchise_FL_04,Dehumidifier Rental,21.0,668.64,668.64,1,31.84,,
CLM-50540,2025-10-12,Franchise_FL_04,Water Extraction,6.0,,136.64,0,53.84,,
CLM-46081,"February 14, 2025",Franchise_TX_01,Water Extraction - MISC,18.0,2451.78,1738.04,0,,136.21,
CLM-43687,10/15/2025,Franchise_NY_12,Drywall Repair,,2871.22,2871.22,1,,$130.51,22.0
CLM-99464,2025-01-06,Franchise_FL_04,Antimicrobial Treatment,6.0,827.7,827.7,1,137.95,,
CLM-92637,"March 01, 2025",Franchise_TX_01,Drywall Repair,20.0,446.4,446.4,1,,22.32,
CLM-69859,2025-10-22,Franchise_FL_04,Drywall Repair,39.0,5671.38,5671.38,1,145.42,,
CLM-64464,"June 20, 2025",Franchise_TX_01,Dehumidifier Rental,27.0,460.62,192.23,0,,17.06,
CLM-44408,07/23/2025,Franchise_NY_12,Water Extraction,,1157.28,1157.28,1,,$24.11,48.0
CLM-49764,"November 24, 2025",Franchise_TX_01,Drywall Repair - MISC,15.0,1060.5,1060.5,1,,70.7,
CLM-90005,"October 29, 2025",Franchise_TX_01,Baseboard Replacement,42.0,4842.6,4842.6,1,,115.3,
CLM-95791,"July 22, 2025",Franchise_TX_01,Antimicrobial Treatment,3.0,145.56,112.34,0,,48.52,
CLM-74431,2025-04-16,Franchise_FL_04,Drywall Repair,13.0,1164.54,1164.54,1,89.58,,
CLM-80215,12/11/2025,Franchise_NY_12,Drywall Repair,,4722.51,1991.03,0,,$121.09,39.0
CLM-69967,"March 04, 2025",Franchise_TX_01,Dehumidifier Rental - MISC,21.0,810.6,810.6,1,,38.6,
CLM-12079,01/20/2025,Franchise_NY_12,Drywall Repair,,647.64,356.09,0,,$46.26,14.0
CLM-49018,"January 05, 2025",Franchise_TX_01,Baseboard Replacement,23.0,2479.86,2479.86,1,,107.82,
CLM-69592,2025-06-15,Franchise_FL_04,Baseboard Replacement,10.0,160.8,160.8,1,16.08,,
CLM-68486,2025-06-02,Franchise_FL_04,Drywall Repair,8.0,497.12,497.12,1,62.14,,
CLM-99832,"June 05, 2025",Franchise_TX_01,Dehumidifier Rental - MISC,39.0,4784.91,4784.91,1,,122.69,
CLM-19761,2025-12-25,Franchise_FL_04,Drywall Repair,29.0,2640.74,1618.99,0,91.06,,
CLM-70409,12/28/2025,Franchise_NY_12,Dehumidifier Rental,,2026.4,2026.4,1,,$126.65,16.0
CLM-32716,"December 09, 2025",Franchise_TX_01,Baseboard Replacement,3.0,433.47,247.8,0,,144.49,
CLM-95243,2025-04-10,Franchise_FL_04,Water Extraction,15.0,,359.55,1,23.97,,
CLM-62342,"October 16, 2025",Franchise_TX_01,Antimicrobial Treatment,23.0,3206.66,2336.07,0,,139.42,
CLM-97035,2025-05-29,Franchise_FL_04,Drywall Repair,48.0,4870.08,4870.08,1,101.46,,
CLM-93664,2025-06-04,Franchise_FL_04,Antimicrobial Treatment,22.0,1158.96,791.57,0,52.68,,
CLM-58822,12/30/2025,Franchise_NY_12,Baseboard Replacement,,687.75,687.75,1,,$32.75,21.0
CLM-18383,04/06/2025,Franchise_NY_12,Dehumidifier Rental,,1054.62,1054.62,1,,$34.02,31.0
CLM-96913,2025-12-08,Franchise_FL_04,Baseboard Replacement,34.0,,987.36,1,29.04,,
CLM-59502,"January 10, 2025",Franchise_TX_01,Water Extraction,3.0,169.02,169.02,1,,56.34,
CLM-72033,03/26/2025,Franchise_NY_12,Drywall Repair,,3004.69,2590.25,0,,$103.61,29.0
CLM-86411,2025-03-02,Franchise_FL_04,Baseboard Replacement,43.0,1169.17,495.59,0,27.19,,
CLM-99500,"June 05, 2025",Franchise_TX_01,Antimicrobial Treatment - MISC,12.0,210.24,153.99,0,,17.52,
CLM-65819,10/25/2025,Franchise_NY_12,Antimicrobial Treatment,,2355.99,1865.1,0,,$60.41,39.0
CLM-43411,2025-02-21,Franchise_FL_04,Water Extraction,3.0,,36.56,0,22.03,,
CLM-55052,12/21/2025,Franchise_NY_12,Baseboard Replacement,,4038.48,1700.78,0,,$112.18,36.0
CLM-14491,08/01/2025,Franchise_NY_12,Water Extraction,,4332.58,4332.58,1,,$88.42,49.0
CLM-29092,2025-06-20,Franchise_FL_04,Antimicrobial Treatment,17.0,2291.6,2291.6,1,134.8,,
CLM-16467,"March 09, 2025",Franchise_TX_01,Baseboard Replacement,18.0,2080.08,2080.08,1,,115.56,
CLM-71028,"September 10, 2025",Franchise_TX_01,Baseboard Replacement,37.0,845.45,845.45,1,,22.85,
CLM-99603,09/13/2025,Franchise_NY_12,Antimicrobial Treatment,,337.0,177.98,0,,$67.4,5.0
CLM-73603,01/18/2025,Franchise_NY_12,Water Extraction,,3088.8,3088.8,1,,$128.7,24.0
CLM-92958,"July 21, 2025",Franchise_TX_01,Water Extraction,32.0,3379.52,3379.52,1,,105.61,
CLM-99156,01/19/2025,Franchise_NY_12,Water Extraction,,4598.5,4598.5,1,,$135.25,34.0
CLM-90569,2025-05-27,Franchise_FL_04,Water Extraction,17.0,1031.05,540.2,0,60.65,,
CLM-13125,08/10/2025,Franchise_NY_12,Dehumidifier Rental,,4191.18,4191.18,1,,$99.79,42.0
CLM-28777,"April 25, 2025",Franchise_TX_01,Dehumidifier Rental,1.0,115.18,69.24,0,,115.18,
CLM-22038,"November 14, 2025",Franchise_TX_01,Baseboard Replacement,31.0,1184.51,1184.51,1,,38.21,
CLM-77127,2025-11-11,Franchise_FL_04,Water Extraction,28.0,,3839.36,1,137.12,,
CLM-14783,06/07/2025,Franchise_NY_12,Baseboard Replacement,,910.35,611.43,0,,$20.23,45.0
CLM-76369,11/21/2025,Franchise_NY_12,Baseboard Replacement,,2008.83,1630.36,0,,$69.27,29.0
CLM-45422,"November 11, 2025",Franchise_TX_01,Baseboard Replacement,18.0,780.12,780.12,1,,43.34,
CLM-32027,07/09/2025,Franchise_NY_12,Drywall Repair,,6075.0,6075.0,1,,$121.5,50.0
CLM-90036,"October 02, 2025",Franchise_TX_01,Drywall Repair,31.0,2548.82,2548.82,1,,82.22,
CLM-33068,2025-07-04,Franchise_FL_04,Antimicrobial Treatment,26.0,3260.14,3260.14,1,125.39,,
CLM-62172,"January 17, 2025",Franchise_TX_01,Antimicrobial Treatment - MISC,4.0,94.68,94.68,1,,23.67,
CLM-30885,"October 09, 2025",Franchise_TX_01,Baseboard Replacement,7.0,954.45,705.68,0,,136.35,
CLM-90377,2025-09-16,Franchise_FL_04,Dehumidifier Rental,18.0,1053.54,1053.54,1,58.53,,
CLM-18753,2025-12-08,Franchise_FL_04,Drywall Repair,35.0,3346.0,3346.0,1,95.6,,
CLM-62602,07/28/2025,Franchise_NY_12,Drywall Repair,,3139.4,3139.4,1,,$71.35,44.0
CLM-26349,"April 17, 2025",Franchise_TX_01,Dehumidifier Rental - MISC,2.0,231.28,231.28,1,,115.64,
CLM-42878,"January 03, 2025",Franchise_TX_01,Dehumidifier Rental,26.0,3120.26,3120.26,1,,120.01,
CLM-39369,10/02/2025,Franchise_NY_12,Dehumidifier Rental,,769.92,769.92,1,,$96.24,8.0
CLM-73120,05/13/2025,Franchise_NY_12,Antimicrobial Treatment,,3033.94,3033.94,1,,$116.69,26.0
CLM-39971,09/06/2025,Franchise_NY_12,Dehumidifier Rental,,936.32,635.65,0,,$49.28,19.0
CLM-71732,2025-01-13,Franchise_FL_04,Dehumidifier Rental,37.0,2150.07,2150.07,1,58.11,,
CLM-78240,"July 28, 2025",Franchise_TX_01,Drywall Repair,43.0,5678.15,3876.64,0,,132.05,
CLM-50959,"May 06, 2025",Franchise_TX_01,Antimicrobial Treatment,1.0,54.74,37.24,0,,54.74,
CLM-51575,01/19/2025,Franchise_NY_12,Antimicrobial Treatment,,3405.2,3405.2,1,,$85.13,40.0
CLM-38228,2025-04-06,Franchise_FL_04,Water Extraction,31.0,3706.67,1503.03,0,119.57,,
CLM-66967,"January 16, 2025",Franchise_TX_01,Water Extraction,29.0,3606.73,3606.73,1,,124.37,
CLM-56239,"September 22, 2025",Franchise_TX_01,Baseboard Replacement,19.0,709.84,310.3,0,,37.36,
CLM-44803,10/12/2025,Franchise_NY_12,Dehumidifier Rental,,545.84,370.66,0,,$68.23,8.0
CLM-83891,"September 26, 2025",Franchise_TX_01,Antimicrobial Treatment,26.0,644.54,517.23,0,,24.79,
CLM-89847,01/10/2025,Franchise_NY_12,Dehumidifier Rental,,1643.52,1643.52,1,,$136.96,12.0
CLM-22208,2025-05-03,Franchise_FL_04,Dehumidifier Rental,18.0,1475.28,1475.28,1,81.96,,
CLM-53261,02/12/2025,Franchise_NY_12,Water Extraction,,1297.68,1297.68,1,,$108.14,12.0
CLM-13048,2025-06-02,Franchise_FL_04,Drywall Repair,4.0,562.72,382.31,0,140.68,,
CLM-21996,"May 30, 2025",Franchise_TX_01,Dehumidifier Rental,48.0,5875.2,5875.2,1,,122.4,
CLM-38401,07/12/2025,Franchise_NY_12,Drywall Repair,,1560.85,1306.13,0,,$50.35,31.0
CLM-30862,2025-12-21,Franchise_FL_04,Dehumidifier Rental,10.0,959.5,602.5,0,95.95,,
CLM-26442,2025-10-27,Franchise_FL_04,Dehumidifier Rental,38.0,1011.18,1011.18,1,26.61,,
CLM-32742,2025-02-12,Franchise_FL_04,Dehumidifier Rental,30.0,2735.1,2735.1,1,91.17,,
CLM-27973,"April 16, 2025",Franchise_TX_01,Drywall Repair,9.0,1192.95,1192.95,1,,132.55,
CLM-17425,02/09/2025,Franchise_NY_12,Baseboard Replacement,,2481.27,2481.27,1,,$75.19,33.0
CLM-18201,"August 10, 2025",Franchise_TX_01,Drywall Repair,49.0,4922.54,4922.54,1,,100.46,
CLM-25348,2025-08-10,Franchise_FL_04,Drywall Repair,35.0,,1537.22,0,55.7,,
CLM-19389,12/23/2025,Franchise_NY_12,Baseboard Replacement,,3772.12,3296.6,0,,$85.73,44.0
CLM-92632,"January 30, 2025",Franchise_TX_01,Antimicrobial Treatment - MISC,16.0,967.36,967.36,1,,60.46,
CLM-62317,05/11/2025,Franchise_NY_12,Antimicrobial Treatment,,2681.91,2012.57,0,,$99.33,27.0
CLM-94760,"July 03, 2025",Franchise_TX_01,Drywall Repair - MISC,23.0,1276.73,856.62,0,,55.51,
CLM-44372,11/21/2025,Franchise_NY_12,Antimicrobial Treatment,,2636.5,2636.5,1,,$52.73,50.0
CLM-24382,2025-06-29,Franchise_FL_04,Antimicrobial Treatment,35.0,1984.85,1088.14,0,56.71,,
CLM-88255,"November 07, 2025",Franchise_TX_01,Water Extraction,15.0,1984.2,1303.62,0,,132.28,
CLM-43969,"July 18, 2025",Franchise_TX_01,Antimicrobial Treatment,12.0,903.84,903.84,1,,75.32,
CLM-64595,2025-08-09,Franchise_FL_04,Dehumidifier Rental,11.0,612.48,346.78,0,55.68,,
CLM-64271,2025-08-27,Franchise_FL_04,Dehumidifier Rental,13.0,1850.03,1121.94,0,142.31,,
CLM-97057,07/09/2025,Franchise_NY_12,Water Extraction,,2906.4,1165.53,0,,$60.55,48.0
CLM-99630,2025-10-16,Franchise_FL_04,Dehumidifier Rental,1.0,89.21,89.21,1,89.21,,
CLM-76739,11/03/2025,Franchise_NY_12,Antimicrobial Treatment,,1663.96,1663.96,1,,$97.88,17.0
CLM-88094,"December 18, 2025",Franchise_TX_01,Antimicrobial Treatment,23.0,1934.53,1934.53,1,,84.11,
CLM-44551,2025-11-11,Franchise_FL_04,Drywall Repair,46.0,5950.56,4226.08,0,129.36,,
CLM-57938,06/18/2025,Franchise_NY_12,Water Extraction,,1259.13,1030.3,0,,$66.27,19.0
CLM-45147,2025-01-31,Franchise_FL_04,Antimicrobial Treatment,1.0,124.27,124.27,1,124.27,,
CLM-61509,"May 15, 2025",Franchise_TX_01,Dehumidifier Rental,14.0,1909.46,1293.06,0,,136.39,
CLM-25676,"February 26, 2025",Franchise_TX_01,Drywall Repair,40.0,1678.4,1044.64,0,,41.96,
CLM-36915,03/07/2025,Franchise_NY_12,Baseboard Replacement,,712.64,314.84,0,,$41.92,17.0
CLM-86512,"November 30, 2025",Franchise_TX_01,Antimicrobial Treatment,39.0,5632.38,4342.99,0,,144.42,
CLM-96824,11/27/2025,Franchise_NY_12,Antimicrobial Treatment,,5880.84,5880.84,1,,$140.02,42.0
CLM-12905,"June 09, 2025",Franchise_TX_01,Dehumidifier Rental,30.0,1241.4,1241.4,1,,41.38,
CLM-83555,"April 23, 2025",Franchise_TX_01,Baseboard Replacement,2.0,296.4,296.4,1,,148.2,
CLM-98323,2025-06-26,Franchise_FL_04,Drywall Repair,34.0,2548.98,1593.91,0,74.97,,
CLM-12817,"July 28, 2025",Franchise_TX_01,Baseboard Replacement - MISC,42.0,4430.16,4430.16,1,,105.48,
CLM-85990,2025-07-11,Franchise_FL_04,Water Extraction,9.0,528.21,216.78,0,58.69,,
CLM-34495,"December 25, 2025",Franchise_TX_01,Baseboard Replacement,29.0,1131.87,885.76,0,,39.03,
CLM-83173,09/05/2025,Franchise_NY_12,Antimicrobial Treatment,,4253.9,3377.05,0,,$121.54,35.0
CLM-33079,12/08/2025,Franchise_NY_12,Drywall Repair,,386.73,386.73,1,,$128.91,3.0
CLM-47569,12/17/2025,Franchise_NY_12,Dehumidifier Rental,,67.04,67.04,1,,$16.76,4.0
CLM-57974,2025-01-21,Franchise_FL_04,Dehumidifier Rental,14.0,1349.18,1349.18,1,96.37,,
CLM-19897,"September 29, 2025",Franchise_TX_01,Baseboard Replacement,36.0,2266.56,1487.51,0,,62.96,
CLM-24173,"August 23, 2025",Franchise_TX_01,Water Extraction,1.0,45.89,45.89,1,,45.89,
CLM-42351,2025-11-19,Franchise_FL_04,Baseboard Replacement,1.0,79.31,79.31,1,79.31,,
CLM-15806,"June 03, 2025",Franchise_TX_01,Drywall Repair - MISC,8.0,916.96,916.96,1,,114.62,
CLM-21958,"June 23, 2025",Franchise_TX_01,Dehumidifier Rental,39.0,3401.58,3401.58,1,,87.22,
CLM-54979,2025-10-26,Franchise_FL_04,Water Extraction,2.0,37.34,19.9,0,18.67,,
CLM-81670,04/22/2025,Franchise_NY_12,Water Extraction,,1621.44,945.73,0,,$33.78,48.0
CLM-73171,2025-07-25,Franchise_FL_04,Drywall Repair,18.0,2265.84,2265.84,1,125.88,,
CLM-46146,"May 01, 2025",Franchise_TX_01,Water Extraction - MISC,40.0,2008.4,2008.4,1,,50.21,
CLM-46870,2025-06-02,Franchise_FL_04,Antimicrobial Treatment,41.0,1616.22,1616.22,1,39.42,,
CLM-83362,2025-08-16,Franchise_FL_04,Dehumidifier Rental,38.0,1808.42,1808.42,1,47.59,,
CLM-85074,"October 23, 2025",Franchise_TX_01,Dehumidifier Rental,10.0,1171.4,610.23,0,,117.14,
CLM-66054,2025-09-29,Franchise_FL_04,Drywall Repair,38.0,3825.08,2776.1,0,100.66,,
CLM-43153,"March 18, 2025",Franchise_TX_01,Drywall Repair,4.0,584.48,584.48,1,,146.12,
CLM-15504,"July 11, 2025",Franchise_TX_01,Antimicrobial Treatment,45.0,1406.7,1406.7,1,,31.26,
CLM-10941,2025-11-04,Franchise_FL_04,Water Extraction,32.0,3778.88,3778.88,1,118.09,,
CLM-42381,"March 11, 2025",Franchise_TX_01,Baseboard Replacement - MISC,31.0,3626.07,1501.78,0,,116.97,
CLM-10630,"July 16, 2025",Franchise_TX_01,Baseboard Replacement,29.0,1266.43,765.48,0,,43.67,
CLM-85039,"December 30, 2025",Franchise_TX_01,Dehumidifier Rental,46.0,1021.2,1021.2,1,,22.2,
CLM-87961,04/25/2025,Franchise_NY_12,Dehumidifier Rental,,836.52,836.52,1,,$69.71,12.0
CLM-75628,"May 05, 2025",Franchise_TX_01,Dehumidifier Rental,35.0,3557.75,3557.75,1,,101.65,
CLM-43614,04/02/2025,Franchise_NY_12,Drywall Repair,,3150.84,2382.68,0,,$95.48,33.0
CLM-67401,"May 01, 2025",Franchise_TX_01,Drywall Repair - MISC,24.0,511.92,511.92,1,,21.33,
CLM-31950,"February 27, 2025",Franchise_TX_01,Baseboard Replacement,11.0,808.61,808.61,1,,73.51,
CLM-44010,05/11/2025,Franchise_NY_12,Antimicrobial Treatment,,5276.16,5276.16,1,,$109.92,48.0
CLM-36139,"March 25, 2025",Franchise_TX_01,Baseboard Replacement,16.0,1780.32,1780.32,1,,111.27,
CLM-94610,"June 16, 2025",Franchise_TX_01,Antimicrobial Treatment,4.0,219.96,106.47,0,,54.99,
CLM-52098,07/14/2025,Franchise_NY_12,Baseboard Replacement,,3703.05,3703.05,1,,$94.95,39.0
CLM-67814,2025-10-06,Franchise_FL_04,Baseboard Replacement,35.0,3678.15,3678.15,1,105.09,,
CLM-75356,06/29/2025,Franchise_NY_12,Antimicrobial Treatment,,790.02,790.02,1,,$18.81,42.0
CLM-45068,2025-08-15,Franchise_FL_04,Dehumidifier Rental,12.0,1741.68,1741.68,1,145.14,,
CLM-41600,06/29/2025,Franchise_NY_12,Water Extraction,,1900.98,990.22,0,,$105.61,18.0
CLM-69631,08/06/2025,Franchise_NY_12,Antimicrobial Treatment,,86.79,86.79,1,,$28.93,3.0
CLM-13168,2025-05-12,Franchise_FL_04,Antimicrobial Treatment,47.0,,4403.88,0,137.12,,
CLM-19996,2025-03-25,Franchise_FL_04,Baseboard Replacement,25.0,2881.75,2881.75,1,115.27,,
CLM-75622,2025-09-28,Franchise_FL_04,Water Extraction,36.0,1092.6,796.02,0,30.35,,
CLM-70488,"April 05, 2025",Franchise_TX_01,Baseboard Replacement,36.0,809.64,809.64,1,,22.49,
CLM-87500,07/17/2025,Franchise_NY_12,Drywall Repair,,7044.96,5415.01,0,,$146.77,48.0
CLM-61379,05/29/2025,Franchise_NY_12,Drywall Repair,,5407.74,5407.74,1,,$138.66,39.0
CLM-27584,09/05/2025,Franchise_NY_12,Antimicrobial Treatment,,1580.4,1018.41,0,,$43.9,36.0
CLM-61166,2025-09-24,Franchise_FL_04,Dehumidifier Rental,11.0,858.88,378.81,0,78.08,,
CLM-77515,09/27/2025,Franchise_NY_12,Antimicrobial Treatment,,2807.25,2807.25,1,,$112.29,25.0
CLM-41450,01/03/2025,Franchise_NY_12,Dehumidifier Rental,,797.55,494.66,0,,$53.17,15.0
CLM-99534,2025-12-16,Franchise_FL_04,Water Extraction,45.0,5160.6,5160.6,1,114.68,,
CLM-72013,2025-04-17,Franchise_FL_04,Dehumidifier Rental,18.0,2062.62,2062.62,1,114.59,,
CLM-39386,12/06/2025,Franchise_NY_12,Baseboard Replacement,,2252.52,2252.52,1,,$62.57,36.0
CLM-89207,10/03/2025,Franchise_NY_12,Water Extraction,,847.96,847.96,1,,$29.24,29.0
CLM-70404,"January 14, 2025",Franchise_TX_01,Dehumidifier Rental,49.0,2758.21,2758.21,1,,56.29,
CLM-43139,"October 01, 2025",Franchise_TX_01,Dehumidifier Rental - MISC,41.0,3660.48,3660.48,1,,89.28,
CLM-60480,2025-07-02,Franchise_FL_04,Water Extraction,7.0,131.25,131.25,1,18.75,,
CLM-94353,2025-09-28,Franchise_FL_04,Antimicrobial Treatment,37.0,1437.08,809.27,0,38.84,,
CLM-48561,04/25/2025,Franchise_NY_12,Baseboard Replacement,,3034.2,3034.2,1,,$77.8,39.0
CLM-57085,06/29/2025,Franchise_NY_12,Dehumidifier Rental,,395.22,207.07,0,,$56.46,7.0
CLM-93256,05/09/2025,Franchise_NY_12,Antimicrobial Treatment,,880.8,880.8,1,,$36.7,24.0
CLM-52851,2025-12-22,Franchise_FL_04,Water Extraction,5.0,,93.5,1,18.7,,
CLM-95838,"January 06, 2025",Franchise_TX_01,Dehumidifier Rental,15.0,1622.1,1622.1,1,,108.14,
CLM-82142,2025-03-09,Franchise_FL_04,Baseboard Replacement,43.0,,3353.64,0,124.23,,
CLM-28494,2025-02-28,Franchise_FL_04,Water Extraction,36.0,1859.04,1859.04,1,51.64,,
CLM-68053,09/18/2025,Franchise_NY_12,Drywall Repair,,2124.0,1363.89,0,,$70.8,30.0
CLM-13613,07/13/2025,Franchise_NY_12,Water Extraction,,4608.1,3585.56,0,,$131.66,35.0
CLM-89963,05/16/2025,Franchise_NY_12,Drywall Repair,,4285.91,4285.91,1,,$147.79,29.0
CLM-27201,08/01/2025,Franchise_NY_12,Dehumidifier Rental,,196.98,196.98,1,,$65.66,3.0
CLM-18328,"June 18, 2025",Franchise_TX_01,Drywall Repair,3.0,309.54,177.5,0,,103.18,
CLM-50064,2025-07-28,Franchise_FL_04,Antimicrobial Treatment,30.0,2820.0,2820.0,1,94.0,,
CLM-99890,07/04/2025,Franchise_NY_12,Water Extraction,,729.13,624.51,0,,$42.89,17.0
CLM-15911,"August 01, 2025",Franchise_TX_01,Water Extraction,39.0,2309.19,2309.19,1,,59.21,
CLM-56407,01/01/2026,Franchise_NY_12,Baseboard Replacement,,1784.48,1018.32,0,,$93.92,19.0
CLM-72329,"April 14, 2025",Franchise_TX_01,Antimicrobial Treatment,30.0,3300.6,1829.83,0,,110.02,
CLM-61612,"June 27, 2025",Franchise_TX_01,Antimicrobial Treatment,33.0,1691.25,1691.25,1,,51.25,
CLM-45408,09/30/2025,Franchise_NY_12,Drywall Repair,,983.28,983.28,1,,$28.92,34.0
CLM-12370,"July 19, 2025",Franchise_TX_01,Dehumidifier Rental - MISC,46.0,4899.46,3317.62,0,,106.51,
CLM-29009,2025-09-07,Franchise_FL_04,Water Extraction,13.0,,907.51,0,81.42,,
CLM-18268,"February 02, 2025",Franchise_TX_01,Dehumidifier Rental - MISC,17.0,2355.01,1028.58,0,,138.53,
CLM-80141,06/27/2025,Franchise_NY_12,Baseboard Replacement,,343.17,343.17,1,,$38.13,9.0
CLM-63506,"January 31, 2025",Franchise_TX_01,Baseboard Replacement,22.0,1609.96,1609.96,1,,73.18,
CLM-60372,04/09/2025,Franchise_NY_12,Baseboard Replacement,,2226.11,2226.11,1,,$71.81,31.0
CLM-82157,"June 07, 2025",Franchise_TX_01,Dehumidifier Rental - MISC,42.0,4229.82,4229.82,1,,100.71,
CLM-47479,2025-01-22,Franchise_FL_04,Dehumidifier Rental,9.0,156.6,156.6,1,17.4,,
CLM-60355,2025-08-18,Franchise_FL_04,Drywall Repair,45.0,3486.15,1507.55,0,77.47,,
CLM-84810,"April 25, 2025",Franchise_TX_01,Dehumidifier Rental,31.0,4569.4,3844.97,0,,147.4,
CLM-78429,12/29/2025,Franchise_NY_12,Water Extraction,,640.42,640.42,1,,$58.22,11.0
CLM-43156,2025-02-18,Franchise_FL_04,Drywall Repair,45.0,,1772.1,1,39.38,,
CLM-14813,"October 20, 2025",Franchise_TX_01,Drywall Repair,43.0,6114.6,4897.53,0,,142.2,
CLM-62863,"April 13, 2025",Franchise_TX_01,Antimicrobial Treatment,27.0,1969.11,1641.38,0,,72.93,
CLM-31608,"March 13, 2025",Franchise_TX_01,Baseboard Replacement,12.0,337.92,337.92,1,,28.16,
CLM-96620,"June 02, 2025",Franchise_TX_01,Baseboard Replacement,20.0,2020.8,2020.8,1,,101.04,
CLM-14238,"December 04, 2025",Franchise_TX_01,Water Extraction - MISC,36.0,4715.64,4715.64,1,,130.99,
CLM-90425,"January 19, 2025",Franchise_TX_01,Drywall Repair,43.0,3596.09,2738.15,0,,83.63,
CLM-87088,11/15/2025,Franchise_NY_12,Drywall Repair,,3268.35,3268.35,1,,$121.05,27.0
CLM-36507,04/02/2025,Franchise_NY_12,Antimicrobial Treatment,,6670.56,4852.22,0,,$138.97,48.0
CLM-54766,02/07/2025,Franchise_NY_12,Drywall Repair,,259.2,259.2,1,,$17.28,15.0
CLM-49894,07/23/2025,Franchise_NY_12,Antimicrobial Treatment,,588.84,588.84,1,,$49.07,12.0
CLM-92499,02/19/2025,Franchise_NY_12,Baseboard Replacement,,433.2,433.2,1,,$86.64,5.0
CLM-75593,"November 26, 2025",Franchise_TX_01,Water Extraction,13.0,318.63,279.33,0,,24.51,
CLM-59185,"January 13, 2025",Franchise_TX_01,Water Extraction - MISC,19.0,1041.01,1041.01,1,,54.79,
CLM-36739,05/14/2025,Franchise_NY_12,Drywall Repair,,4735.85,4735.85,1,,$135.31,35.0
CLM-13022,2025-12-30,Franchise_FL_04,Antimicrobial Treatment,2.0,44.16,44.16,1,22.08,,
CLM-54715,06/29/2025,Franchise_NY_12,Water Extraction,,7289.5,7289.5,1,,$145.79,50.0
CLM-22070,04/04/2025,Franchise_NY_12,Water Extraction,,1232.72,1232.72,1,,$64.88,19.0
CLM-33277,"April 25, 2025",Franchise_TX_01,Dehumidifier Rental,24.0,2309.76,1925.52,0,,96.24,
CLM-59000,01/11/2025,Franchise_NY_12,Water Extraction,,4634.2,3727.09,0,,$98.6,47.0
CLM-12008,2025-11-10,Franchise_FL_04,Baseboard Replacement,26.0,,2772.64,1,106.64,,
CLM-43711,07/21/2025,Franchise_NY_12,Dehumidifier Rental,,867.28,867.28,1,,$108.41,8.0
CLM-20846,01/22/2025,Franchise_NY_12,Drywall Repair,,2560.04,2560.04,1,,$91.43,28.0
CLM-65491,09/10/2025,Franchise_NY_12,Dehumidifier Rental,,2494.58,1682.11,0,,$86.02,29.0
CLM-68501,10/08/2025,Franchise_NY_12,Drywall Repair,,1281.12,1281.12,1,,$106.76,12.0
CLM-29250,"April 02, 2025",Franchise_TX_01,Baseboard Replacement,18.0,1012.68,1012.68,1,,56.26,
CLM-52224,2025-11-25,Franchise_FL_04,Antimicrobial Treatment,13.0,,702.27,0,93.32,,
CLM-63297,"September 14, 2025",Franchise_TX_01,Antimicrobial Treatment - MISC,25.0,1076.0,1076.0,1,,43.04,
CLM-73435,"August 26, 2025",Franchise_TX_01,Drywall Repair - MISC,38.0,886.54,886.54,1,,23.33,
CLM-31015,"May 11, 2025",Franchise_TX_01,Drywall Repair,37.0,1894.4,1894.4,1,,51.2,
CLM-67445,2025-10-21,Franchise_FL_04,Baseboard Replacement,4.0,389.92,389.92,1,97.48,,
CLM-54926,"July 10, 2025",Franchise_TX_01,Antimicrobial Treatment,40.0,3426.8,1456.62,0,,85.67,
CLM-74762,"August 13, 2025",Franchise_TX_01,Water Extraction,23.0,2263.89,2263.89,1,,98.43,
CLM-50129,02/12/2025,Franchise_NY_12,Water Extraction,,2311.68,2311.68,1,,$96.32,24.0
CLM-75840,2025-12-11,Franchise_FL_04,Water Extraction,41.0,5384.53,5384.53,1,131.33,,
CLM-44074,"January 03, 2025",Franchise_TX_01,Drywall Repair,20.0,1232.0,1232.0,1,,61.6,
CLM-26673,08/17/2025,Franchise_NY_12,Baseboard Replacement,,1115.68,778.12,0,,$69.73,16.0
CLM-22887,2025-08-22,Franchise_FL_04,Dehumidifier Rental,2.0,59.04,59.04,1,29.52,,
CLM-89031,07/30/2025,Franchise_NY_12,Water Extraction,,2513.34,2251.52,0,,$139.63,18.0
CLM-52394,10/21/2025,Franchise_NY_12,Drywall Repair,,5070.24,5070.24,1,,$140.84,36.0
CLM-21092,2025-01-10,Franchise_FL_04,Antimicrobial Treatment,12.0,1590.72,1051.23,0,132.56,,
CLM-38034,10/09/2025,Franchise_NY_12,Drywall Repair,,25.88,25.88,1,,$25.88,1.0
CLM-41384,01/27/2025,Franchise_NY_12,Drywall Repair,,238.11,238.11,1,,$79.37,3.0
CLM-74216,"June 01, 2025",Franchise_TX_01,Drywall Repair,35.0,2386.65,1276.47,0,,68.19,
CLM-39852,2025-10-17,Franchise_FL_04,Baseboard Replacement,2.0,192.16,151.74,0,96.08,,
CLM-27745,05/20/2025,Franchise_NY_12,Water Extraction,,1737.39,1737.39,1,,$59.91,29.0
CLM-55724,2025-03-06,Franchise_FL_04,Antimicrobial Treatment,39.0,787.02,787.02,1,20.18,,
CLM-54256,2025-11-03,Franchise_FL_04,Water Extraction,32.0,533.44,383.56,0,16.67,,
CLM-86934,04/02/2025,Franchise_NY_12,Water Extraction,,3207.16,3207.16,1,,$145.78,22.0
CLM-62407,"May 08, 2025",Franchise_TX_01,Baseboard Replacement - MISC,5.0,89.75,89.75,1,,17.95,
CLM-95382,"March 31, 2025",Franchise_TX_01,Dehumidifier Rental - MISC,31.0,1704.38,1704.38,1,,54.98,
CLM-14106,"September 26, 2025",Franchise_TX_01,Baseboard Replacement - MISC,3.0,299.97,229.68,0,,99.99,
CLM-91075,02/22/2025,Franchise_NY_12,Water Extraction,,543.51,373.02,0,,$60.39,9.0
CLM-16369,2025-04-25,Franchise_FL_04,Water Extraction,10.0,772.9,772.9,1,77.29,,
CLM-73078,"December 02, 2025",Franchise_TX_01,Water Extraction,2.0,166.04,166.04,1,,83.02,
CLM-97238,2025-10-31,Franchise_FL_04,Dehumidifier Rental,29.0,2174.71,2174.71,1,74.99,,
CLM-68873,2025-02-22,Franchise_FL_04,Drywall Repair,1.0,62.5,50.82,0,62.5,,
CLM-61542,"February 12, 2025",Franchise_TX_01,Drywall Repair,8.0,393.84,393.84,1,,49.23,
CLM-59284,2025-11-02,Franchise_FL_04,Dehumidifier Rental,43.0,3665.75,3665.75,1,85.25,,
CLM-64443,2025-01-16,Franchise_FL_04,Drywall Repair,30.0,602.1,602.1,1,20.07,,
CLM-70250,2025-03-11,Franchise_FL_04,Antimicrobial Treatment,16.0,,327.68,1,20.48,,
CLM-75091,05/13/2025,Franchise_NY_12,Antimicrobial Treatment,,1287.8,1287.8,1,,$128.78,10.0
CLM-57232,03/07/2025,Franchise_NY_12,Baseboard Replacement,,3223.44,2081.17,0,,$89.54,36.0
CLM-33408,2025-08-26,Franchise_FL_04,Drywall Repair,8.0,126.24,109.12,0,15.78,,
CLM-42892,2025-07-03,Franchise_FL_04,Water Extraction,38.0,2022.74,1747.16,0,53.23,,
CLM-10548,2025-04-22,Franchise_FL_04,Dehumidifier Rental,28.0,3820.32,2477.52,0,136.44,,
CLM-16003,11/06/2025,Franchise_NY_12,Dehumidifier Rental,,2652.0,1906.79,0,,$68.0,39.0
CLM-89426,2025-07-02,Franchise_FL_04,Dehumidifier Rental,50.0,5703.5,2944.4,0,114.07,,
CLM-68225,2025-10-16,Franchise_FL_04,Antimicrobial Treatment,8.0,1029.2,1029.2,1,128.65,,
CLM-72664,07/18/2025,Franchise_NY_12,Antimicrobial Treatment,,2933.48,2933.48,1,,$66.67,44.0
CLM-76206,07/25/2025,Franchise_NY_12,Dehumidifier Rental,,349.88,349.88,1,,$87.47,4.0
CLM-44535,01/28/2025,Franchise_NY_12,Water Extraction,,551.52,551.52,1,,$68.94,8.0
CLM-36412,2025-10-11,Franchise_FL_04,Dehumidifier Rental,28.0,,3206.56,1,114.52,,
CLM-98863,2025-06-03,Franchise_FL_04,Drywall Repair,2.0,33.18,33.18,1,16.59,,
CLM-76710,"March 19, 2025",Franchise_TX_01,Water Extraction,6.0,561.18,241.55,0,,93.53,
CLM-81244,"July 26, 2025",Franchise_TX_01,Dehumidifier Rental,38.0,4436.88,2703.31,0,,116.76,
CLM-52980,2025-08-04,Franchise_FL_04,Drywall Repair,36.0,5226.48,4494.01,0,145.18,,
CLM-34042,2025-04-21,Franchise_FL_04,Water Extraction,24.0,2961.36,1438.7,0,123.39,,
CLM-76899,09/08/2025,Franchise_NY_12,Baseboard Replacement,,1053.36,1053.36,1,,$117.04,9.0
CLM-89627,"April 30, 2025",Franchise_TX_01,Baseboard Replacement - MISC,30.0,519.6,239.31,0,,17.32,
CLM-22068,04/22/2025,Franchise_NY_12,Drywall Repair,,3886.72,3886.72,1,,$121.46,32.0
CLM-83037,"July 14, 2025",Franchise_TX_01,Antimicrobial Treatment,39.0,2028.0,825.46,0,,52.0,
CLM-31017,02/28/2025,Franchise_NY_12,Baseboard Replacement,,5071.5,5071.5,1,,$110.25,46.0
CLM-14971,2025-09-30,Franchise_FL_04,Antimicrobial Treatment,50.0,,5554.0,1,111.08,,
CLM-37063,"July 06, 2025",Franchise_TX_01,Water Extraction,38.0,4355.56,3762.76,0,,114.62,
CLM-60475,"June 23, 2025",Franchise_TX_01,Antimicrobial Treatment,21.0,965.58,965.58,1,,45.98,
CLM-53604,2025-10-30,Franchise_FL_04,Dehumidifier Rental,50.0,6778.5,6778.5,1,135.57,,
CLM-93185,"June 13, 2025",Franchise_TX_01,Dehumidifier Rental,17.0,264.18,264.18,1,,15.54,
CLM-44751,2025-04-14,Franchise_FL_04,Baseboard Replacement,24.0,2668.56,2668.56,1,111.19,,
CLM-35610,05/27/2025,Franchise_NY_12,Baseboard Replacement,,1611.26,1611.26,1,,$115.09,14.0
CLM-60242,"July 28, 2025",Franchise_TX_01,Baseboard Replacement - MISC,15.0,643.2,643.2,1,,42.88,
CLM-54321,2025-02-05,Franchise_FL_04,Dehumidifier Rental,35.0,535.85,535.85,1,15.31,,
CLM-32186,05/29/2025,Franchise_NY_12,Drywall Repair,,1673.48,1673.48,1,,$49.22,34.0
CLM-24887,06/03/2025,Franchise_NY_12,Antimicrobial Treatment,,811.3,811.3,1,,$23.18,35.0
CLM-88485,2025-09-13,Franchise_FL_04,Baseboard Replacement,42.0,986.58,587.41,0,23.49,,
CLM-27217,"August 29, 2025",Franchise_TX_01,Baseboard Replacement - MISC,7.0,1010.38,521.3,0,,144.34,
CLM-69180,"June 11, 2025",Franchise_TX_01,Drywall Repair,36.0,2915.28,1169.72,0,,80.98,
CLM-64320,2025-01-28,Franchise_FL_04,Baseboard Replacement,11.0,508.86,508.86,1,46.26,,
CLM-57356,"September 13, 2025",Franchise_TX_01,Drywall Repair,13.0,723.06,723.06,1,,55.62,
CLM-99222,"September 21, 2025",Franchise_TX_01,Antimicrobial Treatment,19.0,2670.83,2670.83,1,,140.57,
CLM-78314,11/22/2025,Franchise_NY_12,Drywall Repair,,3917.5,3917.5,1,,$78.35,50.0
CLM-17083,04/26/2025,Franchise_NY_12,Dehumidifier Rental,,6242.72,6242.72,1,,$141.88,44.0
CLM-55533,2025-11-30,Franchise_FL_04,Dehumidifier Rental,5.0,387.9,309.46,0,77.58,,
CLM-75645,12/27/2025,Franchise_NY_12,Water Extraction,,2308.32,2308.32,1,,$82.44,28.0
CLM-25526,"May 10, 2025",Franchise_TX_01,Dehumidifier Rental,6.0,273.84,174.17,0,,45.64,
CLM-33584,2025-12-25,Franchise_FL_04,Water Extraction,35.0,3778.6,3778.6,1,107.96,,
CLM-82360,"January 23, 2025",Franchise_TX_01,Baseboard Replacement,48.0,4029.12,2324.31,0,,83.94,
CLM-54504,07/12/2025,Franchise_NY_12,Antimicrobial Treatment,,1460.48,1460.48,1,,$45.64,32.0
CLM-19288,06/14/2025,Franchise_NY_12,Dehumidifier Rental,,1844.0,1021.94,0,,$115.25,16.0
CLM-53599,12/14/2025,Franchise_NY_12,Water Extraction,,4424.97,4424.97,1,,$134.09,33.0
CLM-40567,02/08/2025,Franchise_NY_12,Baseboard Replacement,,1137.75,906.86,0,,$30.75,37.0
CLM-45656,04/08/2025,Franchise_NY_12,Dehumidifier Rental,,1291.84,1291.84,1,,$29.36,44.0
CLM-57395,09/29/2025,Franchise_NY_12,Dehumidifier Rental,,1067.0,1067.0,1,,$106.7,10.0
CLM-54341,2025-05-13,Franchise_FL_04,Water Extraction,43.0,,2029.6,1,47.2,,
CLM-46105,2025-01-13,Franchise_FL_04,Antimicrobial Treatment,13.0,1398.15,796.32,0,107.55,,
CLM-51409,10/07/2025,Franchise_NY_12,Water Extraction,,3445.49,2456.17,0,,$118.81,29.0
CLM-90009,2025-11-23,Franchise_FL_04,Dehumidifier Rental,11.0,252.78,226.04,0,22.98,,
CLM-59502,2025-07-22,Franchise_FL_04,Water Extraction,49.0,3383.45,3383.45,1,69.05,,
CLM-20787,07/29/2025,Franchise_NY_12,Drywall Repair,,2767.24,2767.24,1,,$98.83,28.0
CLM-34887,02/14/2025,Franchise_NY_12,Baseboard Replacement,,4835.82,4835.82,1,,$142.23,34.0
CLM-60940,"May 31, 2025",Franchise_TX_01,Drywall Repair - MISC,22.0,1390.62,1390.62,1,,63.21,
CLM-31607,2025-10-06,Franchise_FL_04,Dehumidifier Rental,44.0,2528.68,2039.04,0,57.47,,
CLM-85786,2025-02-28,Franchise_FL_04,Antimicrobial Treatment,21.0,1520.4,976.89,0,72.4,,
CLM-35913,2025-04-10,Franchise_FL_04,Water Extraction,43.0,1929.41,1929.41,1,44.87,,
CLM-27870,2025-12-07,Franchise_FL_04,Baseboard Replacement,49.0,789.39,789.39,1,16.11,,
CLM-43460,"September 17, 2025",Franchise_TX_01,Drywall Repair - MISC,22.0,856.02,484.74,0,,38.91,
CLM-13609,"March 19, 2025",Franchise_TX_01,Drywall Repair,9.0,609.48,609.48,1,,67.72,
CLM-52719,"August 30, 2025",Franchise_TX_01,Baseboard Replacement,45.0,4367.25,4367.25,1,,97.05,
CLM-58507,"October 09, 2025",Franchise_TX_01,Water Extraction,9.0,887.85,887.85,1,,98.65,
CLM-39350,08/25/2025,Franchise_NY_12,Drywall Repair,,867.25,867.25,1,,$34.69,25.0
CLM-20960,"January 30, 2025",Franchise_TX_01,Dehumidifier Rental - MISC,41.0,3869.99,3869.99,1,,94.39,
CLM-75140,03/06/2025,Franchise_NY_12,Water Extraction,,2772.38,2233.74,0,,$106.63,26.0
CLM-96726,11/16/2025,Franchise_NY_12,Baseboard Replacement,,1154.78,1154.78,1,,$52.49,22.0
CLM-98916,"November 03, 2025",Franchise_TX_01,Baseboard Replacement,20.0,418.4,208.97,0,,20.92,
CLM-83013,"March 09, 2025",Franchise_TX_01,Antimicrobial Treatment,48.0,3031.68,3031.68,1,,63.16,
CLM-52159,"January 01, 2025",Franchise_TX_01,Dehumidifier Rental,22.0,2294.38,2294.38,1,,104.29,
CLM-26952,"January 12, 2025",Franchise_TX_01,Water Extraction,39.0,3268.98,3268.98,1,,83.82,
CLM-44146,02/11/2025,Franchise_NY_12,Drywall Repair,,718.83,718.83,1,,$34.23,21.0
CLM-91028,"August 02, 2025",Franchise_TX_01,Dehumidifier Rental,12.0,771.6,771.6,1,,64.3,
CLM-12468,11/09/2025,Franchise_NY_12,Drywall Repair,,1791.47,1791.47,1,,$77.89,23.0
CLM-97682,"December 16, 2025",Franchise_TX_01,Dehumidifier Rental,32.0,4327.36,4327.36,1,,135.23,
CLM-22819,"October 27, 2025",Franchise_TX_01,Drywall Repair - MISC,3.0,242.73,128.11,0,,80.91,
CLM-19645,10/02/2025,Franchise_NY_12,Water Extraction,,3895.38,2247.67,0,,$114.57,34.0
CLM-73288,"August 24, 2025",Franchise_TX_01,Dehumidifier Rental - MISC,17.0,1729.58,1729.58,1,,101.74,
CLM-48972,2025-01-28,Franchise_FL_04,Antimicrobial Treatment,39.0,595.53,595.53,1,15.27,,
CLM-31609,04/18/2025,Franchise_NY_12,Water Extraction,,1857.57,1173.48,0,,$56.29,33.0
CLM-21401,2025-08-25,Franchise_FL_04,Water Extraction,1.0,98.39,98.39,1,98.39,,
CLM-84232,01/14/2025,Franchise_NY_12,Baseboard Replacement,,3964.95,3386.83,0,,$146.85,27.0
CLM-54775,2025-12-23,Franchise_FL_04,Water Extraction,16.0,,342.66,0,48.04,,
CLM-46746,"December 26, 2025",Franchise_TX_01,Water Extraction,15.0,2055.15,1428.02,0,,137.01,
CLM-67537,2025-05-06,Franchise_FL_04,Baseboard Replacement,40.0,946.8,946.8,1,23.67,,
CLM-50980,2025-11-25,Franchise_FL_04,Antimicrobial Treatment,2.0,155.44,155.44,1,77.72,,
CLM-85569,09/06/2025,Franchise_NY_12,Drywall Repair,,5672.5,5672.5,1,,$113.45,50.0
CLM-43629,12/18/2025,Franchise_NY_12,Antimicrobial Treatment,,4514.9,4514.9,1,,$98.15,46.0
CLM-72480,12/26/2025,Franchise_NY_12,Dehumidifier Rental,,128.92,128.92,1,,$64.46,2.0
CLM-54452,2025-03-06,Franchise_FL_04,Drywall Repair,3.0,,73.91,0,30.13,,
CLM-40569,"May 17, 2025",Franchise_TX_01,Baseboard Replacement,5.0,120.25,120.25,1,,24.05,
CLM-40799,2025-07-27,Franchise_FL_04,Baseboard Replacement,21.0,1809.36,1230.3,0,86.16,,
CLM-84484,2025-12-27,Franchise_FL_04,Drywall Repair,49.0,5473.79,3678.22,0,111.71,,
CLM-26571,"January 17, 2025",Franchise_TX_01,Water Extraction,30.0,2308.5,2308.5,1,,76.95,
CLM-70064,"January 07, 2025",Franchise_TX_01,Water Extraction,6.0,487.68,304.0,0,,81.28,
CLM-96642,"January 13, 2025",Franchise_TX_01,Antimicrobial Treatment - MISC,43.0,3120.94,2617.87,0,,72.58,
CLM-39169,2025-12-02,Franchise_FL_04,Water Extraction,3.0,410.46,410.46,1,136.82,,
CLM-54723,2025-01-21,Franchise_FL_04,Baseboard Replacement,47.0,6842.73,6842.73,1,145.59,,
CLM-92095,2025-01-25,Franchise_FL_04,Water Extraction,15.0,633.9,633.9,1,42.26,,
CLM-80353,"May 27, 2025",Franchise_TX_01,Baseboard Replacement,47.0,3028.68,3028.68,1,,64.44,
CLM-28450,2025-01-16,Franchise_FL_04,Drywall Repair,26.0,2580.76,2580.76,1,99.26,,
CLM-47950,"June 03, 2025",Franchise_TX_01,Drywall Repair,26.0,1711.58,783.62,0,,65.83,
CLM-96277,05/08/2025,Franchise_NY_12,Baseboard Replacement,,808.05,659.72,0,,$53.87,15.0
CLM-41156,07/21/2025,Franchise_NY_12,Baseboard Replacement,,4880.88,2423.35,0,,$135.58,36.0
CLM-48274,"October 08, 2025",Franchise_TX_01,Dehumidifier Rental,44.0,3288.56,3288.56,1,,74.74,
CLM-53208,"October 07, 2025",Franchise_TX_01,Dehumidifier Rental,26.0,1922.18,1922.18,1,,73.93,
CLM-41161,2025-04-13,Franchise_FL_04,Antimicrobial Treatment,5.0,338.2,338.2,1,67.64,,
CLM-28761,"February 16, 2025",Franchise_TX_01,Baseboard Replacement,16.0,2064.64,1286.62,0,,129.04,
CLM-51898,2025-10-27,Franchise_FL_04,Baseboard Replacement,20.0,2339.6,2339.6,1,116.98,,
CLM-66819,2025-08-15,Franchise_FL_04,Dehumidifier Rental,24.0,1265.52,1265.52,1,52.73,,
CLM-28105,07/02/2025,Franchise_NY_12,Water Extraction,,695.76,417.77,0,,$28.99,24.0
CLM-34644,"December 11, 2025",Franchise_TX_01,Water Extraction,50.0,6166.0,3966.65,0,,123.32,
CLM-27945,"January 21, 2025",Franchise_TX_01,Dehumidifier Rental,13.0,455.0,242.98,0,,35.0,
CLM-69576,10/15/2025,Franchise_NY_12,Water Extraction,,5884.56,5884.56,1,,$133.74,44.0
CLM-89624,11/18/2025,Franchise_NY_12,Drywall Repair,,1282.26,957.16,0,,$29.82,43.0
CLM-70827,2025-10-06,Franchise_FL_04,Baseboard Replacement,20.0,,421.6,1,21.08,,
CLM-25606,"September 10, 2025",Franchise_TX_01,Water Extraction,11.0,512.49,512.49,1,,46.59,
CLM-71445,"September 24, 2025",Franchise_TX_01,Antimicrobial Treatment,25.0,2158.0,1250.78,0,,86.32,
CLM-96466,2025-05-02,Franchise_FL_04,Baseboard Replacement,4.0,423.24,188.29,0,105.81,,
CLM-66184,"September 26, 2025",Franchise_TX_01,Dehumidifier Rental,9.0,748.26,312.65,0,,83.14,
CLM-67132,2025-08-07,Franchise_FL_04,Antimicrobial Treatment,1.0,55.9,55.9,1,55.9,,
CLM-31545,02/08/2025,Franchise_NY_12,Water Extraction,,1613.92,1613.92,1,,$100.87,16.0
CLM-72974,"April 29, 2025",Franchise_TX_01,Dehumidifier Rental,5.0,646.5,351.03,0,,129.3,
CLM-75679,2025-01-07,Franchise_FL_04,Baseboard Replacement,36.0,2957.76,2957.76,1,82.16,,
CLM-92671,2025-01-05,Franchise_FL_04,Water Extraction,49.0,1551.83,881.35,0,31.67,,
CLM-14690,2025-08-03,Franchise_FL_04,Baseboard Replacement,20.0,,1495.76,0,130.01,,
CLM-63033,03/28/2025,Franchise_NY_12,Antimicrobial Treatment,,910.36,910.36,1,,$20.69,44.0
CLM-54161,2025-08-29,Franchise_FL_04,Drywall Repair,39.0,4201.47,4201.47,1,107.73,,
CLM-21038,12/02/2025,Franchise_NY_12,Dehumidifier Rental,,5261.1,5261.1,1,,$134.9,39.0
CLM-85543,2025-07-25,Franchise_FL_04,Baseboard Replacement,45.0,,2612.07,0,109.36,,
CLM-99909,"August 20, 2025",Franchise_TX_01,Antimicrobial Treatment - MISC,40.0,2009.6,1498.24,0,,50.24,
CLM-62852,2025-03-18,Franchise_FL_04,Drywall Repair,35.0,4454.1,4454.1,1,127.26,,
CLM-72047,04/09/2025,Franchise_NY_12,Baseboard Replacement,,3797.76,3797.76,1,,$88.32,43.0
CLM-96431,"July 06, 2025",Franchise_TX_01,Dehumidifier Rental,49.0,1759.1,1759.1,1,,35.9,
CLM-64127,03/17/2025,Franchise_NY_12,Baseboard Replacement,,601.86,601.86,1,,$28.66,21.0
CLM-82083,04/01/2025,Franchise_NY_12,Baseboard Replacement,,1008.8,702.69,0,,$126.1,8.0
CLM-80930,2025-07-28,Franchise_FL_04,Antimicrobial Treatment,4.0,,455.72,1,113.93,,
CLM-98112,"April 28, 2025",Franchise_TX_01,Dehumidifier Rental,9.0,1248.39,1248.39,1,,138.71,
CLM-27571,2025-08-10,Franchise_FL_04,Drywall Repair,42.0,4338.6,4338.6,1,103.3,,
CLM-84321,2025-06-11,Franchise_FL_04,Dehumidifier Rental,17.0,488.92,488.92,1,28.76,,
CLM-66339,01/19/2025,Franchise_NY_12,Drywall Repair,,593.7,240.65,0,,$98.95,6.0
CLM-77547,2025-09-13,Franchise_FL_04,Drywall Repair,43.0,5122.59,5122.59,1,119.13,,
CLM-50874,05/31/2025,Franchise_NY_12,Antimicrobial Treatment,,660.18,660.18,1,,$110.03,6.0
CLM-66220,2025-01-20,Franchise_FL_04,Dehumidifier Rental,20.0,1739.6,1739.6,1,86.98,,
CLM-76203,07/08/2025,Franchise_NY_12,Drywall Repair,,1830.5,733.37,0,,$52.3,35.0
CLM-51513,2025-09-07,Franchise_FL_04,Baseboard Replacement,25.0,,500.03,0,31.5,,
CLM-73791,2025-12-12,Franchise_FL_04,Baseboard Replacement,28.0,1925.0,1484.26,0,68.75,,
CLM-78231,07/21/2025,Franchise_NY_12,Baseboard Replacement,,469.42,469.42,1,,$67.06,7.0
CLM-35049,2025-05-18,Franchise_FL_04,Baseboard Replacement,45.0,1981.35,1981.35,1,44.03,,
CLM-22582,02/04/2025,Franchise_NY_12,Antimicrobial Treatment,,343.89,202.36,0,,$38.21,9.0
CLM-10957,2025-08-09,Franchise_FL_04,Baseboard Replacement,38.0,4466.52,4466.52,1,117.54,,
CLM-78542,2025-12-25,Franchise_FL_04,Baseboard Replacement,40.0,2560.0,2560.0,1,64.0,,
CLM-67236,2025-10-15,Franchise_FL_04,Antimicrobial Treatment,1.0,33.27,16.06,0,33.27,,
CLM-76479,12/17/2025,Franchise_NY_12,Antimicrobial Treatment,,722.7,722.7,1,,$21.9,33.0
CLM-73140,01/21/2025,Franchise_NY_12,Baseboard Replacement,,3082.05,3082.05,1,,$114.15,27.0
CLM-68815,07/03/2025,Franchise_NY_12,Drywall Repair,,1194.12,727.79,0,,$99.51,12.0
CLM-49722,"February 14, 2025",Franchise_TX_01,Baseboard Replacement - MISC,29.0,2909.86,2909.86,1,,100.34,
CLM-71269,06/07/2025,Franchise_NY_12,Dehumidifier Rental,,1472.0,865.63,0,,$58.88,25.0
CLM-42993,"May 03, 2025",Franchise_TX_01,Antimicrobial Treatment - MISC,15.0,890.7,758.07,0,,59.38,
CLM-17953,"January 21, 2025",Franchise_TX_01,Drywall Repair,31.0,4358.29,2532.31,0,,140.59,
CLM-28557,"October 24, 2025",Franchise_TX_01,Dehumidifier Rental,47.0,6031.04,6031.04,1,,128.32,
CLM-66638,03/31/2025,Franchise_NY_12,Baseboard Replacement,,6546.6,6546.6,1,,$145.48,45.0
CLM-23642,01/31/2025,Franchise_NY_12,Baseboard Replacement,,739.04,739.04,1,,$23.84,31.0
CLM-97412,2025-09-05,Franchise_FL_04,Water Extraction,20.0,1696.2,1696.2,1,84.81,,
CLM-37633,06/04/2025,Franchise_NY_12,Dehumidifier Rental,,1739.16,1243.35,0,,$48.31,36.0
CLM-48479,02/06/2025,Franchise_NY_12,Dehumidifier Rental,,1981.44,820.63,0,,$82.56,24.0
CLM-70964,2025-10-09,Franchise_FL_04,Antimicrobial Treatment,38.0,3775.3,3030.96,0,99.35,,
CLM-39014,"February 24, 2025",Franchise_TX_01,Antimicrobial Treatment,40.0,1736.0,1365.08,0,,43.4,
CLM-43491,12/27/2025,Franchise_NY_12,Drywall Repair,,1794.16,894.17,0,,$43.76,41.0
CLM-80272,02/03/2025,Franchise_NY_12,Dehumidifier Rental,,4482.72,4482.72,1,,$135.84,33.0
CLM-93858,2025-02-08,Franchise_FL_04,Drywall Repair,32.0,1015.36,831.63,0,31.73,,
CLM-25528,"April 18, 2025",Franchise_TX_01,Dehumidifier Rental,45.0,2236.5,1471.95,0,,49.7,
CLM-77194,01/18/2025,Franchise_NY_12,Antimicrobial Treatment,,949.69,474.26,0,,$135.67,7.0
CLM-42226,"August 29, 2025",Franchise_TX_01,Baseboard Replacement - MISC,30.0,1255.8,1255.8,1,,41.86,
CLM-76912,"January 13, 2025",Franchise_TX_01,Water Extraction,44.0,2625.04,1409.4,0,,59.66,
CLM-17616,06/30/2025,Franchise_NY_12,Drywall Repair,,2323.5,1800.34,0,,$46.47,50.0
CLM-75986,2025-09-19,Franchise_FL_04,Drywall Repair,26.0,2219.62,2219.62,1,85.37,,
CLM-60229,02/03/2025,Franchise_NY_12,Drywall Repair,,1055.47,1055.47,1,,$81.19,13.0
CLM-88462,"November 14, 2025",Franchise_TX_01,Water Extraction,25.0,860.5,689.24,0,,34.42,
CLM-83833,2025-09-30,Franchise_FL_04,Dehumidifier Rental,37.0,1102.97,1102.97,1,29.81,,
CLM-76655,"March 25, 2025",Franchise_TX_01,Drywall Repair,25.0,2296.75,2296.75,1,,91.87,
CLM-21280,2025-02-04,Franchise_FL_04,Drywall Repair,8.0,227.6,227.6,1,28.45,,
CLM-28917,04/07/2025,Franchise_NY_12,Drywall Repair,,2250.11,1170.58,0,,$77.59,29.0
CLM-68764,2025-08-02,Franchise_FL_04,Baseboard Replacement,14.0,1733.2,1280.71,0,123.8,,
CLM-39326,"May 22, 2025",Franchise_TX_01,Baseboard Replacement,26.0,554.32,554.32,1,,21.32,
CLM-82405,"June 09, 2025",Franchise_TX_01,Baseboard Replacement,44.0,2670.8,2670.8,1,,60.7,
CLM-39252,"February 10, 2025",Franchise_TX_01,Water Extraction - MISC,2.0,112.48,81.3,0,,56.24,
CLM-61772,"July 03, 2025",Franchise_TX_01,Drywall Repair,43.0,3222.85,3222.85,1,,74.95,
CLM-61770,"September 16, 2025",Franchise_TX_01,Dehumidifier Rental,33.0,3907.2,2435.71,0,,118.4,
CLM-58815,2025-01-18,Franchise_FL_04,Dehumidifier Rental,5.0,720.2,720.2,1,144.04,,
CLM-37990,2025-09-11,Franchise_FL_04,Antimicrobial Treatment,37.0,1908.83,1291.81,0,51.59,,
CLM-35597,"October 08, 2025",Franchise_TX_01,Dehumidifier Rental,14.0,482.72,482.72,1,,34.48,
CLM-52006,"October 24, 2025",Franchise_TX_01,Antimicrobial Treatment,6.0,225.18,154.87,0,,37.53,
CLM-27656,03/08/2025,Franchise_NY_12,Water Extraction,,133.14,133.14,1,,$22.19,6.0
CLM-52248,06/21/2025,Franchise_NY_12,Antimicrobial Treatment,,2618.55,1460.82,0,,$58.19,45.0
CLM-72301,"March 17, 2025",Franchise_TX_01,Baseboard Replacement,31.0,793.91,385.26,0,,25.61,
CLM-18366,05/03/2025,Franchise_NY_12,Water Extraction,,2433.19,2433.19,1,,$78.49,31.0
CLM-15034,02/12/2025,Franchise_NY_12,Drywall Repair,,4315.74,4315.74,1,,$130.78,33.0
CLM-42556,2025-06-02,Franchise_FL_04,Antimicrobial Treatment,50.0,1614.0,1444.89,0,32.28,,
CLM-83723,"May 30, 2025",Franchise_TX_01,Drywall Repair,45.0,6497.55,6497.55,1,,144.39,
CLM-69021,2025-08-02,Franchise_FL_04,Water Extraction,43.0,5534.1,5534.1,1,128.7,,
CLM-34212,10/09/2025,Franchise_NY_12,Dehumidifier Rental,,5202.82,4541.54,0,,$106.18,49.0
CLM-93599,"June 15, 2025",Franchise_TX_01,Baseboard Replacement,35.0,1922.55,1922.55,1,,54.93,
CLM-27091,2025-01-11,Franchise_FL_04,Dehumidifier Rental,37.0,2767.97,1942.87,0,74.81,,
CLM-87855,"November 08, 2025",Franchise_TX_01,Dehumidifier Rental - MISC,39.0,2336.49,2336.49,1,,59.91,
CLM-38406,10/15/2025,Franchise_NY_12,Drywall Repair,,722.86,722.86,1,,$15.38,47.0
CLM-55473,2025-02-28,Franchise_FL_04,Drywall Repair,47.0,1337.62,1181.51,0,28.46,,
CLM-23547,"March 19, 2025",Franchise_TX_01,Dehumidifier Rental,10.0,484.7,413.82,0,,48.47,
CLM-29960,05/25/2025,Franchise_NY_12,Antimicrobial Treatment,,587.25,587.25,1,,$23.49,25.0
CLM-63833,2025-12-22,Franchise_FL_04,Dehumidifier Rental,14.0,491.26,491.26,1,35.09,,
CLM-58633,2025-08-29,Franchise_FL_04,Baseboard Replacement,8.0,827.28,505.35,0,103.41,,
CLM-14076,12/27/2025,Franchise_NY_12,Baseboard Replacement,,1464.0,1464.0,1,,$91.5,16.0
CLM-40635,03/16/2025,Franchise_NY_12,Drywall Repair,,3242.6,3242.6,1,,$104.6,31.0
CLM-87980,10/08/2025,Franchise_NY_12,Drywall Repair,,2617.2,2617.2,1,,$87.24,30.0
CLM-43660,2025-05-14,Franchise_FL_04,Baseboard Replacement,38.0,1084.14,1084.14,1,28.53,,
CLM-79489,"August 25, 2025",Franchise_TX_01,Dehumidifier Rental,9.0,185.4,104.38,0,,20.6,
CLM-95386,2025-05-15,Franchise_FL_04,Antimicrobial Treatment,27.0,3132.0,2759.18,0,116.0,,
CLM-10910,"November 11, 2025",Franchise_TX_01,Water Extraction,48.0,2130.72,2130.72,1,,44.39,
CLM-19455,"February 14, 2025",Franchise_TX_01,Antimicrobial Treatment,21.0,1392.51,1193.72,0,,66.31,
CLM-40866,05/16/2025,Franchise_NY_12,Antimicrobial Treatment,,1196.0,836.25,0,,$92.0,13.0
CLM-68323,01/06/2025,Franchise_NY_12,Antimicrobial Treatment,,7060.32,7060.32,1,,$147.09,48.0
CLM-93806,2025-08-13,Franchise_FL_04,Drywall Repair,14.0,1762.46,1762.46,1,125.89,,
CLM-74842,2025-04-08,Franchise_FL_04,Baseboard Replacement,30.0,1159.5,1159.5,1,38.65,,
CLM-44991,2025-12-06,Franchise_FL_04,Antimicrobial Treatment,22.0,816.64,542.42,0,37.12,,
CLM-19343,2025-07-18,Franchise_FL_04,Drywall Repair,5.0,605.4,605.4,1,121.08,,
CLM-13404,"March 20, 2025",Franchise_TX_01,Water Extraction,22.0,2571.58,2571.58,1,,116.89,
CLM-21958,2025-02-01,Franchise_FL_04,Dehumidifier Rental,4.0,100.0,67.12,0,25.0,,
CLM-50925,10/27/2025,Franchise_NY_12,Water Extraction,,546.63,417.36,0,,$28.77,19.0
CLM-88693,2025-02-07,Franchise_FL_04,Drywall Repair,10.0,1064.9,1064.9,1,106.49,,
CLM-32968,2025-04-06,Franchise_FL_04,Baseboard Replacement,40.0,5681.2,5681.2,1,142.03,,
CLM-94441,2025-12-11,Franchise_FL_04,Baseboard Replacement,40.0,1614.0,1614.0,1,40.35,,
CLM-39802,05/15/2025,Franchise_NY_12,Dehumidifier Rental,,2263.8,2263.8,1,,$80.85,28.0
CLM-68995,2025-06-05,Franchise_FL_04,Water Extraction,21.0,,2877.84,1,137.04,,
CLM-28220,05/10/2025,Franchise_NY_12,Dehumidifier Rental,,817.52,817.52,1,,$74.32,11.0
CLM-87259,09/24/2025,Franchise_NY_12,Antimicrobial Treatment,,4499.72,2191.5,0,,$97.82,46.0
CLM-35123,2025-08-04,Franchise_FL_04,Dehumidifier Rental,15.0,1409.25,1409.25,1,93.95,,
CLM-15338,04/04/2025,Franchise_NY_12,Baseboard Replacement,,459.4,382.32,0,,$22.97,20.0
CLM-40440,07/15/2025,Franchise_NY_12,Antimicrobial Treatment,,2379.0,2379.0,1,,$91.5,26.0
CLM-72888,"August 17, 2025",Franchise_TX_01,Dehumidifier Rental,49.0,2384.34,2384.34,1,,48.66,
CLM-11237,01/06/2025,Franchise_NY_12,Water Extraction,,1305.85,870.74,0,,$100.45,13.0
CLM-66696,2025-03-15,Franchise_FL_04,Dehumidifier Rental,15.0,1566.45,1404.13,0,104.43,,
CLM-49693,"April 21, 2025",Franchise_TX_01,Drywall Repair,33.0,691.68,436.76,0,,20.96,
CLM-88300,"September 09, 2025",Franchise_TX_01,Antimicrobial Treatment,45.0,6739.65,6739.65,1,,149.77,
CLM-38350,04/18/2025,Franchise_NY_12,Dehumidifier Rental,,782.73,466.96,0,,$86.97,9.0
CLM-30158,"June 21, 2025",Franchise_TX_01,Drywall Repair,39.0,5752.5,5752.5,1,,147.5,
CLM-84143,01/18/2025,Franchise_NY_12,Water Extraction,,57.84,57.84,1,,$19.28,3.0
CLM-71193,"August 17, 2025",Franchise_TX_01,Dehumidifier Rental - MISC,45.0,6328.8,5603.2,0,,140.64,
CLM-56975,01/15/2025,Franchise_NY_12,Baseboard Replacement,,2357.39,2357.39,1,,$48.11,49.0
CLM-74339,"December 22, 2025",Franchise_TX_01,Antimicrobial Treatment,40.0,3066.8,3066.8,1,,76.67,
CLM-49601,2025-07-10,Franchise_FL_04,Water Extraction,21.0,2833.11,2241.71,0,134.91,,
CLM-16488,"August 26, 2025",Franchise_TX_01,Water Extraction,3.0,433.02,433.02,1,,144.34,
CLM-13555,2025-10-30,Franchise_FL_04,Drywall Repair,41.0,5837.58,2398.64,0,142.38,,
CLM-28663,12/04/2025,Franchise_NY_12,Dehumidifier Rental,,3017.74,2091.81,0,,$104.06,29.0
CLM-12586,2025-04-23,Franchise_FL_04,Baseboard Replacement,38.0,4191.02,3713.02,0,110.29,,
CLM-24121,2025-08-21,Franchise_FL_04,Drywall Repair,49.0,2135.91,1348.18,0,43.59,,
CLM-56966,2025-04-04,Franchise_FL_04,Baseboard Replacement,28.0,1067.92,561.5,0,38.14,,
CLM-83278,2025-02-26,Franchise_FL_04,Dehumidifier Rental,20.0,324.2,324.2,1,16.21,,
CLM-44150,"October 22, 2025",Franchise_TX_01,Drywall Repair,27.0,1841.4,1841.4,1,,68.2,
CLM-80545,2025-03-21,Franchise_FL_04,Antimicrobial Treatment,31.0,1966.64,1966.64,1,63.44,,
CLM-95044,"November 23, 2025",Franchise_TX_01,Baseboard Replacement,49.0,1042.23,1042.23,1,,21.27,
CLM-43450,2025-04-01,Franchise_FL_04,Drywall Repair,43.0,6265.96,6265.96,1,145.72,,
CLM-66663,12/13/2025,Franchise_NY_12,Dehumidifier Rental,,2310.35,2310.35,1,,$47.15,49.0
CLM-25318,03/31/2025,Franchise_NY_12,Antimicrobial Treatment,,1071.0,734.63,0,,$29.75,36.0
CLM-72703,"December 13, 2025",Franchise_TX_01,Drywall Repair,11.0,1644.94,1290.44,0,,149.54,
CLM-81479,05/15/2025,Franchise_NY_12,Antimicrobial Treatment,,990.36,990.36,1,,$141.48,7.0
CLM-95106,2025-12-02,Franchise_FL_04,Drywall Repair,46.0,4269.72,3191.51,0,92.82,,
CLM-58044,04/18/2025,Franchise_NY_12,Dehumidifier Rental,,3196.48,2761.1,0,,$99.89,32.0
CLM-91739,11/22/2025,Franchise_NY_12,Antimicrobial Treatment,,3153.6,3153.6,1,,$78.84,40.0
CLM-62980,2025-02-15,Franchise_FL_04,Dehumidifier Rental,45.0,4640.4,4640.4,1,103.12,,
CLM-43138,2025-08-10,Franchise_FL_04,Antimicrobial Treatment,3.0,266.52,164.07,0,88.84,,
CLM-27766,01/28/2025,Franchise_NY_12,Water Extraction,,2810.29,1264.45,0,,$147.91,19.0
CLM-85913,2025-05-26,Franchise_FL_04,Baseboard Replacement,43.0,5191.39,2145.46,0,120.73,,
CLM-24603,2025-03-05,Franchise_FL_04,Antimicrobial Treatment,2.0,38.96,25.5,0,19.48,,
CLM-22966,2025-08-09,Franchise_FL_04,Dehumidifier Rental,36.0,3364.2,3364.2,1,93.45,,
CLM-44289,2025-11-02,Franchise_FL_04,Baseboard Replacement,10.0,809.4,809.4,1,80.94,,
CLM-74438,2025-07-19,Franchise_FL_04,Drywall Repair,29.0,1329.65,1329.65,1,45.85,,
CLM-38759,09/17/2025,Franchise_NY_12,Drywall Repair,,2131.87,2131.87,1,,$68.77,31.0
CLM-29214,05/04/2025,Franchise_NY_12,Water Extraction,,114.64,63.61,0,,$114.64,1.0
CLM-59578,12/20/2025,Franchise_NY_12,Antimicrobial Treatment,,4115.25,4115.25,1,,$91.45,45.0
CLM-18756,09/29/2025,Franchise_NY_12,Baseboard Replacement,,186.05,126.25,0,,$37.21,5.0
CLM-98807,2025-04-28,Franchise_FL_04,Baseboard Replacement,47.0,3209.16,3209.16,1,68.28,,
CLM-22586,"February 28, 2025",Franchise_TX_01,Dehumidifier Rental,36.0,3952.08,1872.6,0,,109.78,
CLM-67542,11/29/2025,Franchise_NY_12,Antimicrobial Treatment,,2071.86,2071.86,1,,$49.33,42.0
CLM-86546,08/12/2025,Franchise_NY_12,Water Extraction,,5372.4,3512.64,0,,$145.2,37.0
CLM-53233,08/07/2025,Franchise_NY_12,Baseboard Replacement,,1148.4,1148.4,1,,$52.2,22.0
CLM-50189,2025-05-05,Franchise_FL_04,Antimicrobial Treatment,23.0,1173.69,699.46,0,51.03,,
CLM-99945,"September 02, 2025",Franchise_TX_01,Dehumidifier Rental - MISC,22.0,2519.22,2519.22,1,,114.51,
CLM-35454,2025-06-11,Franchise_FL_04,Antimicrobial Treatment,47.0,6580.94,6580.94,1,140.02,,
CLM-25616,"July 26, 2025",Franchise_TX_01,Dehumidifier Rental,50.0,7318.5,4504.77,0,,146.37,
CLM-15780,"October 09, 2025",Franchise_TX_01,Antimicrobial Treatment,49.0,1479.8,1479.8,1,,30.2,
CLM-93565,"February 23, 2025",Franchise_TX_01,Dehumidifier Rental,47.0,5221.7,4397.64,0,,111.1,
CLM-77003,02/02/2025,Franchise_NY_12,Drywall Repair,,372.57,372.57,1,,$124.19,3.0
CLM-81839,10/03/2025,Franchise_NY_12,Antimicrobial Treatment,,3328.26,3328.26,1,,$97.89,34.0
CLM-87577,02/11/2025,Franchise_NY_12,Drywall Repair,,3877.86,3877.86,1,,$79.14,49.0
CLM-86686,12/19/2025,Franchise_NY_12,Drywall Repair,,7165.76,4256.91,0,,$146.24,49.0
CLM-17790,06/14/2025,Franchise_NY_12,Antimicrobial Treatment,,48.9,21.26,0,,$16.3,3.0
CLM-52848,2025-02-02,Franchise_FL_04,Antimicrobial Treatment,30.0,1513.2,1513.2,1,50.44,,
CLM-89053,"July 08, 2025",Franchise_TX_01,Dehumidifier Rental,18.0,972.72,972.72,1,,54.04,
CLM-10281,06/09/2025,Franchise_NY_12,Drywall Repair,,3673.89,2693.91,0,,$136.07,27.0
CLM-66911,03/23/2025,Franchise_NY_12,Baseboard Replacement,,497.14,497.14,1,,$35.51,14.0
CLM-32350,04/16/2025,Franchise_NY_12,Dehumidifier Rental,,2186.8,2186.8,1,,$62.48,35.0
CLM-21716,2025-07-28,Franchise_FL_04,Dehumidifier Rental,9.0,1274.76,875.12,0,141.64,,
CLM-93146,04/24/2025,Franchise_NY_12,Water Extraction,,314.64,314.64,1,,$16.56,19.0
CLM-52625,2025-11-01,Franchise_FL_04,Drywall Repair,38.0,5599.3,5599.3,1,147.35,,
CLM-93150,2025-08-01,Franchise_FL_04,Antimicrobial Treatment,4.0,188.28,109.56,0,47.07,,
CLM-61460,10/03/2025,Franchise_NY_12,Dehumidifier Rental,,144.93,144.93,1,,$48.31,3.0
CLM-21738,2025-11-27,Franchise_FL_04,Baseboard Replacement,29.0,3905.72,2094.3,0,134.68,,
CLM-69930,"July 30, 2025",Franchise_TX_01,Dehumidifier Rental,33.0,4491.96,2216.37,0,,136.12,
CLM-12340,"April 20, 2025",Franchise_TX_01,Water Extraction,17.0,1647.64,1647.64,1,,96.92,
CLM-35356,"January 15, 2025",Franchise_TX_01,Drywall Repair,17.0,2250.97,1024.27,0,,132.41,
CLM-29850,2025-05-21,Franchise_FL_04,Drywall Repair,48.0,2772.48,2772.48,1,57.76,,
CLM-89917,"June 05, 2025",Franchise_TX_01,Baseboard Replacement - MISC,38.0,3010.74,3010.74,1,,79.23,
CLM-54503,2025-09-21,Franchise_FL_04,Water Extraction,33.0,1602.15,1602.15,1,48.55,,
CLM-36515,"March 10, 2025",Franchise_TX_01,Drywall Repair,20.0,763.0,308.27,0,,38.15,
CLM-45241,2025-05-23,Franchise_FL_04,Baseboard Replacement,27.0,2756.43,2756.43,1,102.09,,
CLM-74241,"March 13, 2025",Franchise_TX_01,Drywall Repair,44.0,3225.2,3225.2,1,,73.3,
CLM-57049,"January 01, 2026",Franchise_TX_01,Drywall Repair,7.0,763.84,763.84,1,,109.12,
CLM-15134,06/03/2025,Franchise_NY_12,Water Extraction,,4577.1,2455.76,0,,$120.45,38.0
CLM-26100,"February 02, 2025",Franchise_TX_01,Antimicrobial Treatment - MISC,20.0,676.6,676.6,1,,33.83,
CLM-32490,08/15/2025,Franchise_NY_12,Baseboard Replacement,,3992.04,3992.04,1,,$110.89,36.0
CLM-37868,2025-08-07,Franchise_FL_04,Baseboard Replacement,17.0,,938.01,0,92.86,,
CLM-19057,2025-09-26,Franchise_FL_04,Drywall Repair,48.0,6478.56,2995.75,0,134.97,,
CLM-12400,"April 01, 2025",Franchise_TX_01,Dehumidifier Rental,45.0,4248.0,1785.94,0,,94.4,
CLM-38818,10/18/2025,Franchise_NY_12,Drywall Repair,,4835.48,3007.57,0,,$142.22,34.0
CLM-58561,2025-03-29,Franchise_FL_04,Antimicrobial Treatment,31.0,2706.3,1791.78,0,87.3,,
CLM-48988,08/12/2025,Franchise_NY_12,Baseboard Replacement,,297.12,171.84,0,,$18.57,16.0
CLM-49207,2025-09-03,Franchise_FL_04,Baseboard Replacement,36.0,5291.28,4666.47,0,146.98,,
CLM-19516,2025-11-20,Franchise_FL_04,Dehumidifier Rental,13.0,347.36,248.52,0,26.72,,
CLM-51900,03/20/2025,Franchise_NY_12,Antimicrobial Treatment,,4174.26,3472.3,0,,$143.94,29.0
CLM-40934,"January 16, 2025",Franchise_TX_01,Drywall Repair,30.0,1305.3,1305.3,1,,43.51,
CLM-72065,"December 18, 2025",Franchise_TX_01,Baseboard Replacement,9.0,370.89,370.89,1,,41.21,
CLM-12061,"October 16, 2025",Franchise_TX_01,Water Extraction,27.0,3498.12,3498.12,1,,129.56,
CLM-53365,2025-09-10,Franchise_FL_04,Water Extraction,13.0,228.15,228.15,1,17.55,,
CLM-89712,02/01/2025,Franchise_NY_12,Dehumidifier Rental,,1837.8,1837.8,1,,$102.1,18.0
CLM-23581,"July 21, 2025",Franchise_TX_01,Antimicrobial Treatment - MISC,38.0,3695.12,3695.12,1,,97.24,
CLM-52040,"March 02, 2025",Franchise_TX_01,Antimicrobial Treatment,34.0,3232.72,3232.72,1,,95.08,
CLM-28207,09/24/2025,Franchise_NY_12,Dehumidifier Rental,,4073.02,3430.84,0,,$86.66,47.0
CLM-20225,2025-04-09,Franchise_FL_04,Baseboard Replacement,47.0,5378.68,5378.68,1,114.44,,
CLM-18063,"August 07, 2025",Franchise_TX_01,Drywall Repair,31.0,3441.62,3441.62,1,,111.02,
CLM-99601,2025-12-03,Franchise_FL_04,Water Extraction,26.0,2106.78,944.76,0,81.03,,
CLM-98289,2025-03-28,Franchise_FL_04,Water Extraction,48.0,748.8,511.15,0,15.6,,
CLM-98435,01/22/2025,Franchise_NY_12,Dehumidifier Rental,,713.16,713.16,1,,$101.88,7.0
CLM-94564,"October 02, 2025",Franchise_TX_01,Antimicrobial Treatment - MISC,20.0,2683.6,1187.18,0,,134.18,
CLM-39991,2025-03-08,Franchise_FL_04,Dehumidifier Rental,40.0,5030.0,5030.0,1,125.75,,
CLM-61108,"July 14, 2025",Franchise_TX_01,Drywall Repair,21.0,1318.8,607.64,0,,62.8,
CLM-40878,2025-12-14,Franchise_FL_04,Drywall Repair,37.0,3432.12,3432.12,1,92.76,,
CLM-58047,2025-08-23,Franchise_FL_04,Dehumidifier Rental,27.0,,2256.7,0,146.55,,
CLM-90785,"October 10, 2025",Franchise_TX_01,Water Extraction - MISC,10.0,737.9,585.76,0,,73.79,
CLM-68395,2025-08-31,Franchise_FL_04,Water Extraction,15.0,705.3,705.3,1,47.02,,
CLM-85655,2025-03-09,Franchise_FL_04,Antimicrobial Treatment,49.0,2870.42,2870.42,1,58.58,,
CLM-45131,"June 15, 2025",Franchise_TX_01,Water Extraction,5.0,618.35,403.19,0,,123.67,
CLM-16696,2025-10-31,Franchise_FL_04,Dehumidifier Rental,21.0,2452.38,2452.38,1,116.78,,
CLM-97922,2025-08-13,Franchise_FL_04,Baseboard Replacement,44.0,3930.08,3930.08,1,89.32,,
CLM-67842,"April 30, 2025",Franchise_TX_01,Antimicrobial Treatment,43.0,5799.84,5799.84,1,,134.88,
CLM-35361,2025-12-19,Franchise_FL_04,Drywall Repair,16.0,1850.4,1850.4,1,115.65,,
CLM-15037,"June 16, 2025",Franchise_TX_01,Water Extraction,37.0,1545.12,1545.12,1,,41.76,
CLM-85027,2025-07-06,Franchise_FL_04,Baseboard Replacement,22.0,3249.62,2892.41,0,147.71,,
CLM-48984,2025-11-09,Franchise_FL_04,Water Extraction,43.0,1271.08,1271.08,1,29.56,,
CLM-40089,"May 14, 2025",Franchise_TX_01,Drywall Repair,1.0,142.79,101.78,0,,142.79,
CLM-13230,05/21/2025,Franchise_NY_12,Water Extraction,,1530.6,700.68,0,,$76.53,20.0
CLM-68892,11/24/2025,Franchise_NY_12,Antimicrobial Treatment,,472.2,472.2,1,,$78.7,6.0
CLM-71020,2025-03-30,Franchise_FL_04,Baseboard Replacement,18.0,,1055.41,0,123.72,,
CLM-86759,10/18/2025,Franchise_NY_12,Antimicrobial Treatment,,135.84,119.79,0,,$45.28,3.0
CLM-55839,2025-01-14,Franchise_FL_04,Baseboard Replacement,28.0,,2034.28,0,83.22,,
CLM-25448,06/10/2025,Franchise_NY_12,Baseboard Replacement,,3041.29,2572.98,0,,$132.23,23.0
CLM-51045,"August 17, 2025",Franchise_TX_01,Antimicrobial Treatment,42.0,836.22,438.78,0,,19.91,
CLM-96721,11/27/2025,Franchise_NY_12,Baseboard Replacement,,843.75,843.75,1,,$56.25,15.0
CLM-11632,"November 04, 2025",Franchise_TX_01,Baseboard Replacement,43.0,3640.38,3640.38,1,,84.66,
CLM-95933,04/21/2025,Franchise_NY_12,Drywall Repair,,3237.74,3237.74,1,,$147.17,22.0
CLM-69489,"April 18, 2025",Franchise_TX_01,Drywall Repair,48.0,1113.12,1113.12,1,,23.19,
CLM-89002,02/26/2025,Franchise_NY_12,Antimicrobial Treatment,,1496.8,1270.96,0,,$37.42,40.0
CLM-26462,2025-01-14,Franchise_FL_04,Water Extraction,40.0,1998.4,1998.4,1,49.96,,
CLM-84612,09/24/2025,Franchise_NY_12,Baseboard Replacement,,1152.84,1152.84,1,,$88.68,13.0
CLM-82578,"May 16, 2025",Franchise_TX_01,Baseboard Replacement,25.0,2235.75,1455.11,0,,89.43,
CLM-50016,08/10/2025,Franchise_NY_12,Water Extraction,,2844.87,2844.87,1,,$135.47,21.0
CLM-99655,2025-01-14,Franchise_FL_04,Antimicrobial Treatment,13.0,345.41,345.41,1,26.57,,
CLM-18043,2025-03-04,Franchise_FL_04,Baseboard Replacement,26.0,1256.06,674.83,0,48.31,,
CLM-94345,"February 28, 2025",Franchise_TX_01,Antimicrobial Treatment,42.0,3578.4,3578.4,1,,85.2,
CLM-85885,07/20/2025,Franchise_NY_12,Dehumidifier Rental,,6136.0,4386.36,0,,$122.72,50.0
CLM-66890,10/27/2025,Franchise_NY_12,Antimicrobial Treatment,,585.2,585.2,1,,$30.8,19.0
CLM-45774,"September 23, 2025",Franchise_TX_01,Water Extraction,28.0,3286.64,3286.64,1,,117.38,
CLM-25685,11/20/2025,Franchise_NY_12,Water Extraction,,3111.21,3111.21,1,,$115.23,27.0
CLM-60779,2025-06-01,Franchise_FL_04,Baseboard Replacement,42.0,5725.86,5725.86,1,136.33,,
CLM-60500,01/28/2025,Franchise_NY_12,Drywall Repair,,1797.75,1797.75,1,,$105.75,17.0
CLM-12474,2025-04-06,Franchise_FL_04,Water Extraction,37.0,3362.19,2483.83,0,90.87,,
CLM-56610,"November 29, 2025",Franchise_TX_01,Drywall Repair,20.0,819.0,357.77,0,,40.95,
CLM-11050,05/19/2025,Franchise_NY_12,Water Extraction,,6977.6,6977.6,1,,$142.4,49.0
CLM-42272,2025-09-17,Franchise_FL_04,Baseboard Replacement,35.0,4381.3,2401.77,0,125.18,,
CLM-97697,2025-10-06,Franchise_FL_04,Antimicrobial Treatment,32.0,,1090.08,0,78.94,,
CLM-25107,10/17/2025,Franchise_NY_12,Baseboard Replacement,,4070.7,4070.7,1,,$135.69,30.0
CLM-49999,2025-05-09,Franchise_FL_04,Water Extraction,8.0,635.2,635.2,1,79.4,,
CLM-97569,"December 24, 2025",Franchise_TX_01,Dehumidifier Rental,44.0,5856.84,5856.84,1,,133.11,
CLM-45086,"January 25, 2025",Franchise_TX_01,Antimicrobial Treatment,4.0,290.84,132.32,0,,72.71,
CLM-15795,02/07/2025,Franchise_NY_12,Dehumidifier Rental,,630.21,370.41,0,,$30.01,21.0
CLM-18092,2025-07-22,Franchise_FL_04,Baseboard Replacement,17.0,2317.44,1454.69,0,136.32,,
CLM-29743,"March 10, 2025",Franchise_TX_01,Antimicrobial Treatment,29.0,1925.02,1925.02,1,,66.38,
CLM-86248,05/23/2025,Franchise_NY_12,Dehumidifier Rental,,5553.12,2415.64,0,,$115.69,48.0
CLM-50452,05/17/2025,Franchise_NY_12,Dehumidifier Rental,,1350.67,654.7,0,,$43.57,31.0
CLM-68639,2025-06-04,Franchise_FL_04,Water Extraction,1.0,146.12,146.12,1,146.12,,
CLM-93878,2025-04-23,Franchise_FL_04,Baseboard Replacement,23.0,1620.81,726.05,0,70.47,,
CLM-80660,2025-01-03,Franchise_FL_04,Water Extraction,30.0,4361.7,4361.7,1,145.39,,
CLM-12749,2025-01-31,Franchise_FL_04,Drywall Repair,31.0,2781.94,2781.94,1,89.74,,
CLM-59051,03/02/2025,Franchise_NY_12,Dehumidifier Rental,,1459.81,1459.81,1,,$132.71,11.0
CLM-76357,"May 30, 2025",Franchise_TX_01,Dehumidifier Rental,21.0,414.96,414.96,1,,19.76,
CLM-10964,02/22/2025,Franchise_NY_12,Dehumidifier Rental,,1314.72,1056.44,0,,$36.52,36.0
CLM-79687,"October 11, 2025",Franchise_TX_01,Antimicrobial Treatment,16.0,988.16,552.98,0,,61.76,
CLM-83784,03/13/2025,Franchise_NY_12,Drywall Repair,,1588.5,1588.5,1,,$105.9,15.0
CLM-55215,02/10/2025,Franchise_NY_12,Water Extraction,,1126.08,1126.08,1,,$35.19,32.0
CLM-89127,2025-06-28,Franchise_FL_04,Dehumidifier Rental,19.0,2235.73,2235.73,1,117.67,,
CLM-98105,01/28/2025,Franchise_NY_12,Dehumidifier Rental,,278.55,278.55,1,,$18.57,15.0
CLM-75651,"March 08, 2025",Franchise_TX_01,Antimicrobial Treatment,36.0,4373.64,4373.64,1,,121.49,
CLM-51704,10/22/2025,Franchise_NY_12,Antimicrobial Treatment,,1616.03,1616.03,1,,$124.31,13.0
CLM-68366,2025-06-25,Franchise_FL_04,Dehumidifier Rental,32.0,3272.96,1567.52,0,102.28,,
CLM-67497,2025-03-25,Franchise_FL_04,Water Extraction,20.0,1596.2,1264.75,0,79.81,,
CLM-37733,2025-08-25,Franchise_FL_04,Dehumidifier Rental,38.0,,2900.92,1,76.34,,
CLM-57436,09/21/2025,Franchise_NY_12,Baseboard Replacement,,3647.36,3647.36,1,,$113.98,32.0
CLM-48382,02/06/2025,Franchise_NY_12,Antimicrobial Treatment,,1641.09,1641.09,1,,$49.73,33.0
CLM-64064,12/04/2025,Franchise_NY_12,Dehumidifier Rental,,1428.7,664.3,0,,$102.05,14.0
CLM-32525,2025-08-04,Franchise_FL_04,Dehumidifier Rental,5.0,556.5,411.66,0,111.3,,
CLM-21918,07/21/2025,Franchise_NY_12,Baseboard Replacement,,2785.92,2114.88,0,,$58.04,48.0
CLM-24902,08/24/2025,Franchise_NY_12,Baseboard Replacement,,2340.04,2035.95,0,,$123.16,19.0
CLM-67238,2025-09-24,Franchise_FL_04,Drywall Repair,11.0,1515.8,801.09,0,137.8,,
CLM-96681,07/06/2025,Franchise_NY_12,Baseboard Replacement,,2916.48,1853.26,0,,$60.76,48.0
CLM-22604,"April 11, 2025",Franchise_TX_01,Antimicrobial Treatment - MISC,19.0,923.97,749.0,0,,48.63,
CLM-32346,2025-05-16,Franchise_FL_04,Dehumidifier Rental,37.0,2094.94,1433.6,0,56.62,,
CLM-63585,09/24/2025,Franchise_NY_12,Dehumidifier Rental,,1399.8,702.95,0,,$116.65,12.0
CLM-14731,2025-07-11,Franchise_FL_04,Dehumidifier Rental,34.0,2838.32,2109.18,0,83.48,,
CLM-78812,"October 03, 2025",Franchise_TX_01,Drywall Repair,27.0,2257.74,1817.85,0,,83.62,
CLM-88716,03/30/2025,Franchise_NY_12,Dehumidifier Rental,,6692.4,3502.5,0,,$148.72,45.0
CLM-37171,05/23/2025,Franchise_NY_12,Baseboard Replacement,,7093.24,3274.12,0,,$144.76,49.0
CLM-69865,2025-01-03,Franchise_FL_04,Water Extraction,29.0,2033.77,1670.07,0,70.13,,
CLM-98385,10/31/2025,Franchise_NY_12,Drywall Repair,,678.35,678.35,1,,$135.67,5.0
CLM-99508,02/25/2025,Franchise_NY_12,Water Extraction,,1827.9,1827.9,1,,$60.93,30.0
CLM-18729,"September 29, 2025",Franchise_TX_01,Water Extraction,27.0,2470.5,1862.31,0,,91.5,
CLM-53726,"July 13, 2025",Franchise_TX_01,Drywall Repair - MISC,9.0,1198.44,820.61,0,,133.16,
CLM-28694,"December 25, 2025",Franchise_TX_01,Antimicrobial Treatment,8.0,792.4,792.4,1,,99.05,
CLM-52100,2025-02-07,Franchise_FL_04,Dehumidifier Rental,42.0,3939.6,3939.6,1,93.8,,
CLM-18312,2025-11-20,Franchise_FL_04,Water Extraction,34.0,2539.46,2539.46,1,74.69,,
CLM-88643,"October 27, 2025",Franchise_TX_01,Drywall Repair - MISC,19.0,2301.28,1282.02,0,,121.12,
CLM-38735,11/19/2025,Franchise_NY_12,Baseboard Replacement,,1361.28,615.02,0,,$113.44,12.0
CLM-38252,2025-08-22,Franchise_FL_04,Baseboard Replacement,9.0,1045.8,480.42,0,116.2,,
CLM-42289,"May 22, 2025",Franchise_TX_01,Dehumidifier Rental,9.0,948.78,948.78,1,,105.42,
CLM-47515,"November 05, 2025",Franchise_TX_01,Drywall Repair,49.0,4235.07,4235.07,1,,86.43,
CLM-68065,2025-12-21,Franchise_FL_04,Dehumidifier Rental,40.0,5474.4,5474.4,1,136.86,,
CLM-99936,03/02/2025,Franchise_NY_12,Baseboard Replacement,,1188.13,813.99,0,,$40.97,29.0
CLM-23451,2025-11-26,Franchise_FL_04,Drywall Repair,27.0,3060.18,2092.62,0,113.34,,
CLM-53051,"March 05, 2025",Franchise_TX_01,Water Extraction,9.0,953.46,953.46,1,,105.94,
CLM-78056,"April 09, 2025",Franchise_TX_01,Baseboard Replacement,48.0,4926.24,3188.0,0,,102.63,
CLM-54046,09/03/2025,Franchise_NY_12,Dehumidifier Rental,,699.12,699.12,1,,$58.26,12.0
CLM-25277,2025-04-15,Franchise_FL_04,Dehumidifier Rental,17.0,,873.63,1,51.39,,
CLM-43751,2025-06-30,Franchise_FL_04,Drywall Repair,44.0,5572.16,5572.16,1,126.64,,
CLM-70974,12/10/2025,Franchise_NY_12,Dehumidifier Rental,,424.0,424.0,1,,$42.4,10.0
CLM-30922,"August 13, 2025",Franchise_TX_01,Drywall Repair,4.0,181.56,91.25,0,,45.39,
CLM-41431,2025-03-27,Franchise_FL_04,Water Extraction,20.0,504.4,504.4,1,25.22,,
CLM-75649,06/20/2025,Franchise_NY_12,Drywall Repair,,3124.56,3124.56,1,,$130.19,24.0
CLM-15673,"October 08, 2025",Franchise_TX_01,Antimicrobial Treatment,35.0,1449.35,1449.35,1,,41.41,
CLM-11528,10/07/2025,Franchise_NY_12,Antimicrobial Treatment,,2029.28,2029.28,1,,$126.83,16.0
CLM-92671,2025-05-03,Franchise_FL_04,Antimicrobial Treatment,39.0,4485.78,4485.78,1,115.02,,
CLM-60117,10/22/2025,Franchise_NY_12,Baseboard Replacement,,953.36,758.6,0,,$28.04,34.0
CLM-45014,2025-09-15,Franchise_FL_04,Water Extraction,6.0,883.38,634.3,0,147.23,,
CLM-91023,"March 25, 2025",Franchise_TX_01,Baseboard Replacement - MISC,33.0,665.28,665.28,1,,20.16,
CLM-18573,"November 29, 2025",Franchise_TX_01,Antimicrobial Treatment,8.0,135.52,93.08,0,,16.94,
CLM-96219,05/18/2025,Franchise_NY_12,Drywall Repair,,819.98,330.4,0,,$58.57,14.0
CLM-27194,2025-12-16,Franchise_FL_04,Antimicrobial Treatment,14.0,2088.52,2088.52,1,149.18,,
CLM-41552,"October 28, 2025",Franchise_TX_01,Water Extraction,16.0,1505.76,1084.93,0,,94.11,
CLM-18736,2025-11-04,Franchise_FL_04,Dehumidifier Rental,9.0,669.69,669.69,1,74.41,,
CLM-25376,03/15/2025,Franchise_NY_12,Drywall Repair,,5290.23,3319.61,0,,$129.03,41.0
CLM-20238,05/03/2025,Franchise_NY_12,Antimicrobial Treatment,,2452.56,2452.56,1,,$111.48,22.0
CLM-58480,"March 13, 2025",Franchise_TX_01,Baseboard Replacement,12.0,1275.72,1275.72,1,,106.31,
CLM-90505,2025-10-31,Franchise_FL_04,Drywall Repair,13.0,993.2,572.02,0,76.4,,
CLM-71206,05/17/2025,Franchise_NY_12,Baseboard Replacement,,194.0,194.0,1,,$38.8,5.0
CLM-62823,"June 10, 2025",Franchise_TX_01,Drywall Repair,34.0,1840.42,1840.42,1,,54.13,
CLM-90556,"April 25, 2025",Franchise_TX_01,Antimicrobial Treatment,29.0,3934.72,3934.72,1,,135.68,
CLM-53142,"March 26, 2025",Franchise_TX_01,Baseboard Replacement - MISC,39.0,1143.48,719.13,0,,29.32,
CLM-60993,"May 10, 2025",Franchise_TX_01,Drywall Repair,6.0,631.32,361.77,0,,105.22,
CLM-14618,2025-04-28,Franchise_FL_04,Drywall Repair,41.0,3947.48,3397.04,0,96.28,,
CLM-53302,01/16/2025,Franchise_NY_12,Drywall Repair,,588.16,588.16,1,,$18.38,32.0
CLM-25215,"August 17, 2025",Franchise_TX_01,Water Extraction,9.0,557.73,557.73,1,,61.97,
CLM-79369,2025-08-19,Franchise_FL_04,Baseboard Replacement,46.0,5149.7,5149.7,1,111.95,,
CLM-13817,"April 11, 2025",Franchise_TX_01,Water Extraction,11.0,1219.57,1219.57,1,,110.87,
CLM-63732,"September 30, 2025",Franchise_TX_01,Drywall Repair,19.0,339.53,339.53,1,,17.87,
CLM-65892,11/20/2025,Franchise_NY_12,Drywall Repair,,1699.84,1699.84,1,,$106.24,16.0
CLM-75090,"August 30, 2025",Franchise_TX_01,Dehumidifier Rental,48.0,4717.92,4717.92,1,,98.29,
CLM-22044,"August 01, 2025",Franchise_TX_01,Antimicrobial Treatment,42.0,4625.04,4625.04,1,,110.12,
CLM-85071,"July 12, 2025",Franchise_TX_01,Baseboard Replacement,24.0,2056.32,2056.32,1,,85.68,
CLM-14388,"September 06, 2025",Franchise_TX_01,Antimicrobial Treatment,3.0,85.83,85.83,1,,28.61,
CLM-42813,12/12/2025,Franchise_NY_12,Dehumidifier Rental,,2253.68,2253.68,1,,$102.44,22.0
CLM-80597,03/18/2025,Franchise_NY_12,Baseboard Replacement,,3933.3,3933.3,1,,$112.38,35.0
CLM-11238,2025-09-13,Franchise_FL_04,Water Extraction,33.0,1538.79,1300.88,0,46.63,,
CLM-72043,2025-09-04,Franchise_FL_04,Water Extraction,13.0,1361.23,1191.69,0,104.71,,
CLM-53603,2025-12-20,Franchise_FL_04,Water Extraction,42.0,,3992.52,1,95.06,,
CLM-29182,2025-04-15,Franchise_FL_04,Water Extraction,42.0,790.44,395.53,0,18.82,,
CLM-44208,04/30/2025,Franchise_NY_12,Antimicrobial Treatment,,3380.4,1871.87,0,,$140.85,24.0
CLM-50494,12/28/2025,Franchise_NY_12,Water Extraction,,396.57,396.57,1,,$132.19,3.0
CLM-29264,"August 19, 2025",Franchise_TX_01,Drywall Repair,15.0,1458.3,1185.31,0,,97.22,
CLM-55789,"December 12, 2025",Franchise_TX_01,Drywall Repair,33.0,1355.97,1158.64,0,,41.09,
CLM-16340,"October 15, 2025",Franchise_TX_01,Baseboard Replacement,34.0,3416.66,1637.28,0,,100.49,
CLM-25834,2025-03-17,Franchise_FL_04,Antimicrobial Treatment,7.0,355.88,175.41,0,50.84,,
CLM-94596,"January 31, 2025",Franchise_TX_01,Baseboard Replacement,27.0,1894.59,1894.59,1,,70.17,
CLM-73951,2025-02-22,Franchise_FL_04,Baseboard Replacement,48.0,4999.68,4999.68,1,104.16,,
CLM-23379,"September 06, 2025",Franchise_TX_01,Water Extraction - MISC,40.0,2838.4,2838.4,1,,70.96,
CLM-57225,09/24/2025,Franchise_NY_12,Water Extraction,,2964.53,2315.86,0,,$95.63,31.0
CLM-78034,"April 16, 2025",Franchise_TX_01,Antimicrobial Treatment - MISC,30.0,1310.1,1310.1,1,,43.67,
CLM-76852,"July 04, 2025",Franchise_TX_01,Drywall Repair,43.0,4782.89,4782.89,1,,111.23,
CLM-39350,"February 28, 2025",Franchise_TX_01,Drywall Repair,19.0,616.74,437.55,0,,32.46,
CLM-45542,"August 19, 2025",Franchise_TX_01,Dehumidifier Rental,41.0,3573.97,1588.26,0,,87.17,
CLM-48047,"April 09, 2025",Franchise_TX_01,Antimicrobial Treatment,14.0,504.56,267.92,0,,36.04,
CLM-43290,2025-01-05,Franchise_FL_04,Dehumidifier Rental,15.0,1020.45,1020.45,1,68.03,,
CLM-52528,2025-03-22,Franchise_FL_04,Drywall Repair,29.0,2958.29,2958.29,1,102.01,,
CLM-25746,2025-06-13,Franchise_FL_04,Baseboard Replacement,27.0,2011.23,2011.23,1,74.49,,
CLM-20942,08/06/2025,Franchise_NY_12,Dehumidifier Rental,,2291.96,1988.53,0,,$52.09,44.0
CLM-35885,"October 16, 2025",Franchise_TX_01,Antimicrobial Treatment,4.0,268.88,120.45,0,,67.22,
CLM-24852,"June 10, 2025",Franchise_TX_01,Baseboard Replacement,7.0,932.19,447.15,0,,133.17,
CLM-12947,05/26/2025,Franchise_NY_12,Dehumidifier Rental,,322.0,322.0,1,,$80.5,4.0
CLM-63164,2025-04-19,Franchise_FL_04,Antimicrobial Treatment,18.0,878.04,600.84,0,48.78,,
CLM-26343,2025-05-10,Franchise_FL_04,Water Extraction,33.0,3182.52,3182.52,1,96.44,,
CLM-18979,"November 18, 2025",Franchise_TX_01,Water Extraction,10.0,362.9,265.9,0,,36.29,
CLM-25464,"January 23, 2025",Franchise_TX_01,Antimicrobial Treatment,13.0,1620.32,1620.32,1,,124.64,
CLM-54717,2025-07-12,Franchise_FL_04,Baseboard Replacement,27.0,2984.85,2984.85,1,110.55,,
CLM-92367,"May 01, 2025",Franchise_TX_01,Dehumidifier Rental,37.0,5134.86,5134.86,1,,138.78,
CLM-22524,"May 13, 2025",Franchise_TX_01,Baseboard Replacement,20.0,407.2,233.08,0,,20.36,
CLM-79943,2025-08-19,Franchise_FL_04,Water Extraction,37.0,2818.66,2818.66,1,76.18,,
CLM-53104,"October 06, 2025",Franchise_TX_01,Baseboard Replacement,26.0,3346.72,3346.72,1,,128.72,
CLM-64578,2025-07-29,Franchise_FL_04,Dehumidifier Rental,39.0,1705.08,1705.08,1,43.72,,
CLM-95644,"October 23, 2025",Franchise_TX_01,Drywall Repair,42.0,5116.86,5116.86,1,,121.83,
CLM-54705,2025-05-13,Franchise_FL_04,Baseboard Replacement,37.0,1384.17,1384.17,1,37.41,,
CLM-96733,12/16/2025,Franchise_NY_12,Drywall Repair,,193.86,193.86,1,,$32.31,6.0
CLM-53304,07/26/2025,Franchise_NY_12,Antimicrobial Treatment,,3226.5,2249.95,0,,$71.7,45.0
CLM-14945,"June 01, 2025",Franchise_TX_01,Antimicrobial Treatment - MISC,44.0,754.6,754.6,1,,17.15,
CLM-96012,12/17/2025,Franchise_NY_12,Drywall Repair,,4690.98,4690.98,1,,$111.69,42.0
CLM-58057,"March 01, 2025",Franchise_TX_01,Dehumidifier Rental,29.0,4180.93,4180.93,1,,144.17,
CLM-32956,08/22/2025,Franchise_NY_12,Antimicrobial Treatment,,561.43,561.43,1,,$24.41,23.0
CLM-65638,12/16/2025,Franchise_NY_12,Baseboard Replacement,,745.84,302.84,0,,$93.23,8.0
CLM-91806,"October 02, 2025",Franchise_TX_01,Water Extraction,38.0,3284.34,3284.34,1,,86.43,
CLM-71013,02/19/2025,Franchise_NY_12,Water Extraction,,4730.31,4730.31,1,,$121.29,39.0
CLM-89975,01/28/2025,Franchise_NY_12,Baseboard Replacement,,2955.97,1740.21,0,,$101.93,29.0
CLM-81186,2025-07-24,Franchise_FL_04,Drywall Repair,30.0,3959.4,3210.44,0,131.98,,
CLM-37604,2025-05-03,Franchise_FL_04,Water Extraction,5.0,222.05,191.12,0,44.41,,
CLM-79511,05/08/2025,Franchise_NY_12,Drywall Repair,,1635.52,1635.52,1,,$86.08,19.0
CLM-25592,"August 07, 2025",Franchise_TX_01,Water Extraction - MISC,45.0,4689.45,2244.19,0,,104.21,
CLM-74019,"January 01, 2026",Franchise_TX_01,Baseboard Replacement,39.0,3587.22,3587.22,1,,91.98,
CLM-50697,2025-05-26,Franchise_FL_04,Baseboard Replacement,31.0,1930.99,1459.01,0,62.29,,
CLM-85746,2025-12-10,Franchise_FL_04,Dehumidifier Rental,9.0,1260.0,766.0,0,140.0,,
CLM-39243,02/01/2025,Franchise_NY_12,Baseboard Replacement,,535.8,535.8,1,,$28.2,19.0
CLM-23667,2025-11-27,Franchise_FL_04,Dehumidifier Rental,19.0,1632.67,869.01,0,85.93,,
CLM-97767,"September 20, 2025",Franchise_TX_01,Baseboard Replacement,42.0,1437.24,1437.24,1,,34.22,
CLM-93227,"January 08, 2025",Franchise_TX_01,Antimicrobial Treatment,13.0,848.9,549.29,0,,65.3,
CLM-86312,2025-04-10,Franchise_FL_04,Baseboard Replacement,38.0,5692.78,5692.78,1,149.81,,
CLM-42430,2025-01-16,Franchise_FL_04,Water Extraction,36.0,1724.76,1724.76,1,47.91,,
CLM-99522,12/02/2025,Franchise_NY_12,Drywall Repair,,5259.36,5259.36,1,,$109.57,48.0
CLM-81344,2025-10-18,Franchise_FL_04,Dehumidifier Rental,44.0,2100.12,861.13,0,47.73,,
CLM-15803,"August 22, 2025",Franchise_TX_01,Baseboard Replacement,25.0,1331.5,1331.5,1,,53.26,
CLM-17072,2025-06-19,Franchise_FL_04,Baseboard Replacement,3.0,371.61,307.38,0,123.87,,
CLM-36933,09/08/2025,Franchise_NY_12,Baseboard Replacement,,238.94,150.02,0,,$119.47,2.0
CLM-90947,"October 04, 2025",Franchise_TX_01,Antimicrobial Treatment - MISC,40.0,2199.6,2199.6,1,,54.99,
CLM-30247,2025-05-07,Franchise_FL_04,Dehumidifier Rental,20.0,2763.8,1183.6,0,138.19,,
CLM-16270,2025-08-07,Franchise_FL_04,Antimicrobial Treatment,37.0,,669.33,1,18.09,,
CLM-45513,09/15/2025,Franchise_NY_12,Water Extraction,,1754.2,925.14,0,,$87.71,20.0
CLM-72285,10/20/2025,Franchise_NY_12,Dehumidifier Rental,,4150.77,4150.77,1,,$143.13,29.0
CLM-54130,2025-10-25,Franchise_FL_04,Baseboard Replacement,14.0,561.4,231.54,0,40.1,,
CLM-29940,"December 06, 2025",Franchise_TX_01,Baseboard Replacement,13.0,1450.93,982.58,0,,111.61,
CLM-93458,09/18/2025,Franchise_NY_12,Baseboard Replacement,,1803.9,1803.9,1,,$85.9,21.0
CLM-64716,10/05/2025,Franchise_NY_12,Antimicrobial Treatment,,829.28,829.28,1,,$51.83,16.0
CLM-70208,"April 28, 2025",Franchise_TX_01,Drywall Repair,23.0,3140.65,3140.65,1,,136.55,
CLM-94686,"November 28, 2025",Franchise_TX_01,Dehumidifier Rental,37.0,3396.23,3006.45,0,,91.79,
CLM-43416,01/04/2025,Franchise_NY_12,Antimicrobial Treatment,,2894.43,2236.47,0,,$59.07,49.0
CLM-94994,"August 30, 2025",Franchise_TX_01,Water Extraction - MISC,5.0,684.5,684.5,1,,136.9,
CLM-54608,11/26/2025,Franchise_NY_12,Water Extraction,,2647.08,1887.07,0,,$147.06,18.0
CLM-58264,2025-01-05,Franchise_FL_04,Dehumidifier Rental,15.0,291.15,291.15,1,19.41,,
CLM-11400,"August 13, 2025",Franchise_TX_01,Antimicrobial Treatment,6.0,447.66,447.66,1,,74.61,
CLM-59987,08/06/2025,Franchise_NY_12,Drywall Repair,,787.8,787.8,1,,$65.65,12.0
CLM-57129,10/13/2025,Franchise_NY_12,Water Extraction,,1341.0,1341.0,1,,$149.0,9.0
CLM-48334,07/08/2025,Franchise_NY_12,Dehumidifier Rental,,844.32,844.32,1,,$35.18,24.0
CLM-51995,06/22/2025,Franchise_NY_12,Antimicrobial Treatment,,933.28,426.21,0,,$49.12,19.0
CLM-26955,12/10/2025,Franchise_NY_12,Baseboard Replacement,,208.92,208.92,1,,$52.23,4.0
CLM-78978,"June 13, 2025",Franchise_TX_01,Antimicrobial Treatment,16.0,2308.8,2308.8,1,,144.3,
CLM-49335,2025-04-27,Franchise_FL_04,Dehumidifier Rental,41.0,,4828.16,1,117.76,,
CLM-91201,"July 30, 2025",Franchise_TX_01,Water Extraction,17.0,2096.61,2096.61,1,,123.33,
CLM-56750,"June 02, 2025",Franchise_TX_01,Dehumidifier Rental - MISC,10.0,755.3,390.32,0,,75.53,
CLM-91743,2025-06-27,Franchise_FL_04,Baseboard Replacement,20.0,919.6,919.6,1,45.98,,
CLM-20401,"May 03, 2025",Franchise_TX_01,Drywall Repair,16.0,1728.8,1728.8,1,,108.05,
CLM-99187,"June 09, 2025",Franchise_TX_01,Water Extraction,26.0,2835.3,2835.3,1,,109.05,
CLM-12767,"January 06, 2025",Franchise_TX_01,Antimicrobial Treatment,40.0,2850.8,1757.78,0,,71.27,
CLM-83503,2025-04-22,Franchise_FL_04,Water Extraction,43.0,6377.33,6377.33,1,148.31,,
CLM-25299,"March 20, 2025",Franchise_TX_01,Drywall Repair - MISC,17.0,2168.35,1318.89,0,,127.55,
CLM-51992,2025-03-05,Franchise_FL_04,Water Extraction,33.0,2087.58,2087.58,1,63.26,,
CLM-73144,"April 09, 2025",Franchise_TX_01,Baseboard Replacement,26.0,3275.22,3275.22,1,,125.97,
CLM-50822,"January 22, 2025",Franchise_TX_01,Drywall Repair,20.0,1800.0,1800.0,1,,90.0,
CLM-76318,2025-06-12,Franchise_FL_04,Baseboard Replacement,35.0,1367.45,1367.45,1,39.07,,
CLM-20213,09/14/2025,Franchise_NY_12,Dehumidifier Rental,,2689.6,2392.42,0,,$84.05,32.0
CLM-81459,"March 24, 2025",Franchise_TX_01,Baseboard Replacement,1.0,25.24,12.77,0,,25.24,
CLM-68210,"October 10, 2025",Franchise_TX_01,Water Extraction,28.0,1602.72,1602.72,1,,57.24,
CLM-81251,02/24/2025,Franchise_NY_12,Drywall Repair,,770.14,422.73,0,,$110.02,7.0
CLM-78880,2025-04-04,Franchise_FL_04,Antimicrobial Treatment,29.0,607.55,607.55,1,20.95,,
CLM-59193,08/24/2025,Franchise_NY_12,Antimicrobial Treatment,,3691.38,3691.38,1,,$108.57,34.0
CLM-55201,2025-12-18,Franchise_FL_04,Water Extraction,46.0,5035.62,4311.63,0,109.47,,
CLM-10331,2025-07-03,Franchise_FL_04,Antimicrobial Treatment,27.0,2954.07,2320.25,0,109.41,,
CLM-62173,2025-05-23,Franchise_FL_04,Antimicrobial Treatment,3.0,,411.24,1,137.08,,
CLM-94454,03/19/2025,Franchise_NY_12,Baseboard Replacement,,2372.25,2372.25,1,,$94.89,25.0
CLM-26646,2025-03-06,Franchise_FL_04,Antimicrobial Treatment,33.0,,262.86,0,19.38,,
CLM-62320,"March 25, 2025",Franchise_TX_01,Dehumidifier Rental,24.0,2387.52,1463.79,0,,99.48,
CLM-37412,"June 27, 2025",Franchise_TX_01,Baseboard Replacement,49.0,3783.78,3783.78,1,,77.22,
CLM-91339,2025-06-13,Franchise_FL_04,Drywall Repair,4.0,211.44,146.97,0,52.86,,
CLM-98925,12/31/2025,Franchise_NY_12,Antimicrobial Treatment,,1041.75,1041.75,1,,$23.15,45.0
CLM-87064,"November 09, 2025",Franchise_TX_01,Baseboard Replacement,43.0,995.45,589.85,0,,23.15,
CLM-90856,2025-08-19,Franchise_FL_04,Water Extraction,42.0,3099.6,1418.1,0,73.8,,
CLM-31577,"February 25, 2025",Franchise_TX_01,Water Extraction - MISC,37.0,1838.16,1838.16,1,,49.68,
CLM-50068,09/13/2025,Franchise_NY_12,Dehumidifier Rental,,2676.74,1273.69,0,,$58.19,46.0
CLM-43010,2025-04-17,Franchise_FL_04,Water Extraction,33.0,4063.95,4063.95,1,123.15,,
CLM-17477,2025-11-10,Franchise_FL_04,Water Extraction,21.0,910.77,910.77,1,43.37,,
CLM-86349,10/13/2025,Franchise_NY_12,Dehumidifier Rental,,5590.62,2681.94,0,,$133.11,42.0
CLM-12758,2025-04-12,Franchise_FL_04,Water Extraction,5.0,579.3,579.3,1,115.86,,
CLM-12276,2025-12-13,Franchise_FL_04,Water Extraction,14.0,390.04,390.04,1,27.86,,
CLM-56783,2025-02-08,Franchise_FL_04,Antimicrobial Treatment,14.0,1456.56,1085.06,0,104.04,,
CLM-56334,05/12/2025,Franchise_NY_12,Baseboard Replacement,,4008.9,3374.28,0,,$114.54,35.0
CLM-67577,07/17/2025,Franchise_NY_12,Baseboard Replacement,,695.45,536.62,0,,$19.87,35.0
CLM-97197,"November 01, 2025",Franchise_TX_01,Baseboard Replacement - MISC,39.0,5342.61,5342.61,1,,136.99,
CLM-44957,"July 19, 2025",Franchise_TX_01,Drywall Repair,49.0,4440.38,2800.9,0,,90.62,
CLM-43823,"March 27, 2025",Franchise_TX_01,Antimicrobial Treatment,46.0,5143.72,2845.97,0,,111.82,
CLM-81330,04/03/2025,Franchise_NY_12,Dehumidifier Rental,,3174.23,3174.23,1,,$138.01,23.0
CLM-95113,02/22/2025,Franchise_NY_12,Dehumidifier Rental,,1630.43,1462.72,0,,$34.69,47.0
CLM-93488,2025-01-24,Franchise_FL_04,Antimicrobial Treatment,43.0,,2884.85,0,92.28,,
CLM-84456,2025-06-24,Franchise_FL_04,Baseboard Replacement,37.0,4908.05,2237.69,0,132.65,,
CLM-85027,11/13/2025,Franchise_NY_12,Water Extraction,,1217.6,1217.6,1,,$76.1,16.0
CLM-59223,06/23/2025,Franchise_NY_12,Baseboard Replacement,,1033.0,488.23,0,,$51.65,20.0
CLM-44029,11/24/2025,Franchise_NY_12,Antimicrobial Treatment,,2996.26,2996.26,1,,$80.98,37.0
CLM-92716,"August 27, 2025",Franchise_TX_01,Antimicrobial Treatment,4.0,271.8,271.8,1,,67.95,
CLM-10965,11/04/2025,Franchise_NY_12,Baseboard Replacement,,603.12,406.96,0,,$21.54,28.0
CLM-12828,2025-09-14,Franchise_FL_04,Drywall Repair,22.0,2055.24,2055.24,1,93.42,,
CLM-65608,"June 10, 2025",Franchise_TX_01,Drywall Repair,28.0,4056.64,4056.64,1,,144.88,
CLM-39273,2025-01-13,Franchise_FL_04,Water Extraction,7.0,379.68,379.68,1,54.24,,
CLM-44288,03/03/2025,Franchise_NY_12,Dehumidifier Rental,,2734.7,1659.44,0,,$118.9,23.0
CLM-94972,09/29/2025,Franchise_NY_12,Antimicrobial Treatment,,1087.8,463.77,0,,$90.65,12.0
CLM-34720,03/05/2025,Franchise_NY_12,Water Extraction,,2061.12,2061.12,1,,$42.94,48.0
CLM-22358,"October 26, 2025",Franchise_TX_01,Drywall Repair,35.0,2190.65,2190.65,1,,62.59,
CLM-85707,"December 27, 2025",Franchise_TX_01,Baseboard Replacement,37.0,4223.55,2151.0,0,,114.15,
CLM-63036,"January 14, 2025",Franchise_TX_01,Water Extraction - MISC,5.0,492.75,341.08,0,,98.55,
CLM-19394,2025-12-25,Franchise_FL_04,Baseboard Replacement,25.0,1925.0,1134.24,0,77.0,,
CLM-37306,2025-02-02,Franchise_FL_04,Baseboard Replacement,39.0,4408.95,3274.1,0,113.05,,
CLM-79439,"August 04, 2025",Franchise_TX_01,Baseboard Replacement,45.0,3652.2,3652.2,1,,81.16,
CLM-75584,2025-08-20,Franchise_FL_04,Baseboard Replacement,20.0,2943.0,2260.41,0,147.15,,
CLM-17360,09/20/2025,Franchise_NY_12,Dehumidifier Rental,,6157.35,2649.5,0,,$136.83,45.0
CLM-18391,01/26/2025,Franchise_NY_12,Antimicrobial Treatment,,3918.95,1795.03,0,,$111.97,35.0
CLM-33003,2025-02-13,Franchise_FL_04,Drywall Repair,36.0,2215.8,2215.8,1,61.55,,
CLM-91822,2025-10-19,Franchise_FL_04,Drywall Repair,48.0,6001.44,6001.44,1,125.03,,
CLM-18866,"June 02, 2025",Franchise_TX_01,Dehumidifier Rental,7.0,776.65,776.65,1,,110.95,
CLM-12298,03/08/2025,Franchise_NY_12,Drywall Repair,,4742.78,3844.4,0,,$124.81,38.0
CLM-99244,03/17/2025,Franchise_NY_12,Drywall Repair,,2780.18,2780.18,1,,$75.14,37.0
CLM-39093,"October 03, 2025",Franchise_TX_01,Water Extraction,50.0,1241.0,1241.0,1,,24.82,
CLM-74019,2025-02-19,Franchise_FL_04,Baseboard Replacement,10.0,1147.1,1147.1,1,114.71,,
CLM-44425,01/26/2025,Franchise_NY_12,Dehumidifier Rental,,1337.35,765.44,0,,$38.21,35.0
CLM-21675,11/02/2025,Franchise_NY_12,Antimicrobial Treatment,,724.44,343.01,0,,$120.74,6.0
CLM-18466,"December 30, 2025",Franchise_TX_01,Baseboard Replacement,1.0,116.82,116.82,1,,116.82,
CLM-17433,05/04/2025,Franchise_NY_12,Water Extraction,,3449.1,3449.1,1,,$114.97,30.0
CLM-99585,2025-07-22,Franchise_FL_04,Drywall Repair,34.0,2823.7,2823.7,1,83.05,,
CLM-65669,2025-03-04,Franchise_FL_04,Water Extraction,16.0,727.68,727.68,1,45.48,,
CLM-60796,01/25/2025,Franchise_NY_12,Water Extraction,,699.54,495.85,0,,$116.59,6.0
CLM-44057,2025-04-26,Franchise_FL_04,Water Extraction,46.0,3640.9,3640.9,1,79.15,,
CLM-22935,"February 28, 2025",Franchise_TX_01,Antimicrobial Treatment - MISC,36.0,2121.48,2121.48,1,,58.93,
CLM-31673,"September 22, 2025",Franchise_TX_01,Dehumidifier Rental - MISC,39.0,670.02,670.02,1,,17.18,
CLM-66361,04/26/2025,Franchise_NY_12,Baseboard Replacement,,3267.25,1307.52,0,,$93.35,35.0
CLM-18221,"May 21, 2025",Franchise_TX_01,Antimicrobial Treatment,40.0,1401.6,1401.6,1,,35.04,
CLM-83915,"September 04, 2025",Franchise_TX_01,Baseboard Replacement - MISC,8.0,953.12,794.38,0,,119.14,
CLM-74124,07/03/2025,Franchise_NY_12,Dehumidifier Rental,,2510.04,2510.04,1,,$64.36,39.0
CLM-35134,"July 31, 2025",Franchise_TX_01,Dehumidifier Rental,33.0,2806.32,1686.93,0,,85.04,
CLM-28100,2025-11-13,Franchise_FL_04,Baseboard Replacement,37.0,,3673.55,0,116.34,,
CLM-29346,06/09/2025,Franchise_NY_12,Baseboard Replacement,,4552.92,3990.48,0,,$126.47,36.0
CLM-78693,2025-05-30,Franchise_FL_04,Antimicrobial Treatment,4.0,360.28,360.28,1,90.07,,
CLM-81944,"October 10, 2025",Franchise_TX_01,Water Extraction,20.0,2599.8,1494.8,0,,129.99,
CLM-33022,"December 13, 2025",Franchise_TX_01,Baseboard Replacement,22.0,426.14,426.14,1,,19.37,
CLM-43360,08/26/2025,Franchise_NY_12,Antimicrobial Treatment,,4694.31,4694.31,1,,$109.17,43.0
CLM-31695,07/09/2025,Franchise_NY_12,Dehumidifier Rental,,2504.7,1888.76,0,,$113.85,22.0
CLM-87120,03/07/2025,Franchise_NY_12,Antimicrobial Treatment,,2946.96,2946.96,1,,$122.79,24.0
CLM-74824,2025-06-01,Franchise_FL_04,Baseboard Replacement,27.0,2283.66,1573.43,0,84.58,,
CLM-90173,"April 26, 2025",Franchise_TX_01,Baseboard Replacement - MISC,7.0,426.79,426.79,1,,60.97,
CLM-11013,2025-11-28,Franchise_FL_04,Dehumidifier Rental,12.0,1446.36,857.51,0,120.53,,
CLM-77758,07/04/2025,Franchise_NY_12,Antimicrobial Treatment,,6051.0,4037.68,0,,$121.02,50.0
CLM-43064,"August 11, 2025",Franchise_TX_01,Baseboard Replacement,50.0,4428.5,4428.5,1,,88.57,
CLM-76501,"November 29, 2025",Franchise_TX_01,Dehumidifier Rental,19.0,1840.34,1206.43,0,,96.86,
CLM-46252,03/23/2025,Franchise_NY_12,Dehumidifier Rental,,724.14,724.14,1,,$26.82,27.0
CLM-90534,07/22/2025,Franchise_NY_12,Baseboard Replacement,,1504.43,1504.43,1,,$65.41,23.0
CLM-40528,2025-01-22,Franchise_FL_04,Dehumidifier Rental,42.0,2254.14,2254.14,1,53.67,,
CLM-80456,05/16/2025,Franchise_NY_12,Drywall Repair,,4218.08,2550.91,0,,$102.88,41.0
CLM-63568,2025-01-02,Franchise_FL_04,Baseboard Replacement,35.0,4998.0,4998.0,1,142.8,,
CLM-59288,01/14/2025,Franchise_NY_12,Water Extraction,,3828.3,3828.3,1,,$91.15,42.0
CLM-11756,11/16/2025,Franchise_NY_12,Baseboard Replacement,,2632.24,2632.24,1,,$101.24,26.0
CLM-84725,2025-12-17,Franchise_FL_04,Baseboard Replacement,15.0,750.15,634.99,0,50.01,,
CLM-67363,05/29/2025,Franchise_NY_12,Dehumidifier Rental,,444.57,444.57,1,,$15.33,29.0
CLM-78436,"January 12, 2025",Franchise_TX_01,Baseboard Replacement,34.0,828.92,828.92,1,,24.38,
CLM-19771,"July 20, 2025",Franchise_TX_01,Dehumidifier Rental,39.0,3007.68,1517.57,0,,77.12,
CLM-69039,2025-01-09,Franchise_FL_04,Water Extraction,2.0,100.84,100.84,1,50.42,,
CLM-73349,08/24/2025,Franchise_NY_12,Dehumidifier Rental,,2538.66,2538.66,1,,$87.54,29.0
CLM-54607,2025-04-02,Franchise_FL_04,Dehumidifier Rental,13.0,234.13,234.13,1,18.01,,
CLM-32400,04/01/2025,Franchise_NY_12,Antimicrobial Treatment,,385.3,278.12,0,,$38.53,10.0
CLM-56301,2025-12-21,Franchise_FL_04,Baseboard Replacement,50.0,1876.5,1381.91,0,37.53,,
CLM-41672,01/01/2026,Franchise_NY_12,Water Extraction,,5847.6,5847.6,1,,$132.9,44.0
CLM-29964,"June 22, 2025",Franchise_TX_01,Dehumidifier Rental,8.0,548.56,548.56,1,,68.57,
CLM-65935,"March 22, 2025",Franchise_TX_01,Drywall Repair - MISC,8.0,358.8,358.8,1,,44.85,
CLM-81692,"May 04, 2025",Franchise_TX_01,Drywall Repair,46.0,1392.88,1392.88,1,,30.28,
CLM-13977,06/07/2025,Franchise_NY_12,Baseboard Replacement,,880.32,880.32,1,,$20.96,42.0
CLM-51955,2025-12-31,Franchise_FL_04,Dehumidifier Rental,22.0,1897.94,972.73,0,86.27,,
CLM-70869,12/26/2025,Franchise_NY_12,Water Extraction,,1578.46,644.22,0,,$121.42,13.0
CLM-71127,08/03/2025,Franchise_NY_12,Water Extraction,,4581.5,2710.58,0,,$91.63,50.0
CLM-79346,08/08/2025,Franchise_NY_12,Baseboard Replacement,,2824.8,2041.73,0,,$70.62,40.0
CLM-89221,2025-04-21,Franchise_FL_04,Antimicrobial Treatment,5.0,515.15,515.15,1,103.03,,
CLM-10631,2025-01-08,Franchise_FL_04,Drywall Repair,19.0,1710.19,1710.19,1,90.01,,
CLM-71139,"November 14, 2025",Franchise_TX_01,Drywall Repair - MISC,21.0,1162.98,1162.98,1,,55.38,
CLM-52626,"April 04, 2025",Franchise_TX_01,Water Extraction,9.0,806.22,806.22,1,,89.58,
CLM-41607,12/06/2025,Franchise_NY_12,Dehumidifier Rental,,731.64,652.52,0,,$28.14,26.0
CLM-33099,"November 25, 2025",Franchise_TX_01,Baseboard Replacement,34.0,2843.76,2131.44,0,,83.64,
CLM-40219,07/10/2025,Franchise_NY_12,Baseboard Replacement,,1608.54,1608.54,1,,$42.33,38.0
CLM-74144,2025-06-22,Franchise_FL_04,Water Extraction,11.0,483.23,379.83,0,43.93,,
CLM-74609,08/20/2025,Franchise_NY_12,Baseboard Replacement,,1147.44,1147.44,1,,$81.96,14.0
CLM-14817,"October 18, 2025",Franchise_TX_01,Baseboard Replacement,8.0,1048.8,1048.8,1,,131.1,
CLM-22917,03/31/2025,Franchise_NY_12,Antimicrobial Treatment,,810.32,810.32,1,,$115.76,7.0
CLM-35613,2025-12-29,Franchise_FL_04,Antimicrobial Treatment,19.0,1229.87,1229.87,1,64.73,,
CLM-15816,07/07/2025,Franchise_NY_12,Antimicrobial Treatment,,4205.44,4205.44,1,,$131.42,32.0
CLM-32679,04/06/2025,Franchise_NY_12,Antimicrobial Treatment,,5127.33,5127.33,1,,$131.47,39.0
CLM-90146,05/26/2025,Franchise_NY_12,Antimicrobial Treatment,,2311.04,2311.04,1,,$144.44,16.0
CLM-56437,06/24/2025,Franchise_NY_12,Water Extraction,,1404.66,1047.66,0,,$34.26,41.0
CLM-40314,07/21/2025,Franchise_NY_12,Baseboard Replacement,,4820.97,4820.97,1,,$146.09,33.0
CLM-24136,2025-04-25,Franchise_FL_04,Water Extraction,1.0,58.88,58.88,1,58.88,,
CLM-47417,2025-03-18,Franchise_FL_04,Drywall Repair,9.0,809.64,809.64,1,89.96,,
CLM-86184,"November 26, 2025",Franchise_TX_01,Water Extraction,22.0,2658.26,2658.26,1,,120.83,
CLM-34100,"October 24, 2025",Franchise_TX_01,Antimicrobial Treatment,9.0,424.89,293.13,0,,47.21,
CLM-87726,03/09/2025,Franchise_NY_12,Antimicrobial Treatment,,1747.05,1747.05,1,,$91.95,19.0
CLM-38661,2025-09-07,Franchise_FL_04,Drywall Repair,7.0,,188.72,1,26.96,,
CLM-21109,"December 17, 2025",Franchise_TX_01,Water Extraction,30.0,2338.2,1971.3,0,,77.94,
CLM-32027,2025-06-02,Franchise_FL_04,Water Extraction,27.0,2901.15,2901.15,1,107.45,,
CLM-75212,01/05/2025,Franchise_NY_12,Antimicrobial Treatment,,4498.56,4498.56,1,,$136.32,33.0
CLM-29731,"July 20, 2025",Franchise_TX_01,Baseboard Replacement,44.0,1687.4,1687.4,1,,38.35,
CLM-17701,01/29/2025,Franchise_NY_12,Dehumidifier Rental,,799.56,799.56,1,,$44.42,18.0
CLM-22224,11/01/2025,Franchise_NY_12,Baseboard Replacement,,6717.24,5919.2,0,,$142.92,47.0
CLM-77582,2025-06-09,Franchise_FL_04,Antimicrobial Treatment,12.0,633.0,385.02,0,52.75,,
CLM-19420,2025-04-01,Franchise_FL_04,Baseboard Replacement,29.0,3385.75,3385.75,1,116.75,,
CLM-38659,2025-09-22,Franchise_FL_04,Water Extraction,44.0,2229.48,2229.48,1,50.67,,
CLM-45742,2025-12-04,Franchise_FL_04,Dehumidifier Rental,26.0,,1229.8,0,57.36,,
CLM-29245,"June 17, 2025",Franchise_TX_01,Water Extraction,46.0,1728.68,1728.68,1,,37.58,
CLM-94751,2025-03-08,Franchise_FL_04,Baseboard Replacement,38.0,5283.52,3942.66,0,139.04,,
CLM-50793,"July 13, 2025",Franchise_TX_01,Dehumidifier Rental,32.0,4626.88,4626.88,1,,144.59,
CLM-29418,02/05/2025,Franchise_NY_12,Antimicrobial Treatment,,2838.42,2335.68,0,,$72.78,39.0
CLM-84884,05/14/2025,Franchise_NY_12,Baseboard Replacement,,495.45,244.0,0,,$33.03,15.0
CLM-22004,"May 14, 2025",Franchise_TX_01,Drywall Repair,5.0,569.35,272.07,0,,113.87,
CLM-50111,"December 15, 2025",Franchise_TX_01,Dehumidifier Rental,13.0,777.66,777.66,1,,59.82,
CLM-96529,"March 22, 2025",Franchise_TX_01,Antimicrobial Treatment,5.0,549.4,549.4,1,,109.88,
CLM-90203,"September 22, 2025",Franchise_TX_01,Drywall Repair,10.0,188.3,154.81,0,,18.83,
CLM-92178,2025-04-23,Franchise_FL_04,Dehumidifier Rental,14.0,1339.66,1339.66,1,95.69,,
CLM-46233,12/16/2025,Franchise_NY_12,Drywall Repair,,162.3,89.16,0,,$81.15,2.0
CLM-98949,2025-07-25,Franchise_FL_04,Dehumidifier Rental,49.0,5629.61,5629.61,1,114.89,,
CLM-66666,2025-05-28,Franchise_FL_04,Dehumidifier Rental,21.0,1433.88,1433.88,1,68.28,,
CLM-41371,"April 30, 2025",Franchise_TX_01,Drywall Repair - MISC,24.0,3025.92,3025.92,1,,126.08,
CLM-78544,2025-09-29,Franchise_FL_04,Water Extraction,9.0,,150.18,0,36.64,,
CLM-85510,"June 09, 2025",Franchise_TX_01,Water Extraction,39.0,5783.31,2684.29,0,,148.29,
CLM-17674,"July 24, 2025",Franchise_TX_01,Dehumidifier Rental,9.0,247.95,247.95,1,,27.55,
CLM-98940,06/10/2025,Franchise_NY_12,Antimicrobial Treatment,,394.6,257.16,0,,$39.46,10.0
CLM-50129,01/19/2025,Franchise_NY_12,Baseboard Replacement,,5006.88,5006.88,1,,$131.76,38.0
CLM-59812,08/17/2025,Franchise_NY_12,Baseboard Replacement,,227.02,195.98,0,,$113.51,2.0
CLM-87335,"July 21, 2025",Franchise_TX_01,Antimicrobial Treatment,50.0,3600.0,3600.0,1,,72.0,
CLM-97216,"December 08, 2025",Franchise_TX_01,Baseboard Replacement - MISC,30.0,3219.9,1913.31,0,,107.33,
CLM-89493,03/09/2025,Franchise_NY_12,Antimicrobial Treatment,,2531.7,2531.7,1,,$84.39,30.0
CLM-70069,"January 03, 2025",Franchise_TX_01,Dehumidifier Rental,3.0,315.75,226.32,0,,105.25,
CLM-17813,04/12/2025,Franchise_NY_12,Water Extraction,,2873.4,2020.5,0,,$95.78,30.0
CLM-54610,05/04/2025,Franchise_NY_12,Baseboard Replacement,,1857.5,1558.38,0,,$37.15,50.0
CLM-16131,2025-05-24,Franchise_FL_04,Water Extraction,12.0,1004.04,1004.04,1,83.67,,
CLM-17703,"March 19, 2025",Franchise_TX_01,Antimicrobial Treatment,23.0,2102.2,1737.49,0,,91.4,
CLM-72351,2025-08-10,Franchise_FL_04,Dehumidifier Rental,34.0,3444.88,2159.7,0,101.32,,
CLM-74227,2025-02-28,Franchise_FL_04,Dehumidifier Rental,21.0,1966.65,1359.91,0,93.65,,
CLM-15506,10/09/2025,Franchise_NY_12,Drywall Repair,,482.94,482.94,1,,$80.49,6.0
CLM-20545,10/22/2025,Franchise_NY_12,Drywall Repair,,699.48,537.47,0,,$116.58,6.0
CLM-44560,"February 17, 2025",Franchise_TX_01,Antimicrobial Treatment,10.0,250.7,133.31,0,,25.07,
CLM-31954,"February 25, 2025",Franchise_TX_01,Drywall Repair,31.0,3600.96,1536.47,0,,116.16,
CLM-43486,03/25/2025,Franchise_NY_12,Dehumidifier Rental,,271.92,225.1,0,,$135.96,2.0
CLM-30073,2025-01-29,Franchise_FL_04,Antimicrobial Treatment,9.0,726.57,627.94,0,80.73,,
CLM-38277,08/28/2025,Franchise_NY_12,Drywall Repair,,993.82,993.82,1,,$29.23,34.0
CLM-56492,2025-08-16,Franchise_FL_04,Baseboard Replacement,12.0,1221.24,601.39,0,101.77,,
CLM-66577,"May 17, 2025",Franchise_TX_01,Drywall Repair,43.0,5466.59,5466.59,1,,127.13,
CLM-87149,"November 18, 2025",Franchise_TX_01,Antimicrobial Treatment,28.0,2739.52,1290.1,0,,97.84,
CLM-81924,2025-01-28,Franchise_FL_04,Dehumidifier Rental,32.0,,3812.48,1,119.14,,
CLM-86314,"July 25, 2025",Franchise_TX_01,Antimicrobial Treatment,32.0,514.88,312.75,0,,16.09,
CLM-80192,2025-09-05,Franchise_FL_04,Drywall Repair,37.0,913.9,913.9,1,24.7,,
CLM-93111,"October 07, 2025",Franchise_TX_01,Drywall Repair,31.0,1933.47,1933.47,1,,62.37,
CLM-16262,2025-05-23,Franchise_FL_04,Antimicrobial Treatment,3.0,230.7,230.7,1,76.9,,
CLM-58481,12/09/2025,Franchise_NY_12,Water Extraction,,441.74,441.74,1,,$33.98,13.0
CLM-15401,2025-10-01,Franchise_FL_04,Drywall Repair,18.0,1549.8,1549.8,1,86.1,,
CLM-58456,2025-05-21,Franchise_FL_04,Antimicrobial Treatment,36.0,5237.64,3902.9,0,145.49,,
CLM-74037,05/06/2025,Franchise_NY_12,Dehumidifier Rental,,2136.48,2136.48,1,,$133.53,16.0
CLM-14557,2025-11-04,Franchise_FL_04,Drywall Repair,5.0,126.85,126.85,1,25.37,,
CLM-20419,"July 22, 2025",Franchise_TX_01,Dehumidifier Rental,34.0,1758.48,1344.98,0,,51.72,
CLM-33966,"April 07, 2025",Franchise_TX_01,Antimicrobial Treatment,23.0,1232.11,1232.11,1,,53.57,
CLM-78047,09/02/2025,Franchise_NY_12,Drywall Repair,,942.24,942.24,1,,$39.26,24.0
CLM-12235,2025-08-30,Franchise_FL_04,Antimicrobial Treatment,48.0,4956.96,4131.04,0,103.27,,
CLM-44474,2025-02-19,Franchise_FL_04,Baseboard Replacement,26.0,539.24,539.24,1,20.74,,
CLM-39230,2025-05-05,Franchise_FL_04,Antimicrobial Treatment,1.0,115.22,86.9,0,115.22,,
CLM-35090,2025-07-07,Franchise_FL_04,Drywall Repair,8.0,1050.4,1050.4,1,131.3,,
CLM-90464,2025-01-18,Franchise_FL_04,Antimicrobial Treatment,31.0,771.9,771.9,1,24.9,,
CLM-91199,"April 22, 2025",Franchise_TX_01,Antimicrobial Treatment - MISC,39.0,5626.53,5626.53,1,,144.27,
CLM-29957,"December 19, 2025",Franchise_TX_01,Baseboard Replacement,32.0,4594.88,4594.88,1,,143.59,
CLM-15280,08/13/2025,Franchise_NY_12,Antimicrobial Treatment,,2209.74,2209.74,1,,$84.99,26.0
CLM-78222,"November 22, 2025",Franchise_TX_01,Antimicrobial Treatment,22.0,811.8,666.09,0,,36.9,
CLM-42079,2025-10-02,Franchise_FL_04,Drywall Repair,3.0,130.92,130.92,1,43.64,,
CLM-37451,04/04/2025,Franchise_NY_12,Drywall Repair,,2576.88,1160.51,0,,$143.16,18.0
CLM-72850,"June 03, 2025",Franchise_TX_01,Antimicrobial Treatment,9.0,891.72,750.24,0,,99.08,
CLM-40941,2025-02-12,Franchise_FL_04,Baseboard Replacement,7.0,414.89,414.89,1,59.27,,
CLM-45071,02/03/2025,Franchise_NY_12,Baseboard Replacement,,3021.61,3021.61,1,,$70.27,43.0
CLM-84650,07/03/2025,Franchise_NY_12,Drywall Repair,,357.88,357.88,1,,$15.56,23.0
CLM-24759,"September 03, 2025",Franchise_TX_01,Drywall Repair,19.0,386.65,216.87,0,,20.35,
CLM-11292,2025-07-03,Franchise_FL_04,Dehumidifier Rental,40.0,1971.6,1971.6,1,49.29,,
CLM-58377,"December 17, 2025",Franchise_TX_01,Antimicrobial Treatment,43.0,5601.18,3635.88,0,,130.26,
CLM-18023,2025-11-09,Franchise_FL_04,Baseboard Replacement,4.0,558.84,558.84,1,139.71,,
CLM-97295,2025-08-15,Franchise_FL_04,Dehumidifier Rental,49.0,2021.74,2021.74,1,41.26,,
CLM-53435,2025-12-08,Franchise_FL_04,Antimicrobial Treatment,24.0,2442.72,1626.1,0,101.78,,
CLM-97688,"July 22, 2025",Franchise_TX_01,Dehumidifier Rental,24.0,377.52,293.54,0,,15.73,
CLM-66012,"August 26, 2025",Franchise_TX_01,Baseboard Replacement - MISC,30.0,1722.9,1722.9,1,,57.43,
CLM-69133,09/04/2025,Franchise_NY_12,Water Extraction,,1345.6,1345.6,1,,$67.28,20.0
CLM-45825,"October 16, 2025",Franchise_TX_01,Water Extraction,13.0,1795.3,1387.67,0,,138.1,
CLM-35977,2025-11-16,Franchise_FL_04,Water Extraction,19.0,2593.69,2013.75,0,136.51,,
CLM-77303,"October 25, 2025",Franchise_TX_01,Dehumidifier Rental,22.0,2610.74,1537.95,0,,118.67,
CLM-49880,2025-02-06,Franchise_FL_04,Baseboard Replacement,37.0,,4515.48,1,122.04,,
CLM-52139,2025-06-30,Franchise_FL_04,Drywall Repair,13.0,1130.22,635.73,0,86.94,,
CLM-38954,2025-11-15,Franchise_FL_04,Drywall Repair,8.0,,1053.68,1,131.71,,
CLM-27985,"July 23, 2025",Franchise_TX_01,Water Extraction - MISC,26.0,3477.24,3477.24,1,,133.74,
CLM-49640,"June 16, 2025",Franchise_TX_01,Antimicrobial Treatment,47.0,5730.71,4315.19,0,,121.93,
CLM-17402,2025-12-24,Franchise_FL_04,Baseboard Replacement,18.0,1100.88,1100.88,1,61.16,,
CLM-96412,"July 21, 2025",Franchise_TX_01,Antimicrobial Treatment,10.0,1206.7,1019.12,0,,120.67,
CLM-35751,07/31/2025,Franchise_NY_12,Drywall Repair,,6420.6,5306.69,0,,$142.68,45.0
CLM-36744,04/27/2025,Franchise_NY_12,Water Extraction,,106.12,73.6,0,,$26.53,4.0
CLM-96264,2025-05-29,Franchise_FL_04,Water Extraction,16.0,257.76,257.76,1,16.11,,
CLM-91005,2025-12-22,Franchise_FL_04,Antimicrobial Treatment,30.0,4476.6,4476.6,1,149.22,,
CLM-71758,"January 12, 2025",Franchise_TX_01,Water Extraction,5.0,129.15,58.86,0,,25.83,
CLM-18314,04/20/2025,Franchise_NY_12,Drywall Repair,,2443.75,1190.5,0,,$97.75,25.0
CLM-88663,2025-02-06,Franchise_FL_04,Antimicrobial Treatment,9.0,225.81,172.71,0,25.09,,
CLM-97904,"January 07, 2025",Franchise_TX_01,Dehumidifier Rental,20.0,1407.0,1407.0,1,,70.35,
CLM-60959,2025-01-21,Franchise_FL_04,Dehumidifier Rental,31.0,3405.35,1784.17,0,109.85,,
CLM-68196,2025-12-19,Franchise_FL_04,Baseboard Replacement,28.0,3150.0,1952.95,0,112.5,,
CLM-83331,09/24/2025,Franchise_NY_12,Drywall Repair,,2338.16,2338.16,1,,$53.14,44.0
CLM-46385,"July 30, 2025",Franchise_TX_01,Baseboard Replacement - MISC,9.0,318.24,273.87,0,,35.36,
CLM-70511,01/30/2025,Franchise_NY_12,Water Extraction,,3432.64,1857.74,0,,$100.96,34.0
CLM-87104,"March 13, 2025",Franchise_TX_01,Antimicrobial Treatment,23.0,2138.08,2138.08,1,,92.96,
CLM-43575,2025-01-06,Franchise_FL_04,Baseboard Replacement,30.0,780.9,495.95,0,26.03,,
CLM-45316,01/03/2025,Franchise_NY_12,Dehumidifier Rental,,600.6,486.51,0,,$85.8,7.0
CLM-22633,04/23/2025,Franchise_NY_12,Drywall Repair,,1769.02,1769.02,1,,$41.14,43.0
CLM-86068,11/27/2025,Franchise_NY_12,Dehumidifier Rental,,3205.72,3205.72,1,,$114.49,28.0
CLM-13296,07/07/2025,Franchise_NY_12,Dehumidifier Rental,,1298.08,1298.08,1,,$34.16,38.0
CLM-31050,"June 20, 2025",Franchise_TX_01,Antimicrobial Treatment,41.0,1614.99,1614.99,1,,39.39,
CLM-10563,06/27/2025,Franchise_NY_12,Water Extraction,,354.96,354.96,1,,$19.72,18.0
CLM-41248,08/21/2025,Franchise_NY_12,Dehumidifier Rental,,4017.37,4017.37,1,,$138.53,29.0
CLM-27820,2025-06-25,Franchise_FL_04,Dehumidifier Rental,12.0,1666.56,998.18,0,138.88,,
CLM-41361,04/05/2025,Franchise_NY_12,Dehumidifier Rental,,3052.56,2336.19,0,,$127.19,24.0
CLM-49274,12/12/2025,Franchise_NY_12,Antimicrobial Treatment,,5001.4,3339.65,0,,$147.1,34.0
CLM-64188,"April 15, 2025",Franchise_TX_01,Water Extraction,34.0,5040.84,5040.84,1,,148.26,
CLM-38924,"November 28, 2025",Franchise_TX_01,Baseboard Replacement,19.0,2821.88,2821.88,1,,148.52,
CLM-84109,"October 05, 2025",Franchise_TX_01,Water Extraction,19.0,1212.39,858.92,0,,63.81,
CLM-30075,2025-02-13,Franchise_FL_04,Drywall Repair,12.0,1610.64,1610.64,1,134.22,,
CLM-48817,07/02/2025,Franchise_NY_12,Water Extraction,,615.58,403.2,0,,$43.97,14.0
CLM-23940,"July 17, 2025",Franchise_TX_01,Baseboard Replacement - MISC,31.0,4588.0,4588.0,1,,148.0,
CLM-30162,05/23/2025,Franchise_NY_12,Dehumidifier Rental,,1533.06,1334.98,0,,$56.78,27.0
CLM-20056,"November 17, 2025",Franchise_TX_01,Water Extraction,20.0,2291.0,1889.87,0,,114.55,
CLM-38254,2025-01-28,Franchise_FL_04,Baseboard Replacement,18.0,988.56,988.56,1,54.92,,
CLM-18489,2025-02-12,Franchise_FL_04,Baseboard Replacement,4.0,544.0,544.0,1,136.0,,
CLM-11809,2025-10-06,Franchise_FL_04,Drywall Repair,8.0,1076.0,1076.0,1,134.5,,
CLM-55821,"February 20, 2025",Franchise_TX_01,Water Extraction,46.0,5446.4,2447.82,0,,118.4,
CLM-35497,12/19/2025,Franchise_NY_12,Baseboard Replacement,,595.98,292.47,0,,$99.33,6.0
CLM-25768,03/12/2025,Franchise_NY_12,Baseboard Replacement,,318.6,153.38,0,,$21.24,15.0
CLM-88012,2025-04-26,Franchise_FL_04,Dehumidifier Rental,24.0,1213.68,1213.68,1,50.57,,
CLM-91792,2025-06-29,Franchise_FL_04,Antimicrobial Treatment,26.0,2188.16,2188.16,1,84.16,,
CLM-86384,2025-05-04,Franchise_FL_04,Drywall Repair,25.0,2107.5,2107.5,1,84.3,,
CLM-93439,2025-11-08,Franchise_FL_04,Baseboard Replacement,19.0,1494.16,1181.4,0,78.64,,
CLM-90031,06/30/2025,Franchise_NY_12,Baseboard Replacement,,2759.31,2101.36,0,,$119.97,23.0
CLM-84436,03/28/2025,Franchise_NY_12,Baseboard Replacement,,5471.62,5471.62,1,,$143.99,38.0
CLM-93182,2025-10-26,Franchise_FL_04,Water Extraction,24.0,2187.36,2187.36,1,91.14,,
CLM-94309,"April 04, 2025",Franchise_TX_01,Baseboard Replacement,38.0,1673.52,1673.52,1,,44.04,
CLM-20446,"May 19, 2025",Franchise_TX_01,Drywall Repair,9.0,993.24,660.98,0,,110.36,
CLM-84123,2025-01-26,Franchise_FL_04,Dehumidifier Rental,1.0,26.25,26.25,1,26.25,,
CLM-51129,"January 13, 2025",Franchise_TX_01,Drywall Repair,24.0,2433.12,2433.12,1,,101.38,
CLM-44529,"July 06, 2025",Franchise_TX_01,Baseboard Replacement,35.0,5194.7,2784.81,0,,148.42,
CLM-46729,2025-04-24,Franchise_FL_04,Drywall Repair,28.0,2090.48,1037.79,0,74.66,,
CLM-99634,02/26/2025,Franchise_NY_12,Baseboard Replacement,,568.32,305.03,0,,$23.68,24.0
CLM-28753,01/14/2025,Franchise_NY_12,Dehumidifier Rental,,4073.5,4073.5,1,,$81.47,50.0
CLM-43669,05/26/2025,Franchise_NY_12,Antimicrobial Treatment,,3035.5,3035.5,1,,$116.75,26.0
CLM-85679,"December 01, 2025",Franchise_TX_01,Baseboard Replacement,2.0,207.88,207.88,1,,103.94,
CLM-34155,"May 18, 2025",Franchise_TX_01,Drywall Repair,36.0,2011.68,2011.68,1,,55.88,
CLM-86540,03/17/2025,Franchise_NY_12,Dehumidifier Rental,,709.67,709.67,1,,$54.59,13.0
CLM-97335,2025-07-18,Franchise_FL_04,Drywall Repair,30.0,596.1,533.06,0,19.87,,
CLM-93903,2025-07-10,Franchise_FL_04,Drywall Repair,9.0,670.23,670.23,1,74.47,,
CLM-51476,08/12/2025,Franchise_NY_12,Antimicrobial Treatment,,1161.28,816.78,0,,$61.12,19.0
CLM-19682,06/08/2025,Franchise_NY_12,Water Extraction,,3049.48,3049.48,1,,$108.91,28.0
CLM-81422,2025-02-15,Franchise_FL_04,Drywall Repair,28.0,2543.52,2543.52,1,90.84,,
CLM-79683,2025-10-20,Franchise_FL_04,Baseboard Replacement,28.0,,630.28,1,22.51,,
CLM-97830,02/19/2025,Franchise_NY_12,Dehumidifier Rental,,3037.46,1385.46,0,,$104.74,29.0
CLM-85676,04/08/2025,Franchise_NY_12,Antimicrobial Treatment,,937.95,937.95,1,,$24.05,39.0
CLM-92352,02/07/2025,Franchise_NY_12,Antimicrobial Treatment,,4212.8,4212.8,1,,$105.32,40.0
CLM-46251,"July 04, 2025",Franchise_TX_01,Baseboard Replacement,9.0,227.43,169.61,0,,25.27,
CLM-68945,2025-05-06,Franchise_FL_04,Drywall Repair,21.0,1656.27,1114.36,0,78.87,,
CLM-98496,"November 01, 2025",Franchise_TX_01,Water Extraction,12.0,814.44,814.44,1,,67.87,
CLM-36258,04/06/2025,Franchise_NY_12,Antimicrobial Treatment,,1854.36,1854.36,1,,$109.08,17.0
CLM-69936,"September 21, 2025",Franchise_TX_01,Antimicrobial Treatment,40.0,1642.8,1642.8,1,,41.07,
CLM-29038,"March 21, 2025",Franchise_TX_01,Water Extraction,24.0,3248.88,1404.46,0,,135.37,
CLM-71255,04/28/2025,Franchise_NY_12,Baseboard Replacement,,1364.76,623.74,0,,$40.14,34.0
CLM-86177,2025-06-22,Franchise_FL_04,Water Extraction,43.0,,2468.52,0,96.99,,
CLM-68496,2025-08-12,Franchise_FL_04,Drywall Repair,19.0,,2349.35,1,123.65,,
CLM-60728,"September 05, 2025",Franchise_TX_01,Dehumidifier Rental,50.0,6216.0,6216.0,1,,124.32,
CLM-52642,05/01/2025,Franchise_NY_12,Drywall Repair,,1794.88,1794.88,1,,$112.18,16.0
CLM-42867,2025-11-13,Franchise_FL_04,Water Extraction,35.0,2882.25,2882.25,1,82.35,,
CLM-97725,2025-07-08,Franchise_FL_04,Baseboard Replacement,31.0,1475.91,1475.91,1,47.61,,
CLM-27249,"January 09, 2025",Franchise_TX_01,Water Extraction,38.0,3915.52,3915.52,1,,103.04,
CLM-44946,12/17/2025,Franchise_NY_12,Antimicrobial Treatment,,4228.92,3688.6,0,,$117.47,36.0
CLM-88058,"August 06, 2025",Franchise_TX_01,Water Extraction,19.0,2639.29,1237.67,0,,138.91,
CLM-46841,2025-02-13,Franchise_FL_04,Dehumidifier Rental,46.0,6776.26,6776.26,1,147.31,,
CLM-86663,"August 06, 2025",Franchise_TX_01,Baseboard Replacement,11.0,1550.56,1550.56,1,,140.96,
CLM-66181,2025-01-01,Franchise_FL_04,Drywall Repair,24.0,1344.96,898.33,0,56.04,,
CLM-24608,2025-12-29,Franchise_FL_04,Baseboard Replacement,43.0,4762.25,4762.25,1,110.75,,
CLM-61311,07/17/2025,Franchise_NY_12,Dehumidifier Rental,,2384.34,2384.34,1,,$48.66,49.0
CLM-77409,"September 27, 2025",Franchise_TX_01,Drywall Repair,45.0,6232.5,6232.5,1,,138.5,
CLM-26851,2025-12-03,Franchise_FL_04,Baseboard Replacement,29.0,2821.7,1809.5,0,97.3,,
CLM-72403,04/29/2025,Franchise_NY_12,Baseboard Replacement,,323.85,186.88,0,,$19.05,17.0
CLM-99375,2025-09-06,Franchise_FL_04,Dehumidifier Rental,7.0,951.37,951.37,1,135.91,,
CLM-87407,"June 17, 2025",Franchise_TX_01,Water Extraction,10.0,911.1,911.1,1,,91.11,
CLM-19405,2025-04-11,Franchise_FL_04,Water Extraction,42.0,961.8,961.8,1,22.9,,
CLM-40999,2025-05-04,Franchise_FL_04,Water Extraction,21.0,1509.27,652.84,0,71.87,,
CLM-70808,2025-07-12,Franchise_FL_04,Antimicrobial Treatment,19.0,1716.27,952.09,0,90.33,,
CLM-22722,"February 23, 2025",Franchise_TX_01,Antimicrobial Treatment,25.0,2717.25,2073.75,0,,108.69,
CLM-97790,02/15/2025,Franchise_NY_12,Dehumidifier Rental,,85.24,85.24,1,,$85.24,1.0
CLM-38651,2025-10-16,Franchise_FL_04,Baseboard Replacement,35.0,2461.9,2064.51,0,70.34,,
CLM-39278,2025-06-11,Franchise_FL_04,Antimicrobial Treatment,8.0,334.56,334.56,1,41.82,,
CLM-82056,02/28/2025,Franchise_NY_12,Drywall Repair,,756.6,557.72,0,,$63.05,12.0
CLM-14935,2025-06-19,Franchise_FL_04,Antimicrobial Treatment,49.0,4674.6,4674.6,1,95.4,,
CLM-60554,07/06/2025,Franchise_NY_12,Dehumidifier Rental,,4625.6,4625.6,1,,$132.16,35.0
CLM-64265,2025-06-24,Franchise_FL_04,Drywall Repair,33.0,2042.04,2042.04,1,61.88,,
CLM-25916,"November 04, 2025",Franchise_TX_01,Water Extraction - MISC,1.0,28.98,14.83,0,,28.98,
CLM-98876,01/14/2025,Franchise_NY_12,Dehumidifier Rental,,5104.15,5104.15,1,,$137.95,37.0
CLM-31467,"November 14, 2025",Franchise_TX_01,Water Extraction,11.0,1360.7,1360.7,1,,123.7,
CLM-24784,2025-07-15,Franchise_FL_04,Baseboard Replacement,2.0,167.6,167.6,1,83.8,,
CLM-41479,2025-08-11,Franchise_FL_04,Dehumidifier Rental,21.0,1789.41,1594.26,0,85.21,,
CLM-57140,"February 03, 2025",Franchise_TX_01,Antimicrobial Treatment - MISC,1.0,87.28,87.28,1,,87.28,
CLM-14512,2025-02-24,Franchise_FL_04,Antimicrobial Treatment,41.0,4756.41,2702.11,0,116.01,,
CLM-14174,2025-09-02,Franchise_FL_04,Water Extraction,18.0,405.36,405.36,1,22.52,,
CLM-17162,"August 31, 2025",Franchise_TX_01,Drywall Repair,15.0,1730.4,1730.4,1,,115.36,
CLM-33224,11/13/2025,Franchise_NY_12,Water Extraction,,2790.18,2790.18,1,,$103.34,27.0
CLM-31233,"September 10, 2025",Franchise_TX_01,Drywall Repair - MISC,34.0,3165.4,1440.28,0,,93.1,
CLM-82211,"September 04, 2025",Franchise_TX_01,Baseboard Replacement,16.0,708.32,708.32,1,,44.27,
CLM-18669,"April 24, 2025",Franchise_TX_01,Antimicrobial Treatment,25.0,1696.5,1696.5,1,,67.86,
CLM-54378,"May 24, 2025",Franchise_TX_01,Dehumidifier Rental,33.0,3114.21,1732.82,0,,94.37,
CLM-86729,08/29/2025,Franchise_NY_12,Drywall Repair,,4691.0,4691.0,1,,$93.82,50.0
CLM-78989,2025-10-22,Franchise_FL_04,Baseboard Replacement,39.0,4790.76,2287.71,0,122.84,,
CLM-96004,07/09/2025,Franchise_NY_12,Drywall Repair,,925.9,925.9,1,,$92.59,10.0
CLM-88776,11/23/2025,Franchise_NY_12,Antimicrobial Treatment,,1530.88,1530.88,1,,$66.56,23.0
CLM-85253,"May 23, 2025",Franchise_TX_01,Dehumidifier Rental - MISC,15.0,1834.35,1834.35,1,,122.29,
CLM-95612,"March 24, 2025",Franchise_TX_01,Dehumidifier Rental,17.0,1722.1,1471.33,0,,101.3,
CLM-24223,"August 29, 2025",Franchise_TX_01,Dehumidifier Rental,1.0,21.36,21.36,1,,21.36,
CLM-66751,2025-03-22,Franchise_FL_04,Baseboard Replacement,31.0,2525.26,2525.26,1,81.46,,
CLM-51093,"December 10, 2025",Franchise_TX_01,Drywall Repair,4.0,586.64,264.25,0,,146.66,
CLM-98652,07/21/2025,Franchise_NY_12,Water Extraction,,982.41,812.78,0,,$75.57,13.0
CLM-14220,2025-01-31,Franchise_FL_04,Dehumidifier Rental,2.0,287.1,241.21,0,143.55,,
CLM-23041,"March 31, 2025",Franchise_TX_01,Baseboard Replacement,9.0,997.2,605.45,0,,110.8,
CLM-12875,2025-05-25,Franchise_FL_04,Dehumidifier Rental,6.0,461.7,388.53,0,76.95,,
CLM-26938,2025-04-23,Franchise_FL_04,Drywall Repair,32.0,791.68,526.04,0,24.74,,
CLM-57008,2025-09-20,Franchise_FL_04,Dehumidifier Rental,31.0,3879.34,2671.99,0,125.14,,
CLM-80415,2025-11-14,Franchise_FL_04,Dehumidifier Rental,49.0,2420.6,2420.6,1,49.4,,
CLM-43325,2025-08-04,Franchise_FL_04,Drywall Repair,43.0,4539.94,4539.94,1,105.58,,
CLM-65055,2025-07-31,Franchise_FL_04,Drywall Repair,22.0,1084.82,1084.82,1,49.31,,
CLM-96908,09/12/2025,Franchise_NY_12,Baseboard Replacement,,1646.19,700.46,0,,$42.21,39.0
CLM-12970,11/18/2025,Franchise_NY_12,Baseboard Replacement,,103.32,41.67,0,,$25.83,4.0
CLM-39820,02/16/2025,Franchise_NY_12,Water Extraction,,3865.8,3865.8,1,,$113.7,34.0
CLM-31743,03/16/2025,Franchise_NY_12,Water Extraction,,1508.24,1508.24,1,,$44.36,34.0
CLM-89184,04/04/2025,Franchise_NY_12,Drywall Repair,,1341.99,1341.99,1,,$43.29,31.0
CLM-59997,"December 14, 2025",Franchise_TX_01,Baseboard Replacement,4.0,566.96,310.23,0,,141.74,
CLM-85206,"February 07, 2025",Franchise_TX_01,Water Extraction,4.0,521.8,521.8,1,,130.45,
CLM-41227,"January 09, 2025",Franchise_TX_01,Water Extraction,10.0,599.3,299.96,0,,59.93,
CLM-11062,05/31/2025,Franchise_NY_12,Baseboard Replacement,,3688.74,1541.45,0,,$136.62,27.0
CLM-36841,"March 25, 2025",Franchise_TX_01,Dehumidifier Rental - MISC,40.0,1762.8,1762.8,1,,44.07,
CLM-84386,11/04/2025,Franchise_NY_12,Drywall Repair,,2990.34,2425.82,0,,$80.82,37.0
CLM-55866,01/03/2025,Franchise_NY_12,Water Extraction,,2038.08,1542.25,0,,$127.38,16.0
CLM-34028,02/13/2025,Franchise_NY_12,Dehumidifier Rental,,3626.8,2616.78,0,,$90.67,40.0
CLM-88137,"December 16, 2025",Franchise_TX_01,Water Extraction,48.0,5056.8,3561.82,0,,105.35,
CLM-58052,10/25/2025,Franchise_NY_12,Drywall Repair,,1933.25,1933.25,1,,$52.25,37.0
CLM-26062,06/12/2025,Franchise_NY_12,Dehumidifier Rental,,4814.92,4814.92,1,,$109.43,44.0
CLM-94089,01/28/2025,Franchise_NY_12,Drywall Repair,,204.89,204.89,1,,$29.27,7.0
CLM-60092,2025-06-04,Franchise_FL_04,Water Extraction,28.0,1034.32,435.06,0,36.94,,
CLM-64178,"November 25, 2025",Franchise_TX_01,Antimicrobial Treatment,44.0,5001.48,5001.48,1,,113.67,
CLM-96402,11/12/2025,Franchise_NY_12,Water Extraction,,838.8,838.8,1,,$104.85,8.0
CLM-62544,01/30/2025,Franchise_NY_12,Water Extraction,,1608.2,1608.2,1,,$37.4,43.0
CLM-82228,"November 04, 2025",Franchise_TX_01,Baseboard Replacement,34.0,2993.7,2406.71,0,,88.05,
CLM-41212,2025-03-18,Franchise_FL_04,Drywall Repair,11.0,708.4,708.4,1,64.4,,
CLM-81455,"April 02, 2025",Franchise_TX_01,Dehumidifier Rental,27.0,696.6,484.64,0,,25.8,
CLM-14097,"October 02, 2025",Franchise_TX_01,Antimicrobial Treatment,7.0,956.97,749.14,0,,136.71,
CLM-37002,2025-12-18,Franchise_FL_04,Baseboard Replacement,10.0,463.2,463.2,1,46.32,,
CLM-32080,2025-09-18,Franchise_FL_04,Water Extraction,49.0,4231.64,2016.37,0,86.36,,
CLM-56692,2025-04-14,Franchise_FL_04,Water Extraction,20.0,2911.4,2911.4,1,145.57,,
CLM-33910,02/16/2025,Franchise_NY_12,Baseboard Replacement,,2036.1,1723.4,0,,$67.87,30.0
CLM-41345,"July 17, 2025",Franchise_TX_01,Dehumidifier Rental,37.0,4489.21,4489.21,1,,121.33,
CLM-67377,"July 31, 2025",Franchise_TX_01,Dehumidifier Rental,4.0,191.8,161.36,0,,47.95,
CLM-54337,12/02/2025,Franchise_NY_12,Antimicrobial Treatment,,1533.78,1369.3,0,,$85.21,18.0
CLM-79664,05/26/2025,Franchise_NY_12,Baseboard Replacement,,1640.83,1640.83,1,,$52.93,31.0
CLM-45561,01/02/2025,Franchise_NY_12,Antimicrobial Treatment,,2397.57,2397.57,1,,$114.17,21.0
CLM-19262,2025-10-03,Franchise_FL_04,Drywall Repair,49.0,,6443.01,1,131.49,,
CLM-49858,"September 01, 2025",Franchise_TX_01,Drywall Repair,16.0,1430.88,1430.88,1,,89.43,
CLM-79750,2025-02-07,Franchise_FL_04,Baseboard Replacement,46.0,2849.24,2849.24,1,61.94,,
CLM-67809,"April 26, 2025",Franchise_TX_01,Drywall Repair,27.0,3441.96,3441.96,1,,127.48,
CLM-17153,2025-07-04,Franchise_FL_04,Water Extraction,39.0,,2956.47,0,129.65,,
CLM-35586,"July 17, 2025",Franchise_TX_01,Antimicrobial Treatment,28.0,1508.64,1508.64,1,,53.88,
CLM-43360,06/10/2025,Franchise_NY_12,Antimicrobial Treatment,,211.18,146.14,0,,$105.59,2.0
CLM-62504,"November 04, 2025",Franchise_TX_01,Antimicrobial Treatment,39.0,5513.43,5513.43,1,,141.37,
CLM-61260,"September 29, 2025",Franchise_TX_01,Drywall Repair,10.0,706.7,307.94,0,,70.67,
CLM-52865,11/01/2025,Franchise_NY_12,Drywall Repair,,441.81,346.86,0,,$147.27,3.0
CLM-56834,2025-05-18,Franchise_FL_04,Dehumidifier Rental,27.0,3842.64,3842.64,1,142.32,,
CLM-60766,2025-04-22,Franchise_FL_04,Dehumidifier Rental,13.0,1296.1,887.38,0,99.7,,
CLM-53775,"December 08, 2025",Franchise_TX_01,Antimicrobial Treatment,8.0,1186.0,1186.0,1,,148.25,
CLM-32808,2025-12-16,Franchise_FL_04,Baseboard Replacement,7.0,799.47,594.46,0,114.21,,
CLM-47617,2025-01-21,Franchise_FL_04,Antimicrobial Treatment,41.0,712.17,712.17,1,17.37,,
CLM-40588,09/17/2025,Franchise_NY_12,Water Extraction,,407.94,407.94,1,,$15.69,26.0
CLM-99987,2025-06-30,Franchise_FL_04,Water Extraction,38.0,3969.1,3969.1,1,104.45,,
CLM-68362,"March 25, 2025",Franchise_TX_01,Water Extraction - MISC,9.0,985.14,663.4,0,,109.46,
CLM-17981,"November 28, 2025",Franchise_TX_01,Water Extraction,4.0,323.48,286.01,0,,80.87,
CLM-67005,04/06/2025,Franchise_NY_12,Baseboard Replacement,,1352.16,1352.16,1,,$56.34,24.0
CLM-91859,12/12/2025,Franchise_NY_12,Dehumidifier Rental,,2387.84,1696.57,0,,$74.62,32.0
CLM-69380,04/05/2025,Franchise_NY_12,Baseboard Replacement,,878.9,878.9,1,,$87.89,10.0
CLM-44136,08/09/2025,Franchise_NY_12,Drywall Repair,,1333.71,1333.71,1,,$148.19,9.0
CLM-34292,"October 04, 2025",Franchise_TX_01,Antimicrobial Treatment,12.0,1362.84,1362.84,1,,113.57,
CLM-73384,"April 23, 2025",Franchise_TX_01,Antimicrobial Treatment,39.0,1548.3,1306.8,0,,39.7,
CLM-22887,"September 26, 2025",Franchise_TX_01,Dehumidifier Rental - MISC,35.0,2413.25,2413.25,1,,68.95,
CLM-79148,09/11/2025,Franchise_NY_12,Drywall Repair,,1356.6,1356.6,1,,$38.76,35.0
CLM-47076,"June 24, 2025",Franchise_TX_01,Drywall Repair,23.0,2044.24,2044.24,1,,88.88,
CLM-20807,09/06/2025,Franchise_NY_12,Antimicrobial Treatment,,3136.09,3136.09,1,,$76.49,41.0
CLM-25435,2025-11-14,Franchise_FL_04,Antimicrobial Treatment,17.0,1818.32,1818.32,1,106.96,,
CLM-91169,2025-08-08,Franchise_FL_04,Dehumidifier Rental,10.0,1447.3,1447.3,1,144.73,,
CLM-34573,2025-08-22,Franchise_FL_04,Dehumidifier Rental,50.0,6654.0,6654.0,1,133.08,,
CLM-44008,2025-09-12,Franchise_FL_04,Baseboard Replacement,30.0,2553.3,2553.3,1,85.11,,
CLM-27542,01/25/2025,Franchise_NY_12,Drywall Repair,,2531.49,1373.72,0,,$64.91,39.0
CLM-23957,02/14/2025,Franchise_NY_12,Baseboard Replacement,,2282.28,2282.28,1,,$120.12,19.0
CLM-21086,"October 17, 2025",Franchise_TX_01,Dehumidifier Rental,15.0,1398.0,1398.0,1,,93.2,
CLM-27721,2025-01-17,Franchise_FL_04,Antimicrobial Treatment,30.0,1671.3,1671.3,1,55.71,,
CLM-81440,04/19/2025,Franchise_NY_12,Antimicrobial Treatment,,378.0,378.0,1,,$15.75,24.0
CLM-76822,2025-01-04,Franchise_FL_04,Dehumidifier Rental,21.0,1983.24,863.48,0,94.44,,
CLM-43267,2025-07-22,Franchise_FL_04,Drywall Repair,36.0,4149.0,4149.0,1,115.25,,
CLM-62166,"May 16, 2025",Franchise_TX_01,Dehumidifier Rental,2.0,235.98,235.98,1,,117.99,
CLM-43850,09/06/2025,Franchise_NY_12,Drywall Repair,,355.74,355.74,1,,$16.94,21.0
CLM-60853,2025-10-18,Franchise_FL_04,Drywall Repair,18.0,593.28,350.18,0,32.96,,
CLM-22450,2025-01-31,Franchise_FL_04,Baseboard Replacement,5.0,624.25,266.63,0,124.85,,
CLM-56110,02/19/2025,Franchise_NY_12,Water Extraction,,566.46,566.46,1,,$62.94,9.0
CLM-80305,12/21/2025,Franchise_NY_12,Antimicrobial Treatment,,535.64,535.64,1,,$38.26,14.0
CLM-96466,2025-04-17,Franchise_FL_04,Drywall Repair,24.0,3316.08,2762.18,0,138.17,,
CLM-95425,11/02/2025,Franchise_NY_12,Water Extraction,,1086.0,1086.0,1,,$72.4,15.0
CLM-10930,2025-08-27,Franchise_FL_04,Antimicrobial Treatment,32.0,1028.16,749.46,0,32.13,,
CLM-29543,2025-11-27,Franchise_FL_04,Antimicrobial Treatment,28.0,3645.6,3645.6,1,130.2,,
CLM-69767,"November 26, 2025",Franchise_TX_01,Water Extraction - MISC,38.0,4497.68,3695.02,0,,118.36,
CLM-31011,"July 07, 2025",Franchise_TX_01,Water Extraction,23.0,346.15,241.49,0,,15.05,
CLM-79406,2025-01-17,Franchise_FL_04,Baseboard Replacement,41.0,2033.6,2033.6,1,49.6,,
CLM-79114,2025-02-02,Franchise_FL_04,Water Extraction,28.0,2532.6,2153.51,0,90.45,,
CLM-49715,"September 17, 2025",Franchise_TX_01,Baseboard Replacement,41.0,1191.87,536.18,0,,29.07,
CLM-33755,"July 30, 2025",Franchise_TX_01,Water Extraction,16.0,1835.52,1273.11,0,,114.72,
CLM-66467,01/20/2025,Franchise_NY_12,Drywall Repair,,730.98,730.98,1,,$121.83,6.0
CLM-33859,"January 28, 2025",Franchise_TX_01,Baseboard Replacement,27.0,3871.26,3871.26,1,,143.38,
CLM-10345,2025-07-26,Franchise_FL_04,Dehumidifier Rental,10.0,330.6,330.6,1,33.06,,
CLM-48162,02/12/2025,Franchise_NY_12,Antimicrobial Treatment,,1940.25,1940.25,1,,$49.75,39.0
CLM-78293,05/02/2025,Franchise_NY_12,Dehumidifier Rental,,1555.95,1555.95,1,,$37.95,41.0
CLM-21817,05/29/2025,Franchise_NY_12,Antimicrobial Treatment,,1438.36,1438.36,1,,$65.38,22.0
CLM-92959,"July 08, 2025",Franchise_TX_01,Antimicrobial Treatment,15.0,1488.9,884.87,0,,99.26,
CLM-20608,2025-05-04,Franchise_FL_04,Dehumidifier Rental,13.0,1015.43,467.94,0,78.11,,
CLM-98614,2025-02-24,Franchise_FL_04,Dehumidifier Rental,2.0,199.78,199.78,1,99.89,,
CLM-20946,2025-11-30,Franchise_FL_04,Water Extraction,23.0,801.09,387.24,0,34.83,,
CLM-13553,12/25/2025,Franchise_NY_12,Antimicrobial Treatment,,5695.78,5695.78,1,,$132.46,43.0
CLM-93122,05/16/2025,Franchise_NY_12,Antimicrobial Treatment,,1069.4,1069.4,1,,$106.94,10.0
CLM-30238,2025-03-18,Franchise_FL_04,Baseboard Replacement,7.0,978.32,862.06,0,139.76,,
CLM-34033,2025-08-20,Franchise_FL_04,Drywall Repair,6.0,431.22,364.46,0,71.87,,
CLM-89870,08/01/2025,Franchise_NY_12,Dehumidifier Rental,,886.68,886.68,1,,$49.26,18.0
CLM-26520,12/28/2025,Franchise_NY_12,Water Extraction,,146.96,146.96,1,,$146.96,1.0
CLM-88020,"November 06, 2025",Franchise_TX_01,Drywall Repair,2.0,207.04,207.04,1,,103.52,
CLM-97766,05/28/2025,Franchise_NY_12,Antimicrobial Treatment,,169.95,169.95,1,,$56.65,3.0
CLM-98784,11/22/2025,Franchise_NY_12,Drywall Repair,,838.2,411.35,0,,$25.4,33.0
CLM-39893,06/28/2025,Franchise_NY_12,Antimicrobial Treatment,,1424.8,1424.8,1,,$142.48,10.0
CLM-84564,"May 11, 2025",Franchise_TX_01,Antimicrobial Treatment,4.0,96.12,73.0,0,,24.03,
CLM-46321,"October 07, 2025",Franchise_TX_01,Antimicrobial Treatment,26.0,2409.42,2409.42,1,,92.67,
CLM-61843,"November 30, 2025",Franchise_TX_01,Water Extraction,18.0,1651.68,1379.86,0,,91.76,
CLM-90394,2025-12-12,Franchise_FL_04,Baseboard Replacement,28.0,,2821.0,1,100.75,,
CLM-75666,2025-01-02,Franchise_FL_04,Antimicrobial Treatment,31.0,2375.22,2375.22,1,76.62,,
CLM-63909,11/22/2025,Franchise_NY_12,Baseboard Replacement,,697.45,420.99,0,,$139.49,5.0
CLM-20982,03/19/2025,Franchise_NY_12,Baseboard Replacement,,166.72,166.72,1,,$41.68,4.0
CLM-63380,2025-08-09,Franchise_FL_04,Drywall Repair,17.0,1361.7,728.98,0,80.1,,
CLM-57713,06/01/2025,Franchise_NY_12,Drywall Repair,,702.9,702.9,1,,$15.62,45.0
CLM-92303,"September 06, 2025",Franchise_TX_01,Antimicrobial Treatment,5.0,321.25,176.14,0,,64.25,
CLM-37704,"May 20, 2025",Franchise_TX_01,Water Extraction,16.0,2210.08,1200.5,0,,138.13,
CLM-53162,2025-02-03,Franchise_FL_04,Drywall Repair,26.0,3316.56,1843.95,0,127.56,,
CLM-59086,"June 20, 2025",Franchise_TX_01,Baseboard Replacement - MISC,6.0,714.78,444.95,0,,119.13,
CLM-62677,2025-06-23,Franchise_FL_04,Antimicrobial Treatment,15.0,877.05,877.05,1,58.47,,
CLM-48016,"March 14, 2025",Franchise_TX_01,Dehumidifier Rental,39.0,5578.95,3169.13,0,,143.05,
CLM-42760,12/04/2025,Franchise_NY_12,Antimicrobial Treatment,,4705.2,2996.53,0,,$104.56,45.0
CLM-58183,"May 01, 2025",Franchise_TX_01,Drywall Repair,16.0,294.88,294.88,1,,18.43,
CLM-79748,"September 24, 2025",Franchise_TX_01,Water Extraction,48.0,5948.16,5948.16,1,,123.92,
CLM-42592,2025-02-22,Franchise_FL_04,Drywall Repair,46.0,1906.24,1906.24,1,41.44,,
CLM-37873,"July 21, 2025",Franchise_TX_01,Dehumidifier Rental,18.0,2250.0,1933.14,0,,125.0,
CLM-17984,2025-03-06,Franchise_FL_04,Drywall Repair,23.0,461.15,461.15,1,20.05,,
CLM-13996,07/23/2025,Franchise_NY_12,Water Extraction,,1521.2,1249.4,0,,$76.06,20.0
CLM-63600,"April 25, 2025",Franchise_TX_01,Water Extraction,7.0,860.23,860.23,1,,122.89,
CLM-79190,"January 05, 2025",Franchise_TX_01,Baseboard Replacement,27.0,2894.13,2894.13,1,,107.19,
CLM-86739,08/25/2025,Franchise_NY_12,Antimicrobial Treatment,,2886.84,2886.84,1,,$80.19,36.0
CLM-25909,2025-12-22,Franchise_FL_04,Baseboard Replacement,38.0,5041.08,5041.08,1,132.66,,
CLM-73335,03/01/2025,Franchise_NY_12,Water Extraction,,3491.73,3491.73,1,,$105.81,33.0
CLM-90596,09/09/2025,Franchise_NY_12,Baseboard Replacement,,2657.76,2657.76,1,,$94.92,28.0
CLM-49958,08/11/2025,Franchise_NY_12,Dehumidifier Rental,,5910.24,5910.24,1,,$140.72,42.0
CLM-92817,2025-01-02,Franchise_FL_04,Antimicrobial Treatment,13.0,720.59,720.59,1,55.43,,
CLM-72412,2025-09-10,Franchise_FL_04,Antimicrobial Treatment,14.0,1030.96,716.11,0,73.64,,
CLM-29705,"September 19, 2025",Franchise_TX_01,Antimicrobial Treatment,35.0,3445.4,3445.4,1,,98.44,
CLM-24422,"April 29, 2025",Franchise_TX_01,Baseboard Replacement,11.0,317.9,317.9,1,,28.9,
CLM-67750,2025-04-08,Franchise_FL_04,Drywall Repair,21.0,2211.51,1042.49,0,105.31,,
CLM-75851,2025-08-13,Franchise_FL_04,Baseboard Replacement,30.0,3516.0,3516.0,1,117.2,,
CLM-81862,"June 16, 2025",Franchise_TX_01,Antimicrobial Treatment,39.0,3504.54,2564.94,0,,89.86,
CLM-61425,2025-04-01,Franchise_FL_04,Drywall Repair,26.0,2678.78,2678.78,1,103.03,,
CLM-56396,"October 03, 2025",Franchise_TX_01,Water Extraction,9.0,556.29,496.98,0,,61.81,
CLM-75145,2025-12-03,Franchise_FL_04,Water Extraction,23.0,2198.8,2198.8,1,95.6,,
CLM-49908,09/06/2025,Franchise_NY_12,Baseboard Replacement,,1007.42,819.6,0,,$59.26,17.0
CLM-54652,2025-12-08,Franchise_FL_04,Dehumidifier Rental,21.0,1733.76,699.13,0,82.56,,
CLM-62448,"February 13, 2025",Franchise_TX_01,Dehumidifier Rental,13.0,1130.22,1130.22,1,,86.94,
CLM-58871,"April 28, 2025",Franchise_TX_01,Drywall Repair - MISC,50.0,5782.0,5782.0,1,,115.64,
CLM-20995,2025-10-01,Franchise_FL_04,Baseboard Replacement,7.0,571.41,571.41,1,81.63,,
CLM-44321,"January 01, 2026",Franchise_TX_01,Antimicrobial Treatment,2.0,131.36,131.36,1,,65.68,
CLM-68417,06/25/2025,Franchise_NY_12,Dehumidifier Rental,,1705.2,1705.2,1,,$60.9,28.0
CLM-81634,"August 31, 2025",Franchise_TX_01,Antimicrobial Treatment,49.0,2507.82,2197.27,0,,51.18,
CLM-26770,"January 16, 2025",Franchise_TX_01,Water Extraction,37.0,1754.54,1754.54,1,,47.42,
CLM-18655,"January 17, 2025",Franchise_TX_01,Antimicrobial Treatment,3.0,389.49,320.98,0,,129.83,
CLM-11660,08/15/2025,Franchise_NY_12,Water Extraction,,1213.68,1213.68,1,,$101.14,12.0
CLM-13391,2025-10-29,Franchise_FL_04,Water Extraction,8.0,1038.24,728.35,0,129.78,,
CLM-89652,2025-03-15,Franchise_FL_04,Drywall Repair,28.0,1676.92,1676.92,1,59.89,,
CLM-17568,"March 28, 2025",Franchise_TX_01,Drywall Repair,22.0,661.98,661.98,1,,30.09,
CLM-69402,"October 18, 2025",Franchise_TX_01,Baseboard Replacement - MISC,42.0,1010.52,533.37,0,,24.06,
CLM-92586,06/19/2025,Franchise_NY_12,Dehumidifier Rental,,1192.8,1036.91,0,,$59.64,20.0
CLM-71268,2025-12-19,Franchise_FL_04,Drywall Repair,19.0,2047.44,2047.44,1,107.76,,
CLM-80336,03/09/2025,Franchise_NY_12,Dehumidifier Rental,,414.48,414.48,1,,$69.08,6.0
CLM-25665,2025-06-14,Franchise_FL_04,Dehumidifier Rental,46.0,2600.84,1480.44,0,56.54,,
CLM-20391,01/09/2025,Franchise_NY_12,Antimicrobial Treatment,,1689.76,1689.76,1,,$105.61,16.0
CLM-15348,10/27/2025,Franchise_NY_12,Antimicrobial Treatment,,2254.35,1833.6,0,,$64.41,35.0
CLM-57541,"September 23, 2025",Franchise_TX_01,Antimicrobial Treatment,14.0,548.24,228.36,0,,39.16,
CLM-66153,"March 02, 2025",Franchise_TX_01,Antimicrobial Treatment,15.0,1103.55,485.19,0,,73.57,
CLM-85889,"November 22, 2025",Franchise_TX_01,Baseboard Replacement,20.0,2063.6,2063.6,1,,103.18,
CLM-24857,2025-05-09,Franchise_FL_04,Antimicrobial Treatment,41.0,1159.48,811.77,0,28.28,,
CLM-66609,2025-01-14,Franchise_FL_04,Baseboard Replacement,19.0,2126.1,865.48,0,111.9,,
CLM-42418,05/23/2025,Franchise_NY_12,Drywall Repair,,3359.13,3359.13,1,,$81.93,41.0
CLM-34207,"December 19, 2025",Franchise_TX_01,Antimicrobial Treatment - MISC,30.0,2257.2,2257.2,1,,75.24,
CLM-44019,11/05/2025,Franchise_NY_12,Dehumidifier Rental,,2652.0,2652.0,1,,$88.4,30.0
CLM-50048,03/01/2025,Franchise_NY_12,Dehumidifier Rental,,1656.3,987.63,0,,$55.21,30.0
CLM-50020,"August 21, 2025",Franchise_TX_01,Water Extraction,11.0,498.52,437.19,0,,45.32,
CLM-44711,"February 09, 2025",Franchise_TX_01,Water Extraction - MISC,23.0,2589.34,2589.34,1,,112.58,
CLM-69855,07/29/2025,Franchise_NY_12,Baseboard Replacement,,3671.72,1983.42,0,,$79.82,46.0
CLM-94910,08/10/2025,Franchise_NY_12,Water Extraction,,676.65,482.27,0,,$52.05,13.0
CLM-39063,06/18/2025,Franchise_NY_12,Dehumidifier Rental,,2577.12,1235.95,0,,$53.69,48.0
CLM-14017,2025-02-26,Franchise_FL_04,Drywall Repair,37.0,2299.18,2299.18,1,62.14,,
CLM-82698,"February 02, 2025",Franchise_TX_01,Drywall Repair,39.0,3609.06,3609.06,1,,92.54,
CLM-84304,2026-01-01,Franchise_FL_04,Dehumidifier Rental,38.0,2808.96,2166.03,0,73.92,,
CLM-54692,"September 10, 2025",Franchise_TX_01,Water Extraction,48.0,6644.16,5354.25,0,,138.42,
CLM-14125,01/02/2025,Franchise_NY_12,Baseboard Replacement,,1820.7,1820.7,1,,$60.69,30.0
CLM-38723,12/21/2025,Franchise_NY_12,Drywall Repair,,2254.4,1800.24,0,,$140.9,16.0
CLM-82647,2025-11-17,Franchise_FL_04,Baseboard Replacement,47.0,2180.33,1134.87,0,46.39,,
CLM-91253,"January 26, 2025",Franchise_TX_01,Baseboard Replacement,46.0,1544.22,1088.4,0,,33.57,
CLM-10280,10/19/2025,Franchise_NY_12,Baseboard Replacement,,6536.6,6536.6,1,,$142.1,46.0
CLM-18536,02/14/2025,Franchise_NY_12,Water Extraction,,940.68,940.68,1,,$104.52,9.0
CLM-98475,07/03/2025,Franchise_NY_12,Water Extraction,,3417.48,3417.48,1,,$77.67,44.0
CLM-30582,2025-02-05,Franchise_FL_04,Drywall Repair,33.0,2776.29,1582.96,0,84.13,,
CLM-23312,03/25/2025,Franchise_NY_12,Drywall Repair,,1819.82,1819.82,1,,$95.78,19.0
CLM-32273,"November 10, 2025",Franchise_TX_01,Antimicrobial Treatment,34.0,2369.8,1764.13,0,,69.7,
CLM-22892,01/05/2025,Franchise_NY_12,Drywall Repair,,2231.64,1305.24,0,,$61.99,36.0
CLM-10405,"October 04, 2025",Franchise_TX_01,Antimicrobial Treatment,40.0,4493.2,4493.2,1,,112.33,
CLM-59156,"October 27, 2025",Franchise_TX_01,Baseboard Replacement,24.0,2230.8,937.79,0,,92.95,
CLM-54223,2025-02-26,Franchise_FL_04,Antimicrobial Treatment,18.0,,594.76,0,58.8,,
CLM-25298,2025-10-02,Franchise_FL_04,Antimicrobial Treatment,19.0,2081.83,2081.83,1,109.57,,
CLM-10437,2025-11-17,Franchise_FL_04,Dehumidifier Rental,40.0,4684.4,4684.4,1,117.11,,
CLM-87107,06/14/2025,Franchise_NY_12,Drywall Repair,,2881.8,1932.13,0,,$144.09,20.0
CLM-89306,2025-03-03,Franchise_FL_04,Water Extraction,14.0,,1811.32,1,129.38,,
CLM-31594,2025-05-27,Franchise_FL_04,Baseboard Replacement,32.0,1081.6,444.6,0,33.8,,
CLM-64360,"January 07, 2025",Franchise_TX_01,Antimicrobial Treatment,33.0,4331.58,4331.58,1,,131.26,
CLM-61512,2025-05-04,Franchise_FL_04,Drywall Repair,34.0,531.42,531.42,1,15.63,,
CLM-94257,"November 15, 2025",Franchise_TX_01,Drywall Repair - MISC,44.0,5870.48,5870.48,1,,133.42,
CLM-83144,2025-06-11,Franchise_FL_04,Water Extraction,49.0,,6819.82,1,139.18,,
CLM-74652,09/26/2025,Franchise_NY_12,Baseboard Replacement,,612.85,464.34,0,,$87.55,7.0
CLM-76148,12/06/2025,Franchise_NY_12,Drywall Repair,,768.0,768.0,1,,$64.0,12.0
CLM-45993,08/29/2025,Franchise_NY_12,Antimicrobial Treatment,,1230.72,648.11,0,,$25.64,48.0
CLM-48906,2025-05-01,Franchise_FL_04,Baseboard Replacement,5.0,704.8,544.92,0,140.96,,
CLM-28215,2025-12-03,Franchise_FL_04,Water Extraction,19.0,1921.09,962.58,0,101.11,,
CLM-70028,08/09/2025,Franchise_NY_12,Drywall Repair,,649.4,649.4,1,,$32.47,20.0
CLM-94866,05/18/2025,Franchise_NY_12,Baseboard Replacement,,2933.04,2933.04,1,,$133.32,22.0
CLM-69596,07/09/2025,Franchise_NY_12,Antimicrobial Treatment,,4182.09,4182.09,1,,$126.73,33.0
CLM-28390,08/27/2025,Franchise_NY_12,Antimicrobial Treatment,,4894.98,4894.98,1,,$143.97,34.0
CLM-86366,12/22/2025,Franchise_NY_12,Baseboard Replacement,,5038.87,5038.87,1,,$107.21,47.0
CLM-34154,2025-10-09,Franchise_FL_04,Baseboard Replacement,2.0,245.94,102.32,0,122.97,,
CLM-38807,"January 20, 2025",Franchise_TX_01,Antimicrobial Treatment - MISC,36.0,4459.68,4459.68,1,,123.88,
CLM-58038,"June 28, 2025",Franchise_TX_01,Antimicrobial Treatment,30.0,1550.7,1550.7,1,,51.69,
CLM-38788,06/02/2025,Franchise_NY_12,Dehumidifier Rental,,588.24,380.38,0,,$65.36,9.0
CLM-27787,2025-06-02,Franchise_FL_04,Water Extraction,15.0,1074.3,523.7,0,71.62,,
CLM-53920,10/06/2025,Franchise_NY_12,Antimicrobial Treatment,,5922.42,5922.42,1,,$141.01,42.0
CLM-82630,08/20/2025,Franchise_NY_12,Dehumidifier Rental,,295.56,295.56,1,,$147.78,2.0
CLM-75792,10/29/2025,Franchise_NY_12,Drywall Repair,,2335.68,2335.68,1,,$145.98,16.0
CLM-12874,"May 20, 2025",Franchise_TX_01,Drywall Repair,2.0,74.66,74.66,1,,37.33,
CLM-78506,"July 04, 2025",Franchise_TX_01,Dehumidifier Rental,45.0,3977.1,3977.1,1,,88.38,
CLM-85111,"February 15, 2025",Franchise_TX_01,Drywall Repair,15.0,1255.35,910.16,0,,83.69,
CLM-83139,2025-03-07,Franchise_FL_04,Baseboard Replacement,34.0,3348.32,3348.32,1,98.48,,
CLM-47188,11/12/2025,Franchise_NY_12,Baseboard Replacement,,2011.1,1708.45,0,,$118.3,17.0
CLM-45883,2025-06-22,Franchise_FL_04,Dehumidifier Rental,45.0,,2327.4,1,51.72,,
CLM-84991,"December 07, 2025",Franchise_TX_01,Dehumidifier Rental,26.0,1732.38,1211.56,0,,66.63,
CLM-10293,"November 11, 2025",Franchise_TX_01,Drywall Repair,40.0,5688.4,2782.06,0,,142.21,
CLM-29534,03/04/2025,Franchise_NY_12,Water Extraction,,1320.36,1320.36,1,,$110.03,12.0
CLM-90748,05/11/2025,Franchise_NY_12,Water Extraction,,616.96,411.37,0,,$77.12,8.0
CLM-21501,2025-01-23,Franchise_FL_04,Antimicrobial Treatment,33.0,3723.06,1860.29,0,112.82,,
CLM-30653,"November 28, 2025",Franchise_TX_01,Antimicrobial Treatment,25.0,3718.5,3718.5,1,,148.74,
CLM-70358,"July 23, 2025",Franchise_TX_01,Drywall Repair - MISC,34.0,3701.58,3701.58,1,,108.87,
CLM-54368,2025-05-31,Franchise_FL_04,Drywall Repair,11.0,1122.33,980.7,0,102.03,,
CLM-31759,06/05/2025,Franchise_NY_12,Baseboard Replacement,,635.95,635.95,1,,$27.65,23.0
CLM-53549,"August 01, 2025",Franchise_TX_01,Drywall Repair - MISC,38.0,4423.2,4423.2,1,,116.4,
CLM-41525,2025-02-16,Franchise_FL_04,Water Extraction,18.0,1881.18,792.34,0,104.51,,
CLM-60722,2025-01-23,Franchise_FL_04,Antimicrobial Treatment,12.0,1533.12,1533.12,1,127.76,,
CLM-61912,2025-06-30,Franchise_FL_04,Drywall Repair,19.0,2572.22,1269.71,0,135.38,,
CLM-47029,06/08/2025,Franchise_NY_12,Water Extraction,,615.44,400.82,0,,$43.96,14.0
CLM-86879,06/10/2025,Franchise_NY_12,Baseboard Replacement,,620.4,620.4,1,,$25.85,24.0
CLM-48953,06/20/2025,Franchise_NY_12,Drywall Repair,,4203.76,2320.74,0,,$123.64,34.0
CLM-22607,2025-06-07,Franchise_FL_04,Water Extraction,3.0,152.91,122.01,0,50.97,,
CLM-97991,03/31/2025,Franchise_NY_12,Drywall Repair,,2034.4,2034.4,1,,$127.15,16.0
CLM-58755,02/14/2025,Franchise_NY_12,Dehumidifier Rental,,2741.76,1379.35,0,,$76.16,36.0
CLM-25136,09/24/2025,Franchise_NY_12,Dehumidifier Rental,,1381.38,1381.38,1,,$125.58,11.0
CLM-85167,"August 18, 2025",Franchise_TX_01,Dehumidifier Rental,24.0,1385.52,1385.52,1,,57.73,
CLM-93814,"June 08, 2025",Franchise_TX_01,Drywall Repair,4.0,490.64,319.43,0,,122.66,
CLM-41609,07/14/2025,Franchise_NY_12,Antimicrobial Treatment,,120.3,72.04,0,,$60.15,2.0
CLM-95339,04/27/2025,Franchise_NY_12,Antimicrobial Treatment,,1899.45,1899.45,1,,$126.63,15.0
CLM-87243,2025-09-12,Franchise_FL_04,Drywall Repair,13.0,1929.2,1047.99,0,148.4,,
CLM-25453,2025-12-29,Franchise_FL_04,Dehumidifier Rental,2.0,169.22,169.22,1,84.61,,
CLM-82848,"November 07, 2025",Franchise_TX_01,Dehumidifier Rental - MISC,46.0,4482.7,3037.48,0,,97.45,
CLM-81245,"April 16, 2025",Franchise_TX_01,Dehumidifier Rental,12.0,330.96,330.96,1,,27.58,
CLM-11817,03/03/2025,Franchise_NY_12,Water Extraction,,813.9,813.9,1,,$135.65,6.0
CLM-78648,"January 02, 2025",Franchise_TX_01,Baseboard Replacement,26.0,2897.96,2041.14,0,,111.46,
CLM-78656,"May 18, 2025",Franchise_TX_01,Dehumidifier Rental,6.0,536.22,397.52,0,,89.37,
CLM-24943,2025-05-13,Franchise_FL_04,Baseboard Replacement,29.0,,617.12,1,21.28,,
CLM-44248,01/28/2025,Franchise_NY_12,Baseboard Replacement,,1225.14,893.08,0,,$58.34,21.0
CLM-42087,"August 23, 2025",Franchise_TX_01,Antimicrobial Treatment,40.0,2103.6,2103.6,1,,52.59,
CLM-47881,2025-08-21,Franchise_FL_04,Water Extraction,14.0,251.44,162.16,0,17.96,,
CLM-82119,01/04/2025,Franchise_NY_12,Baseboard Replacement,,3112.44,2152.85,0,,$84.12,37.0
CLM-37619,"September 27, 2025",Franchise_TX_01,Antimicrobial Treatment,11.0,1008.7,564.38,0,,91.7,
CLM-76620,2025-11-03,Franchise_FL_04,Water Extraction,36.0,2524.68,1422.64,0,70.13,,
CLM-43697,01/27/2025,Franchise_NY_12,Drywall Repair,,1160.25,1160.25,1,,$29.75,39.0
CLM-54107,01/03/2025,Franchise_NY_12,Dehumidifier Rental,,2851.84,2851.84,1,,$89.12,32.0
CLM-24763,2025-02-06,Franchise_FL_04,Antimicrobial Treatment,27.0,3857.49,2278.57,0,142.87,,
CLM-40489,"July 30, 2025",Franchise_TX_01,Water Extraction,36.0,2520.72,2520.72,1,,70.02,
CLM-69823,"February 25, 2025",Franchise_TX_01,Baseboard Replacement,50.0,3616.5,3616.5,1,,72.33,
CLM-76665,2025-09-14,Franchise_FL_04,Drywall Repair,16.0,2072.32,2072.32,1,129.52,,
CLM-61011,03/31/2025,Franchise_NY_12,Dehumidifier Rental,,4842.18,3764.19,0,,$115.29,42.0
CLM-10046,2025-05-17,Franchise_FL_04,Antimicrobial Treatment,30.0,2404.5,2404.5,1,80.15,,
CLM-92782,2025-09-06,Franchise_FL_04,Antimicrobial Treatment,21.0,3146.43,3146.43,1,149.83,,
CLM-57768,"February 27, 2025",Franchise_TX_01,Dehumidifier Rental,3.0,94.17,94.17,1,,31.39,
CLM-90452,06/29/2025,Franchise_NY_12,Antimicrobial Treatment,,5668.0,3050.38,0,,$141.7,40.0
CLM-25460,07/02/2025,Franchise_NY_12,Baseboard Replacement,,1805.44,1805.44,1,,$138.88,13.0
CLM-66726,"January 18, 2025",Franchise_TX_01,Water Extraction,43.0,1967.68,1967.68,1,,45.76,
CLM-70399,2025-09-24,Franchise_FL_04,Drywall Repair,47.0,6328.55,6328.55,1,134.65,,
CLM-35457,2025-05-07,Franchise_FL_04,Drywall Repair,35.0,3662.4,3662.4,1,104.64,,
CLM-87091,08/03/2025,Franchise_NY_12,Antimicrobial Treatment,,2707.6,2707.6,1,,$77.36,35.0
CLM-56995,2025-11-01,Franchise_FL_04,Baseboard Replacement,27.0,1990.71,1990.71,1,73.73,,
CLM-18554,"September 25, 2025",Franchise_TX_01,Antimicrobial Treatment - MISC,15.0,455.25,383.99,0,,30.35,
CLM-33382,"December 21, 2025",Franchise_TX_01,Baseboard Replacement,16.0,1788.16,1788.16,1,,111.76,
CLM-88239,02/18/2025,Franchise_NY_12,Antimicrobial Treatment,,1741.35,1271.81,0,,$133.95,13.0
CLM-66658,2025-06-03,Franchise_FL_04,Baseboard Replacement,40.0,818.0,546.93,0,20.45,,
CLM-36703,2025-11-01,Franchise_FL_04,Baseboard Replacement,17.0,2549.15,2549.15,1,149.95,,
CLM-76531,2025-10-09,Franchise_FL_04,Water Extraction,22.0,1001.44,1001.44,1,45.52,,
CLM-38623,2025-02-15,Franchise_FL_04,Drywall Repair,2.0,104.48,104.48,1,52.24,,
CLM-77621,2025-02-16,Franchise_FL_04,Dehumidifier Rental,33.0,3891.69,3891.69,1,117.93,,
CLM-62455,01/16/2025,Franchise_NY_12,Water Extraction,,967.26,828.05,0,,$46.06,21.0
CLM-41661,06/03/2025,Franchise_NY_12,Dehumidifier Rental,,1946.16,1946.16,1,,$108.12,18.0
CLM-10432,11/17/2025,Franchise_NY_12,Dehumidifier Rental,,1228.25,1228.25,1,,$72.25,17.0
CLM-72635,06/22/2025,Franchise_NY_12,Dehumidifier Rental,,2097.6,1700.32,0,,$52.44,40.0
CLM-11206,02/08/2025,Franchise_NY_12,Baseboard Replacement,,2843.55,1426.98,0,,$63.19,45.0
CLM-51383,2025-04-23,Franchise_FL_04,Baseboard Replacement,16.0,359.2,171.34,0,22.45,,
CLM-35866,01/02/2025,Franchise_NY_12,Baseboard Replacement,,326.7,262.09,0,,$21.78,15.0
CLM-72333,12/05/2025,Franchise_NY_12,Drywall Repair,,354.24,354.24,1,,$59.04,6.0
CLM-34134,12/10/2025,Franchise_NY_12,Water Extraction,,43.92,43.92,1,,$21.96,2.0
CLM-59878,04/29/2025,Franchise_NY_12,Dehumidifier Rental,,4927.89,4927.89,1,,$149.33,33.0
CLM-52114,"June 07, 2025",Franchise_TX_01,Antimicrobial Treatment - MISC,48.0,4004.16,4004.16,1,,83.42,
CLM-32050,2025-06-26,Franchise_FL_04,Baseboard Replacement,3.0,207.63,207.63,1,69.21,,
CLM-27967,2025-12-19,Franchise_FL_04,Baseboard Replacement,21.0,1179.78,903.92,0,56.18,,
CLM-27409,2025-08-21,Franchise_FL_04,Antimicrobial Treatment,10.0,211.4,211.4,1,21.14,,
CLM-62872,01/28/2025,Franchise_NY_12,Water Extraction,,1219.4,503.05,0,,$60.97,20.0
CLM-15236,"November 17, 2025",Franchise_TX_01,Dehumidifier Rental,3.0,117.9,117.9,1,,39.3,
CLM-39554,"April 20, 2025",Franchise_TX_01,Drywall Repair,1.0,60.51,49.42,0,,60.51,
CLM-68603,"May 22, 2025",Franchise_TX_01,Antimicrobial Treatment,44.0,3142.04,1892.33,0,,71.41,
CLM-87144,01/25/2025,Franchise_NY_12,Baseboard Replacement,,1050.7,802.78,0,,$55.3,19.0
CLM-21454,"September 06, 2025",Franchise_TX_01,Antimicrobial Treatment,49.0,4753.0,3524.01,0,,97.0,
CLM-28182,04/21/2025,Franchise_NY_12,Dehumidifier Rental,,1649.79,1649.79,1,,$71.73,23.0
CLM-66086,01/02/2025,Franchise_NY_12,Water Extraction,,2395.36,2395.36,1,,$149.71,16.0
CLM-72929,"February 23, 2025",Franchise_TX_01,Baseboard Replacement,38.0,3539.32,2343.87,0,,93.14,
CLM-53908,"June 10, 2025",Franchise_TX_01,Dehumidifier Rental,50.0,6248.5,6248.5,1,,124.97,
CLM-47606,10/02/2025,Franchise_NY_12,Drywall Repair,,5674.62,3950.61,0,,$135.11,42.0
CLM-23919,08/21/2025,Franchise_NY_12,Baseboard Replacement,,4267.64,4267.64,1,,$147.16,29.0
CLM-82008,"September 17, 2025",Franchise_TX_01,Baseboard Replacement - MISC,19.0,958.55,958.55,1,,50.45,
CLM-17686,2025-05-25,Franchise_FL_04,Antimicrobial Treatment,43.0,1609.06,900.19,0,37.42,,
CLM-40391,2025-10-28,Franchise_FL_04,Water Extraction,27.0,,1647.54,1,61.02,,
CLM-26416,2025-09-03,Franchise_FL_04,Water Extraction,40.0,1999.6,1999.6,1,49.99,,
CLM-66753,2025-06-07,Franchise_FL_04,Drywall Repair,10.0,564.5,564.5,1,56.45,,
CLM-73831,"February 28, 2025",Franchise_TX_01,Baseboard Replacement,28.0,3126.48,2783.99,0,,111.66,
CLM-52044,"April 14, 2025",Franchise_TX_01,Drywall Repair,33.0,2586.87,2586.87,1,,78.39,
CLM-42898,"December 04, 2025",Franchise_TX_01,Dehumidifier Rental,41.0,1485.02,1485.02,1,,36.22,
CLM-49349,2025-02-03,Franchise_FL_04,Water Extraction,25.0,1368.5,1050.61,0,54.74,,
CLM-21199,"February 12, 2025",Franchise_TX_01,Drywall Repair,16.0,820.8,820.8,1,,51.3,
CLM-30601,04/06/2025,Franchise_NY_12,Baseboard Replacement,,2854.78,2854.78,1,,$60.74,47.0
CLM-70811,2025-10-23,Franchise_FL_04,Water Extraction,26.0,1555.58,1555.58,1,59.83,,
CLM-47032,"April 06, 2025",Franchise_TX_01,Baseboard Replacement,45.0,1802.7,1262.62,0,,40.06,
CLM-65071,"August 29, 2025",Franchise_TX_01,Antimicrobial Treatment,31.0,2698.55,2698.55,1,,87.05,
CLM-88290,2025-06-24,Franchise_FL_04,Drywall Repair,44.0,2361.04,1412.37,0,53.66,,
CLM-91399,"July 31, 2025",Franchise_TX_01,Baseboard Replacement,40.0,5949.6,5949.6,1,,148.74,
CLM-57725,11/26/2025,Franchise_NY_12,Antimicrobial Treatment,,1536.36,875.54,0,,$36.58,42.0
CLM-14266,"September 25, 2025",Franchise_TX_01,Baseboard Replacement,22.0,371.8,240.31,0,,16.9,
CLM-92961,"September 19, 2025",Franchise_TX_01,Drywall Repair,17.0,622.03,622.03,1,,36.59,
CLM-21371,2025-01-23,Franchise_FL_04,Baseboard Replacement,46.0,4428.88,4428.88,1,96.28,,
CLM-68374,2025-08-01,Franchise_FL_04,Water Extraction,11.0,1059.85,1059.85,1,96.35,,
CLM-18503,06/18/2025,Franchise_NY_12,Water Extraction,,2171.5,2171.5,1,,$86.86,25.0
CLM-35177,2025-07-21,Franchise_FL_04,Drywall Repair,17.0,1645.43,1645.43,1,96.79,,
CLM-86360,06/30/2025,Franchise_NY_12,Water Extraction,,200.28,200.28,1,,$50.07,4.0
CLM-47692,12/19/2025,Franchise_NY_12,Baseboard Replacement,,6010.4,6010.4,1,,$136.6,44.0
CLM-43446,"January 02, 2025",Franchise_TX_01,Drywall Repair,2.0,108.64,108.64,1,,54.32,
CLM-63941,12/12/2025,Franchise_NY_12,Baseboard Replacement,,605.76,605.76,1,,$100.96,6.0
CLM-15504,05/27/2025,Franchise_NY_12,Drywall Repair,,3218.81,2108.18,0,,$65.69,49.0
CLM-82583,"December 09, 2025",Franchise_TX_01,Water Extraction - MISC,19.0,1170.4,1170.4,1,,61.6,
CLM-29755,04/19/2025,Franchise_NY_12,Drywall Repair,,1744.26,1346.26,0,,$124.59,14.0
CLM-16040,"June 24, 2025",Franchise_TX_01,Dehumidifier Rental,32.0,1615.36,1615.36,1,,50.48,
CLM-77439,"February 04, 2025",Franchise_TX_01,Water Extraction,38.0,4431.56,4431.56,1,,116.62,
CLM-26729,2025-08-26,Franchise_FL_04,Antimicrobial Treatment,24.0,439.92,219.06,0,18.33,,
CLM-76719,2025-10-23,Franchise_FL_04,Water Extraction,38.0,946.2,813.99,0,24.9,,
CLM-82617,08/05/2025,Franchise_NY_12,Baseboard Replacement,,3150.5,2305.91,0,,$63.01,50.0
CLM-67788,01/19/2025,Franchise_NY_12,Drywall Repair,,1496.7,631.13,0,,$33.26,45.0
CLM-85321,"January 25, 2025",Franchise_TX_01,Antimicrobial Treatment,13.0,1309.36,1309.36,1,,100.72,
CLM-14617,05/08/2025,Franchise_NY_12,Antimicrobial Treatment,,1250.18,1250.18,1,,$73.54,17.0
CLM-94661,2025-11-27,Franchise_FL_04,Dehumidifier Rental,46.0,6511.76,2879.02,0,141.56,,
CLM-19432,2025-09-27,Franchise_FL_04,Water Extraction,11.0,502.15,502.15,1,45.65,,
CLM-77431,"January 05, 2025",Franchise_TX_01,Baseboard Replacement,39.0,995.67,995.67,1,,25.53,
CLM-78957,2025-04-30,Franchise_FL_04,Water Extraction,7.0,1021.51,458.59,0,145.93,,
CLM-61280,"October 30, 2025",Franchise_TX_01,Baseboard Replacement,4.0,332.08,332.08,1,,83.02,
CLM-83226,2025-09-26,Franchise_FL_04,Baseboard Replacement,24.0,3223.2,3223.2,1,134.3,,
CLM-73179,2025-03-20,Franchise_FL_04,Water Extraction,23.0,2187.99,1523.44,0,95.13,,
CLM-36206,2025-07-06,Franchise_FL_04,Baseboard Replacement,47.0,2741.51,2741.51,1,58.33,,
CLM-93695,2025-10-21,Franchise_FL_04,Water Extraction,30.0,2297.7,1619.42,0,76.59,,
CLM-65219,"September 08, 2025",Franchise_TX_01,Water Extraction,27.0,2059.83,2059.83,1,,76.29,
CLM-33166,"November 08, 2025",Franchise_TX_01,Drywall Repair,42.0,2150.4,2150.4,1,,51.2,
CLM-17692,07/26/2025,Franchise_NY_12,Drywall Repair,,845.32,845.32,1,,$120.76,7.0
CLM-93454,2025-08-23,Franchise_FL_04,Dehumidifier Rental,36.0,3472.2,3472.2,1,96.45,,
CLM-90850,2025-04-24,Franchise_FL_04,Drywall Repair,20.0,2710.0,1114.7,0,135.5,,
CLM-15494,2025-06-27,Franchise_FL_04,Baseboard Replacement,44.0,5613.08,5613.08,1,127.57,,
CLM-38101,08/01/2025,Franchise_NY_12,Baseboard Replacement,,967.2,725.82,0,,$40.3,24.0
CLM-81423,"July 12, 2025",Franchise_TX_01,Water Extraction,6.0,218.88,121.1,0,,36.48,
CLM-34007,"November 18, 2025",Franchise_TX_01,Water Extraction,7.0,357.91,357.91,1,,51.13,
CLM-71515,"May 18, 2025",Franchise_TX_01,Dehumidifier Rental,2.0,72.16,72.16,1,,36.08,
CLM-55416,2025-10-05,Franchise_FL_04,Drywall Repair,44.0,6220.28,6220.28,1,141.37,,
CLM-87408,"March 16, 2025",Franchise_TX_01,Dehumidifier Rental,34.0,2803.64,1555.9,0,,82.46,
CLM-30336,04/13/2025,Franchise_NY_12,Dehumidifier Rental,,4128.04,4128.04,1,,$147.43,28.0
CLM-41119,2025-08-24,Franchise_FL_04,Water Extraction,41.0,940.13,940.13,1,22.93,,
CLM-71608,2025-07-02,Franchise_FL_04,Drywall Repair,37.0,1740.11,1052.19,0,47.03,,
CLM-37256,02/20/2025,Franchise_NY_12,Dehumidifier Rental,,1080.64,1080.64,1,,$33.77,32.0
CLM-28816,03/23/2025,Franchise_NY_12,Dehumidifier Rental,,968.8,763.91,0,,$48.44,20.0
CLM-29131,2025-08-01,Franchise_FL_04,Drywall Repair,22.0,803.66,432.34,0,36.53,,
CLM-73046,"April 02, 2025",Franchise_TX_01,Water Extraction,46.0,2036.88,2036.88,1,,44.28,
CLM-68634,05/21/2025,Franchise_NY_12,Baseboard Replacement,,4228.7,1696.43,0,,$120.82,35.0
CLM-79055,"June 16, 2025",Franchise_TX_01,Baseboard Replacement,3.0,176.46,83.15,0,,58.82,
CLM-92190,09/19/2025,Franchise_NY_12,Dehumidifier Rental,,1677.12,1677.12,1,,$52.41,32.0
CLM-78163,01/22/2025,Franchise_NY_12,Baseboard Replacement,,2439.8,1014.69,0,,$110.9,22.0
CLM-29963,03/18/2025,Franchise_NY_12,Drywall Repair,,3697.99,2101.07,0,,$119.29,31.0
CLM-45153,"March 25, 2025",Franchise_TX_01,Baseboard Replacement,17.0,2321.35,2321.35,1,,136.55,
CLM-81808,"June 17, 2025",Franchise_TX_01,Baseboard Replacement,48.0,5281.44,5281.44,1,,110.03,
CLM-86603,2025-11-23,Franchise_FL_04,Water Extraction,5.0,388.7,388.7,1,77.74,,
CLM-12582,2025-02-24,Franchise_FL_04,Baseboard Replacement,27.0,565.65,565.65,1,20.95,,
CLM-54312,2025-11-04,Franchise_FL_04,Baseboard Replacement,11.0,800.36,800.36,1,72.76,,
CLM-33268,2025-11-21,Franchise_FL_04,Water Extraction,9.0,606.15,308.09,0,67.35,,
CLM-87475,2025-04-02,Franchise_FL_04,Antimicrobial Treatment,45.0,,5025.92,0,136.15,,
CLM-14268,07/16/2025,Franchise_NY_12,Dehumidifier Rental,,936.09,550.29,0,,$104.01,9.0
CLM-99369,01/14/2025,Franchise_NY_12,Baseboard Replacement,,2641.45,2091.62,0,,$75.47,35.0
CLM-43303,2025-02-25,Franchise_FL_04,Water Extraction,24.0,3558.96,3558.96,1,148.29,,
CLM-36760,"November 26, 2025",Franchise_TX_01,Water Extraction,6.0,889.14,556.73,0,,148.19,
CLM-79349,2025-04-11,Franchise_FL_04,Dehumidifier Rental,44.0,5333.24,4772.04,0,121.21,,
CLM-11450,"August 11, 2025",Franchise_TX_01,Water Extraction,34.0,4139.5,4139.5,1,,121.75,
CLM-18973,"July 08, 2025",Franchise_TX_01,Drywall Repair,12.0,277.92,179.57,0,,23.16,
CLM-98546,2025-08-17,Franchise_FL_04,Antimicrobial Treatment,12.0,1116.0,1116.0,1,93.0,,
CLM-14190,2025-02-28,Franchise_FL_04,Baseboard Replacement,1.0,79.66,61.55,0,79.66,,
CLM-86109,2025-08-08,Franchise_FL_04,Water Extraction,39.0,3631.29,2631.08,0,93.11,,
CLM-41174,2025-11-27,Franchise_FL_04,Water Extraction,1.0,74.86,65.49,0,74.86,,
CLM-34404,2025-09-26,Franchise_FL_04,Water Extraction,18.0,498.06,218.59,0,27.67,,
CLM-97449,2025-08-12,Franchise_FL_04,Antimicrobial Treatment,17.0,1664.64,1664.64,1,97.92,,
CLM-87676,2025-11-29,Franchise_FL_04,Antimicrobial Treatment,24.0,2065.44,2065.44,1,86.06,,
CLM-74828,"September 15, 2025",Franchise_TX_01,Antimicrobial Treatment,1.0,16.52,16.52,1,,16.52,
CLM-23211,02/14/2025,Franchise_NY_12,Antimicrobial Treatment,,2734.7,2734.7,1,,$66.7,41.0
CLM-74624,2025-01-31,Franchise_FL_04,Dehumidifier Rental,46.0,1338.6,1338.6,1,29.1,,
CLM-38279,"December 09, 2025",Franchise_TX_01,Water Extraction,3.0,133.71,133.71,1,,44.57,
CLM-98124,"December 04, 2025",Franchise_TX_01,Antimicrobial Treatment - MISC,8.0,293.52,293.52,1,,36.69,
CLM-63197,"May 08, 2025",Franchise_TX_01,Drywall Repair - MISC,50.0,5600.0,3348.09,0,,112.0,
CLM-13882,2025-01-06,Franchise_FL_04,Antimicrobial Treatment,32.0,4213.12,2207.5,0,131.66,,
CLM-84039,10/24/2025,Franchise_NY_12,Water Extraction,,1405.62,828.77,0,,$73.98,19.0
CLM-16135,"July 06, 2025",Franchise_TX_01,Water Extraction,25.0,538.0,538.0,1,,21.52,
CLM-37346,"October 15, 2025",Franchise_TX_01,Water Extraction,34.0,2485.06,1242.68,0,,73.09,
CLM-41934,04/07/2025,Franchise_NY_12,Baseboard Replacement,,1866.56,1866.56,1,,$58.33,32.0
CLM-33980,"January 19, 2025",Franchise_TX_01,Drywall Repair,23.0,741.06,630.07,0,,32.22,
CLM-79531,"July 30, 2025",Franchise_TX_01,Baseboard Replacement,16.0,2208.96,1927.39,0,,138.06,
CLM-52245,"November 27, 2025",Franchise_TX_01,Water Extraction,47.0,4005.34,4005.34,1,,85.22,
CLM-23698,2025-05-13,Franchise_FL_04,Antimicrobial Treatment,13.0,489.58,330.88,0,37.66,,
CLM-27903,"September 11, 2025",Franchise_TX_01,Water Extraction,4.0,62.48,52.24,0,,15.62,
CLM-66695,"December 15, 2025",Franchise_TX_01,Water Extraction - MISC,4.0,157.0,157.0,1,,39.25,
CLM-50410,2025-12-04,Franchise_FL_04,Drywall Repair,22.0,505.34,233.7,0,22.97,,
CLM-59430,"August 22, 2025",Franchise_TX_01,Water Extraction - MISC,10.0,1250.3,1250.3,1,,125.03,
CLM-61837,2025-09-08,Franchise_FL_04,Antimicrobial Treatment,40.0,4087.6,4087.6,1,102.19,,
CLM-21466,11/07/2025,Franchise_NY_12,Antimicrobial Treatment,,2179.8,2179.8,1,,$103.8,21.0
CLM-94265,"February 08, 2025",Franchise_TX_01,Baseboard Replacement,10.0,479.0,479.0,1,,47.9,
CLM-82737,2025-06-01,Franchise_FL_04,Drywall Repair,5.0,267.3,267.3,1,53.46,,
CLM-36185,03/05/2025,Franchise_NY_12,Antimicrobial Treatment,,1050.13,475.05,0,,$55.27,19.0
CLM-21610,"August 10, 2025",Franchise_TX_01,Water Extraction,7.0,856.31,731.35,0,,122.33,
CLM-78339,"December 03, 2025",Franchise_TX_01,Baseboard Replacement,36.0,770.76,770.76,1,,21.41,
CLM-77739,02/03/2025,Franchise_NY_12,Antimicrobial Treatment,,75.35,59.45,0,,$75.35,1.0
CLM-85775,2025-02-26,Franchise_FL_04,Baseboard Replacement,22.0,2886.18,2273.2,0,131.19,,
CLM-25670,"October 10, 2025",Franchise_TX_01,Water Extraction,10.0,1203.4,867.55,0,,120.34,
CLM-30028,2025-12-11,Franchise_FL_04,Dehumidifier Rental,27.0,2714.85,1098.44,0,100.55,,
CLM-17909,2025-01-15,Franchise_FL_04,Dehumidifier Rental,33.0,608.19,608.19,1,18.43,,
CLM-48799,"June 08, 2025",Franchise_TX_01,Drywall Repair - MISC,18.0,563.76,244.79,0,,31.32,
CLM-39742,2025-03-02,Franchise_FL_04,Drywall Repair,47.0,,4599.89,1,97.87,,
CLM-29826,2025-08-17,Franchise_FL_04,Antimicrobial Treatment,32.0,837.12,416.76,0,26.16,,
CLM-91403,"March 03, 2025",Franchise_TX_01,Baseboard Replacement,50.0,6798.5,2781.01,0,,135.97,
CLM-79954,07/10/2025,Franchise_NY_12,Dehumidifier Rental,,294.86,294.86,1,,$147.43,2.0
CLM-11264,11/14/2025,Franchise_NY_12,Baseboard Replacement,,4046.72,2420.12,0,,$126.46,32.0
CLM-41562,"May 04, 2025",Franchise_TX_01,Water Extraction,46.0,5767.48,4490.14,0,,125.38,
CLM-70593,09/15/2025,Franchise_NY_12,Water Extraction,,5135.44,5135.44,1,,$111.64,46.0
CLM-17433,2025-11-24,Franchise_FL_04,Drywall Repair,11.0,302.28,302.28,1,27.48,,
CLM-40626,07/09/2025,Franchise_NY_12,Antimicrobial Treatment,,112.68,112.68,1,,$56.34,2.0
CLM-60559,2025-08-09,Franchise_FL_04,Antimicrobial Treatment,38.0,2227.18,1285.85,0,58.61,,
CLM-13934,2025-04-15,Franchise_FL_04,Water Extraction,45.0,,3463.2,1,76.96,,
CLM-77936,2025-05-12,Franchise_FL_04,Dehumidifier Rental,10.0,,257.4,1,25.74,,
CLM-92166,"January 01, 2025",Franchise_TX_01,Drywall Repair,48.0,3362.4,3362.4,1,,70.05,
CLM-31755,2025-01-03,Franchise_FL_04,Dehumidifier Rental,4.0,312.2,199.61,0,78.05,,
CLM-53305,"November 10, 2025",Franchise_TX_01,Dehumidifier Rental,17.0,552.84,552.84,1,,32.52,
CLM-24637,07/18/2025,Franchise_NY_12,Baseboard Replacement,,1642.4,1642.4,1,,$82.12,20.0
CLM-24834,05/13/2025,Franchise_NY_12,Water Extraction,,6353.52,3817.9,0,,$138.12,46.0
CLM-86619,"June 17, 2025",Franchise_TX_01,Drywall Repair,38.0,3689.04,1559.01,0,,97.08,
CLM-41987,2025-06-30,Franchise_FL_04,Dehumidifier Rental,5.0,136.3,136.3,1,27.26,,
CLM-41553,09/01/2025,Franchise_NY_12,Water Extraction,,574.42,574.42,1,,$41.03,14.0
CLM-58861,05/29/2025,Franchise_NY_12,Water Extraction,,1976.26,1976.26,1,,$89.83,22.0
CLM-67920,2025-05-04,Franchise_FL_04,Antimicrobial Treatment,28.0,3237.08,3237.08,1,115.61,,
CLM-65488,05/21/2025,Franchise_NY_12,Water Extraction,,609.39,609.39,1,,$22.57,27.0
CLM-60944,"March 17, 2025",Franchise_TX_01,Antimicrobial Treatment,45.0,5440.95,5440.95,1,,120.91,
CLM-80030,"December 23, 2025",Franchise_TX_01,Baseboard Replacement,44.0,4062.96,1649.31,0,,92.34,
CLM-66777,"April 07, 2025",Franchise_TX_01,Dehumidifier Rental,14.0,421.4,358.97,0,,30.1,
CLM-59604,"May 15, 2025",Franchise_TX_01,Antimicrobial Treatment - MISC,6.0,705.9,705.9,1,,117.65,
CLM-80031,2025-05-30,Franchise_FL_04,Baseboard Replacement,5.0,238.15,238.15,1,47.63,,
CLM-71783,07/08/2025,Franchise_NY_12,Antimicrobial Treatment,,3134.67,1563.18,0,,$136.29,23.0
CLM-57871,2025-03-26,Franchise_FL_04,Antimicrobial Treatment,13.0,1314.56,925.96,0,101.12,,
CLM-64598,12/13/2025,Franchise_NY_12,Dehumidifier Rental,,2984.0,2984.0,1,,$74.6,40.0
CLM-97576,2025-03-08,Franchise_FL_04,Baseboard Replacement,2.0,133.78,110.39,0,66.89,,
CLM-13063,09/11/2025,Franchise_NY_12,Dehumidifier Rental,,5214.0,5214.0,1,,$130.35,40.0
CLM-93104,"March 02, 2025",Franchise_TX_01,Water Extraction - MISC,19.0,2249.79,2249.79,1,,118.41,
CLM-52694,2025-04-06,Franchise_FL_04,Baseboard Replacement,24.0,1277.52,876.14,0,53.23,,
CLM-75513,2025-05-22,Franchise_FL_04,Drywall Repair,46.0,2310.12,2310.12,1,50.22,,
CLM-20156,2025-02-16,Franchise_FL_04,Baseboard Replacement,15.0,738.75,483.8,0,49.25,,
CLM-63744,2025-11-06,Franchise_FL_04,Antimicrobial Treatment,8.0,1056.56,535.09,0,132.07,,
CLM-45377,"April 22, 2025",Franchise_TX_01,Water Extraction,44.0,5184.08,5184.08,1,,117.82,
CLM-65468,2025-10-17,Franchise_FL_04,Water Extraction,22.0,1147.08,1024.94,0,52.14,,
CLM-29608,09/21/2025,Franchise_NY_12,Baseboard Replacement,,4474.75,2980.68,0,,$127.85,35.0
CLM-80875,2025-06-17,Franchise_FL_04,Antimicrobial Treatment,43.0,3169.53,2666.8,0,73.71,,
CLM-37950,2025-05-23,Franchise_FL_04,Baseboard Replacement,13.0,1604.59,1604.59,1,123.43,,
CLM-57945,01/05/2025,Franchise_NY_12,Antimicrobial Treatment,,828.8,828.8,1,,$59.2,14.0
CLM-53186,2025-04-23,Franchise_FL_04,Water Extraction,24.0,,1846.56,1,76.94,,
CLM-22179,"January 26, 2025",Franchise_TX_01,Water Extraction - MISC,14.0,1655.78,1655.78,1,,118.27,
CLM-90985,2025-09-02,Franchise_FL_04,Dehumidifier Rental,50.0,2036.5,2036.5,1,40.73,,
CLM-67142,2025-05-14,Franchise_FL_04,Water Extraction,26.0,666.38,666.38,1,25.63,,
CLM-96065,2025-09-18,Franchise_FL_04,Drywall Repair,2.0,,139.86,1,69.93,,
CLM-11873,09/20/2025,Franchise_NY_12,Antimicrobial Treatment,,5093.2,5093.2,1,,$149.8,34.0
CLM-51578,04/10/2025,Franchise_NY_12,Antimicrobial Treatment,,342.1,342.1,1,,$15.55,22.0
CLM-84648,2025-01-16,Franchise_FL_04,Dehumidifier Rental,6.0,,396.72,1,66.12,,
CLM-47094,2025-07-30,Franchise_FL_04,Drywall Repair,32.0,2082.24,936.3,0,65.07,,
CLM-44601,2025-02-15,Franchise_FL_04,Dehumidifier Rental,16.0,861.76,528.51,0,53.86,,
CLM-82316,12/03/2025,Franchise_NY_12,Dehumidifier Rental,,721.37,641.24,0,,$23.27,31.0
CLM-93541,04/25/2025,Franchise_NY_12,Dehumidifier Rental,,4107.5,4107.5,1,,$82.15,50.0
CLM-52222,"November 15, 2025",Franchise_TX_01,Drywall Repair,6.0,457.5,207.44,0,,76.25,
CLM-57392,2025-10-25,Franchise_FL_04,Water Extraction,25.0,637.25,340.46,0,25.49,,
CLM-56249,2025-12-15,Franchise_FL_04,Drywall Repair,30.0,,2248.5,1,74.95,,
CLM-51934,"May 24, 2025",Franchise_TX_01,Baseboard Replacement,38.0,4008.24,4008.24,1,,105.48,
CLM-74173,"February 08, 2025",Franchise_TX_01,Baseboard Replacement,29.0,2939.44,2372.65,0,,101.36,
CLM-54810,2025-05-28,Franchise_FL_04,Dehumidifier Rental,42.0,5653.2,5653.2,1,134.6,,
CLM-32971,"November 26, 2025",Franchise_TX_01,Dehumidifier Rental,47.0,1297.67,1024.07,0,,27.61,
CLM-91609,"October 24, 2025",Franchise_TX_01,Dehumidifier Rental,48.0,3045.6,3045.6,1,,63.45,
CLM-33870,"October 26, 2025",Franchise_TX_01,Water Extraction,34.0,2317.1,1143.29,0,,68.15,
CLM-99473,"December 30, 2025",Franchise_TX_01,Antimicrobial Treatment,19.0,468.16,468.16,1,,24.64,
CLM-97492,03/15/2025,Franchise_NY_12,Baseboard Replacement,,5197.84,5197.84,1,,$120.88,43.0
CLM-48515,2025-03-25,Franchise_FL_04,Antimicrobial Treatment,28.0,684.32,684.32,1,24.44,,
CLM-92340,"November 06, 2025",Franchise_TX_01,Water Extraction,3.0,97.77,97.77,1,,32.59,
CLM-88564,"June 11, 2025",Franchise_TX_01,Drywall Repair,36.0,4007.52,2971.38,0,,111.32,
CLM-26305,03/23/2025,Franchise_NY_12,Drywall Repair,,215.16,215.16,1,,$17.93,12.0
CLM-60131,2025-02-01,Franchise_FL_04,Baseboard Replacement,16.0,741.76,741.76,1,46.36,,
CLM-83622,"June 26, 2025",Franchise_TX_01,Water Extraction,24.0,3277.68,3277.68,1,,136.57,
CLM-41425,2025-08-07,Franchise_FL_04,Baseboard Replacement,22.0,731.72,731.72,1,33.26,,
CLM-64867,"May 13, 2025",Franchise_TX_01,Baseboard Replacement,21.0,1922.34,1922.34,1,,91.54,
CLM-19642,2026-01-01,Franchise_FL_04,Antimicrobial Treatment,10.0,1028.1,760.97,0,102.81,,
CLM-55982,"January 11, 2025",Franchise_TX_01,Dehumidifier Rental,7.0,425.6,425.6,1,,60.8,
CLM-70262,2025-07-08,Franchise_FL_04,Baseboard Replacement,28.0,714.28,714.28,1,25.51,,
CLM-90624,12/26/2025,Franchise_NY_12,Water Extraction,,3024.3,3024.3,1,,$88.95,34.0
CLM-21551,2025-12-01,Franchise_FL_04,Antimicrobial Treatment,17.0,2216.29,963.56,0,130.37,,
CLM-84223,07/31/2025,Franchise_NY_12,Baseboard Replacement,,438.64,438.64,1,,$109.66,4.0
CLM-33778,12/16/2025,Franchise_NY_12,Antimicrobial Treatment,,1795.54,791.91,0,,$52.81,34.0
CLM-46847,2025-06-27,Franchise_FL_04,Water Extraction,48.0,,1610.17,0,50.16,,
CLM-84460,"November 02, 2025",Franchise_TX_01,Baseboard Replacement,14.0,440.16,440.16,1,,31.44,
CLM-51319,2025-03-14,Franchise_FL_04,Water Extraction,23.0,1441.18,1172.48,0,62.66,,
CLM-37381,2025-08-08,Franchise_FL_04,Drywall Repair,11.0,965.47,861.25,0,87.77,,
CLM-55205,05/11/2025,Franchise_NY_12,Dehumidifier Rental,,3237.27,1562.99,0,,$111.63,29.0
CLM-94279,"September 06, 2025",Franchise_TX_01,Drywall Repair,20.0,1525.4,1525.4,1,,76.27,
CLM-55416,09/04/2025,Franchise_NY_12,Drywall Repair,,2090.0,2090.0,1,,$55.0,38.0
CLM-12947,12/01/2025,Franchise_NY_12,Water Extraction,,5139.61,5139.61,1,,$104.89,49.0
CLM-55506,07/13/2025,Franchise_NY_12,Dehumidifier Rental,,4497.6,3565.56,0,,$93.7,48.0
CLM-34306,04/04/2025,Franchise_NY_12,Baseboard Replacement,,850.2,850.2,1,,$70.85,12.0
CLM-76139,"April 13, 2025",Franchise_TX_01,Dehumidifier Rental - MISC,14.0,668.36,293.23,0,,47.74,
CLM-98468,2025-10-10,Franchise_FL_04,Drywall Repair,41.0,5187.32,3197.95,0,126.52,,
CLM-21080,2025-08-03,Franchise_FL_04,Drywall Repair,21.0,,1038.07,0,112.93,,
CLM-93744,09/29/2025,Franchise_NY_12,Drywall Repair,,683.46,273.43,0,,$113.91,6.0
CLM-85964,2025-03-20,Franchise_FL_04,Water Extraction,6.0,828.72,828.72,1,138.12,,
CLM-58825,"March 17, 2025",Franchise_TX_01,Dehumidifier Rental,9.0,473.13,276.83,0,,52.57,
CLM-91014,01/20/2025,Franchise_NY_12,Baseboard Replacement,,5319.1,3173.12,0,,$123.7,43.0
CLM-14211,"June 28, 2025",Franchise_TX_01,Drywall Repair,28.0,3585.96,3585.96,1,,128.07,
CLM-87917,10/15/2025,Franchise_NY_12,Drywall Repair,,1793.65,1793.65,1,,$61.85,29.0
CLM-59458,"June 18, 2025",Franchise_TX_01,Baseboard Replacement,46.0,869.4,869.4,1,,18.9,
CLM-87042,"November 01, 2025",Franchise_TX_01,Drywall Repair,24.0,360.72,323.13,0,,15.03,
CLM-68709,"December 21, 2025",Franchise_TX_01,Water Extraction - MISC,34.0,1784.66,789.6,0,,52.49,
CLM-21347,2025-03-11,Franchise_FL_04,Water Extraction,11.0,1081.52,1081.52,1,98.32,,
CLM-83059,"April 05, 2025",Franchise_TX_01,Dehumidifier Rental,45.0,1894.5,1407.2,0,,42.1,
CLM-30394,"January 11, 2025",Franchise_TX_01,Dehumidifier Rental,49.0,4026.33,2158.96,0,,82.17,
CLM-84255,2025-02-19,Franchise_FL_04,Baseboard Replacement,39.0,636.87,636.87,1,16.33,,
CLM-49654,"February 04, 2025",Franchise_TX_01,Dehumidifier Rental,25.0,945.5,391.49,0,,37.82,
CLM-17028,"April 04, 2025",Franchise_TX_01,Drywall Repair,17.0,386.75,386.75,1,,22.75,
CLM-65456,2025-07-23,Franchise_FL_04,Dehumidifier Rental,47.0,4808.1,4808.1,1,102.3,,
CLM-64602,"August 26, 2025",Franchise_TX_01,Dehumidifier Rental - MISC,2.0,173.2,103.31,0,,86.6,
CLM-40546,"October 11, 2025",Franchise_TX_01,Drywall Repair,22.0,1242.78,546.82,0,,56.49,
CLM-62900,10/21/2025,Franchise_NY_12,Antimicrobial Treatment,,3288.24,2763.18,0,,$91.34,36.0
CLM-95608,11/02/2025,Franchise_NY_12,Drywall Repair,,5511.09,4806.35,0,,$141.31,39.0
CLM-98750,10/18/2025,Franchise_NY_12,Drywall Repair,,3447.7,3447.7,1,,$74.95,46.0
CLM-87660,02/08/2025,Franchise_NY_12,Water Extraction,,4002.18,4002.18,1,,$95.29,42.0
CLM-22606,"March 13, 2025",Franchise_TX_01,Dehumidifier Rental,16.0,2123.52,2123.52,1,,132.72,
CLM-80241,"December 15, 2025",Franchise_TX_01,Dehumidifier Rental,14.0,227.92,227.92,1,,16.28,
CLM-18497,2025-06-16,Franchise_FL_04,Drywall Repair,8.0,179.12,112.5,0,22.39,,
CLM-25122,"June 22, 2025",Franchise_TX_01,Water Extraction,20.0,2022.6,2022.6,1,,101.13,
CLM-23747,"April 26, 2025",Franchise_TX_01,Drywall Repair,12.0,1503.12,1503.12,1,,125.26,
CLM-15862,08/18/2025,Franchise_NY_12,Dehumidifier Rental,,672.7,672.7,1,,$134.54,5.0
CLM-88548,"September 17, 2025",Franchise_TX_01,Baseboard Replacement - MISC,50.0,6836.0,6082.44,0,,136.72,
CLM-16688,2025-05-27,Franchise_FL_04,Baseboard Replacement,37.0,4572.83,3760.87,0,123.59,,
CLM-28219,"May 27, 2025",Franchise_TX_01,Dehumidifier Rental,5.0,503.75,354.62,0,,100.75,
CLM-86853,2025-03-28,Franchise_FL_04,Baseboard Replacement,35.0,,3552.15,1,101.49,,
CLM-63376,2025-09-16,Franchise_FL_04,Dehumidifier Rental,37.0,630.11,630.11,1,17.03,,
CLM-83857,"March 11, 2025",Franchise_TX_01,Antimicrobial Treatment,14.0,1663.76,1663.76,1,,118.84,
CLM-91513,"April 11, 2025",Franchise_TX_01,Water Extraction,20.0,1291.4,722.87,0,,64.57,
CLM-76035,09/18/2025,Franchise_NY_12,Antimicrobial Treatment,,123.18,123.18,1,,$41.06,3.0
CLM-11686,"November 29, 2025",Franchise_TX_01,Water Extraction,12.0,1104.36,1104.36,1,,92.03,
CLM-23977,03/25/2025,Franchise_NY_12,Dehumidifier Rental,,281.56,281.56,1,,$70.39,4.0
CLM-66060,08/17/2025,Franchise_NY_12,Baseboard Replacement,,306.65,213.17,0,,$61.33,5.0
CLM-52858,"March 28, 2025",Franchise_TX_01,Baseboard Replacement,15.0,539.85,539.85,1,,35.99,
CLM-35261,01/21/2025,Franchise_NY_12,Water Extraction,,216.2,216.2,1,,$43.24,5.0
CLM-98071,2025-09-14,Franchise_FL_04,Antimicrobial Treatment,36.0,2502.72,1997.02,0,69.52,,
CLM-85747,2025-09-14,Franchise_FL_04,Drywall Repair,24.0,3265.92,3265.92,1,136.08,,
CLM-40877,09/22/2025,Franchise_NY_12,Baseboard Replacement,,1515.75,667.72,0,,$32.25,47.0
CLM-56348,"May 03, 2025",Franchise_TX_01,Water Extraction,42.0,826.98,695.98,0,,19.69,
CLM-28835,2025-02-10,Franchise_FL_04,Antimicrobial Treatment,11.0,1460.8,1143.86,0,132.8,,
CLM-11592,"June 26, 2025",Franchise_TX_01,Antimicrobial Treatment,27.0,3456.54,3456.54,1,,128.02,
CLM-67499,02/10/2025,Franchise_NY_12,Baseboard Replacement,,292.0,187.55,0,,$36.5,8.0
CLM-96522,"January 24, 2025",Franchise_TX_01,Antimicrobial Treatment - MISC,43.0,4335.69,4335.69,1,,100.83,
CLM-88186,12/21/2025,Franchise_NY_12,Water Extraction,,1641.12,1641.12,1,,$136.76,12.0
CLM-93449,"October 07, 2025",Franchise_TX_01,Dehumidifier Rental,20.0,2053.8,2053.8,1,,102.69,
CLM-83975,"February 11, 2025",Franchise_TX_01,Drywall Repair,12.0,441.12,441.12,1,,36.76,
CLM-22804,11/07/2025,Franchise_NY_12,Antimicrobial Treatment,,1102.39,909.19,0,,$47.93,23.0
CLM-91126,"December 05, 2025",Franchise_TX_01,Antimicrobial Treatment,32.0,4280.64,2737.87,0,,133.77,
CLM-86715,11/21/2025,Franchise_NY_12,Baseboard Replacement,,2187.4,2187.4,1,,$109.37,20.0
CLM-32022,08/09/2025,Franchise_NY_12,Antimicrobial Treatment,,4673.2,3426.28,0,,$116.83,40.0
CLM-98019,"January 25, 2025",Franchise_TX_01,Water Extraction - MISC,16.0,924.96,924.96,1,,57.81,
CLM-17505,"November 11, 2025",Franchise_TX_01,Baseboard Replacement - MISC,4.0,257.36,257.36,1,,64.34,
CLM-88039,2025-12-12,Franchise_FL_04,Drywall Repair,5.0,723.25,723.25,1,144.65,,
CLM-32985,"October 30, 2025",Franchise_TX_01,Water Extraction,28.0,754.6,534.95,0,,26.95,
CLM-62870,06/14/2025,Franchise_NY_12,Drywall Repair,,1183.5,1183.5,1,,$118.35,10.0
CLM-55235,2025-05-22,Franchise_FL_04,Water Extraction,20.0,817.8,817.8,1,40.89,,
CLM-42931,07/28/2025,Franchise_NY_12,Drywall Repair,,1211.76,1211.76,1,,$27.54,44.0
CLM-46215,"January 03, 2025",Franchise_TX_01,Baseboard Replacement,9.0,1309.5,1309.5,1,,145.5,
CLM-38864,2025-03-06,Franchise_FL_04,Dehumidifier Rental,27.0,2171.88,2171.88,1,80.44,,
CLM-33989,"January 28, 2025",Franchise_TX_01,Baseboard Replacement,47.0,2864.18,2152.66,0,,60.94,
CLM-32984,"March 24, 2025",Franchise_TX_01,Antimicrobial Treatment - MISC,34.0,1397.74,1397.74,1,,41.11,
CLM-77180,02/28/2025,Franchise_NY_12,Antimicrobial Treatment,,696.7,696.7,1,,$139.34,5.0
CLM-44960,06/16/2025,Franchise_NY_12,Drywall Repair,,1373.28,1182.52,0,,$85.83,16.0
CLM-80436,2025-12-06,Franchise_FL_04,Baseboard Replacement,21.0,2962.47,2962.47,1,141.07,,
CLM-86478,2025-11-08,Franchise_FL_04,Drywall Repair,21.0,2587.62,2103.64,0,123.22,,
CLM-40771,"November 07, 2025",Franchise_TX_01,Dehumidifier Rental,3.0,377.82,181.55,0,,125.94,
CLM-20955,07/08/2025,Franchise_NY_12,Antimicrobial Treatment,,225.0,135.98,0,,$45.0,5.0
CLM-62866,2025-08-21,Franchise_FL_04,Drywall Repair,48.0,3067.68,3067.68,1,63.91,,
CLM-88360,09/02/2025,Franchise_NY_12,Baseboard Replacement,,735.0,645.54,0,,$61.25,12.0
CLM-24648,2025-08-30,Franchise_FL_04,Dehumidifier Rental,39.0,1820.52,901.18,0,46.68,,
CLM-17522,10/20/2025,Franchise_NY_12,Baseboard Replacement,,473.88,473.88,1,,$39.49,12.0
CLM-72842,"March 03, 2025",Franchise_TX_01,Antimicrobial Treatment,35.0,4804.45,3545.92,0,,137.27,
CLM-21045,2025-04-20,Franchise_FL_04,Water Extraction,37.0,,3737.56,0,128.06,,
CLM-87855,05/10/2025,Franchise_NY_12,Antimicrobial Treatment,,4401.76,4401.76,1,,$107.36,41.0
CLM-77025,08/22/2025,Franchise_NY_12,Antimicrobial Treatment,,5478.2,2494.51,0,,$127.4,43.0
CLM-10581,09/04/2025,Franchise_NY_12,Baseboard Replacement,,1854.08,961.21,0,,$57.94,32.0
CLM-76358,04/11/2025,Franchise_NY_12,Baseboard Replacement,,5267.2,5267.2,1,,$131.68,40.0
CLM-60006,"June 10, 2025",Franchise_TX_01,Antimicrobial Treatment,28.0,1314.88,1134.03,0,,46.96,
CLM-83577,01/06/2025,Franchise_NY_12,Baseboard Replacement,,966.84,966.84,1,,$138.12,7.0
CLM-49003,2025-04-11,Franchise_FL_04,Water Extraction,37.0,4154.36,4154.36,1,112.28,,
CLM-55623,11/30/2025,Franchise_NY_12,Antimicrobial Treatment,,1987.5,1987.5,1,,$79.5,25.0
CLM-45102,2025-05-04,Franchise_FL_04,Antimicrobial Treatment,16.0,469.44,352.5,0,29.34,,
CLM-70868,2025-05-29,Franchise_FL_04,Drywall Repair,50.0,3210.0,2230.36,0,64.2,,
CLM-17347,"December 17, 2025",Franchise_TX_01,Baseboard Replacement,22.0,2688.4,2688.4,1,,122.2,
CLM-38208,2025-04-29,Franchise_FL_04,Antimicrobial Treatment,35.0,1338.4,1338.4,1,38.24,,
CLM-48896,08/27/2025,Franchise_NY_12,Baseboard Replacement,,3643.2,3018.18,0,,$101.2,36.0
CLM-70322,"April 24, 2025",Franchise_TX_01,Drywall Repair,45.0,6655.5,2777.04,0,,147.9,
CLM-31989,"December 03, 2025",Franchise_TX_01,Antimicrobial Treatment,12.0,1242.6,1242.6,1,,103.55,
CLM-56863,2025-10-17,Franchise_FL_04,Water Extraction,11.0,1020.8,1020.8,1,92.8,,
CLM-45697,2025-02-09,Franchise_FL_04,Dehumidifier Rental,5.0,572.1,508.23,0,114.42,,
CLM-60175,"May 20, 2025",Franchise_TX_01,Baseboard Replacement,25.0,2660.25,2660.25,1,,106.41,
CLM-16594,02/27/2025,Franchise_NY_12,Dehumidifier Rental,,2963.88,2333.31,0,,$82.33,36.0
CLM-99457,2025-01-31,Franchise_FL_04,Dehumidifier Rental,39.0,3004.17,1468.77,0,77.03,,
CLM-69347,2025-04-11,Franchise_FL_04,Water Extraction,28.0,2416.4,2416.4,1,86.3,,
CLM-39445,"December 17, 2025",Franchise_TX_01,Antimicrobial Treatment,23.0,3176.99,2127.73,0,,138.13,
CLM-17846,"September 01, 2025",Franchise_TX_01,Drywall Repair - MISC,46.0,1506.5,1506.5,1,,32.75,
CLM-52467,09/12/2025,Franchise_NY_12,Water Extraction,,2549.82,2549.82,1,,$60.71,42.0
CLM-91626,"July 09, 2025",Franchise_TX_01,Dehumidifier Rental,46.0,4801.02,2014.94,0,,104.37,
CLM-11775,"December 19, 2025",Franchise_TX_01,Baseboard Replacement,22.0,2807.42,2807.42,1,,127.61,
CLM-24961,2025-08-11,Franchise_FL_04,Water Extraction,37.0,5356.49,5356.49,1,144.77,,
CLM-24256,2025-07-20,Franchise_FL_04,Dehumidifier Rental,48.0,3128.16,3128.16,1,65.17,,
CLM-25233,"April 28, 2025",Franchise_TX_01,Antimicrobial Treatment - MISC,13.0,332.93,270.45,0,,25.61,
CLM-79933,"October 03, 2025",Franchise_TX_01,Antimicrobial Treatment,3.0,261.48,261.48,1,,87.16,
CLM-39912,"March 20, 2025",Franchise_TX_01,Drywall Repair,27.0,3205.71,3205.71,1,,118.73,
CLM-36116,04/27/2025,Franchise_NY_12,Water Extraction,,633.28,533.93,0,,$19.79,32.0
CLM-67426,2025-07-11,Franchise_FL_04,Drywall Repair,36.0,5348.52,5348.52,1,148.57,,
CLM-60927,2025-08-18,Franchise_FL_04,Antimicrobial Treatment,11.0,468.49,468.49,1,42.59,,
CLM-38016,"July 08, 2025",Franchise_TX_01,Antimicrobial Treatment,22.0,1270.06,1270.06,1,,57.73,
CLM-99540,01/12/2025,Franchise_NY_12,Drywall Repair,,641.65,641.65,1,,$15.65,41.0
CLM-98218,"March 12, 2025",Franchise_TX_01,Baseboard Replacement,24.0,897.6,703.02,0,,37.4,
CLM-12202,12/02/2025,Franchise_NY_12,Drywall Repair,,726.3,610.41,0,,$40.35,18.0
CLM-87464,07/12/2025,Franchise_NY_12,Dehumidifier Rental,,730.08,410.95,0,,$30.42,24.0
CLM-77808,01/11/2025,Franchise_NY_12,Baseboard Replacement,,861.12,525.32,0,,$18.72,46.0
CLM-60216,"September 08, 2025",Franchise_TX_01,Water Extraction,22.0,3027.2,2313.64,0,,137.6,
CLM-11709,04/15/2025,Franchise_NY_12,Baseboard Replacement,,1263.2,1263.2,1,,$126.32,10.0
CLM-88188,2025-06-17,Franchise_FL_04,Drywall Repair,16.0,2233.44,1067.63,0,139.59,,
CLM-39461,03/12/2025,Franchise_NY_12,Baseboard Replacement,,1476.15,1193.75,0,,$37.85,39.0
CLM-60659,2025-05-12,Franchise_FL_04,Dehumidifier Rental,45.0,,1381.83,0,66.58,,
CLM-70777,11/16/2025,Franchise_NY_12,Baseboard Replacement,,727.1,577.81,0,,$72.71,10.0
CLM-84545,06/29/2025,Franchise_NY_12,Water Extraction,,472.78,472.78,1,,$67.54,7.0
CLM-17864,2025-12-06,Franchise_FL_04,Antimicrobial Treatment,46.0,5218.24,5218.24,1,113.44,,
CLM-91187,2025-03-26,Franchise_FL_04,Drywall Repair,21.0,2825.97,2825.97,1,134.57,,
CLM-66249,"April 01, 2025",Franchise_TX_01,Water Extraction,5.0,492.55,492.55,1,,98.51,
CLM-15277,06/27/2025,Franchise_NY_12,Baseboard Replacement,,1585.92,1585.92,1,,$56.64,28.0
CLM-68927,"February 08, 2025",Franchise_TX_01,Baseboard Replacement,6.0,159.54,159.54,1,,26.59,
CLM-25760,"May 09, 2025",Franchise_TX_01,Drywall Repair,44.0,5386.92,5386.92,1,,122.43,
CLM-85056,02/26/2025,Franchise_NY_12,Drywall Repair,,28.85,28.85,1,,$28.85,1.0
CLM-62009,10/20/2025,Franchise_NY_12,Drywall Repair,,3094.08,3094.08,1,,$93.76,33.0
CLM-98614,2025-02-03,Franchise_FL_04,Baseboard Replacement,11.0,369.49,369.49,1,33.59,,
CLM-52906,2025-01-03,Franchise_FL_04,Drywall Repair,9.0,1103.85,1103.85,1,122.65,,
CLM-50074,"July 15, 2025",Franchise_TX_01,Drywall Repair,15.0,287.4,287.4,1,,19.16,
CLM-31201,2025-10-06,Franchise_FL_04,Dehumidifier Rental,5.0,,420.25,1,84.05,,
CLM-84408,06/22/2025,Franchise_NY_12,Water Extraction,,1961.44,1961.44,1,,$75.44,26.0
CLM-72865,2025-04-19,Franchise_FL_04,Water Extraction,3.0,365.91,197.7,0,121.97,,
CLM-40575,10/13/2025,Franchise_NY_12,Drywall Repair,,116.8,116.8,1,,$58.4,2.0
CLM-60493,2025-06-21,Franchise_FL_04,Drywall Repair,49.0,4003.79,2384.99,0,81.71,,
CLM-86073,"July 17, 2025",Franchise_TX_01,Drywall Repair,24.0,2827.44,2827.44,1,,117.81,
CLM-13915,"December 24, 2025",Franchise_TX_01,Dehumidifier Rental,8.0,215.12,215.12,1,,26.89,
CLM-91441,"February 17, 2025",Franchise_TX_01,Drywall Repair,10.0,281.4,201.11,0,,28.14,
CLM-28402,10/21/2025,Franchise_NY_12,Water Extraction,,2375.38,2375.38,1,,$62.51,38.0
CLM-65442,2025-11-30,Franchise_FL_04,Antimicrobial Treatment,48.0,3197.76,1807.3,0,66.62,,
CLM-68262,2025-11-16,Franchise_FL_04,Drywall Repair,22.0,1782.22,1014.31,0,81.01,,
CLM-39968,01/30/2025,Franchise_NY_12,Water Extraction,,1656.06,1656.06,1,,$78.86,21.0
CLM-77926,2025-02-02,Franchise_FL_04,Dehumidifier Rental,10.0,566.7,566.7,1,56.67,,
CLM-65151,03/16/2025,Franchise_NY_12,Drywall Repair,,2871.66,2871.66,1,,$75.57,38.0
CLM-84169,2025-05-22,Franchise_FL_04,Antimicrobial Treatment,13.0,933.01,458.27,0,71.77,,
CLM-37699,"November 03, 2025",Franchise_TX_01,Dehumidifier Rental - MISC,36.0,574.2,574.2,1,,15.95,
CLM-90740,2025-01-15,Franchise_FL_04,Water Extraction,11.0,366.85,366.85,1,33.35,,
CLM-22478,"March 20, 2025",Franchise_TX_01,Dehumidifier Rental - MISC,6.0,99.42,99.42,1,,16.57,
CLM-65394,2025-09-25,Franchise_FL_04,Antimicrobial Treatment,43.0,5795.54,3808.27,0,134.78,,
CLM-79150,05/30/2025,Franchise_NY_12,Baseboard Replacement,,1302.72,1302.72,1,,$27.14,48.0
CLM-28647,09/19/2025,Franchise_NY_12,Water Extraction,,150.12,150.12,1,,$16.68,9.0
CLM-69468,2025-06-18,Franchise_FL_04,Water Extraction,19.0,538.08,538.08,1,28.32,,
CLM-98045,"February 02, 2025",Franchise_TX_01,Antimicrobial Treatment - MISC,48.0,766.56,766.56,1,,15.97,
CLM-43435,2025-08-12,Franchise_FL_04,Water Extraction,47.0,,6660.37,1,141.71,,
CLM-41523,"July 11, 2025",Franchise_TX_01,Drywall Repair,11.0,1010.68,620.79,0,,91.88,
CLM-72670,2025-11-06,Franchise_FL_04,Baseboard Replacement,6.0,864.3,540.72,0,144.05,,
CLM-37024,"September 14, 2025",Franchise_TX_01,Dehumidifier Rental,9.0,925.74,925.74,1,,102.86,
CLM-58456,06/03/2025,Franchise_NY_12,Dehumidifier Rental,,198.85,198.85,1,,$39.77,5.0
CLM-71664,2025-08-22,Franchise_FL_04,Antimicrobial Treatment,36.0,,4887.72,1,135.77,,
CLM-70280,10/30/2025,Franchise_NY_12,Antimicrobial Treatment,,291.28,192.13,0,,$36.41,8.0
CLM-36530,"February 27, 2025",Franchise_TX_01,Antimicrobial Treatment - MISC,31.0,2431.02,1542.79,0,,78.42,
CLM-42115,"October 28, 2025",Franchise_TX_01,Antimicrobial Treatment - MISC,24.0,1836.48,1426.89,0,,76.52,
CLM-25158,"January 25, 2025",Franchise_TX_01,Baseboard Replacement,11.0,753.28,473.34,0,,68.48,
CLM-23480,"February 01, 2025",Franchise_TX_01,Water Extraction,7.0,290.92,162.08,0,,41.56,
CLM-10414,09/17/2025,Franchise_NY_12,Dehumidifier Rental,,654.5,654.5,1,,$130.9,5.0
CLM-15032,09/09/2025,Franchise_NY_12,Antimicrobial Treatment,,5948.62,5948.62,1,,$138.34,43.0
CLM-51140,2025-07-08,Franchise_FL_04,Antimicrobial Treatment,12.0,450.12,192.93,0,37.51,,
CLM-13626,11/22/2025,Franchise_NY_12,Baseboard Replacement,,2761.5,2180.93,0,,$78.9,35.0
CLM-54985,2025-05-06,Franchise_FL_04,Drywall Repair,5.0,386.1,270.75,0,77.22,,
CLM-37661,2025-08-24,Franchise_FL_04,Antimicrobial Treatment,38.0,,2599.61,0,76.15,,
CLM-21244,08/06/2025,Franchise_NY_12,Dehumidifier Rental,,132.96,132.96,1,,$66.48,2.0
CLM-59903,2025-01-03,Franchise_FL_04,Baseboard Replacement,46.0,2798.18,1767.99,0,60.83,,
CLM-49045,09/09/2025,Franchise_NY_12,Baseboard Replacement,,778.09,778.09,1,,$33.83,23.0
CLM-68837,"July 29, 2025",Franchise_TX_01,Water Extraction,11.0,290.29,290.29,1,,26.39,
CLM-40787,02/19/2025,Franchise_NY_12,Dehumidifier Rental,,7373.0,7373.0,1,,$147.46,50.0
CLM-72359,07/27/2025,Franchise_NY_12,Water Extraction,,999.4,999.4,1,,$26.3,38.0
CLM-12531,02/05/2025,Franchise_NY_12,Water Extraction,,4607.13,4607.13,1,,$139.61,33.0
CLM-40425,"June 01, 2025",Franchise_TX_01,Dehumidifier Rental,15.0,1566.0,1566.0,1,,104.4,
CLM-51344,12/24/2025,Franchise_NY_12,Drywall Repair,,2242.02,1238.74,0,,$52.14,43.0
CLM-82176,01/05/2025,Franchise_NY_12,Water Extraction,,447.66,447.66,1,,$24.87,18.0
CLM-91230,"December 14, 2025",Franchise_TX_01,Antimicrobial Treatment,26.0,2810.08,2810.08,1,,108.08,
CLM-41714,"July 25, 2025",Franchise_TX_01,Antimicrobial Treatment,2.0,132.2,132.2,1,,66.1,
CLM-71425,11/25/2025,Franchise_NY_12,Baseboard Replacement,,1568.08,1568.08,1,,$92.24,17.0
CLM-12080,03/05/2025,Franchise_NY_12,Baseboard Replacement,,5735.5,5735.5,1,,$114.71,50.0
CLM-66469,07/13/2025,Franchise_NY_12,Water Extraction,,4959.9,4959.9,1,,$110.22,45.0
CLM-41175,12/14/2025,Franchise_NY_12,Dehumidifier Rental,,5182.36,4413.22,0,,$120.52,43.0
CLM-84175,10/14/2025,Franchise_NY_12,Water Extraction,,2916.48,2916.48,1,,$138.88,21.0
CLM-96014,"July 07, 2025",Franchise_TX_01,Baseboard Replacement - MISC,22.0,2318.58,2318.58,1,,105.39,
CLM-50214,"February 24, 2025",Franchise_TX_01,Dehumidifier Rental,3.0,80.82,42.06,0,,26.94,
CLM-40423,05/17/2025,Franchise_NY_12,Baseboard Replacement,,5945.41,4084.64,0,,$145.01,41.0
CLM-71008,11/06/2025,Franchise_NY_12,Drywall Repair,,4192.0,3423.77,0,,$131.0,32.0
CLM-29967,12/24/2025,Franchise_NY_12,Water Extraction,,2379.12,2379.12,1,,$103.44,23.0
CLM-54817,10/20/2025,Franchise_NY_12,Water Extraction,,1575.28,1150.38,0,,$54.32,29.0
CLM-27847,07/22/2025,Franchise_NY_12,Water Extraction,,4123.0,4123.0,1,,$82.46,50.0
CLM-50790,05/12/2025,Franchise_NY_12,Drywall Repair,,795.6,531.89,0,,$17.68,45.0
CLM-79309,04/15/2025,Franchise_NY_12,Baseboard Replacement,,3453.72,2555.87,0,,$101.58,34.0
CLM-59478,"March 01, 2025",Franchise_TX_01,Drywall Repair,41.0,2599.81,1660.84,0,,63.41,
CLM-21283,03/10/2025,Franchise_NY_12,Baseboard Replacement,,4976.55,4976.55,1,,$110.59,45.0
CLM-58716,"March 25, 2025",Franchise_TX_01,Dehumidifier Rental,1.0,111.05,111.05,1,,111.05,
CLM-64144,"May 11, 2025",Franchise_TX_01,Antimicrobial Treatment,3.0,150.57,114.5,0,,50.19,
CLM-63552,"December 24, 2025",Franchise_TX_01,Drywall Repair,13.0,1457.17,749.36,0,,112.09,
CLM-51935,10/30/2025,Franchise_NY_12,Water Extraction,,4211.11,1795.59,0,,$102.71,41.0
CLM-60584,2025-06-29,Franchise_FL_04,Antimicrobial Treatment,43.0,5029.28,5029.28,1,116.96,,
CLM-30462,2025-12-12,Franchise_FL_04,Dehumidifier Rental,46.0,,1284.32,1,27.92,,
CLM-54821,2025-05-29,Franchise_FL_04,Dehumidifier Rental,48.0,5004.96,2890.08,0,104.27,,
CLM-24389,2025-04-21,Franchise_FL_04,Drywall Repair,14.0,1373.82,1373.82,1,98.13,,
CLM-21715,2025-12-28,Franchise_FL_04,Dehumidifier Rental,24.0,2043.12,2043.12,1,85.13,,
CLM-94080,08/21/2025,Franchise_NY_12,Antimicrobial Treatment,,2209.24,1912.29,0,,$50.21,44.0
CLM-70806,2025-08-01,Franchise_FL_04,Antimicrobial Treatment,12.0,,752.69,0,142.76,,
CLM-59730,"September 24, 2025",Franchise_TX_01,Antimicrobial Treatment,20.0,1817.6,1817.6,1,,90.88,
CLM-92346,"December 06, 2025",Franchise_TX_01,Drywall Repair,5.0,186.8,186.8,1,,37.36,
CLM-69238,2025-01-09,Franchise_FL_04,Drywall Repair,35.0,2818.9,1306.19,0,80.54,,
CLM-20776,11/26/2025,Franchise_NY_12,Antimicrobial Treatment,,1216.75,1069.47,0,,$39.25,31.0
CLM-28261,"February 05, 2025",Franchise_TX_01,Antimicrobial Treatment,10.0,1177.0,1177.0,1,,117.7,
CLM-50553,"March 30, 2025",Franchise_TX_01,Baseboard Replacement,10.0,978.3,978.3,1,,97.83,
CLM-82589,2025-08-28,Franchise_FL_04,Antimicrobial Treatment,31.0,2006.01,2006.01,1,64.71,,
CLM-95911,2025-10-23,Franchise_FL_04,Baseboard Replacement,5.0,538.95,282.73,0,107.79,,
CLM-75681,2025-02-17,Franchise_FL_04,Drywall Repair,6.0,482.76,482.76,1,80.46,,
CLM-27829,"January 29, 2025",Franchise_TX_01,Antimicrobial Treatment,4.0,231.52,166.53,0,,57.88,
CLM-57614,"January 06, 2025",Franchise_TX_01,Water Extraction,35.0,900.55,431.29,0,,25.73,
CLM-28704,"March 18, 2025",Franchise_TX_01,Water Extraction - MISC,9.0,461.43,461.43,1,,51.27,
CLM-11345,2025-02-27,Franchise_FL_04,Baseboard Replacement,18.0,2092.14,1149.86,0,116.23,,
CLM-79430,2025-01-11,Franchise_FL_04,Drywall Repair,28.0,4093.6,4093.6,1,146.2,,
CLM-67027,2025-11-05,Franchise_FL_04,Dehumidifier Rental,48.0,4512.48,4512.48,1,94.01,,
CLM-26407,06/03/2025,Franchise_NY_12,Antimicrobial Treatment,,3718.75,1769.54,0,,$148.75,25.0
CLM-34579,"February 26, 2025",Franchise_TX_01,Baseboard Replacement,46.0,3546.14,3546.14,1,,77.09,
CLM-34605,2025-07-11,Franchise_FL_04,Drywall Repair,33.0,,1369.5,1,41.5,,
CLM-83605,"August 22, 2025",Franchise_TX_01,Baseboard Replacement - MISC,20.0,591.8,591.8,1,,29.59,
CLM-92840,2025-12-19,Franchise_FL_04,Dehumidifier Rental,13.0,1532.96,1532.96,1,117.92,,
CLM-44292,"May 04, 2025",Franchise_TX_01,Antimicrobial Treatment,14.0,1313.76,1313.76,1,,93.84,
CLM-48437,2025-10-27,Franchise_FL_04,Drywall Repair,42.0,2391.48,2391.48,1,56.94,,
CLM-97143,"January 06, 2025",Franchise_TX_01,Water Extraction,45.0,6473.7,6473.7,1,,143.86,
CLM-90592,11/23/2025,Franchise_NY_12,Antimicrobial Treatment,,508.95,508.95,1,,$56.55,9.0
CLM-99934,"October 02, 2025",Franchise_TX_01,Drywall Repair - MISC,4.0,542.24,461.78,0,,135.56,
CLM-25119,11/06/2025,Franchise_NY_12,Water Extraction,,2278.5,2278.5,1,,$73.5,31.0
CLM-69684,04/02/2025,Franchise_NY_12,Water Extraction,,566.44,396.94,0,,$20.23,28.0
CLM-73075,2025-01-13,Franchise_FL_04,Dehumidifier Rental,32.0,4574.4,4574.4,1,142.95,,
CLM-46955,08/14/2025,Franchise_NY_12,Drywall Repair,,1489.28,1489.28,1,,$46.54,32.0
CLM-18020,05/07/2025,Franchise_NY_12,Water Extraction,,342.8,254.54,0,,$85.7,4.0
CLM-74791,"October 14, 2025",Franchise_TX_01,Antimicrobial Treatment,32.0,3249.92,3249.92,1,,101.56,
CLM-88792,11/30/2025,Franchise_NY_12,Baseboard Replacement,,3462.39,2058.81,0,,$111.69,31.0
CLM-60641,2025-10-10,Franchise_FL_04,Antimicrobial Treatment,29.0,3643.27,2641.45,0,125.63,,
CLM-23462,2025-05-01,Franchise_FL_04,Antimicrobial Treatment,24.0,2148.0,2148.0,1,89.5,,
CLM-66710,05/30/2025,Franchise_NY_12,Dehumidifier Rental,,4212.9,4212.9,1,,$140.43,30.0
CLM-49809,2025-07-25,Franchise_FL_04,Drywall Repair,44.0,1716.44,1716.44,1,39.01,,
CLM-79501,01/21/2025,Franchise_NY_12,Baseboard Replacement,,2273.76,959.11,0,,$47.37,48.0
CLM-23198,"October 12, 2025",Franchise_TX_01,Water Extraction - MISC,11.0,522.06,221.4,0,,47.46,
CLM-84006,"February 20, 2025",Franchise_TX_01,Antimicrobial Treatment,41.0,3054.09,3054.09,1,,74.49,
CLM-53206,2025-01-17,Franchise_FL_04,Baseboard Replacement,45.0,1680.3,804.78,0,37.34,,
CLM-54657,"May 08, 2025",Franchise_TX_01,Drywall Repair,11.0,1300.2,1300.2,1,,118.2,
CLM-35988,"February 01, 2025",Franchise_TX_01,Dehumidifier Rental - MISC,12.0,1279.32,1279.32,1,,106.61,
CLM-74408,2025-03-12,Franchise_FL_04,Water Extraction,18.0,2523.6,2523.6,1,140.2,,
CLM-53883,"October 26, 2025",Franchise_TX_01,Antimicrobial Treatment,30.0,710.1,416.8,0,,23.67,
CLM-20233,"October 27, 2025",Franchise_TX_01,Drywall Repair,15.0,760.35,760.35,1,,50.69,
CLM-86572,"December 14, 2025",Franchise_TX_01,Drywall Repair,13.0,861.25,446.28,0,,66.25,
CLM-86864,2025-10-14,Franchise_FL_04,Dehumidifier Rental,45.0,6676.2,6676.2,1,148.36,,
CLM-99828,03/26/2025,Franchise_NY_12,Water Extraction,,2652.3,2096.7,0,,$88.41,30.0
CLM-91546,08/03/2025,Franchise_NY_12,Baseboard Replacement,,551.54,293.11,0,,$23.98,23.0
CLM-53493,"June 08, 2025",Franchise_TX_01,Antimicrobial Treatment,42.0,5998.02,5998.02,1,,142.81,
CLM-42709,2025-12-10,Franchise_FL_04,Antimicrobial Treatment,17.0,1962.48,1962.48,1,115.44,,
CLM-90955,2025-01-17,Franchise_FL_04,Dehumidifier Rental,18.0,2005.92,2005.92,1,111.44,,
CLM-76010,"August 08, 2025",Franchise_TX_01,Drywall Repair - MISC,9.0,663.03,663.03,1,,73.67,
CLM-89652,2025-02-10,Franchise_FL_04,Drywall Repair,8.0,765.84,765.84,1,95.73,,
CLM-58734,2025-10-11,Franchise_FL_04,Antimicrobial Treatment,49.0,,2561.23,1,52.27,,
CLM-48139,2025-06-19,Franchise_FL_04,Dehumidifier Rental,39.0,1599.78,1420.18,0,41.02,,
CLM-25825,02/22/2025,Franchise_NY_12,Baseboard Replacement,,400.48,400.48,1,,$25.03,16.0
CLM-62407,07/27/2025,Franchise_NY_12,Antimicrobial Treatment,,1226.92,783.82,0,,$33.16,37.0
CLM-25659,11/18/2025,Franchise_NY_12,Baseboard Replacement,,2803.01,1211.82,0,,$121.87,23.0
CLM-98869,"September 14, 2025",Franchise_TX_01,Dehumidifier Rental,10.0,373.2,271.62,0,,37.32,
CLM-87990,2025-08-16,Franchise_FL_04,Baseboard Replacement,16.0,2114.24,2114.24,1,132.14,,
CLM-74925,09/08/2025,Franchise_NY_12,Drywall Repair,,5831.5,5831.5,1,,$116.63,50.0
CLM-68614,"November 28, 2025",Franchise_TX_01,Antimicrobial Treatment,39.0,5438.16,2712.24,0,,139.44,
CLM-74626,"December 16, 2025",Franchise_TX_01,Dehumidifier Rental,45.0,4061.7,2327.33,0,,90.26,
CLM-84959,"June 21, 2025",Franchise_TX_01,Antimicrobial Treatment,37.0,4335.66,4335.66,1,,117.18,
CLM-64600,12/21/2025,Franchise_NY_12,Antimicrobial Treatment,,4494.79,4494.79,1,,$104.53,43.0
CLM-53624,10/07/2025,Franchise_NY_12,Baseboard Replacement,,1316.12,655.2,0,,$50.62,26.0
CLM-81593,01/31/2025,Franchise_NY_12,Baseboard Replacement,,1820.04,1820.04,1,,$62.76,29.0
CLM-21837,"March 28, 2025",Franchise_TX_01,Water Extraction - MISC,1.0,106.24,106.24,1,,106.24,
CLM-10783,04/21/2025,Franchise_NY_12,Antimicrobial Treatment,,2583.63,2583.63,1,,$123.03,21.0
CLM-24801,2025-05-27,Franchise_FL_04,Water Extraction,11.0,1101.98,1101.98,1,100.18,,
CLM-68218,01/29/2025,Franchise_NY_12,Drywall Repair,,4123.9,3105.03,0,,$89.65,46.0
CLM-65417,"June 23, 2025",Franchise_TX_01,Dehumidifier Rental - MISC,21.0,1991.85,1991.85,1,,94.85,
CLM-88399,2025-06-13,Franchise_FL_04,Dehumidifier Rental,49.0,4158.63,4158.63,1,84.87,,
CLM-89226,11/01/2025,Franchise_NY_12,Water Extraction,,141.63,68.62,0,,$47.21,3.0
CLM-60498,2025-11-20,Franchise_FL_04,Dehumidifier Rental,11.0,723.03,569.68,0,65.73,,
CLM-94326,08/20/2025,Franchise_NY_12,Dehumidifier Rental,,623.35,311.03,0,,$17.81,35.0
CLM-46990,2025-06-14,Franchise_FL_04,Dehumidifier Rental,24.0,,1166.88,1,48.62,,
CLM-54819,2025-04-24,Franchise_FL_04,Drywall Repair,3.0,145.83,145.83,1,48.61,,
CLM-75543,2025-05-15,Franchise_FL_04,Water Extraction,48.0,5163.84,5163.84,1,107.58,,
CLM-46151,"September 04, 2025",Franchise_TX_01,Water Extraction,45.0,3624.3,2677.39,0,,80.54,
CLM-72209,"February 08, 2025",Franchise_TX_01,Dehumidifier Rental,12.0,464.52,245.17,0,,38.71,
CLM-93431,2025-10-31,Franchise_FL_04,Antimicrobial Treatment,27.0,3348.81,1785.55,0,124.03,,
CLM-15404,2025-05-29,Franchise_FL_04,Antimicrobial Treatment,26.0,1326.52,1326.52,1,51.02,,
CLM-91911,"June 16, 2025",Franchise_TX_01,Water Extraction - MISC,18.0,612.72,612.72,1,,34.04,
CLM-31320,"April 14, 2025",Franchise_TX_01,Baseboard Replacement,47.0,6995.95,4066.13,0,,148.85,
CLM-71490,"January 10, 2025",Franchise_TX_01,Dehumidifier Rental - MISC,20.0,2293.2,2293.2,1,,114.66,
CLM-45738,05/06/2025,Franchise_NY_12,Dehumidifier Rental,,774.4,774.4,1,,$35.2,22.0
CLM-78997,2025-12-21,Franchise_FL_04,Antimicrobial Treatment,12.0,1132.68,1132.68,1,94.39,,
CLM-46699,2025-03-08,Franchise_FL_04,Baseboard Replacement,24.0,1493.52,649.28,0,62.23,,
CLM-94120,"August 16, 2025",Franchise_TX_01,Antimicrobial Treatment,12.0,1497.48,929.39,0,,124.79,
CLM-68729,2025-02-13,Franchise_FL_04,Dehumidifier Rental,26.0,687.96,572.9,0,26.46,,
CLM-19209,2025-05-27,Franchise_FL_04,Drywall Repair,42.0,6160.56,3047.68,0,146.68,,
CLM-13159,2025-08-08,Franchise_FL_04,Drywall Repair,45.0,3956.85,3956.85,1,87.93,,
CLM-56041,"May 21, 2025",Franchise_TX_01,Antimicrobial Treatment,38.0,1149.5,758.37,0,,30.25,
CLM-22782,07/02/2025,Franchise_NY_12,Dehumidifier Rental,,608.88,608.88,1,,$50.74,12.0
CLM-89942,"October 10, 2025",Franchise_TX_01,Water Extraction - MISC,26.0,1015.82,807.56,0,,39.07,
CLM-53427,05/31/2025,Franchise_NY_12,Drywall Repair,,1740.0,1740.0,1,,$43.5,40.0
CLM-84455,01/24/2025,Franchise_NY_12,Water Extraction,,816.86,816.86,1,,$17.38,47.0
CLM-53281,"April 01, 2025",Franchise_TX_01,Baseboard Replacement,21.0,2686.95,2686.95,1,,127.95,
CLM-33449,2025-06-15,Franchise_FL_04,Baseboard Replacement,17.0,1197.31,1197.31,1,70.43,,
CLM-67922,02/20/2025,Franchise_NY_12,Water Extraction,,310.64,206.81,0,,$77.66,4.0
CLM-57948,10/28/2025,Franchise_NY_12,Dehumidifier Rental,,2800.8,2800.8,1,,$62.24,45.0
CLM-16424,2025-09-13,Franchise_FL_04,Drywall Repair,46.0,2168.9,2168.9,1,47.15,,
CLM-51249,2025-06-23,Franchise_FL_04,Dehumidifier Rental,3.0,233.46,233.46,1,77.82,,
CLM-67017,2025-01-07,Franchise_FL_04,Baseboard Replacement,43.0,5488.95,5488.95,1,127.65,,
CLM-77181,"November 17, 2025",Franchise_TX_01,Water Extraction - MISC,39.0,1661.01,1134.81,0,,42.59,
CLM-48087,"November 07, 2025",Franchise_TX_01,Drywall Repair,34.0,4701.52,2737.77,0,,138.28,
CLM-13961,2025-04-28,Franchise_FL_04,Dehumidifier Rental,15.0,1850.55,1850.55,1,123.37,,
CLM-33711,03/15/2025,Franchise_NY_12,Baseboard Replacement,,1399.16,785.54,0,,$49.97,28.0
CLM-55545,2025-08-11,Franchise_FL_04,Antimicrobial Treatment,20.0,642.6,436.83,0,32.13,,
CLM-98354,2025-02-16,Franchise_FL_04,Antimicrobial Treatment,24.0,,2061.36,1,85.89,,
CLM-13632,2025-08-15,Franchise_FL_04,Antimicrobial Treatment,31.0,3372.49,1367.1,0,108.79,,
CLM-36630,11/25/2025,Franchise_NY_12,Baseboard Replacement,,1836.85,1502.14,0,,$108.05,17.0
CLM-36517,"July 31, 2025",Franchise_TX_01,Drywall Repair,27.0,1187.73,581.66,0,,43.99,
CLM-29346,2025-02-05,Franchise_FL_04,Baseboard Replacement,46.0,2465.6,1686.72,0,53.6,,
CLM-85689,"July 02, 2025",Franchise_TX_01,Baseboard Replacement - MISC,15.0,2183.55,1073.66,0,,145.57,
CLM-69925,2025-11-04,Franchise_FL_04,Drywall Repair,50.0,3618.5,2320.85,0,72.37,,
CLM-26192,2025-06-26,Franchise_FL_04,Dehumidifier Rental,15.0,1677.3,1677.3,1,111.82,,
CLM-25359,"October 21, 2025",Franchise_TX_01,Drywall Repair,50.0,4217.5,4217.5,1,,84.35,
CLM-39268,"April 14, 2025",Franchise_TX_01,Antimicrobial Treatment,22.0,1426.04,648.02,0,,64.82,
CLM-62380,12/27/2025,Franchise_NY_12,Baseboard Replacement,,1697.6,1012.38,0,,$106.1,16.0
CLM-51644,02/22/2025,Franchise_NY_12,Baseboard Replacement,,3856.14,2008.64,0,,$142.82,27.0
CLM-57457,06/21/2025,Franchise_NY_12,Water Extraction,,2168.74,1288.51,0,,$44.26,49.0
CLM-79461,03/19/2025,Franchise_NY_12,Dehumidifier Rental,,3967.07,3967.07,1,,$127.97,31.0
CLM-76673,09/20/2025,Franchise_NY_12,Drywall Repair,,739.86,739.86,1,,$33.63,22.0
CLM-13546,2025-10-08,Franchise_FL_04,Water Extraction,32.0,2575.04,2575.04,1,80.47,,
CLM-50963,2025-05-06,Franchise_FL_04,Water Extraction,7.0,1046.78,1046.78,1,149.54,,
CLM-78976,2025-09-22,Franchise_FL_04,Drywall Repair,40.0,5997.2,5997.2,1,149.93,,
CLM-70468,01/17/2025,Franchise_NY_12,Water Extraction,,915.46,758.54,0,,$65.39,14.0
CLM-12620,2025-02-14,Franchise_FL_04,Dehumidifier Rental,23.0,1732.13,1433.68,0,75.31,,
CLM-33974,"March 26, 2025",Franchise_TX_01,Drywall Repair,30.0,921.0,921.0,1,,30.7,
CLM-36823,07/13/2025,Franchise_NY_12,Water Extraction,,1523.52,1523.52,1,,$95.22,16.0
CLM-97868,10/08/2025,Franchise_NY_12,Dehumidifier Rental,,28.87,28.87,1,,$28.87,1.0
CLM-57706,"April 23, 2025",Franchise_TX_01,Antimicrobial Treatment,19.0,1090.6,1090.6,1,,57.4,
CLM-60395,07/27/2025,Franchise_NY_12,Antimicrobial Treatment,,1087.6,1087.6,1,,$27.19,40.0
CLM-51083,2025-01-04,Franchise_FL_04,Drywall Repair,7.0,412.51,332.98,0,58.93,,
CLM-29220,05/01/2025,Franchise_NY_12,Drywall Repair,,585.66,585.66,1,,$97.61,6.0
CLM-35961,02/10/2025,Franchise_NY_12,Baseboard Replacement,,3123.36,1340.53,0,,$65.07,48.0
CLM-71864,"June 18, 2025",Franchise_TX_01,Dehumidifier Rental,16.0,1697.12,1697.12,1,,106.07,
CLM-60094,2025-12-07,Franchise_FL_04,Dehumidifier Rental,2.0,271.3,271.3,1,135.65,,
CLM-57176,2025-12-25,Franchise_FL_04,Antimicrobial Treatment,12.0,1672.92,1468.14,0,139.41,,
CLM-10720,2025-07-12,Franchise_FL_04,Baseboard Replacement,37.0,4520.29,1964.49,0,122.17,,
CLM-91764,2025-03-01,Franchise_FL_04,Dehumidifier Rental,49.0,1645.91,1645.91,1,33.59,,
CLM-63876,01/14/2025,Franchise_NY_12,Drywall Repair,,2063.18,2063.18,1,,$147.37,14.0
CLM-75322,2025-03-05,Franchise_FL_04,Drywall Repair,14.0,1547.84,1547.84,1,110.56,,
CLM-34918,09/16/2025,Franchise_NY_12,Antimicrobial Treatment,,1561.42,1561.42,1,,$41.09,38.0
CLM-98196,2025-04-28,Franchise_FL_04,Antimicrobial Treatment,6.0,813.78,813.78,1,135.63,,
CLM-82698,11/03/2025,Franchise_NY_12,Water Extraction,,6936.0,6936.0,1,,$138.72,50.0
CLM-68204,10/18/2025,Franchise_NY_12,Drywall Repair,,81.2,60.24,0,,$81.2,1.0
CLM-60089,"October 08, 2025",Franchise_TX_01,Drywall Repair,11.0,432.08,432.08,1,,39.28,
CLM-92131,2025-11-27,Franchise_FL_04,Drywall Repair,14.0,515.9,312.94,0,36.85,,
CLM-52044,2025-03-13,Franchise_FL_04,Baseboard Replacement,12.0,,1349.64,1,112.47,,
CLM-33663,"August 27, 2025",Franchise_TX_01,Water Extraction - MISC,37.0,5336.51,5336.51,1,,144.23,
CLM-36847,"March 16, 2025",Franchise_TX_01,Drywall Repair,50.0,5480.5,5480.5,1,,109.61,
CLM-88596,12/17/2025,Franchise_NY_12,Water Extraction,,1653.3,1653.3,1,,$50.1,33.0
CLM-23220,05/20/2025,Franchise_NY_12,Dehumidifier Rental,,1578.78,1578.78,1,,$112.77,14.0
CLM-37832,10/19/2025,Franchise_NY_12,Baseboard Replacement,,4745.2,4745.2,1,,$118.63,40.0
CLM-88498,2025-12-11,Franchise_FL_04,Water Extraction,45.0,,5456.38,0,139.35,,
CLM-21465,"November 14, 2025",Franchise_TX_01,Antimicrobial Treatment,47.0,4661.93,2082.37,0,,99.19,
CLM-17531,03/17/2025,Franchise_NY_12,Baseboard Replacement,,1373.4,1373.4,1,,$91.56,15.0
CLM-54773,03/10/2025,Franchise_NY_12,Antimicrobial Treatment,,615.54,615.54,1,,$102.59,6.0
CLM-55570,2025-01-02,Franchise_FL_04,Drywall Repair,38.0,4379.12,3933.78,0,115.24,,
CLM-16014,04/24/2025,Franchise_NY_12,Water Extraction,,561.6,561.6,1,,$21.6,26.0
CLM-27454,"September 21, 2025",Franchise_TX_01,Water Extraction,7.0,1045.38,1045.38,1,,149.34,
CLM-85222,2025-09-16,Franchise_FL_04,Drywall Repair,11.0,426.69,426.69,1,38.79,,
CLM-18966,10/11/2025,Franchise_NY_12,Drywall Repair,,702.8,445.86,0,,$25.1,28.0
CLM-81494,2025-11-23,Franchise_FL_04,Water Extraction,7.0,253.96,253.96,1,36.28,,
CLM-29315,2025-12-14,Franchise_FL_04,Drywall Repair,17.0,1698.3,1698.3,1,99.9,,
CLM-97480,2025-03-18,Franchise_FL_04,Water Extraction,29.0,,3261.63,1,112.47,,
CLM-82494,2025-11-14,Franchise_FL_04,Drywall Repair,28.0,1507.24,1507.24,1,53.83,,
CLM-45750,10/15/2025,Franchise_NY_12,Drywall Repair,,1393.56,1013.09,0,,$33.18,42.0
CLM-74256,2025-07-01,Franchise_FL_04,Dehumidifier Rental,8.0,388.64,324.95,0,48.58,,
CLM-31968,2025-11-12,Franchise_FL_04,Water Extraction,13.0,1071.85,1071.85,1,82.45,,
CLM-94240,08/07/2025,Franchise_NY_12,Dehumidifier Rental,,432.4,432.4,1,,$18.8,23.0
CLM-55770,"March 28, 2025",Franchise_TX_01,Antimicrobial Treatment,21.0,2786.49,2786.49,1,,132.69,
CLM-53369,06/06/2025,Franchise_NY_12,Baseboard Replacement,,3504.0,2550.8,0,,$87.6,40.0
CLM-49997,09/14/2025,Franchise_NY_12,Antimicrobial Treatment,,303.84,303.84,1,,$25.32,12.0
CLM-22603,"December 29, 2025",Franchise_TX_01,Antimicrobial Treatment,12.0,386.04,386.04,1,,32.17,
CLM-27961,05/08/2025,Franchise_NY_12,Antimicrobial Treatment,,3148.47,2393.05,0,,$80.73,39.0
CLM-24521,05/11/2025,Franchise_NY_12,Water Extraction,,256.97,256.97,1,,$36.71,7.0
CLM-22653,06/26/2025,Franchise_NY_12,Antimicrobial Treatment,,4268.1,4268.1,1,,$104.1,41.0
CLM-15855,2025-07-28,Franchise_FL_04,Antimicrobial Treatment,41.0,2312.4,2312.4,1,56.4,,
CLM-48736,"April 20, 2025",Franchise_TX_01,Drywall Repair,14.0,1864.94,1864.94,1,,133.21,
CLM-56069,06/09/2025,Franchise_NY_12,Dehumidifier Rental,,883.08,614.71,0,,$24.53,36.0
CLM-78403,10/24/2025,Franchise_NY_12,Water Extraction,,6458.69,4211.48,0,,$131.81,49.0
CLM-62826,07/20/2025,Franchise_NY_12,Antimicrobial Treatment,,3208.24,3208.24,1,,$94.36,34.0
CLM-18970,"September 06, 2025",Franchise_TX_01,Baseboard Replacement,36.0,3687.48,3687.48,1,,102.43,
CLM-33273,"July 28, 2025",Franchise_TX_01,Dehumidifier Rental - MISC,10.0,841.5,841.5,1,,84.15,
CLM-36813,2025-03-22,Franchise_FL_04,Baseboard Replacement,27.0,1164.24,847.21,0,43.12,,
CLM-15916,2025-06-08,Franchise_FL_04,Water Extraction,48.0,6723.84,6723.84,1,140.08,,
CLM-35974,2025-07-22,Franchise_FL_04,Drywall Repair,24.0,2207.76,2207.76,1,91.99,,
CLM-93897,"October 14, 2025",Franchise_TX_01,Drywall Repair - MISC,13.0,600.08,600.08,1,,46.16,
CLM-17637,2025-01-04,Franchise_FL_04,Drywall Repair,18.0,1649.16,1649.16,1,91.62,,
CLM-16760,"November 07, 2025",Franchise_TX_01,Dehumidifier Rental,6.0,696.48,534.01,0,,116.08,
CLM-15948,"June 21, 2025",Franchise_TX_01,Baseboard Replacement,29.0,666.71,666.71,1,,22.99,
CLM-34784,01/14/2025,Franchise_NY_12,Water Extraction,,3641.4,1962.76,0,,$80.92,45.0
CLM-87553,"March 15, 2025",Franchise_TX_01,Baseboard Replacement,19.0,1837.68,1046.46,0,,96.72,
CLM-44695,2025-11-30,Franchise_FL_04,Baseboard Replacement,2.0,78.1,62.15,0,39.05,,
CLM-41613,2025-01-16,Franchise_FL_04,Drywall Repair,7.0,141.33,141.33,1,20.19,,
CLM-79910,01/18/2025,Franchise_NY_12,Drywall Repair,,3966.12,2961.2,0,,$110.17,36.0
CLM-99255,09/14/2025,Franchise_NY_12,Baseboard Replacement,,165.87,99.39,0,,$55.29,3.0
CLM-97742,"September 16, 2025",Franchise_TX_01,Drywall Repair,10.0,1379.2,1379.2,1,,137.92,
CLM-41500,2025-12-26,Franchise_FL_04,Drywall Repair,13.0,1218.23,1218.23,1,93.71,,
CLM-78756,"January 04, 2025",Franchise_TX_01,Baseboard Replacement - MISC,17.0,419.9,294.99,0,,24.7,
CLM-11394,09/07/2025,Franchise_NY_12,Dehumidifier Rental,,2937.6,2937.6,1,,$65.28,45.0
CLM-52518,2025-12-26,Franchise_FL_04,Drywall Repair,34.0,2383.74,2121.08,0,70.11,,
CLM-35714,2025-05-28,Franchise_FL_04,Drywall Repair,27.0,3855.06,2403.49,0,142.78,,
CLM-75150,"December 25, 2025",Franchise_TX_01,Antimicrobial Treatment,30.0,4346.1,3445.67,0,,144.87,
CLM-49384,"February 21, 2025",Franchise_TX_01,Dehumidifier Rental,2.0,71.46,71.46,1,,35.73,
CLM-94354,2025-04-26,Franchise_FL_04,Baseboard Replacement,26.0,1443.52,1443.52,1,55.52,,
CLM-28967,05/31/2025,Franchise_NY_12,Baseboard Replacement,,2431.38,1171.62,0,,$49.62,49.0
CLM-85455,"June 05, 2025",Franchise_TX_01,Drywall Repair,24.0,1109.28,1109.28,1,,46.22,
CLM-62775,"November 10, 2025",Franchise_TX_01,Water Extraction,25.0,2990.5,2990.5,1,,119.62,
CLM-46154,2025-03-16,Franchise_FL_04,Water Extraction,13.0,1766.83,1766.83,1,135.91,,
CLM-44500,"May 31, 2025",Franchise_TX_01,Water Extraction,35.0,3500.7,1412.73,0,,100.02,
CLM-82328,03/19/2025,Franchise_NY_12,Drywall Repair,,1136.24,995.48,0,,$142.03,8.0
CLM-86382,2025-12-05,Franchise_FL_04,Drywall Repair,14.0,218.96,196.16,0,15.64,,
CLM-69787,2025-06-04,Franchise_FL_04,Baseboard Replacement,32.0,3478.08,2863.46,0,108.69,,
CLM-69849,"April 17, 2025",Franchise_TX_01,Drywall Repair - MISC,35.0,1915.55,1915.55,1,,54.73,
CLM-94603,"July 24, 2025",Franchise_TX_01,Antimicrobial Treatment - MISC,22.0,3046.78,3046.78,1,,138.49,
CLM-50147,2025-03-01,Franchise_FL_04,Drywall Repair,21.0,1828.89,1231.62,0,87.09,,
CLM-23316,2025-07-08,Franchise_FL_04,Antimicrobial Treatment,19.0,1664.21,1664.21,1,87.59,,
CLM-54514,03/20/2025,Franchise_NY_12,Baseboard Replacement,,460.72,460.72,1,,$115.18,4.0
CLM-67810,2025-09-22,Franchise_FL_04,Antimicrobial Treatment,1.0,83.05,83.05,1,83.05,,
CLM-27031,03/06/2025,Franchise_NY_12,Drywall Repair,,1051.56,823.74,0,,$22.86,46.0
CLM-10535,"January 15, 2025",Franchise_TX_01,Water Extraction - MISC,36.0,3930.84,2683.3,0,,109.19,
CLM-47705,12/04/2025,Franchise_NY_12,Dehumidifier Rental,,42.55,42.55,1,,$42.55,1.0
CLM-67700,07/22/2025,Franchise_NY_12,Drywall Repair,,907.98,523.4,0,,$24.54,37.0
CLM-18268,"March 11, 2025",Franchise_TX_01,Baseboard Replacement,2.0,112.2,54.82,0,,56.1,
CLM-41662,"June 14, 2025",Franchise_TX_01,Dehumidifier Rental,47.0,6170.63,6170.63,1,,131.29,
CLM-96812,"July 09, 2025",Franchise_TX_01,Antimicrobial Treatment,41.0,5913.43,5913.43,1,,144.23,
CLM-31067,2025-04-21,Franchise_FL_04,Drywall Repair,8.0,,337.2,1,42.15,,
CLM-76813,2025-01-24,Franchise_FL_04,Water Extraction,20.0,815.0,707.5,0,40.75,,
CLM-22702,06/08/2025,Franchise_NY_12,Baseboard Replacement,,97.78,97.78,1,,$97.78,1.0
CLM-93463,01/03/2025,Franchise_NY_12,Antimicrobial Treatment,,1234.88,1234.88,1,,$38.59,32.0
CLM-20634,"March 13, 2025",Franchise_TX_01,Antimicrobial Treatment,18.0,576.72,438.16,0,,32.04,
CLM-50266,2025-09-19,Franchise_FL_04,Antimicrobial Treatment,46.0,,1607.7,1,34.95,,
CLM-96340,2025-10-25,Franchise_FL_04,Antimicrobial Treatment,1.0,110.85,75.94,0,110.85,,
CLM-22803,"November 19, 2025",Franchise_TX_01,Antimicrobial Treatment,29.0,2981.49,2981.49,1,,102.81,
CLM-20837,"August 13, 2025",Franchise_TX_01,Baseboard Replacement - MISC,5.0,524.6,524.6,1,,104.92,
CLM-20503,2025-02-22,Franchise_FL_04,Antimicrobial Treatment,5.0,724.25,724.25,1,144.85,,
CLM-78443,04/27/2025,Franchise_NY_12,Drywall Repair,,1976.94,1976.94,1,,$47.07,42.0
CLM-22033,"September 21, 2025",Franchise_TX_01,Dehumidifier Rental,34.0,1243.38,1243.38,1,,36.57,
CLM-80592,06/24/2025,Franchise_NY_12,Drywall Repair,,589.89,589.89,1,,$28.09,21.0
CLM-43529,"April 19, 2025",Franchise_TX_01,Antimicrobial Treatment - MISC,7.0,743.19,743.19,1,,106.17,
CLM-42098,"October 11, 2025",Franchise_TX_01,Antimicrobial Treatment - MISC,9.0,583.83,583.83,1,,64.87,
CLM-28787,"March 03, 2025",Franchise_TX_01,Dehumidifier Rental,30.0,3366.6,3366.6,1,,112.22,
CLM-90416,"February 23, 2025",Franchise_TX_01,Drywall Repair - MISC,45.0,697.05,697.05,1,,15.49,
CLM-95914,"December 26, 2025",Franchise_TX_01,Dehumidifier Rental,21.0,1051.68,1051.68,1,,50.08,
CLM-30898,"March 10, 2025",Franchise_TX_01,Drywall Repair,37.0,2003.55,1801.96,0,,54.15,
CLM-44700,"June 01, 2025",Franchise_TX_01,Dehumidifier Rental - MISC,4.0,544.96,544.96,1,,136.24,
CLM-46126,"August 04, 2025",Franchise_TX_01,Water Extraction,19.0,1066.28,590.13,0,,56.12,
CLM-27762,2025-06-10,Franchise_FL_04,Antimicrobial Treatment,43.0,,4305.59,1,100.13,,
CLM-24406,09/29/2025,Franchise_NY_12,Dehumidifier Rental,,341.44,341.44,1,,$85.36,4.0
CLM-19629,2025-02-16,Franchise_FL_04,Drywall Repair,41.0,1671.57,1337.45,0,40.77,,
CLM-87484,"June 29, 2025",Franchise_TX_01,Water Extraction,38.0,4263.6,2948.32,0,,112.2,
CLM-16863,"August 03, 2025",Franchise_TX_01,Dehumidifier Rental - MISC,30.0,3070.2,3070.2,1,,102.34,
CLM-81051,01/13/2025,Franchise_NY_12,Water Extraction,,4573.0,2233.02,0,,$91.46,50.0
CLM-65740,2025-11-16,Franchise_FL_04,Water Extraction,33.0,2240.37,952.17,0,67.89,,
CLM-18532,"October 28, 2025",Franchise_TX_01,Water Extraction,5.0,651.2,651.2,1,,130.24,
CLM-72029,2025-07-30,Franchise_FL_04,Dehumidifier Rental,8.0,788.0,788.0,1,98.5,,
CLM-40351,"December 19, 2025",Franchise_TX_01,Dehumidifier Rental,31.0,3428.6,1743.39,0,,110.6,
CLM-36957,2025-06-15,Franchise_FL_04,Drywall Repair,46.0,736.46,503.32,0,16.01,,
CLM-74097,2025-11-11,Franchise_FL_04,Antimicrobial Treatment,10.0,1084.9,460.77,0,108.49,,
CLM-85506,"March 28, 2025",Franchise_TX_01,Antimicrobial Treatment,33.0,2921.16,1822.1,0,,88.52,
CLM-72223,2025-07-26,Franchise_FL_04,Water Extraction,1.0,59.4,59.4,1,59.4,,
CLM-76781,12/13/2025,Franchise_NY_12,Baseboard Replacement,,135.23,94.2,0,,$135.23,1.0
CLM-41640,"September 04, 2025",Franchise_TX_01,Dehumidifier Rental,8.0,1013.44,717.77,0,,126.68,
CLM-73454,07/21/2025,Franchise_NY_12,Baseboard Replacement,,2230.62,1554.01,0,,$53.11,42.0
CLM-52463,"September 18, 2025",Franchise_TX_01,Baseboard Replacement,44.0,5862.12,3316.26,0,,133.23,
CLM-53025,2025-07-04,Franchise_FL_04,Antimicrobial Treatment,47.0,2257.88,2257.88,1,48.04,,
CLM-11994,2025-03-22,Franchise_FL_04,Antimicrobial Treatment,33.0,1423.62,1423.62,1,43.14,,
CLM-99731,2025-10-01,Franchise_FL_04,Dehumidifier Rental,48.0,3562.56,3562.56,1,74.22,,
CLM-58430,"September 27, 2025",Franchise_TX_01,Drywall Repair,5.0,521.7,521.7,1,,104.34,
CLM-74405,2025-06-13,Franchise_FL_04,Drywall Repair,46.0,3119.72,3119.72,1,67.82,,
CLM-55544,05/12/2025,Franchise_NY_12,Baseboard Replacement,,4400.14,4400.14,1,,$141.94,31.0
CLM-38716,01/26/2025,Franchise_NY_12,Dehumidifier Rental,,2779.75,2779.75,1,,$111.19,25.0
CLM-52787,04/29/2025,Franchise_NY_12,Water Extraction,,2304.8,2304.8,1,,$144.05,16.0
CLM-34797,2025-06-22,Franchise_FL_04,Antimicrobial Treatment,48.0,6565.44,6565.44,1,136.78,,
CLM-27026,"October 13, 2025",Franchise_TX_01,Antimicrobial Treatment,6.0,729.36,729.36,1,,121.56,
CLM-99603,10/17/2025,Franchise_NY_12,Dehumidifier Rental,,1856.88,1856.88,1,,$77.37,24.0
CLM-87370,"August 15, 2025",Franchise_TX_01,Water Extraction,34.0,4994.26,4994.26,1,,146.89,
CLM-20751,"March 21, 2025",Franchise_TX_01,Dehumidifier Rental - MISC,18.0,835.2,599.37,0,,46.4,
CLM-43526,2025-09-10,Franchise_FL_04,Drywall Repair,42.0,1072.26,1072.26,1,25.53,,
CLM-58151,"July 11, 2025",Franchise_TX_01,Water Extraction,33.0,2370.72,2370.72,1,,71.84,
CLM-90494,"March 15, 2025",Franchise_TX_01,Dehumidifier Rental,1.0,107.29,107.29,1,,107.29,
CLM-16047,04/20/2025,Franchise_NY_12,Baseboard Replacement,,3062.45,1337.37,0,,$133.15,23.0
CLM-39292,"July 28, 2025",Franchise_TX_01,Antimicrobial Treatment,21.0,2363.34,2363.34,1,,112.54,
CLM-45317,"January 07, 2025",Franchise_TX_01,Baseboard Replacement,16.0,820.0,820.0,1,,51.25,
CLM-32343,10/16/2025,Franchise_NY_12,Antimicrobial Treatment,,2740.08,2740.08,1,,$65.24,42.0
CLM-69615,"November 05, 2025",Franchise_TX_01,Antimicrobial Treatment,40.0,5728.8,5728.8,1,,143.22,
CLM-85451,"April 24, 2025",Franchise_TX_01,Antimicrobial Treatment,27.0,1911.06,1911.06,1,,70.78,
CLM-12763,"October 14, 2025",Franchise_TX_01,Dehumidifier Rental,22.0,2070.86,958.14,0,,94.13,
CLM-45346,2025-12-23,Franchise_FL_04,Drywall Repair,25.0,3002.25,3002.25,1,120.09,,
CLM-35786,05/10/2025,Franchise_NY_12,Baseboard Replacement,,1193.14,1193.14,1,,$91.78,13.0
CLM-53872,11/12/2025,Franchise_NY_12,Drywall Repair,,296.36,296.36,1,,$74.09,4.0
CLM-26648,06/15/2025,Franchise_NY_12,Baseboard Replacement,,4571.09,4571.09,1,,$111.49,41.0
CLM-32755,"February 23, 2025",Franchise_TX_01,Drywall Repair,26.0,2929.94,2929.94,1,,112.69,
CLM-42866,05/25/2025,Franchise_NY_12,Dehumidifier Rental,,1746.56,1746.56,1,,$54.58,32.0
CLM-73614,2025-06-23,Franchise_FL_04,Baseboard Replacement,35.0,2067.1,1301.22,0,59.06,,
CLM-77809,2025-12-27,Franchise_FL_04,Water Extraction,30.0,1465.8,1465.8,1,48.86,,
CLM-25783,"March 31, 2025",Franchise_TX_01,Antimicrobial Treatment,24.0,3254.4,1596.81,0,,135.6,
CLM-57264,"May 05, 2025",Franchise_TX_01,Dehumidifier Rental,3.0,211.47,159.33,0,,70.49,
CLM-97721,"June 30, 2025",Franchise_TX_01,Water Extraction,7.0,175.0,140.84,0,,25.0,
CLM-97290,2025-10-30,Franchise_FL_04,Drywall Repair,21.0,811.23,811.23,1,38.63,,
CLM-24241,2025-01-09,Franchise_FL_04,Dehumidifier Rental,38.0,,795.34,1,20.93,,
CLM-36703,2025-03-06,Franchise_FL_04,Drywall Repair,1.0,73.05,32.31,0,73.05,,
CLM-52698,03/19/2025,Franchise_NY_12,Dehumidifier Rental,,1383.74,846.05,0,,$32.18,43.0
CLM-57173,10/26/2025,Franchise_NY_12,Water Extraction,,3618.0,3618.0,1,,$80.4,45.0
CLM-12668,"March 22, 2025",Franchise_TX_01,Baseboard Replacement,38.0,1028.28,1028.28,1,,27.06,
CLM-82558,"October 12, 2025",Franchise_TX_01,Baseboard Replacement,11.0,1115.73,1115.73,1,,101.43,
CLM-98934,05/18/2025,Franchise_NY_12,Drywall Repair,,1028.5,1028.5,1,,$60.5,17.0
CLM-92507,"November 19, 2025",Franchise_TX_01,Drywall Repair,10.0,1188.2,1188.2,1,,118.82,
CLM-14613,"March 05, 2025",Franchise_TX_01,Dehumidifier Rental,23.0,506.23,506.23,1,,22.01,
CLM-33117,2025-08-22,Franchise_FL_04,Antimicrobial Treatment,17.0,1312.74,577.65,0,77.22,,
CLM-84855,"February 13, 2025",Franchise_TX_01,Dehumidifier Rental,28.0,2033.08,2033.08,1,,72.61,
CLM-25278,02/04/2025,Franchise_NY_12,Water Extraction,,3787.26,3787.26,1,,$111.39,34.0
CLM-74470,2025-05-05,Franchise_FL_04,Dehumidifier Rental,30.0,4161.3,4161.3,1,138.71,,
CLM-99538,"August 13, 2025",Franchise_TX_01,Drywall Repair - MISC,28.0,3379.88,3379.88,1,,120.71,
CLM-67956,"October 11, 2025",Franchise_TX_01,Dehumidifier Rental,2.0,185.3,156.48,0,,92.65,
CLM-55924,04/06/2025,Franchise_NY_12,Antimicrobial Treatment,,3191.4,1277.7,0,,$88.65,36.0
CLM-30120,2025-03-26,Franchise_FL_04,Baseboard Replacement,35.0,2858.8,2858.8,1,81.68,,
CLM-47896,2025-06-15,Franchise_FL_04,Water Extraction,9.0,1195.11,1195.11,1,132.79,,
CLM-84133,"March 17, 2025",Franchise_TX_01,Water Extraction,44.0,1449.8,1449.8,1,,32.95,
CLM-56934,04/20/2025,Franchise_NY_12,Water Extraction,,3656.64,3656.64,1,,$140.64,26.0
CLM-72160,2025-08-31,Franchise_FL_04,Antimicrobial Treatment,33.0,4251.72,2179.08,0,128.84,,
CLM-50247,08/17/2025,Franchise_NY_12,Drywall Repair,,897.15,554.52,0,,$59.81,15.0
CLM-61992,"August 31, 2025",Franchise_TX_01,Antimicrobial Treatment - MISC,31.0,2667.55,2667.55,1,,86.05,
CLM-61246,06/08/2025,Franchise_NY_12,Dehumidifier Rental,,1380.06,1031.36,0,,$76.67,18.0
CLM-17781,2025-01-31,Franchise_FL_04,Dehumidifier Rental,20.0,,1422.8,1,71.14,,
CLM-19680,2025-02-20,Franchise_FL_04,Dehumidifier Rental,34.0,3681.86,3681.86,1,108.29,,
CLM-22637,11/20/2025,Franchise_NY_12,Antimicrobial Treatment,,638.56,476.32,0,,$79.82,8.0
CLM-15219,01/22/2025,Franchise_NY_12,Dehumidifier Rental,,2364.18,1110.59,0,,$90.93,26.0
CLM-80722,2025-12-15,Franchise_FL_04,Antimicrobial Treatment,20.0,665.2,409.51,0,33.26,,
CLM-70535,06/10/2025,Franchise_NY_12,Baseboard Replacement,,251.52,172.06,0,,$125.76,2.0
CLM-29715,12/31/2025,Franchise_NY_12,Dehumidifier Rental,,2100.12,1674.75,0,,$48.84,43.0
CLM-78254,"December 27, 2025",Franchise_TX_01,Dehumidifier Rental,43.0,1090.05,1090.05,1,,25.35,
CLM-45522,02/20/2025,Franchise_NY_12,Dehumidifier Rental,,1195.7,1018.28,0,,$108.7,11.0
CLM-47726,01/15/2025,Franchise_NY_12,Drywall Repair,,3502.45,3502.45,1,,$100.07,35.0
CLM-81454,"June 17, 2025",Franchise_TX_01,Water Extraction,15.0,651.6,651.6,1,,43.44,
CLM-71472,"November 16, 2025",Franchise_TX_01,Drywall Repair,17.0,1238.28,1238.28,1,,72.84,
CLM-53061,07/04/2025,Franchise_NY_12,Dehumidifier Rental,,3191.16,3191.16,1,,$113.97,28.0
CLM-54800,06/03/2025,Franchise_NY_12,Baseboard Replacement,,1275.68,1037.87,0,,$45.56,28.0
CLM-80194,09/20/2025,Franchise_NY_12,Baseboard Replacement,,3279.2,1799.43,0,,$81.98,40.0
CLM-73885,12/12/2025,Franchise_NY_12,Antimicrobial Treatment,,1496.44,1496.44,1,,$39.38,38.0
CLM-79230,"October 28, 2025",Franchise_TX_01,Baseboard Replacement,29.0,809.39,809.39,1,,27.91,
CLM-46367,2025-03-11,Franchise_FL_04,Drywall Repair,44.0,3111.24,3111.24,1,70.71,,
CLM-47493,"February 20, 2025",Franchise_TX_01,Drywall Repair - MISC,3.0,290.07,290.07,1,,96.69,
CLM-60229,02/25/2025,Franchise_NY_12,Drywall Repair,,3107.16,1260.32,0,,$115.08,27.0
CLM-73095,07/09/2025,Franchise_NY_12,Antimicrobial Treatment,,2645.5,2645.5,1,,$120.25,22.0
CLM-42099,07/27/2025,Franchise_NY_12,Baseboard Replacement,,1057.56,1057.56,1,,$37.77,28.0
CLM-39022,09/15/2025,Franchise_NY_12,Water Extraction,,2778.75,1557.3,0,,$61.75,45.0
CLM-17967,2025-11-24,Franchise_FL_04,Baseboard Replacement,16.0,242.08,242.08,1,15.13,,
CLM-40614,01/06/2025,Franchise_NY_12,Water Extraction,,4311.0,4311.0,1,,$119.75,36.0
CLM-65470,03/14/2025,Franchise_NY_12,Drywall Repair,,2004.3,2004.3,1,,$58.95,34.0
CLM-76671,2025-04-22,Franchise_FL_04,Water Extraction,29.0,2984.1,2984.1,1,102.9,,
CLM-52390,08/05/2025,Franchise_NY_12,Antimicrobial Treatment,,5685.12,2554.88,0,,$135.36,42.0
CLM-68291,2025-01-13,Franchise_FL_04,Dehumidifier Rental,8.0,686.0,686.0,1,85.75,,
CLM-62017,07/24/2025,Franchise_NY_12,Baseboard Replacement,,3045.06,3045.06,1,,$112.78,27.0
CLM-21366,"April 08, 2025",Franchise_TX_01,Water Extraction,36.0,3233.88,3233.88,1,,89.83,
CLM-44924,2025-06-08,Franchise_FL_04,Baseboard Replacement,19.0,1746.67,1746.67,1,91.93,,
CLM-65962,"September 04, 2025",Franchise_TX_01,Baseboard Replacement,20.0,1457.6,785.3,0,,72.88,
CLM-36831,"July 07, 2025",Franchise_TX_01,Antimicrobial Treatment,48.0,1443.84,943.4,0,,30.08,
CLM-40685,2025-03-03,Franchise_FL_04,Baseboard Replacement,38.0,2772.1,2772.1,1,72.95,,
CLM-75389,"March 24, 2025",Franchise_TX_01,Dehumidifier Rental,41.0,3748.22,3748.22,1,,91.42,
CLM-96016,05/06/2025,Franchise_NY_12,Water Extraction,,4284.4,4284.4,1,,$107.11,40.0
CLM-29569,"July 09, 2025",Franchise_TX_01,Antimicrobial Treatment,21.0,957.18,957.18,1,,45.58,
CLM-62976,12/27/2025,Franchise_NY_12,Drywall Repair,,1988.81,1988.81,1,,$86.47,23.0
CLM-21286,"April 03, 2025",Franchise_TX_01,Water Extraction,43.0,4020.93,3399.83,0,,93.51,
CLM-91668,"August 15, 2025",Franchise_TX_01,Dehumidifier Rental - MISC,11.0,1469.05,1469.05,1,,133.55,
CLM-14690,2025-12-02,Franchise_FL_04,Baseboard Replacement,29.0,3669.08,3669.08,1,126.52,,
CLM-36570,2025-12-16,Franchise_FL_04,Antimicrobial Treatment,2.0,99.08,42.75,0,49.54,,
CLM-30394,11/23/2025,Franchise_NY_12,Baseboard Replacement,,970.5,970.5,1,,$32.35,30.0
CLM-54920,2025-09-01,Franchise_FL_04,Water Extraction,30.0,2391.3,1335.23,0,79.71,,
CLM-90141,2025-09-26,Franchise_FL_04,Dehumidifier Rental,37.0,1173.64,1035.88,0,31.72,,
CLM-58958,2025-02-08,Franchise_FL_04,Water Extraction,40.0,4481.6,4481.6,1,112.04,,
CLM-27155,11/20/2025,Franchise_NY_12,Dehumidifier Rental,,798.42,798.42,1,,$133.07,6.0
CLM-29495,2025-11-08,Franchise_FL_04,Drywall Repair,29.0,2806.62,2806.62,1,96.78,,
CLM-67714,06/13/2025,Franchise_NY_12,Drywall Repair,,953.19,953.19,1,,$105.91,9.0
CLM-16683,2025-05-04,Franchise_FL_04,Antimicrobial Treatment,9.0,1187.64,1187.64,1,131.96,,
CLM-51485,"August 06, 2025",Franchise_TX_01,Baseboard Replacement,6.0,836.88,617.57,0,,139.48,
CLM-27995,2025-04-04,Franchise_FL_04,Drywall Repair,35.0,2511.6,2511.6,1,71.76,,
CLM-10880,"February 03, 2025",Franchise_TX_01,Baseboard Replacement,7.0,990.71,990.71,1,,141.53,
CLM-54020,01/07/2025,Franchise_NY_12,Water Extraction,,2225.76,2225.76,1,,$139.11,16.0
CLM-84859,09/09/2025,Franchise_NY_12,Drywall Repair,,1733.48,1232.03,0,,$123.82,14.0
CLM-24575,01/04/2025,Franchise_NY_12,Antimicrobial Treatment,,5276.2,3755.11,0,,$114.7,46.0
CLM-57114,07/24/2025,Franchise_NY_12,Antimicrobial Treatment,,5284.16,4626.74,0,,$107.84,49.0
CLM-15515,2025-02-06,Franchise_FL_04,Water Extraction,15.0,232.65,138.92,0,15.51,,
CLM-51152,"March 23, 2025",Franchise_TX_01,Antimicrobial Treatment,44.0,4987.4,4987.4,1,,113.35,
CLM-51851,04/27/2025,Franchise_NY_12,Antimicrobial Treatment,,1187.92,1187.92,1,,$38.32,31.0
CLM-48117,2025-03-29,Franchise_FL_04,Water Extraction,30.0,4040.4,4040.4,1,134.68,,
CLM-45903,02/10/2025,Franchise_NY_12,Antimicrobial Treatment,,949.28,440.52,0,,$27.92,34.0
CLM-50919,"March 31, 2025",Franchise_TX_01,Water Extraction,9.0,149.94,91.19,0,,16.66,
CLM-82421,2025-05-12,Franchise_FL_04,Baseboard Replacement,9.0,215.73,215.73,1,23.97,,
CLM-44704,"May 29, 2025",Franchise_TX_01,Dehumidifier Rental,44.0,4830.32,2520.47,0,,109.78,
CLM-63881,"September 09, 2025",Franchise_TX_01,Water Extraction,2.0,283.4,283.4,1,,141.7,
CLM-61456,2025-04-30,Franchise_FL_04,Dehumidifier Rental,16.0,1244.0,1244.0,1,77.75,,
CLM-49544,05/01/2025,Franchise_NY_12,Dehumidifier Rental,,104.66,78.0,0,,$104.66,1.0
CLM-88599,02/07/2025,Franchise_NY_12,Dehumidifier Rental,,229.14,199.87,0,,$114.57,2.0
CLM-93663,01/05/2025,Franchise_NY_12,Dehumidifier Rental,,1178.56,1178.56,1,,$40.64,29.0
CLM-81724,08/27/2025,Franchise_NY_12,Baseboard Replacement,,967.67,587.34,0,,$50.93,19.0
CLM-73165,06/09/2025,Franchise_NY_12,Baseboard Replacement,,1314.72,927.21,0,,$146.08,9.0
CLM-67851,03/12/2025,Franchise_NY_12,Drywall Repair,,1835.84,756.96,0,,$114.74,16.0
CLM-25522,2025-02-04,Franchise_FL_04,Water Extraction,32.0,3868.16,2476.2,0,120.88,,
CLM-40906,"November 17, 2025",Franchise_TX_01,Drywall Repair,22.0,1006.94,1006.94,1,,45.77,
CLM-24348,"January 04, 2025",Franchise_TX_01,Water Extraction,31.0,2372.43,2372.43,1,,76.53,
CLM-74546,"August 20, 2025",Franchise_TX_01,Baseboard Replacement,45.0,6383.7,6383.7,1,,141.86,
CLM-21579,02/16/2025,Franchise_NY_12,Water Extraction,,5688.6,5688.6,1,,$149.7,38.0
CLM-40883,2025-09-10,Franchise_FL_04,Dehumidifier Rental,46.0,5296.9,4695.37,0,115.15,,
CLM-44134,05/15/2025,Franchise_NY_12,Antimicrobial Treatment,,1252.51,1252.51,1,,$43.19,29.0
CLM-39902,"September 08, 2025",Franchise_TX_01,Baseboard Replacement,9.0,168.93,168.93,1,,18.77,
CLM-63866,"January 23, 2025",Franchise_TX_01,Dehumidifier Rental,47.0,3495.39,2667.74,0,,74.37,
CLM-60520,"December 30, 2025",Franchise_TX_01,Baseboard Replacement,48.0,3305.28,2890.64,0,,68.86,
CLM-42113,"June 22, 2025",Franchise_TX_01,Water Extraction,1.0,31.39,31.39,1,,31.39,
CLM-21320,"November 01, 2025",Franchise_TX_01,Water Extraction,32.0,4271.68,3416.64,0,,133.49,
CLM-47858,2025-08-21,Franchise_FL_04,Baseboard Replacement,38.0,2105.58,1585.71,0,55.41,,
CLM-76307,2025-12-25,Franchise_FL_04,Water Extraction,22.0,413.16,367.08,0,18.78,,
CLM-88079,2025-09-13,Franchise_FL_04,Water Extraction,25.0,3177.5,3177.5,1,127.1,,
CLM-99539,"November 10, 2025",Franchise_TX_01,Drywall Repair,39.0,677.82,677.82,1,,17.38,
CLM-43740,2025-10-02,Franchise_FL_04,Drywall Repair,44.0,937.2,937.2,1,21.3,,
CLM-55478,12/01/2025,Franchise_NY_12,Baseboard Replacement,,2229.0,2229.0,1,,$74.3,30.0
CLM-85996,04/04/2025,Franchise_NY_12,Water Extraction,,3120.48,2560.95,0,,$141.84,22.0
CLM-41829,"August 27, 2025",Franchise_TX_01,Drywall Repair,44.0,5789.96,2523.68,0,,131.59,
CLM-92087,"November 27, 2025",Franchise_TX_01,Water Extraction,11.0,1010.35,525.06,0,,91.85,
CLM-73062,"September 27, 2025",Franchise_TX_01,Water Extraction,18.0,540.18,540.18,1,,30.01,
CLM-69615,"April 15, 2025",Franchise_TX_01,Dehumidifier Rental,50.0,6740.5,5631.12,0,,134.81,
CLM-14672,01/19/2025,Franchise_NY_12,Water Extraction,,3760.5,2026.94,0,,$75.21,50.0
CLM-23907,"July 25, 2025",Franchise_TX_01,Drywall Repair,36.0,2722.32,2722.32,1,,75.62,
CLM-34631,12/13/2025,Franchise_NY_12,Dehumidifier Rental,,1408.16,1408.16,1,,$108.32,13.0
CLM-64013,"December 11, 2025",Franchise_TX_01,Drywall Repair,34.0,1502.8,1502.8,1,,44.2,
CLM-37134,2025-09-02,Franchise_FL_04,Water Extraction,9.0,848.88,848.88,1,94.32,,
CLM-70887,"April 05, 2025",Franchise_TX_01,Dehumidifier Rental,30.0,854.1,854.1,1,,28.47,
CLM-34974,"March 12, 2025",Franchise_TX_01,Drywall Repair,21.0,1048.53,1048.53,1,,49.93,
CLM-28049,2025-03-24,Franchise_FL_04,Water Extraction,33.0,,1497.21,1,45.37,,
CLM-92380,"January 23, 2025",Franchise_TX_01,Dehumidifier Rental,21.0,2193.87,1102.25,0,,104.47,
CLM-92088,01/06/2025,Franchise_NY_12,Water Extraction,,1611.48,1611.48,1,,$61.98,26.0
CLM-59299,05/28/2025,Franchise_NY_12,Antimicrobial Treatment,,501.62,399.14,0,,$35.83,14.0
CLM-42965,"January 31, 2025",Franchise_TX_01,Drywall Repair,43.0,1469.74,1469.74,1,,34.18,
CLM-56512,"March 13, 2025",Franchise_TX_01,Dehumidifier Rental - MISC,12.0,1562.4,990.76,0,,130.2,
CLM-81558,2025-04-08,Franchise_FL_04,Drywall Repair,46.0,2017.56,2017.56,1,43.86,,
CLM-25323,2025-12-24,Franchise_FL_04,Dehumidifier Rental,6.0,652.5,652.5,1,108.75,,
CLM-17632,2025-07-16,Franchise_FL_04,Baseboard Replacement,1.0,44.53,44.53,1,44.53,,
CLM-13714,06/30/2025,Franchise_NY_12,Baseboard Replacement,,1431.1,1431.1,1,,$65.05,22.0
CLM-78105,"March 27, 2025",Franchise_TX_01,Antimicrobial Treatment,6.0,154.32,127.67,0,,25.72,
CLM-16988,2025-07-14,Franchise_FL_04,Drywall Repair,13.0,210.47,147.19,0,16.19,,
CLM-96695,2025-10-17,Franchise_FL_04,Antimicrobial Treatment,45.0,4199.85,2639.66,0,93.33,,
CLM-15456,"August 18, 2025",Franchise_TX_01,Antimicrobial Treatment,47.0,4181.12,3010.16,0,,88.96,
CLM-60735,2025-02-08,Franchise_FL_04,Drywall Repair,10.0,1446.3,604.77,0,144.63,,
CLM-22496,"October 28, 2025",Franchise_TX_01,Antimicrobial Treatment,46.0,3395.26,3395.26,1,,73.81,
CLM-87403,"December 30, 2025",Franchise_TX_01,Antimicrobial Treatment,38.0,1687.58,1687.58,1,,44.41,
CLM-48825,"January 01, 2026",Franchise_TX_01,Water Extraction,28.0,1477.56,1048.65,0,,52.77,
CLM-62539,08/04/2025,Franchise_NY_12,Antimicrobial Treatment,,531.96,531.96,1,,$40.92,13.0
CLM-13668,"January 18, 2025",Franchise_TX_01,Dehumidifier Rental,43.0,3851.08,2478.71,0,,89.56,
CLM-42949,"June 20, 2025",Franchise_TX_01,Water Extraction,29.0,557.96,557.96,1,,19.24,
CLM-55070,08/06/2025,Franchise_NY_12,Water Extraction,,2609.98,2609.98,1,,$70.54,37.0
CLM-94098,05/17/2025,Franchise_NY_12,Baseboard Replacement,,2952.8,1900.1,0,,$73.82,40.0
CLM-33377,"May 20, 2025",Franchise_TX_01,Water Extraction,32.0,3521.28,2628.74,0,,110.04,
CLM-93055,2025-01-01,Franchise_FL_04,Dehumidifier Rental,46.0,6137.32,6137.32,1,133.42,,
CLM-99822,02/15/2025,Franchise_NY_12,Water Extraction,,2666.37,1460.96,0,,$126.97,21.0
CLM-25744,"October 23, 2025",Franchise_TX_01,Dehumidifier Rental,30.0,873.9,564.96,0,,29.13,
CLM-24076,08/19/2025,Franchise_NY_12,Baseboard Replacement,,5374.35,5374.35,1,,$119.43,45.0
CLM-34945,2025-11-11,Franchise_FL_04,Drywall Repair,37.0,3278.94,3278.94,1,88.62,,
CLM-94397,11/05/2025,Franchise_NY_12,Water Extraction,,3701.25,3701.25,1,,$82.25,45.0
CLM-47329,"April 13, 2025",Franchise_TX_01,Dehumidifier Rental,46.0,880.44,502.98,0,,19.14,
CLM-29676,2025-06-08,Franchise_FL_04,Antimicrobial Treatment,20.0,2645.8,1379.52,0,132.29,,
CLM-57552,11/13/2025,Franchise_NY_12,Water Extraction,,1223.46,1223.46,1,,$87.39,14.0
CLM-76786,"January 11, 2025",Franchise_TX_01,Water Extraction,20.0,308.8,235.85,0,,15.44,
CLM-23749,06/17/2025,Franchise_NY_12,Dehumidifier Rental,,115.29,115.29,1,,$16.47,7.0
CLM-25836,"July 24, 2025",Franchise_TX_01,Water Extraction,10.0,765.8,765.8,1,,76.58,
CLM-58532,2025-03-20,Franchise_FL_04,Antimicrobial Treatment,1.0,100.82,41.55,0,100.82,,
CLM-80475,11/12/2025,Franchise_NY_12,Drywall Repair,,2454.0,1687.45,0,,$98.16,25.0
CLM-65670,"September 18, 2025",Franchise_TX_01,Water Extraction,25.0,3727.0,3727.0,1,,149.08,
CLM-66155,2025-02-28,Franchise_FL_04,Water Extraction,27.0,3923.64,2114.06,0,145.32,,
CLM-31091,08/10/2025,Franchise_NY_12,Dehumidifier Rental,,986.11,986.11,1,,$31.81,31.0
CLM-29293,12/02/2025,Franchise_NY_12,Baseboard Replacement,,3882.6,3882.6,1,,$143.8,27.0
CLM-99068,2025-10-12,Franchise_FL_04,Baseboard Replacement,47.0,5278.57,3857.71,0,112.31,,
CLM-38203,"June 03, 2025",Franchise_TX_01,Antimicrobial Treatment,24.0,3340.32,1758.85,0,,139.18,
CLM-73675,2025-09-10,Franchise_FL_04,Water Extraction,3.0,242.1,242.1,1,80.7,,
CLM-13302,2025-03-03,Franchise_FL_04,Water Extraction,8.0,,618.42,0,143.22,,
CLM-32205,2025-12-22,Franchise_FL_04,Baseboard Replacement,24.0,3438.24,3438.24,1,143.26,,
CLM-44873,07/16/2025,Franchise_NY_12,Baseboard Replacement,,3866.86,3085.87,0,,$133.34,29.0
CLM-17298,07/20/2025,Franchise_NY_12,Dehumidifier Rental,,1408.08,1408.08,1,,$58.67,24.0
CLM-58012,2025-06-28,Franchise_FL_04,Dehumidifier Rental,35.0,4912.25,3193.58,0,140.35,,
CLM-44788,"December 19, 2025",Franchise_TX_01,Antimicrobial Treatment,37.0,673.4,673.4,1,,18.2,
CLM-52506,"January 03, 2025",Franchise_TX_01,Baseboard Replacement,29.0,3261.05,1908.28,0,,112.45,
CLM-61881,2025-10-15,Franchise_FL_04,Baseboard Replacement,1.0,34.18,34.18,1,34.18,,
CLM-75920,02/21/2025,Franchise_NY_12,Antimicrobial Treatment,,2054.4,2054.4,1,,$64.2,32.0
CLM-88936,08/19/2025,Franchise_NY_12,Antimicrobial Treatment,,5296.43,5296.43,1,,$112.69,47.0
CLM-35275,2025-09-28,Franchise_FL_04,Dehumidifier Rental,46.0,,3734.28,1,81.18,,
CLM-34703,2025-02-22,Franchise_FL_04,Baseboard Replacement,31.0,1728.87,1208.79,0,55.77,,
CLM-34570,"September 11, 2025",Franchise_TX_01,Water Extraction,18.0,1323.54,1323.54,1,,73.53,
CLM-70338,"October 29, 2025",Franchise_TX_01,Water Extraction,36.0,4141.44,4141.44,1,,115.04,
CLM-24179,2025-01-26,Franchise_FL_04,Baseboard Replacement,7.0,509.18,509.18,1,72.74,,
CLM-94037,"November 01, 2025",Franchise_TX_01,Dehumidifier Rental,4.0,324.28,324.28,1,,81.07,
CLM-19871,2025-08-25,Franchise_FL_04,Water Extraction,10.0,1142.1,1142.1,1,114.21,,
CLM-76765,"January 11, 2025",Franchise_TX_01,Dehumidifier Rental,14.0,512.4,428.67,0,,36.6,
CLM-79344,06/04/2025,Franchise_NY_12,Water Extraction,,3637.76,3637.76,1,,$113.68,32.0
CLM-46886,"October 05, 2025",Franchise_TX_01,Drywall Repair,34.0,3380.62,3380.62,1,,99.43,
CLM-56984,"December 13, 2025",Franchise_TX_01,Baseboard Replacement - MISC,31.0,1268.21,1268.21,1,,40.91,
CLM-51462,04/10/2025,Franchise_NY_12,Water Extraction,,2006.17,2006.17,1,,$118.01,17.0
CLM-74666,03/05/2025,Franchise_NY_12,Antimicrobial Treatment,,4079.13,1743.28,0,,$86.79,47.0
CLM-92713,2025-03-10,Franchise_FL_04,Antimicrobial Treatment,14.0,1308.44,1000.59,0,93.46,,
CLM-24219,2025-12-18,Franchise_FL_04,Antimicrobial Treatment,48.0,1572.48,1572.48,1,32.76,,
CLM-47943,"May 05, 2025",Franchise_TX_01,Water Extraction - MISC,32.0,1464.0,989.52,0,,45.75,
CLM-66219,2025-07-19,Franchise_FL_04,Antimicrobial Treatment,15.0,602.4,602.4,1,40.16,,
CLM-74209,"February 27, 2025",Franchise_TX_01,Baseboard Replacement,1.0,136.78,136.78,1,,136.78,
CLM-32170,03/19/2025,Franchise_NY_12,Antimicrobial Treatment,,3540.35,3540.35,1,,$86.35,41.0
CLM-69851,"August 23, 2025",Franchise_TX_01,Dehumidifier Rental,20.0,779.0,357.81,0,,38.95,
CLM-20269,"July 05, 2025",Franchise_TX_01,Dehumidifier Rental,40.0,4428.0,3843.55,0,,110.7,
CLM-29695,"July 17, 2025",Franchise_TX_01,Dehumidifier Rental,4.0,443.24,443.24,1,,110.81,
CLM-25396,2025-11-05,Franchise_FL_04,Drywall Repair,45.0,5392.8,5392.8,1,119.84,,
CLM-32798,"November 11, 2025",Franchise_TX_01,Dehumidifier Rental,22.0,1675.08,687.61,0,,76.14,
CLM-86499,"August 12, 2025",Franchise_TX_01,Baseboard Replacement,46.0,3417.34,3417.34,1,,74.29,
CLM-19851,03/10/2025,Franchise_NY_12,Dehumidifier Rental,,2047.32,1363.84,0,,$93.06,22.0
CLM-76058,"February 28, 2025",Franchise_TX_01,Antimicrobial Treatment,18.0,1679.76,1309.31,0,,93.32,
CLM-88506,07/04/2025,Franchise_NY_12,Dehumidifier Rental,,1968.75,837.93,0,,$43.75,45.0
CLM-58832,2025-02-01,Franchise_FL_04,Dehumidifier Rental,19.0,532.95,532.95,1,28.05,,
CLM-81338,04/11/2025,Franchise_NY_12,Water Extraction,,3801.75,3801.75,1,,$102.75,37.0
CLM-80097,"April 16, 2025",Franchise_TX_01,Antimicrobial Treatment - MISC,14.0,1464.4,1464.4,1,,104.6,
CLM-57508,"December 03, 2025",Franchise_TX_01,Antimicrobial Treatment - MISC,13.0,329.94,329.94,1,,25.38,
CLM-49634,"February 26, 2025",Franchise_TX_01,Water Extraction,25.0,604.0,357.36,0,,24.16,
CLM-52702,02/14/2025,Franchise_NY_12,Water Extraction,,2498.98,2498.98,1,,$113.59,22.0
CLM-39710,2025-03-10,Franchise_FL_04,Drywall Repair,14.0,1151.36,961.21,0,82.24,,
CLM-23736,2025-06-22,Franchise_FL_04,Antimicrobial Treatment,20.0,2356.6,2356.6,1,117.83,,
CLM-20147,"February 21, 2025",Franchise_TX_01,Water Extraction,2.0,35.42,35.42,1,,17.71,
CLM-81862,"November 22, 2025",Franchise_TX_01,Water Extraction,28.0,4106.2,1672.77,0,,146.65,
CLM-55514,2025-03-28,Franchise_FL_04,Baseboard Replacement,17.0,1018.98,1018.98,1,59.94,,
CLM-25992,"June 28, 2025",Franchise_TX_01,Baseboard Replacement,2.0,38.84,25.23,0,,19.42,
CLM-17241,"November 30, 2025",Franchise_TX_01,Baseboard Replacement,36.0,4068.0,4068.0,1,,113.0,
CLM-65439,2025-12-25,Franchise_FL_04,Dehumidifier Rental,35.0,560.7,560.7,1,16.02,,
CLM-75196,02/14/2025,Franchise_NY_12,Water Extraction,,1144.78,1144.78,1,,$67.34,17.0
CLM-86170,2025-06-15,Franchise_FL_04,Antimicrobial Treatment,43.0,3965.89,3169.82,0,92.23,,
CLM-33399,2025-08-03,Franchise_FL_04,Baseboard Replacement,28.0,2852.64,2206.17,0,101.88,,
CLM-24068,"December 18, 2025",Franchise_TX_01,Antimicrobial Treatment,3.0,251.82,251.82,1,,83.94,
CLM-49019,05/18/2025,Franchise_NY_12,Dehumidifier Rental,,3234.44,3234.44,1,,$147.02,22.0
CLM-27964,10/02/2025,Franchise_NY_12,Antimicrobial Treatment,,1426.88,1012.81,0,,$50.96,28.0
CLM-66009,"May 31, 2025",Franchise_TX_01,Drywall Repair,32.0,756.48,580.37,0,,23.64,
CLM-95254,07/12/2025,Franchise_NY_12,Water Extraction,,1711.0,1270.3,0,,$68.44,25.0
CLM-29707,09/08/2025,Franchise_NY_12,Drywall Repair,,359.58,359.58,1,,$27.66,13.0
CLM-34951,"March 08, 2025",Franchise_TX_01,Drywall Repair,13.0,950.82,950.82,1,,73.14,
CLM-94677,06/08/2025,Franchise_NY_12,Antimicrobial Treatment,,3579.99,2062.89,0,,$76.17,47.0
CLM-11586,"August 09, 2025",Franchise_TX_01,Drywall Repair - MISC,20.0,1000.0,1000.0,1,,50.0,
CLM-59971,04/06/2025,Franchise_NY_12,Baseboard Replacement,,242.58,145.57,0,,$18.66,13.0
CLM-36413,2025-10-31,Franchise_FL_04,Dehumidifier Rental,43.0,4191.64,4191.64,1,97.48,,
CLM-51415,2025-07-18,Franchise_FL_04,Dehumidifier Rental,49.0,3147.76,1849.73,0,64.24,,
CLM-40551,03/09/2025,Franchise_NY_12,Antimicrobial Treatment,,3956.37,3956.37,1,,$119.89,33.0
CLM-23750,"July 01, 2025",Franchise_TX_01,Baseboard Replacement,8.0,685.36,685.36,1,,85.67,
CLM-48434,2025-01-01,Franchise_FL_04,Drywall Repair,5.0,381.15,381.15,1,76.23,,
CLM-59003,2025-10-10,Franchise_FL_04,Baseboard Replacement,47.0,5980.28,5980.28,1,127.24,,
CLM-82377,"June 30, 2025",Franchise_TX_01,Antimicrobial Treatment,26.0,1548.56,1548.56,1,,59.56,
CLM-86804,03/23/2025,Franchise_NY_12,Baseboard Replacement,,2538.0,1504.84,0,,$126.9,20.0
CLM-10408,05/14/2025,Franchise_NY_12,Water Extraction,,4197.9,4197.9,1,,$99.95,42.0
CLM-38325,2025-03-23,Franchise_FL_04,Baseboard Replacement,21.0,2502.57,2502.57,1,119.17,,
CLM-97534,2025-06-09,Franchise_FL_04,Antimicrobial Treatment,43.0,6170.5,6170.5,1,143.5,,
CLM-20735,2025-04-15,Franchise_FL_04,Dehumidifier Rental,29.0,3311.51,3311.51,1,114.19,,
CLM-78460,"April 26, 2025",Franchise_TX_01,Drywall Repair - MISC,17.0,689.69,689.69,1,,40.57,
CLM-64741,"November 24, 2025",Franchise_TX_01,Antimicrobial Treatment,14.0,1958.88,1958.88,1,,139.92,
CLM-21620,04/20/2025,Franchise_NY_12,Dehumidifier Rental,,4196.36,4196.36,1,,$85.64,49.0
CLM-54985,2025-03-03,Franchise_FL_04,Water Extraction,15.0,1264.8,1264.8,1,84.32,,
CLM-33693,03/08/2025,Franchise_NY_12,Antimicrobial Treatment,,4361.2,3891.35,0,,$109.03,40.0
CLM-53306,"December 25, 2025",Franchise_TX_01,Water Extraction - MISC,43.0,1142.51,558.03,0,,26.57,
CLM-98297,12/08/2025,Franchise_NY_12,Antimicrobial Treatment,,398.56,398.56,1,,$24.91,16.0
CLM-40938,12/02/2025,Franchise_NY_12,Antimicrobial Treatment,,3375.96,3375.96,1,,$120.57,28.0
CLM-89418,"February 28, 2025",Franchise_TX_01,Drywall Repair,7.0,366.87,366.87,1,,52.41,
CLM-79898,2025-08-31,Franchise_FL_04,Baseboard Replacement,4.0,497.4,430.67,0,124.35,,
CLM-93012,06/22/2025,Franchise_NY_12,Dehumidifier Rental,,1461.24,1461.24,1,,$54.12,27.0
CLM-43330,"April 09, 2025",Franchise_TX_01,Drywall Repair - MISC,12.0,1506.24,989.17,0,,125.52,
CLM-35068,2025-05-21,Franchise_FL_04,Dehumidifier Rental,37.0,,3912.47,0,122.57,,
CLM-17627,"November 23, 2025",Franchise_TX_01,Baseboard Replacement,20.0,2121.4,1123.87,0,,106.07,
CLM-19473,2025-05-05,Franchise_FL_04,Baseboard Replacement,6.0,596.7,340.95,0,99.45,,
CLM-45619,11/28/2025,Franchise_NY_12,Drywall Repair,,783.94,783.94,1,,$41.26,19.0
CLM-80458,"July 03, 2025",Franchise_TX_01,Water Extraction,39.0,3551.73,3551.73,1,,91.07,
CLM-97027,08/26/2025,Franchise_NY_12,Dehumidifier Rental,,2469.72,1940.2,0,,$74.84,33.0
CLM-15040,02/05/2025,Franchise_NY_12,Antimicrobial Treatment,,1628.64,1628.64,1,,$90.48,18.0
CLM-19764,2025-08-30,Franchise_FL_04,Water Extraction,21.0,1044.96,1044.96,1,49.76,,
CLM-77698,05/09/2025,Franchise_NY_12,Drywall Repair,,4215.42,2008.81,0,,$127.74,33.0
CLM-78237,2025-10-21,Franchise_FL_04,Baseboard Replacement,4.0,499.16,392.5,0,124.79,,
CLM-91882,02/20/2025,Franchise_NY_12,Water Extraction,,2718.2,2428.29,0,,$135.91,20.0
CLM-62954,2025-01-25,Franchise_FL_04,Water Extraction,15.0,1293.75,624.04,0,86.25,,
CLM-19942,09/28/2025,Franchise_NY_12,Drywall Repair,,1118.46,717.52,0,,$79.89,14.0
CLM-36004,"July 03, 2025",Franchise_TX_01,Baseboard Replacement - MISC,34.0,3670.64,2462.32,0,,107.96,
CLM-12636,2025-10-03,Franchise_FL_04,Drywall Repair,25.0,3612.75,3612.75,1,144.51,,
CLM-61003,04/03/2025,Franchise_NY_12,Dehumidifier Rental,,521.62,231.54,0,,$47.42,11.0
CLM-72493,01/11/2025,Franchise_NY_12,Antimicrobial Treatment,,124.8,110.04,0,,$124.8,1.0
CLM-99430,"October 28, 2025",Franchise_TX_01,Antimicrobial Treatment - MISC,5.0,726.25,472.81,0,,145.25,
CLM-96747,11/27/2025,Franchise_NY_12,Drywall Repair,,452.13,452.13,1,,$21.53,21.0
CLM-48170,09/02/2025,Franchise_NY_12,Water Extraction,,132.69,132.69,1,,$44.23,3.0
CLM-74447,2025-05-14,Franchise_FL_04,Dehumidifier Rental,20.0,,2448.4,1,122.42,,
CLM-25291,2025-07-11,Franchise_FL_04,Drywall Repair,4.0,513.6,513.6,1,128.4,,
CLM-96960,03/18/2025,Franchise_NY_12,Baseboard Replacement,,537.32,356.05,0,,$134.33,4.0
CLM-21339,2025-02-24,Franchise_FL_04,Baseboard Replacement,4.0,260.36,260.36,1,65.09,,
CLM-86499,"September 28, 2025",Franchise_TX_01,Dehumidifier Rental,3.0,415.08,314.14,0,,138.36,
CLM-59807,2025-09-08,Franchise_FL_04,Baseboard Replacement,22.0,3034.24,2300.85,0,137.92,,
CLM-60678,09/09/2025,Franchise_NY_12,Water Extraction,,2030.32,2030.32,1,,$49.52,41.0
CLM-78414,04/20/2025,Franchise_NY_12,Drywall Repair,,513.92,513.92,1,,$23.36,22.0
CLM-23243,2025-08-19,Franchise_FL_04,Water Extraction,39.0,4453.41,1925.37,0,114.19,,
CLM-54702,12/09/2025,Franchise_NY_12,Water Extraction,,1873.74,1060.94,0,,$55.11,34.0
CLM-93432,2025-08-09,Franchise_FL_04,Antimicrobial Treatment,29.0,2621.6,2621.6,1,90.4,,
CLM-33556,2025-11-18,Franchise_FL_04,Baseboard Replacement,32.0,1988.48,987.55,0,62.14,,
CLM-20279,04/30/2025,Franchise_NY_12,Water Extraction,,2560.58,2560.58,1,,$116.39,22.0
CLM-10739,2025-05-28,Franchise_FL_04,Antimicrobial Treatment,9.0,1147.41,1147.41,1,127.49,,
CLM-78307,03/29/2025,Franchise_NY_12,Baseboard Replacement,,2738.0,1644.27,0,,$68.45,40.0
CLM-19915,05/05/2025,Franchise_NY_12,Antimicrobial Treatment,,3827.6,3827.6,1,,$136.7,28.0
CLM-26090,"February 04, 2025",Franchise_TX_01,Dehumidifier Rental,39.0,5172.57,5172.57,1,,132.63,
CLM-16968,"October 20, 2025",Franchise_TX_01,Antimicrobial Treatment,26.0,1171.82,1171.82,1,,45.07,
CLM-90964,"January 07, 2025",Franchise_TX_01,Drywall Repair,8.0,1176.24,996.24,0,,147.03,
CLM-20668,2025-12-04,Franchise_FL_04,Drywall Repair,37.0,1108.15,1108.15,1,29.95,,
CLM-65900,"May 18, 2025",Franchise_TX_01,Baseboard Replacement,12.0,224.16,224.16,1,,18.68,
CLM-78788,12/18/2025,Franchise_NY_12,Drywall Repair,,3327.85,2931.07,0,,$107.35,31.0
CLM-47656,08/07/2025,Franchise_NY_12,Antimicrobial Treatment,,2583.24,2583.24,1,,$67.98,38.0
CLM-19176,2025-05-20,Franchise_FL_04,Drywall Repair,33.0,,1339.74,0,55.59,,
CLM-74610,2025-01-06,Franchise_FL_04,Baseboard Replacement,33.0,3276.24,1536.63,0,99.28,,
CLM-72421,12/01/2025,Franchise_NY_12,Baseboard Replacement,,590.24,251.03,0,,$36.89,16.0
CLM-42005,2025-08-11,Franchise_FL_04,Baseboard Replacement,6.0,633.6,633.6,1,105.6,,
CLM-58508,"May 12, 2025",Franchise_TX_01,Antimicrobial Treatment,40.0,4301.6,3145.92,0,,107.54,
CLM-97209,2025-06-01,Franchise_FL_04,Baseboard Replacement,37.0,3754.76,3149.56,0,101.48,,
CLM-59303,04/19/2025,Franchise_NY_12,Baseboard Replacement,,1403.37,1403.37,1,,$45.27,31.0
CLM-25395,"April 28, 2025",Franchise_TX_01,Dehumidifier Rental,50.0,3476.0,3476.0,1,,69.52,
CLM-75159,2025-08-11,Franchise_FL_04,Antimicrobial Treatment,8.0,1136.08,1136.08,1,142.01,,
CLM-71175,"October 27, 2025",Franchise_TX_01,Drywall Repair,17.0,1682.32,692.89,0,,98.96,
CLM-22515,2025-07-30,Franchise_FL_04,Water Extraction,32.0,2595.52,2595.52,1,81.11,,
CLM-10604,06/02/2025,Franchise_NY_12,Dehumidifier Rental,,4654.41,4654.41,1,,$99.03,47.0
CLM-62982,"June 26, 2025",Franchise_TX_01,Drywall Repair,41.0,1112.74,603.55,0,,27.14,
CLM-62593,02/03/2025,Franchise_NY_12,Antimicrobial Treatment,,675.04,675.04,1,,$42.19,16.0
CLM-98766,2025-01-08,Franchise_FL_04,Dehumidifier Rental,46.0,2841.88,2073.31,0,61.78,,
CLM-39182,"October 17, 2025",Franchise_TX_01,Dehumidifier Rental,21.0,2768.64,2768.64,1,,131.84,
CLM-96573,2025-10-28,Franchise_FL_04,Dehumidifier Rental,2.0,168.92,119.14,0,84.46,,
CLM-57222,2025-12-12,Franchise_FL_04,Dehumidifier Rental,39.0,4799.73,4799.73,1,123.07,,
CLM-17657,"March 09, 2025",Franchise_TX_01,Water Extraction,17.0,1309.85,665.74,0,,77.05,
CLM-56543,2025-12-15,Franchise_FL_04,Dehumidifier Rental,12.0,1385.04,1385.04,1,115.42,,
CLM-44631,2025-08-02,Franchise_FL_04,Water Extraction,26.0,3608.02,3608.02,1,138.77,,
CLM-33304,2025-07-12,Franchise_FL_04,Baseboard Replacement,2.0,133.26,68.49,0,66.63,,
CLM-83495,"August 19, 2025",Franchise_TX_01,Antimicrobial Treatment,5.0,231.65,231.65,1,,46.33,
CLM-24585,"December 24, 2025",Franchise_TX_01,Water Extraction - MISC,44.0,5152.4,2432.82,0,,117.1,
CLM-57768,"January 12, 2025",Franchise_TX_01,Water Extraction,6.0,882.36,619.46,0,,147.06,
CLM-28435,04/06/2025,Franchise_NY_12,Dehumidifier Rental,,3262.38,1740.29,0,,$148.29,22.0
CLM-13557,"April 20, 2025",Franchise_TX_01,Dehumidifier Rental,7.0,144.97,144.97,1,,20.71,
CLM-81213,2025-10-16,Franchise_FL_04,Drywall Repair,17.0,399.84,399.84,1,23.52,,
CLM-90891,"August 15, 2025",Franchise_TX_01,Antimicrobial Treatment,1.0,132.52,132.52,1,,132.52,
CLM-32029,"June 08, 2025",Franchise_TX_01,Baseboard Replacement,5.0,684.7,684.7,1,,136.94,
CLM-28692,12/13/2025,Franchise_NY_12,Drywall Repair,,4465.2,1967.95,0,,$148.84,30.0
CLM-92612,05/23/2025,Franchise_NY_12,Water Extraction,,688.68,688.68,1,,$114.78,6.0
CLM-40236,"January 18, 2025",Franchise_TX_01,Water Extraction,27.0,3325.59,2362.08,0,,123.17,
CLM-86073,04/27/2025,Franchise_NY_12,Dehumidifier Rental,,2053.12,2053.12,1,,$64.16,32.0
CLM-62520,11/07/2025,Franchise_NY_12,Drywall Repair,,818.91,818.91,1,,$30.33,27.0
CLM-48501,"September 13, 2025",Franchise_TX_01,Baseboard Replacement - MISC,12.0,1713.36,1276.69,0,,142.78,
CLM-41724,"May 10, 2025",Franchise_TX_01,Drywall Repair,46.0,2494.12,2494.12,1,,54.22,
CLM-19257,2025-11-08,Franchise_FL_04,Baseboard Replacement,39.0,5091.45,5091.45,1,130.55,,
CLM-64126,05/17/2025,Franchise_NY_12,Baseboard Replacement,,1517.62,1517.62,1,,$116.74,13.0
CLM-38887,2025-11-28,Franchise_FL_04,Drywall Repair,40.0,4258.8,3145.63,0,106.47,,
CLM-54290,"January 04, 2025",Franchise_TX_01,Water Extraction,45.0,6641.55,2995.49,0,,147.59,
CLM-22890,"July 19, 2025",Franchise_TX_01,Baseboard Replacement,31.0,3793.16,2662.85,0,,122.36,
CLM-65587,"December 26, 2025",Franchise_TX_01,Antimicrobial Treatment,47.0,3483.17,3483.17,1,,74.11,
CLM-59091,2025-03-03,Franchise_FL_04,Dehumidifier Rental,40.0,,3058.37,0,94.7,,
CLM-59244,01/29/2025,Franchise_NY_12,Water Extraction,,1127.23,662.99,0,,$38.87,29.0
CLM-78592,2025-01-25,Franchise_FL_04,Baseboard Replacement,3.0,90.21,90.21,1,30.07,,
CLM-82954,"December 18, 2025",Franchise_TX_01,Baseboard Replacement - MISC,50.0,1120.0,1120.0,1,,22.4,
CLM-97030,07/06/2025,Franchise_NY_12,Water Extraction,,860.4,860.4,1,,$19.12,45.0
CLM-58397,"June 09, 2025",Franchise_TX_01,Baseboard Replacement,50.0,1489.0,1489.0,1,,29.78,
CLM-93250,"April 13, 2025",Franchise_TX_01,Drywall Repair,31.0,2706.61,1221.31,0,,87.31,
CLM-84234,07/22/2025,Franchise_NY_12,Water Extraction,,3454.5,3454.5,1,,$115.15,30.0
CLM-41583,"October 26, 2025",Franchise_TX_01,Antimicrobial Treatment,3.0,89.88,89.88,1,,29.96,
CLM-36408,"December 21, 2025",Franchise_TX_01,Drywall Repair - MISC,13.0,1922.18,1922.18,1,,147.86,
CLM-40356,2025-05-06,Franchise_FL_04,Antimicrobial Treatment,1.0,94.01,94.01,1,94.01,,
CLM-79940,2025-03-25,Franchise_FL_04,Baseboard Replacement,50.0,5199.5,2656.68,0,103.99,,
CLM-35907,"August 17, 2025",Franchise_TX_01,Drywall Repair,3.0,173.76,173.76,1,,57.92,
CLM-16088,"April 05, 2025",Franchise_TX_01,Water Extraction,8.0,228.88,228.88,1,,28.61,
CLM-70635,2025-07-12,Franchise_FL_04,Baseboard Replacement,44.0,3621.64,3621.64,1,82.31,,
CLM-66703,09/17/2025,Franchise_NY_12,Drywall Repair,,3684.72,3264.4,0,,$94.48,39.0
CLM-99429,2025-10-10,Franchise_FL_04,Baseboard Replacement,21.0,2678.76,2678.76,1,127.56,,
CLM-61297,07/17/2025,Franchise_NY_12,Dehumidifier Rental,,6997.92,6997.92,1,,$145.79,48.0
CLM-48568,09/20/2025,Franchise_NY_12,Antimicrobial Treatment,,746.55,581.42,0,,$35.55,21.0
CLM-54661,"February 15, 2025",Franchise_TX_01,Baseboard Replacement,6.0,145.32,73.26,0,,24.22,
CLM-76583,2025-10-25,Franchise_FL_04,Baseboard Replacement,29.0,2526.19,2526.19,1,87.11,,
CLM-37944,02/13/2025,Franchise_NY_12,Water Extraction,,5366.4,5366.4,1,,$134.16,40.0
CLM-49410,2025-11-24,Franchise_FL_04,Antimicrobial Treatment,6.0,285.18,182.97,0,47.53,,
CLM-10518,10/27/2025,Franchise_NY_12,Drywall Repair,,1026.97,1026.97,1,,$146.71,7.0
CLM-46573,"May 29, 2025",Franchise_TX_01,Dehumidifier Rental,23.0,2275.62,1027.66,0,,98.94,
CLM-24740,2025-11-25,Franchise_FL_04,Antimicrobial Treatment,15.0,310.05,310.05,1,20.67,,
CLM-58670,2025-07-23,Franchise_FL_04,Drywall Repair,34.0,1556.18,1556.18,1,45.77,,
CLM-52141,11/11/2025,Franchise_NY_12,Dehumidifier Rental,,1531.35,877.89,0,,$102.09,15.0
CLM-87816,"July 24, 2025",Franchise_TX_01,Baseboard Replacement,36.0,2772.72,2772.72,1,,77.02,
CLM-10178,04/17/2025,Franchise_NY_12,Drywall Repair,,3725.05,3725.05,1,,$106.43,35.0
CLM-59845,02/05/2025,Franchise_NY_12,Drywall Repair,,2578.9,2578.9,1,,$75.85,34.0
CLM-70426,"January 12, 2025",Franchise_TX_01,Dehumidifier Rental,27.0,1659.69,1659.69,1,,61.47,
CLM-30987,"October 21, 2025",Franchise_TX_01,Water Extraction,22.0,1465.42,1465.42,1,,66.61,
CLM-17010,04/12/2025,Franchise_NY_12,Drywall Repair,,5242.05,4019.38,0,,$116.49,45.0
CLM-10779,2025-06-14,Franchise_FL_04,Drywall Repair,9.0,855.45,855.45,1,95.05,,
CLM-42776,04/19/2025,Franchise_NY_12,Antimicrobial Treatment,,995.68,995.68,1,,$142.24,7.0
CLM-74351,"April 10, 2025",Franchise_TX_01,Drywall Repair,10.0,573.6,573.6,1,,57.36,
CLM-16028,2025-07-22,Franchise_FL_04,Antimicrobial Treatment,35.0,1586.2,822.67,0,45.32,,
CLM-46146,07/30/2025,Franchise_NY_12,Drywall Repair,,1002.54,1002.54,1,,$32.34,31.0
CLM-53180,09/28/2025,Franchise_NY_12,Water Extraction,,5305.23,5305.23,1,,$108.27,49.0
CLM-26863,04/08/2025,Franchise_NY_12,Water Extraction,,2535.06,2535.06,1,,$55.11,46.0
CLM-26016,07/22/2025,Franchise_NY_12,Dehumidifier Rental,,446.6,446.6,1,,$44.66,10.0
CLM-40717,2025-04-02,Franchise_FL_04,Water Extraction,41.0,828.61,828.61,1,20.21,,
CLM-77068,2025-10-14,Franchise_FL_04,Antimicrobial Treatment,17.0,2314.38,2314.38,1,136.14,,
CLM-27876,03/28/2025,Franchise_NY_12,Water Extraction,,1321.0,585.19,0,,$26.42,50.0
CLM-45291,2025-03-10,Franchise_FL_04,Water Extraction,41.0,3245.15,3245.15,1,79.15,,
CLM-53237,06/14/2025,Franchise_NY_12,Baseboard Replacement,,1713.6,914.33,0,,$42.84,40.0
CLM-37216,07/01/2025,Franchise_NY_12,Baseboard Replacement,,591.25,488.83,0,,$118.25,5.0
CLM-57198,"June 28, 2025",Franchise_TX_01,Dehumidifier Rental,47.0,6105.3,5158.92,0,,129.9,
CLM-53369,2025-01-02,Franchise_FL_04,Dehumidifier Rental,8.0,186.16,78.19,0,23.27,,
CLM-99737,2025-03-29,Franchise_FL_04,Dehumidifier Rental,32.0,4212.48,3006.75,0,131.64,,
CLM-62445,2025-01-03,Franchise_FL_04,Antimicrobial Treatment,3.0,313.14,313.14,1,104.38,,
CLM-97741,"January 30, 2025",Franchise_TX_01,Dehumidifier Rental,41.0,1856.48,1856.48,1,,45.28,
CLM-72595,10/04/2025,Franchise_NY_12,Dehumidifier Rental,,4247.0,4247.0,1,,$84.94,50.0
CLM-62142,06/30/2025,Franchise_NY_12,Water Extraction,,3691.48,2507.41,0,,$141.98,26.0
CLM-59313,"February 08, 2025",Franchise_TX_01,Water Extraction - MISC,23.0,1638.29,1638.29,1,,71.23,
CLM-19993,05/27/2025,Franchise_NY_12,Dehumidifier Rental,,174.3,83.51,0,,$17.43,10.0
CLM-30585,05/27/2025,Franchise_NY_12,Dehumidifier Rental,,3833.76,3833.76,1,,$79.87,48.0
CLM-11461,2025-01-17,Franchise_FL_04,Antimicrobial Treatment,7.0,1029.28,675.28,0,147.04,,
CLM-35878,2025-03-01,Franchise_FL_04,Water Extraction,15.0,2213.7,2213.7,1,147.58,,
CLM-86789,05/12/2025,Franchise_NY_12,Dehumidifier Rental,,5040.7,5040.7,1,,$144.02,35.0
CLM-52102,2025-07-02,Franchise_FL_04,Antimicrobial Treatment,31.0,4309.93,3755.14,0,139.03,,
CLM-95720,05/01/2025,Franchise_NY_12,Water Extraction,,1004.64,558.15,0,,$143.52,7.0
CLM-98943,2025-01-16,Franchise_FL_04,Dehumidifier Rental,22.0,1473.12,1473.12,1,66.96,,
CLM-48578,2025-05-22,Franchise_FL_04,Dehumidifier Rental,16.0,1977.92,1977.92,1,123.62,,
CLM-39275,05/22/2025,Franchise_NY_12,Water Extraction,,1989.98,1107.84,0,,$68.62,29.0
CLM-39730,03/28/2025,Franchise_NY_12,Baseboard Replacement,,2923.78,2923.78,1,,$100.82,29.0
CLM-31581,01/12/2025,Franchise_NY_12,Baseboard Replacement,,1717.65,1717.65,1,,$52.05,33.0
CLM-40283,02/22/2025,Franchise_NY_12,Baseboard Replacement,,627.76,627.76,1,,$89.68,7.0
CLM-27717,2025-06-21,Franchise_FL_04,Drywall Repair,16.0,2394.72,1700.82,0,149.67,,
CLM-74300,"July 19, 2025",Franchise_TX_01,Drywall Repair,25.0,3395.25,3395.25,1,,135.81,
CLM-17816,2025-07-13,Franchise_FL_04,Dehumidifier Rental,30.0,2257.5,2257.5,1,75.25,,
CLM-90817,"May 02, 2025",Franchise_TX_01,Dehumidifier Rental,28.0,2464.28,2464.28,1,,88.01,
CLM-85999,"November 27, 2025",Franchise_TX_01,Baseboard Replacement,32.0,3462.4,3462.4,1,,108.2,
CLM-49264,"April 11, 2025",Franchise_TX_01,Dehumidifier Rental - MISC,25.0,2363.75,2363.75,1,,94.55,
CLM-73888,2025-12-27,Franchise_FL_04,Dehumidifier Rental,49.0,,6666.94,1,136.06,,
CLM-58297,"July 17, 2025",Franchise_TX_01,Dehumidifier Rental,34.0,2301.8,2301.8,1,,67.7,
CLM-89085,06/04/2025,Franchise_NY_12,Baseboard Replacement,,1996.75,1996.75,1,,$79.87,25.0
CLM-55182,2025-01-16,Franchise_FL_04,Antimicrobial Treatment,15.0,1746.3,1016.3,0,116.42,,
CLM-79949,2025-10-19,Franchise_FL_04,Water Extraction,4.0,201.56,201.56,1,50.39,,
CLM-41023,2025-03-21,Franchise_FL_04,Water Extraction,24.0,1083.84,962.0,0,45.16,,
CLM-43085,03/28/2025,Franchise_NY_12,Drywall Repair,,1986.12,1986.12,1,,$55.17,36.0
CLM-16719,2025-07-21,Franchise_FL_04,Water Extraction,46.0,3068.66,3068.66,1,66.71,,
CLM-98326,05/08/2025,Franchise_NY_12,Antimicrobial Treatment,,2702.7,2702.7,1,,$128.7,21.0
CLM-26894,"September 13, 2025",Franchise_TX_01,Dehumidifier Rental,50.0,4600.0,4600.0,1,,92.0,
CLM-26353,"June 29, 2025",Franchise_TX_01,Dehumidifier Rental,13.0,1229.67,1044.81,0,,94.59,
CLM-45113,02/22/2025,Franchise_NY_12,Water Extraction,,218.85,218.85,1,,$72.95,3.0
CLM-48052,"November 19, 2025",Franchise_TX_01,Drywall Repair,10.0,633.1,633.1,1,,63.31,
CLM-91258,"September 15, 2025",Franchise_TX_01,Dehumidifier Rental,35.0,5154.45,2141.8,0,,147.27,
CLM-75646,2025-02-27,Franchise_FL_04,Baseboard Replacement,12.0,1024.92,441.31,0,85.41,,
CLM-43066,"November 03, 2025",Franchise_TX_01,Water Extraction - MISC,39.0,1707.03,1707.03,1,,43.77,
CLM-51415,2025-01-13,Franchise_FL_04,Baseboard Replacement,48.0,2378.88,1856.52,0,49.56,,
CLM-58116,2025-03-19,Franchise_FL_04,Water Extraction,37.0,768.49,768.49,1,20.77,,
CLM-79118,"May 17, 2025",Franchise_TX_01,Baseboard Replacement,35.0,3252.9,1314.61,0,,92.94,
CLM-62264,"May 06, 2025",Franchise_TX_01,Drywall Repair,48.0,2473.44,2119.76,0,,51.53,
CLM-78552,2025-05-30,Franchise_FL_04,Water Extraction,7.0,748.3,560.04,0,106.9,,
CLM-11299,"May 10, 2025",Franchise_TX_01,Water Extraction,38.0,737.58,737.58,1,,19.41,
CLM-24911,2025-08-31,Franchise_FL_04,Drywall Repair,7.0,821.59,821.59,1,117.37,,
CLM-83510,"November 15, 2025",Franchise_TX_01,Baseboard Replacement,9.0,1224.99,553.71,0,,136.11,
CLM-81600,2025-08-10,Franchise_FL_04,Drywall Repair,24.0,3385.44,3037.68,0,141.06,,
CLM-76850,10/20/2025,Franchise_NY_12,Dehumidifier Rental,,6664.05,4649.44,0,,$148.09,45.0
CLM-54576,"March 03, 2025",Franchise_TX_01,Drywall Repair,45.0,1185.3,658.33,0,,26.34,
CLM-92276,2025-07-01,Franchise_FL_04,Dehumidifier Rental,40.0,2980.0,2980.0,1,74.5,,
CLM-26387,12/28/2025,Franchise_NY_12,Baseboard Replacement,,2795.28,2795.28,1,,$73.56,38.0
CLM-30363,02/26/2025,Franchise_NY_12,Drywall Repair,,3954.0,3954.0,1,,$79.08,50.0
CLM-53246,04/14/2025,Franchise_NY_12,Drywall Repair,,668.15,668.15,1,,$95.45,7.0
CLM-96632,2025-12-29,Franchise_FL_04,Dehumidifier Rental,9.0,1154.88,1154.88,1,128.32,,
CLM-81837,06/06/2025,Franchise_NY_12,Water Extraction,,793.66,376.41,0,,$56.69,14.0
CLM-85036,2025-02-13,Franchise_FL_04,Water Extraction,18.0,791.64,791.64,1,43.98,,
CLM-80912,"October 26, 2025",Franchise_TX_01,Antimicrobial Treatment - MISC,46.0,6753.72,6753.72,1,,146.82,
CLM-64718,08/19/2025,Franchise_NY_12,Baseboard Replacement,,5273.9,2124.72,0,,$114.65,46.0
CLM-23851,2025-08-07,Franchise_FL_04,Antimicrobial Treatment,32.0,516.16,516.16,1,16.13,,
CLM-38839,2025-08-22,Franchise_FL_04,Drywall Repair,22.0,471.24,471.24,1,21.42,,
CLM-75226,"December 30, 2025",Franchise_TX_01,Drywall Repair,12.0,1499.88,1242.49,0,,124.99,
CLM-97516,"August 15, 2025",Franchise_TX_01,Water Extraction - MISC,29.0,1115.05,805.14,0,,38.45,
CLM-29200,"November 12, 2025",Franchise_TX_01,Water Extraction,5.0,348.3,185.45,0,,69.66,
CLM-83627,06/28/2025,Franchise_NY_12,Drywall Repair,,2033.4,2033.4,1,,$101.67,20.0
CLM-88720,"November 20, 2025",Franchise_TX_01,Dehumidifier Rental,31.0,1379.81,598.48,0,,44.51,
CLM-67228,"July 03, 2025",Franchise_TX_01,Dehumidifier Rental,5.0,241.0,241.0,1,,48.2,
CLM-53570,2025-09-19,Franchise_FL_04,Water Extraction,24.0,1225.44,1225.44,1,51.06,,
CLM-46820,2025-06-25,Franchise_FL_04,Baseboard Replacement,41.0,1585.47,1080.54,0,38.67,,
CLM-21578,2025-12-05,Franchise_FL_04,Antimicrobial Treatment,30.0,3489.3,3489.3,1,116.31,,
CLM-58413,09/15/2025,Franchise_NY_12,Water Extraction,,4615.04,4615.04,1,,$144.22,32.0
CLM-45704,"July 02, 2025",Franchise_TX_01,Drywall Repair,28.0,3702.44,3702.44,1,,132.23,
CLM-91993,10/01/2025,Franchise_NY_12,Antimicrobial Treatment,,878.02,878.02,1,,$33.77,26.0
CLM-93836,"August 21, 2025",Franchise_TX_01,Dehumidifier Rental - MISC,37.0,2831.24,1243.75,0,,76.52,
CLM-72191,"July 16, 2025",Franchise_TX_01,Water Extraction,43.0,1807.29,1807.29,1,,42.03,
CLM-31480,07/04/2025,Franchise_NY_12,Antimicrobial Treatment,,317.01,317.01,1,,$105.67,3.0
CLM-10113,12/14/2025,Franchise_NY_12,Dehumidifier Rental,,2768.48,2768.48,1,,$125.84,22.0
CLM-77816,12/12/2025,Franchise_NY_12,Water Extraction,,2466.2,2466.2,1,,$112.1,22.0
CLM-48779,2025-05-23,Franchise_FL_04,Baseboard Replacement,46.0,727.72,727.72,1,15.82,,
CLM-25719,"February 07, 2025",Franchise_TX_01,Dehumidifier Rental - MISC,50.0,5219.5,5219.5,1,,104.39,
CLM-41171,2025-04-21,Franchise_FL_04,Drywall Repair,38.0,2351.82,1657.97,0,61.89,,
CLM-19174,"August 18, 2025",Franchise_TX_01,Antimicrobial Treatment,29.0,2632.04,2632.04,1,,90.76,
CLM-50246,2025-09-08,Franchise_FL_04,Dehumidifier Rental,5.0,162.7,162.7,1,32.54,,
CLM-82107,"April 23, 2025",Franchise_TX_01,Water Extraction,15.0,933.9,933.9,1,,62.26,
CLM-88955,2025-01-09,Franchise_FL_04,Drywall Repair,43.0,2816.07,2816.07,1,65.49,,
CLM-19956,"December 23, 2025",Franchise_TX_01,Water Extraction,28.0,3022.04,2222.31,0,,107.93,
CLM-64306,11/25/2025,Franchise_NY_12,Drywall Repair,,1246.5,524.84,0,,$83.1,15.0
CLM-16834,01/12/2025,Franchise_NY_12,Baseboard Replacement,,1463.28,1141.1,0,,$121.94,12.0
CLM-12313,2025-01-19,Franchise_FL_04,Baseboard Replacement,29.0,,2814.45,1,97.05,,
CLM-78143,"February 28, 2025",Franchise_TX_01,Dehumidifier Rental - MISC,20.0,586.2,586.2,1,,29.31,
CLM-43872,"August 07, 2025",Franchise_TX_01,Antimicrobial Treatment,28.0,1053.92,1053.92,1,,37.64,
CLM-19628,01/04/2025,Franchise_NY_12,Dehumidifier Rental,,3474.96,1867.57,0,,$144.79,24.0
CLM-29035,"April 09, 2025",Franchise_TX_01,Dehumidifier Rental,44.0,5351.72,5351.72,1,,121.63,
CLM-97543,"September 17, 2025",Franchise_TX_01,Dehumidifier Rental,47.0,5740.58,2450.95,0,,122.14,
CLM-90661,01/25/2025,Franchise_NY_12,Water Extraction,,6277.74,6277.74,1,,$149.47,42.0
CLM-32947,"April 20, 2025",Franchise_TX_01,Water Extraction,22.0,1861.64,937.32,0,,84.62,
CLM-42960,"October 26, 2025",Franchise_TX_01,Antimicrobial Treatment,36.0,1402.56,1200.97,0,,38.96,
CLM-27476,2025-10-07,Franchise_FL_04,Antimicrobial Treatment,40.0,2829.6,2394.66,0,70.74,,
CLM-64582,"August 04, 2025",Franchise_TX_01,Baseboard Replacement - MISC,8.0,232.08,232.08,1,,29.01,
CLM-17108,2025-05-19,Franchise_FL_04,Antimicrobial Treatment,9.0,865.17,650.25,0,96.13,,
CLM-58943,05/27/2025,Franchise_NY_12,Antimicrobial Treatment,,3216.1,2632.79,0,,$110.9,29.0
CLM-95864,"July 15, 2025",Franchise_TX_01,Baseboard Replacement - MISC,40.0,5867.6,2846.8,0,,146.69,
CLM-84981,"June 08, 2025",Franchise_TX_01,Baseboard Replacement - MISC,9.0,243.81,155.55,0,,27.09,
CLM-82878,2025-01-16,Franchise_FL_04,Antimicrobial Treatment,18.0,2109.42,2109.42,1,117.19,,
CLM-39089,12/22/2025,Franchise_NY_12,Antimicrobial Treatment,,2410.19,2410.19,1,,$83.11,29.0
CLM-34141,04/23/2025,Franchise_NY_12,Drywall Repair,,392.55,392.55,1,,$78.51,5.0
CLM-15928,08/09/2025,Franchise_NY_12,Drywall Repair,,5960.85,3711.21,0,,$121.65,49.0
CLM-46446,11/15/2025,Franchise_NY_12,Baseboard Replacement,,899.36,899.36,1,,$20.44,44.0
CLM-19077,04/28/2025,Franchise_NY_12,Water Extraction,,1116.72,1116.72,1,,$124.08,9.0
CLM-10508,"April 14, 2025",Franchise_TX_01,Drywall Repair,5.0,126.15,61.31,0,,25.23,
CLM-65642,2025-03-28,Franchise_FL_04,Drywall Repair,47.0,6117.99,6117.99,1,130.17,,
CLM-24212,07/25/2025,Franchise_NY_12,Antimicrobial Treatment,,1207.65,1207.65,1,,$80.51,15.0
CLM-13779,"December 01, 2025",Franchise_TX_01,Antimicrobial Treatment,37.0,3479.11,2235.7,0,,94.03,
CLM-64710,"March 27, 2025",Franchise_TX_01,Dehumidifier Rental,18.0,1087.38,1087.38,1,,60.41,
CLM-75674,2025-08-02,Franchise_FL_04,Baseboard Replacement,19.0,2484.44,2202.17,0,130.76,,
CLM-90685,01/17/2025,Franchise_NY_12,Antimicrobial Treatment,,1874.4,841.74,0,,$117.15,16.0
CLM-17764,2025-06-30,Franchise_FL_04,Drywall Repair,8.0,599.68,599.68,1,74.96,,
CLM-88053,04/21/2025,Franchise_NY_12,Drywall Repair,,2129.4,1172.98,0,,$106.47,20.0
CLM-93947,07/14/2025,Franchise_NY_12,Baseboard Replacement,,3140.5,3140.5,1,,$142.75,22.0
CLM-11884,"December 22, 2025",Franchise_TX_01,Water Extraction - MISC,31.0,1730.73,1730.73,1,,55.83,
CLM-95542,12/03/2025,Franchise_NY_12,Drywall Repair,,79.75,79.75,1,,$15.95,5.0
CLM-19792,2025-08-02,Franchise_FL_04,Water Extraction,19.0,2338.9,1094.96,0,123.1,,
CLM-65029,04/17/2025,Franchise_NY_12,Dehumidifier Rental,,4563.3,3955.57,0,,$111.3,41.0
CLM-53838,09/06/2025,Franchise_NY_12,Drywall Repair,,5178.8,2647.89,0,,$117.7,44.0
CLM-12808,09/09/2025,Franchise_NY_12,Baseboard Replacement,,919.8,919.8,1,,$25.55,36.0
CLM-72832,2025-02-18,Franchise_FL_04,Drywall Repair,28.0,4060.84,2355.43,0,145.03,,
CLM-49267,07/16/2025,Franchise_NY_12,Drywall Repair,,847.0,701.53,0,,$121.0,7.0
CLM-92890,10/26/2025,Franchise_NY_12,Baseboard Replacement,,1574.4,1574.4,1,,$104.96,15.0
CLM-65621,"June 18, 2025",Franchise_TX_01,Drywall Repair,15.0,1608.9,1608.9,1,,107.26,
CLM-94945,2025-12-19,Franchise_FL_04,Water Extraction,24.0,1346.4,1346.4,1,56.1,,
CLM-38338,"March 15, 2025",Franchise_TX_01,Dehumidifier Rental,6.0,278.82,116.39,0,,46.47,
CLM-21417,10/12/2025,Franchise_NY_12,Water Extraction,,5482.5,4772.1,0,,$109.65,50.0
CLM-23573,"December 20, 2025",Franchise_TX_01,Antimicrobial Treatment,40.0,4080.0,4080.0,1,,102.0,
CLM-13432,"January 03, 2025",Franchise_TX_01,Baseboard Replacement - MISC,33.0,4725.93,3862.34,0,,143.21,
CLM-12022,07/22/2025,Franchise_NY_12,Drywall Repair,,824.64,824.64,1,,$137.44,6.0
CLM-78486,"December 20, 2025",Franchise_TX_01,Baseboard Replacement,24.0,2058.0,2058.0,1,,85.75,
CLM-63536,2025-07-14,Franchise_FL_04,Dehumidifier Rental,33.0,,2713.12,0,117.3,,
CLM-71155,"September 13, 2025",Franchise_TX_01,Drywall Repair,14.0,393.96,347.34,0,,28.14,
CLM-21222,"April 28, 2025",Franchise_TX_01,Water Extraction,30.0,2471.4,2471.4,1,,82.38,
CLM-60109,"August 11, 2025",Franchise_TX_01,Baseboard Replacement,4.0,271.64,271.64,1,,67.91,
CLM-87949,"October 17, 2025",Franchise_TX_01,Water Extraction - MISC,29.0,3356.46,3356.46,1,,115.74,
CLM-99325,12/20/2025,Franchise_NY_12,Drywall Repair,,796.74,641.36,0,,$132.79,6.0
CLM-56720,2025-01-28,Franchise_FL_04,Water Extraction,6.0,,459.78,1,76.63,,
CLM-30831,"August 25, 2025",Franchise_TX_01,Baseboard Replacement,46.0,5108.76,5108.76,1,,111.06,
CLM-71626,"November 10, 2025",Franchise_TX_01,Drywall Repair,22.0,2619.54,2286.37,0,,119.07,
CLM-78651,2025-09-14,Franchise_FL_04,Baseboard Replacement,40.0,5660.0,2546.08,0,141.5,,
CLM-82112,10/26/2025,Franchise_NY_12,Drywall Repair,,377.13,377.13,1,,$125.71,3.0
CLM-38376,"July 31, 2025",Franchise_TX_01,Drywall Repair,35.0,4043.2,4043.2,1,,115.52,
CLM-49784,"September 03, 2025",Franchise_TX_01,Antimicrobial Treatment,40.0,1001.2,1001.2,1,,25.03,
CLM-24684,05/08/2025,Franchise_NY_12,Drywall Repair,,2179.5,1894.31,0,,$87.18,25.0
CLM-94042,"June 12, 2025",Franchise_TX_01,Baseboard Replacement - MISC,48.0,6619.68,5040.14,0,,137.91,
CLM-50413,"June 14, 2025",Franchise_TX_01,Antimicrobial Treatment,49.0,6659.59,6659.59,1,,135.91,
CLM-93557,"August 28, 2025",Franchise_TX_01,Antimicrobial Treatment - MISC,10.0,782.1,480.57,0,,78.21,
CLM-23887,2025-07-23,Franchise_FL_04,Baseboard Replacement,17.0,1152.26,609.39,0,67.78,,
CLM-13026,"February 09, 2025",Franchise_TX_01,Drywall Repair,29.0,4132.79,3314.73,0,,142.51,
CLM-42804,04/23/2025,Franchise_NY_12,Antimicrobial Treatment,,689.88,391.71,0,,$57.49,12.0
CLM-56379,"December 06, 2025",Franchise_TX_01,Water Extraction - MISC,29.0,1045.16,1045.16,1,,36.04,
CLM-45190,01/02/2025,Franchise_NY_12,Dehumidifier Rental,,1033.76,761.57,0,,$64.61,16.0
CLM-66011,"January 31, 2025",Franchise_TX_01,Baseboard Replacement,3.0,261.36,115.72,0,,87.12,
CLM-20790,10/13/2025,Franchise_NY_12,Drywall Repair,,5471.34,5471.34,1,,$130.27,42.0
CLM-47737,2025-09-29,Franchise_FL_04,Water Extraction,13.0,1838.33,1838.33,1,141.41,,
CLM-95596,"June 12, 2025",Franchise_TX_01,Baseboard Replacement - MISC,34.0,1137.98,1137.98,1,,33.47,
CLM-76249,"February 13, 2025",Franchise_TX_01,Dehumidifier Rental,28.0,3274.88,2357.15,0,,116.96,
CLM-77494,"September 03, 2025",Franchise_TX_01,Baseboard Replacement,3.0,430.2,278.64,0,,143.4,
CLM-31310,02/05/2025,Franchise_NY_12,Drywall Repair,,892.8,892.8,1,,$55.8,16.0
CLM-21579,"September 26, 2025",Franchise_TX_01,Water Extraction,6.0,301.92,242.34,0,,50.32,
CLM-70064,2025-05-25,Franchise_FL_04,Baseboard Replacement,49.0,6796.79,4674.21,0,138.71,,
CLM-50774,2025-11-26,Franchise_FL_04,Baseboard Replacement,1.0,97.11,97.11,1,97.11,,
CLM-20908,11/12/2025,Franchise_NY_12,Baseboard Replacement,,1341.3,944.06,0,,$44.71,30.0
CLM-99953,05/15/2025,Franchise_NY_12,Baseboard Replacement,,4020.93,4020.93,1,,$93.51,43.0
CLM-64646,"March 01, 2025",Franchise_TX_01,Water Extraction,29.0,720.94,720.94,1,,24.86,
CLM-20301,2025-08-15,Franchise_FL_04,Baseboard Replacement,19.0,2772.1,2772.1,1,145.9,,
CLM-85646,08/01/2025,Franchise_NY_12,Dehumidifier Rental,,111.47,111.47,1,,$111.47,1.0
CLM-63167,"October 21, 2025",Franchise_TX_01,Baseboard Replacement,36.0,917.28,917.28,1,,25.48,
CLM-15885,"February 19, 2025",Franchise_TX_01,Water Extraction,41.0,1911.42,1602.5,0,,46.62,
CLM-18895,08/21/2025,Franchise_NY_12,Water Extraction,,538.44,440.72,0,,$89.74,6.0
CLM-27373,2025-02-27,Franchise_FL_04,Antimicrobial Treatment,35.0,1219.75,637.94,0,34.85,,
CLM-14647,04/19/2025,Franchise_NY_12,Baseboard Replacement,,539.75,539.75,1,,$107.95,5.0
CLM-22262,03/18/2025,Franchise_NY_12,Drywall Repair,,1701.92,1701.92,1,,$106.37,16.0
CLM-96073,2025-11-25,Franchise_FL_04,Drywall Repair,20.0,1208.0,1208.0,1,60.4,,
CLM-11354,2025-01-26,Franchise_FL_04,Water Extraction,5.0,306.95,218.27,0,61.39,,
CLM-54003,"April 22, 2025",Franchise_TX_01,Water Extraction,41.0,1523.97,1523.97,1,,37.17,
CLM-72533,"November 01, 2025",Franchise_TX_01,Dehumidifier Rental,5.0,740.85,500.16,0,,148.17,
CLM-39028,"October 28, 2025",Franchise_TX_01,Antimicrobial Treatment,48.0,2827.2,2144.93,0,,58.9,
CLM-87727,2025-11-05,Franchise_FL_04,Drywall Repair,2.0,127.96,127.96,1,63.98,,
CLM-46054,"July 14, 2025",Franchise_TX_01,Antimicrobial Treatment,18.0,741.78,659.09,0,,41.21,
CLM-52988,"March 21, 2025",Franchise_TX_01,Antimicrobial Treatment,29.0,1137.38,1137.38,1,,39.22,
CLM-89736,2025-03-24,Franchise_FL_04,Antimicrobial Treatment,11.0,,1310.1,1,119.1,,
CLM-77991,09/20/2025,Franchise_NY_12,Dehumidifier Rental,,1038.3,1038.3,1,,$103.83,10.0
CLM-83295,"June 06, 2025",Franchise_TX_01,Baseboard Replacement,41.0,5658.0,2527.85,0,,138.0,
CLM-75638,11/20/2025,Franchise_NY_12,Baseboard Replacement,,1739.22,1739.22,1,,$41.41,42.0
CLM-72357,2025-01-07,Franchise_FL_04,Water Extraction,45.0,1495.35,1495.35,1,33.23,,
CLM-31973,2025-10-24,Franchise_FL_04,Baseboard Replacement,20.0,2398.0,2398.0,1,119.9,,
CLM-94348,2025-09-03,Franchise_FL_04,Antimicrobial Treatment,5.0,671.2,671.2,1,134.24,,
CLM-99422,2025-01-06,Franchise_FL_04,Drywall Repair,38.0,4673.24,4105.7,0,122.98,,
CLM-92669,05/10/2025,Franchise_NY_12,Baseboard Replacement,,559.32,331.08,0,,$139.83,4.0
CLM-84466,2025-07-11,Franchise_FL_04,Antimicrobial Treatment,21.0,359.73,274.67,0,17.13,,
CLM-80171,2025-09-29,Franchise_FL_04,Baseboard Replacement,25.0,1929.5,1929.5,1,77.18,,
CLM-44951,07/31/2025,Franchise_NY_12,Drywall Repair,,953.4,953.4,1,,$63.56,15.0
CLM-77294,"July 09, 2025",Franchise_TX_01,Drywall Repair,38.0,1761.68,1109.49,0,,46.36,
CLM-51800,04/06/2025,Franchise_NY_12,Water Extraction,,1218.92,990.72,0,,$39.32,31.0
CLM-94105,"March 09, 2025",Franchise_TX_01,Dehumidifier Rental,46.0,6009.44,6009.44,1,,130.64,
CLM-50980,2025-01-06,Franchise_FL_04,Water Extraction,20.0,900.2,900.2,1,45.01,,
CLM-51933,"July 08, 2025",Franchise_TX_01,Baseboard Replacement,32.0,2792.32,2792.32,1,,87.26,
CLM-40093,2025-03-26,Franchise_FL_04,Antimicrobial Treatment,2.0,202.34,159.72,0,101.17,,
CLM-40698,2025-08-15,Franchise_FL_04,Antimicrobial Treatment,19.0,1869.41,1622.39,0,98.39,,
CLM-56717,2025-09-08,Franchise_FL_04,Drywall Repair,44.0,2032.36,1130.45,0,46.19,,
CLM-69965,"October 17, 2025",Franchise_TX_01,Water Extraction,29.0,2605.36,1092.45,0,,89.84,
CLM-96271,06/20/2025,Franchise_NY_12,Antimicrobial Treatment,,3444.24,2676.3,0,,$143.51,24.0
CLM-26348,2025-11-09,Franchise_FL_04,Antimicrobial Treatment,49.0,1682.66,1682.66,1,34.34,,
CLM-35023,05/17/2025,Franchise_NY_12,Baseboard Replacement,,5352.14,5352.14,1,,$130.54,41.0
CLM-51669,2025-01-28,Franchise_FL_04,Dehumidifier Rental,1.0,48.17,48.17,1,48.17,,
CLM-97456,07/03/2025,Franchise_NY_12,Drywall Repair,,1083.45,438.3,0,,$72.23,15.0
CLM-30263,2025-05-12,Franchise_FL_04,Dehumidifier Rental,50.0,4743.0,4743.0,1,94.86,,
CLM-98608,"July 29, 2025",Franchise_TX_01,Water Extraction,6.0,731.4,731.4,1,,121.9,
CLM-76711,05/15/2025,Franchise_NY_12,Water Extraction,,3753.75,2943.5,0,,$96.25,39.0
CLM-38907,11/27/2025,Franchise_NY_12,Drywall Repair,,2706.18,2706.18,1,,$73.14,37.0
CLM-91937,05/11/2025,Franchise_NY_12,Water Extraction,,750.15,524.61,0,,$50.01,15.0
CLM-93586,"March 18, 2025",Franchise_TX_01,Baseboard Replacement,42.0,1955.94,1955.94,1,,46.57,
CLM-95862,"January 08, 2025",Franchise_TX_01,Baseboard Replacement,15.0,2078.7,2078.7,1,,138.58,
CLM-66139,08/28/2025,Franchise_NY_12,Water Extraction,,2070.0,2070.0,1,,$57.5,36.0
CLM-81322,"April 05, 2025",Franchise_TX_01,Drywall Repair,25.0,3066.5,3066.5,1,,122.66,
CLM-30117,"September 07, 2025",Franchise_TX_01,Antimicrobial Treatment,22.0,2390.96,2126.55,0,,108.68,
CLM-88756,07/18/2025,Franchise_NY_12,Antimicrobial Treatment,,728.32,728.32,1,,$45.52,16.0
CLM-37259,05/01/2025,Franchise_NY_12,Drywall Repair,,1866.42,1272.15,0,,$103.69,18.0
CLM-64341,11/18/2025,Franchise_NY_12,Drywall Repair,,1914.98,1914.98,1,,$41.63,46.0
CLM-80278,"January 04, 2025",Franchise_TX_01,Water Extraction,47.0,2562.91,1627.0,0,,54.53,
CLM-74301,2025-03-13,Franchise_FL_04,Baseboard Replacement,4.0,408.72,408.72,1,102.18,,
CLM-43643,2025-02-13,Franchise_FL_04,Water Extraction,10.0,,1042.9,1,104.29,,
CLM-69094,"September 26, 2025",Franchise_TX_01,Antimicrobial Treatment,32.0,4310.72,4310.72,1,,134.71,
CLM-80555,04/16/2025,Franchise_NY_12,Water Extraction,,2403.01,2403.01,1,,$58.61,41.0
CLM-81254,06/17/2025,Franchise_NY_12,Water Extraction,,603.72,603.72,1,,$15.48,39.0
CLM-36476,"September 28, 2025",Franchise_TX_01,Dehumidifier Rental,24.0,1385.52,1385.52,1,,57.73,
CLM-29695,06/21/2025,Franchise_NY_12,Baseboard Replacement,,967.92,967.92,1,,$40.33,24.0
CLM-99388,"December 11, 2025",Franchise_TX_01,Baseboard Replacement,8.0,767.52,767.52,1,,95.94,
CLM-36152,"November 06, 2025",Franchise_TX_01,Drywall Repair,33.0,2738.01,2738.01,1,,82.97,
CLM-71986,"April 10, 2025",Franchise_TX_01,Drywall Repair,48.0,4679.52,3075.16,0,,97.49,
CLM-17093,2025-03-23,Franchise_FL_04,Antimicrobial Treatment,25.0,755.5,755.5,1,30.22,,
CLM-68294,"September 28, 2025",Franchise_TX_01,Antimicrobial Treatment - MISC,6.0,891.84,891.84,1,,148.64,
CLM-22916,03/12/2025,Franchise_NY_12,Baseboard Replacement,,1349.28,1349.28,1,,$37.48,36.0
CLM-53829,2025-12-18,Franchise_FL_04,Baseboard Replacement,37.0,2439.04,2439.04,1,65.92,,
CLM-25949,02/16/2025,Franchise_NY_12,Baseboard Replacement,,774.0,774.0,1,,$32.25,24.0
CLM-10739,2025-07-31,Franchise_FL_04,Drywall Repair,6.0,520.98,398.7,0,86.83,,
CLM-34534,"March 31, 2025",Franchise_TX_01,Drywall Repair - MISC,21.0,2902.62,2902.62,1,,138.22,
CLM-55253,2025-10-31,Franchise_FL_04,Water Extraction,34.0,1535.44,1066.67,0,45.16,,
CLM-99348,"November 06, 2025",Franchise_TX_01,Dehumidifier Rental,5.0,614.45,614.45,1,,122.89,
CLM-77280,"March 06, 2025",Franchise_TX_01,Dehumidifier Rental,7.0,1015.98,1015.98,1,,145.14,
CLM-46854,01/23/2025,Franchise_NY_12,Baseboard Replacement,,3865.0,3865.0,1,,$77.3,50.0
CLM-58082,"September 05, 2025",Franchise_TX_01,Dehumidifier Rental - MISC,14.0,388.78,331.07,0,,27.77,
CLM-73466,"January 18, 2025",Franchise_TX_01,Drywall Repair,50.0,924.5,924.5,1,,18.49,
CLM-15662,2025-05-03,Franchise_FL_04,Baseboard Replacement,28.0,2821.0,2821.0,1,100.75,,
CLM-64771,"February 26, 2025",Franchise_TX_01,Antimicrobial Treatment,34.0,1097.52,977.35,0,,32.28,
CLM-90205,07/15/2025,Franchise_NY_12,Water Extraction,,4539.52,4539.52,1,,$141.86,32.0
CLM-72892,"June 06, 2025",Franchise_TX_01,Drywall Repair,43.0,5600.32,5600.32,1,,130.24,
CLM-43105,"January 06, 2025",Franchise_TX_01,Baseboard Replacement - MISC,22.0,1703.02,759.81,0,,77.41,
CLM-59360,2025-06-10,Franchise_FL_04,Drywall Repair,18.0,2215.98,1344.69,0,123.11,,
CLM-78673,"December 31, 2025",Franchise_TX_01,Antimicrobial Treatment,32.0,3084.16,2031.64,0,,96.38,
CLM-22132,2025-01-07,Franchise_FL_04,Water Extraction,20.0,2079.4,1507.76,0,103.97,,
CLM-26519,2025-07-31,Franchise_FL_04,Drywall Repair,12.0,375.96,295.51,0,31.33,,
CLM-12073,"February 10, 2025",Franchise_TX_01,Baseboard Replacement,15.0,649.05,649.05,1,,43.27,
CLM-60419,2025-02-04,Franchise_FL_04,Dehumidifier Rental,20.0,1208.0,1208.0,1,60.4,,
CLM-45520,"April 14, 2025",Franchise_TX_01,Dehumidifier Rental,40.0,1633.2,1633.2,1,,40.83,
CLM-83334,01/11/2025,Franchise_NY_12,Drywall Repair,,3179.25,1690.47,0,,$127.17,25.0
CLM-41251,07/24/2025,Franchise_NY_12,Baseboard Replacement,,4229.1,4229.1,1,,$93.98,45.0
CLM-10247,2025-12-14,Franchise_FL_04,Drywall Repair,32.0,2297.28,2297.28,1,71.79,,
CLM-67920,"March 31, 2025",Franchise_TX_01,Baseboard Replacement,44.0,4275.92,3563.18,0,,97.18,
CLM-58025,02/18/2025,Franchise_NY_12,Baseboard Replacement,,5053.02,5053.02,1,,$120.31,42.0
CLM-47140,"May 31, 2025",Franchise_TX_01,Water Extraction - MISC,34.0,1690.14,1296.4,0,,49.71,
CLM-75047,"August 11, 2025",Franchise_TX_01,Antimicrobial Treatment - MISC,38.0,2903.2,2903.2,1,,76.4,
CLM-38731,05/04/2025,Franchise_NY_12,Drywall Repair,,67.87,45.42,0,,$67.87,1.0
CLM-94921,11/10/2025,Franchise_NY_12,Drywall Repair,,2197.12,1241.79,0,,$137.32,16.0
CLM-18412,"July 01, 2025",Franchise_TX_01,Drywall Repair,33.0,3189.78,2563.98,0,,96.66,
CLM-56053,"October 11, 2025",Franchise_TX_01,Dehumidifier Rental,12.0,817.56,644.91,0,,68.13,
CLM-65857,"October 03, 2025",Franchise_TX_01,Drywall Repair - MISC,24.0,3141.84,3141.84,1,,130.91,
CLM-93461,05/15/2025,Franchise_NY_12,Dehumidifier Rental,,1141.92,467.83,0,,$87.84,13.0
CLM-95727,"October 21, 2025",Franchise_TX_01,Drywall Repair,35.0,810.25,810.25,1,,23.15,
CLM-44443,"September 04, 2025",Franchise_TX_01,Dehumidifier Rental,31.0,1503.5,1270.85,0,,48.5,
CLM-93562,01/01/2026,Franchise_NY_12,Antimicrobial Treatment,,196.0,104.57,0,,$28.0,7.0
CLM-49225,2025-05-29,Franchise_FL_04,Antimicrobial Treatment,35.0,4445.0,4445.0,1,127.0,,
CLM-78265,"July 18, 2025",Franchise_TX_01,Water Extraction,21.0,3088.47,3088.47,1,,147.07,
CLM-11418,"September 15, 2025",Franchise_TX_01,Antimicrobial Treatment - MISC,4.0,304.16,215.14,0,,76.04,
CLM-84873,"April 02, 2025",Franchise_TX_01,Dehumidifier Rental,19.0,907.63,733.25,0,,47.77,
CLM-32018,05/08/2025,Franchise_NY_12,Drywall Repair,,1794.91,1469.83,0,,$138.07,13.0
CLM-76185,03/28/2025,Franchise_NY_12,Antimicrobial Treatment,,738.35,402.63,0,,$147.67,5.0
CLM-70785,04/17/2025,Franchise_NY_12,Baseboard Replacement,,3950.0,2810.6,0,,$98.75,40.0
CLM-55411,2025-04-26,Franchise_FL_04,Antimicrobial Treatment,39.0,3371.55,3371.55,1,86.45,,
CLM-24799,"November 25, 2025",Franchise_TX_01,Drywall Repair,39.0,732.03,617.2,0,,18.77,
CLM-63348,2025-03-03,Franchise_FL_04,Antimicrobial Treatment,4.0,222.36,222.36,1,55.59,,
CLM-28499,2025-02-02,Franchise_FL_04,Antimicrobial Treatment,32.0,1112.32,884.43,0,34.76,,
CLM-42917,04/21/2025,Franchise_NY_12,Drywall Repair,,1579.45,909.36,0,,$50.95,31.0
CLM-65006,"January 03, 2025",Franchise_TX_01,Baseboard Replacement,10.0,577.3,577.3,1,,57.73,
CLM-82351,06/13/2025,Franchise_NY_12,Drywall Repair,,1508.64,1347.88,0,,$125.72,12.0
CLM-97833,"January 07, 2025",Franchise_TX_01,Dehumidifier Rental,27.0,1697.22,1318.43,0,,62.86,
CLM-83597,"August 21, 2025",Franchise_TX_01,Dehumidifier Rental,50.0,2022.0,1467.88,0,,40.44,
CLM-53379,"May 29, 2025",Franchise_TX_01,Baseboard Replacement,17.0,2237.88,2237.88,1,,131.64,
CLM-30259,11/22/2025,Franchise_NY_12,Baseboard Replacement,,2768.3,2768.3,1,,$72.85,38.0
CLM-95291,11/14/2025,Franchise_NY_12,Baseboard Replacement,,5542.4,5542.4,1,,$138.56,40.0
CLM-87698,05/31/2025,Franchise_NY_12,Water Extraction,,2214.24,2214.24,1,,$79.08,28.0
CLM-92806,06/27/2025,Franchise_NY_12,Water Extraction,,4533.98,3717.86,0,,$122.54,37.0
CLM-80602,2025-12-26,Franchise_FL_04,Baseboard Replacement,5.0,115.65,115.65,1,23.13,,
CLM-72683,"June 25, 2025",Franchise_TX_01,Drywall Repair,20.0,1038.8,1038.8,1,,51.94,
CLM-31225,"December 28, 2025",Franchise_TX_01,Dehumidifier Rental - MISC,36.0,999.36,999.36,1,,27.76,
CLM-46838,12/09/2025,Franchise_NY_12,Baseboard Replacement,,1358.64,1358.64,1,,$39.96,34.0
CLM-56799,2025-01-17,Franchise_FL_04,Dehumidifier Rental,35.0,,920.85,1,26.31,,
CLM-37035,2025-05-29,Franchise_FL_04,Water Extraction,35.0,1428.35,1083.09,0,40.81,,
CLM-65469,2025-11-21,Franchise_FL_04,Antimicrobial Treatment,50.0,6030.0,2866.45,0,120.6,,
CLM-78105,2025-09-11,Franchise_FL_04,Dehumidifier Rental,35.0,4336.5,4336.5,1,123.9,,
CLM-39774,2025-03-01,Franchise_FL_04,Baseboard Replacement,31.0,2547.89,1878.82,0,82.19,,
CLM-78037,10/11/2025,Franchise_NY_12,Antimicrobial Treatment,,4906.08,2483.43,0,,$102.21,48.0
CLM-14125,"January 01, 2025",Franchise_TX_01,Baseboard Replacement,29.0,1794.23,1204.82,0,,61.87,
CLM-81660,02/05/2025,Franchise_NY_12,Baseboard Replacement,,1549.8,1549.8,1,,$73.8,21.0
CLM-10877,2025-12-01,Franchise_FL_04,Antimicrobial Treatment,41.0,737.59,361.06,0,17.99,,
CLM-78999,03/27/2025,Franchise_NY_12,Water Extraction,,1439.14,1439.14,1,,$30.62,47.0
CLM-70446,"July 31, 2025",Franchise_TX_01,Water Extraction - MISC,14.0,1770.58,1770.58,1,,126.47,
CLM-24639,04/17/2025,Franchise_NY_12,Dehumidifier Rental,,6103.89,4039.99,0,,$129.87,47.0
CLM-61102,"June 21, 2025",Franchise_TX_01,Dehumidifier Rental - MISC,40.0,5681.2,5681.2,1,,142.03,
CLM-29836,"November 15, 2025",Franchise_TX_01,Dehumidifier Rental,36.0,623.88,459.85,0,,17.33,
CLM-88214,"October 11, 2025",Franchise_TX_01,Antimicrobial Treatment,23.0,3322.81,3322.81,1,,144.47,
CLM-22795,06/19/2025,Franchise_NY_12,Baseboard Replacement,,3809.25,3809.25,1,,$84.65,45.0
CLM-65135,"September 21, 2025",Franchise_TX_01,Baseboard Replacement,48.0,5050.08,2571.55,0,,105.21,
CLM-55611,"March 11, 2025",Franchise_TX_01,Dehumidifier Rental,1.0,128.7,55.44,0,,128.7,
CLM-61899,2025-09-04,Franchise_FL_04,Water Extraction,23.0,1551.35,1551.35,1,67.45,,
CLM-24221,2025-07-27,Franchise_FL_04,Antimicrobial Treatment,21.0,2123.73,1168.12,0,101.13,,
CLM-86882,09/02/2025,Franchise_NY_12,Dehumidifier Rental,,2991.0,2687.11,0,,$149.55,20.0
CLM-36156,2025-12-05,Franchise_FL_04,Dehumidifier Rental,47.0,3893.01,3893.01,1,82.83,,
CLM-92079,06/01/2025,Franchise_NY_12,Antimicrobial Treatment,,2929.6,2162.58,0,,$73.24,40.0
CLM-10208,06/01/2025,Franchise_NY_12,Dehumidifier Rental,,374.56,253.22,0,,$23.41,16.0
CLM-12678,01/01/2026,Franchise_NY_12,Dehumidifier Rental,,362.46,162.13,0,,$120.82,3.0
CLM-30690,2025-04-21,Franchise_FL_04,Baseboard Replacement,13.0,841.49,841.49,1,64.73,,
CLM-42217,"June 29, 2025",Franchise_TX_01,Antimicrobial Treatment,11.0,973.06,538.22,0,,88.46,
CLM-17697,07/21/2025,Franchise_NY_12,Drywall Repair,,240.32,240.32,1,,$30.04,8.0
CLM-23614,"May 08, 2025",Franchise_TX_01,Dehumidifier Rental,3.0,376.56,376.56,1,,125.52,
CLM-85550,2025-02-04,Franchise_FL_04,Baseboard Replacement,31.0,1903.71,1903.71,1,61.41,,
CLM-84799,"May 20, 2025",Franchise_TX_01,Dehumidifier Rental,43.0,6004.09,6004.09,1,,139.63,
CLM-89730,2025-03-02,Franchise_FL_04,Dehumidifier Rental,22.0,2720.96,2116.15,0,123.68,,
CLM-79376,"August 27, 2025",Franchise_TX_01,Water Extraction,36.0,570.96,570.96,1,,15.86,
CLM-63766,2025-08-19,Franchise_FL_04,Water Extraction,30.0,3549.9,3549.9,1,118.33,,
CLM-36431,"November 24, 2025",Franchise_TX_01,Baseboard Replacement,24.0,3014.88,3014.88,1,,125.62,
CLM-16089,"November 21, 2025",Franchise_TX_01,Drywall Repair,38.0,5412.34,3960.02,0,,142.43,
CLM-63578,10/22/2025,Franchise_NY_12,Baseboard Replacement,,1271.1,953.74,0,,$127.11,10.0
CLM-91464,2025-05-16,Franchise_FL_04,Baseboard Replacement,46.0,1576.88,1133.23,0,34.28,,
CLM-77793,"May 13, 2025",Franchise_TX_01,Baseboard Replacement,24.0,1239.6,807.31,0,,51.65,
CLM-26164,08/14/2025,Franchise_NY_12,Water Extraction,,608.32,608.32,1,,$76.04,8.0
CLM-21254,2025-12-16,Franchise_FL_04,Water Extraction,34.0,1409.98,780.92,0,41.47,,
CLM-15056,04/27/2025,Franchise_NY_12,Antimicrobial Treatment,,4697.37,4697.37,1,,$114.57,41.0
CLM-16168,2025-09-20,Franchise_FL_04,Dehumidifier Rental,19.0,1529.31,1529.31,1,80.49,,
CLM-62806,2025-04-13,Franchise_FL_04,Drywall Repair,45.0,2074.05,2074.05,1,46.09,,
CLM-10651,"December 19, 2025",Franchise_TX_01,Dehumidifier Rental,30.0,4089.0,4089.0,1,,136.3,
CLM-83051,"October 19, 2025",Franchise_TX_01,Baseboard Replacement,17.0,2454.12,1655.37,0,,144.36,
CLM-16943,12/23/2025,Franchise_NY_12,Drywall Repair,,348.33,210.86,0,,$116.11,3.0
CLM-38565,"April 04, 2025",Franchise_TX_01,Water Extraction,14.0,276.22,218.25,0,,19.73,
CLM-60650,2025-09-29,Franchise_FL_04,Dehumidifier Rental,36.0,1181.88,867.53,0,32.83,,
CLM-32327,2025-02-13,Franchise_FL_04,Dehumidifier Rental,46.0,,2228.93,0,91.52,,
CLM-19479,2025-01-24,Franchise_FL_04,Drywall Repair,23.0,1971.1,1295.11,0,85.7,,
CLM-29993,08/30/2025,Franchise_NY_12,Drywall Repair,,4465.35,2667.53,0,,$99.23,45.0
CLM-92549,12/27/2025,Franchise_NY_12,Antimicrobial Treatment,,130.96,75.22,0,,$130.96,1.0
CLM-68665,"January 09, 2025",Franchise_TX_01,Dehumidifier Rental,3.0,118.68,118.68,1,,39.56,
CLM-84204,"May 20, 2025",Franchise_TX_01,Dehumidifier Rental,28.0,3052.56,3052.56,1,,109.02,
CLM-53158,05/13/2025,Franchise_NY_12,Dehumidifier Rental,,133.5,108.28,0,,$133.5,1.0
CLM-73957,03/26/2025,Franchise_NY_12,Baseboard Replacement,,2910.6,2480.25,0,,$64.68,45.0
CLM-26447,"December 04, 2025",Franchise_TX_01,Drywall Repair,18.0,1230.12,1230.12,1,,68.34,
CLM-90701,2025-01-13,Franchise_FL_04,Baseboard Replacement,49.0,2967.44,2967.44,1,60.56,,
CLM-71117,2025-04-10,Franchise_FL_04,Drywall Repair,17.0,2208.98,1767.78,0,129.94,,
CLM-15240,08/14/2025,Franchise_NY_12,Dehumidifier Rental,,2217.15,1752.4,0,,$49.27,45.0
CLM-94051,2025-01-02,Franchise_FL_04,Dehumidifier Rental,33.0,4122.03,4122.03,1,124.91,,
CLM-74502,2025-03-27,Franchise_FL_04,Antimicrobial Treatment,25.0,2933.75,2933.75,1,117.35,,
CLM-34136,10/07/2025,Franchise_NY_12,Drywall Repair,,1475.88,1255.42,0,,$35.14,42.0
CLM-96404,2025-07-23,Franchise_FL_04,Antimicrobial Treatment,24.0,2648.64,2648.64,1,110.36,,
CLM-90280,2025-03-21,Franchise_FL_04,Antimicrobial Treatment,22.0,2459.38,2459.38,1,111.79,,
CLM-82254,07/06/2025,Franchise_NY_12,Water Extraction,,695.94,495.57,0,,$49.71,14.0
CLM-18890,2025-12-24,Franchise_FL_04,Dehumidifier Rental,13.0,982.15,982.15,1,75.55,,
CLM-19899,"March 26, 2025",Franchise_TX_01,Dehumidifier Rental,26.0,999.7,999.7,1,,38.45,
CLM-32516,07/30/2025,Franchise_NY_12,Baseboard Replacement,,476.55,476.55,1,,$52.95,9.0
CLM-78336,06/16/2025,Franchise_NY_12,Baseboard Replacement,,2344.32,2344.32,1,,$73.26,32.0
CLM-70514,06/15/2025,Franchise_NY_12,Water Extraction,,225.61,182.53,0,,$32.23,7.0
CLM-76774,06/25/2025,Franchise_NY_12,Baseboard Replacement,,5349.6,5349.6,1,,$133.74,40.0
CLM-90401,08/22/2025,Franchise_NY_12,Water Extraction,,1666.83,1666.83,1,,$50.51,33.0
CLM-61813,"April 15, 2025",Franchise_TX_01,Dehumidifier Rental - MISC,39.0,2043.99,2043.99,1,,52.41,
CLM-78011,2025-02-21,Franchise_FL_04,Dehumidifier Rental,46.0,6762.0,6762.0,1,147.0,,
CLM-61823,2025-08-04,Franchise_FL_04,Drywall Repair,2.0,,162.24,1,81.12,,
CLM-53154,"July 27, 2025",Franchise_TX_01,Baseboard Replacement,38.0,4349.48,3000.16,0,,114.46,
CLM-57915,08/22/2025,Franchise_NY_12,Water Extraction,,224.64,107.37,0,,$74.88,3.0
CLM-92792,"August 25, 2025",Franchise_TX_01,Water Extraction,32.0,2899.84,2400.29,0,,90.62,
CLM-12131,2025-11-19,Franchise_FL_04,Water Extraction,1.0,101.92,86.9,0,101.92,,
CLM-26435,"September 06, 2025",Franchise_TX_01,Drywall Repair,14.0,1751.12,1751.12,1,,125.08,
CLM-45571,"February 25, 2025",Franchise_TX_01,Baseboard Replacement,3.0,295.2,295.2,1,,98.4,
CLM-53167,2025-03-06,Franchise_FL_04,Water Extraction,30.0,2598.9,1645.92,0,86.63,,
CLM-45957,"January 20, 2025",Franchise_TX_01,Dehumidifier Rental,19.0,1108.65,645.57,0,,58.35,
CLM-11511,"March 01, 2025",Franchise_TX_01,Dehumidifier Rental,48.0,4982.4,2167.75,0,,103.8,
CLM-71578,"July 06, 2025",Franchise_TX_01,Dehumidifier Rental,2.0,239.06,239.06,1,,119.53,
CLM-36899,10/03/2025,Franchise_NY_12,Baseboard Replacement,,3746.5,1500.03,0,,$74.93,50.0
CLM-63793,2025-12-29,Franchise_FL_04,Antimicrobial Treatment,50.0,2633.5,1109.28,0,52.67,,
CLM-31035,"February 06, 2025",Franchise_TX_01,Antimicrobial Treatment - MISC,41.0,3892.13,3892.13,1,,94.93,
CLM-23083,2025-05-29,Franchise_FL_04,Drywall Repair,24.0,949.2,949.2,1,39.55,,
CLM-78367,"October 27, 2025",Franchise_TX_01,Drywall Repair,36.0,4801.32,4801.32,1,,133.37,
CLM-54605,2025-08-14,Franchise_FL_04,Baseboard Replacement,37.0,1317.57,1317.57,1,35.61,,
CLM-49028,08/12/2025,Franchise_NY_12,Antimicrobial Treatment,,659.0,659.0,1,,$131.8,5.0
CLM-87428,2025-01-24,Franchise_FL_04,Drywall Repair,24.0,2371.92,2371.92,1,98.83,,
CLM-19888,2025-04-25,Franchise_FL_04,Dehumidifier Rental,18.0,399.42,399.42,1,22.19,,
CLM-97025,07/03/2025,Franchise_NY_12,Baseboard Replacement,,80.86,80.86,1,,$80.86,1.0
CLM-48722,07/18/2025,Franchise_NY_12,Drywall Repair,,3341.25,3341.25,1,,$101.25,33.0
CLM-84497,2025-02-23,Franchise_FL_04,Antimicrobial Treatment,47.0,6514.67,6514.67,1,138.61,,
CLM-12471,02/17/2025,Franchise_NY_12,Dehumidifier Rental,,561.82,561.82,1,,$80.26,7.0
CLM-60360,02/04/2025,Franchise_NY_12,Drywall Repair,,494.5,494.5,1,,$19.78,25.0
CLM-47398,2025-08-07,Franchise_FL_04,Antimicrobial Treatment,12.0,461.52,277.38,0,38.46,,
CLM-94990,2025-04-20,Franchise_FL_04,Baseboard Replacement,16.0,2334.24,2334.24,1,145.89,,
CLM-23799,2025-12-28,Franchise_FL_04,Drywall Repair,50.0,2283.0,2283.0,1,45.66,,
CLM-56436,"October 06, 2025",Franchise_TX_01,Drywall Repair,39.0,3826.29,3826.29,1,,98.11,
CLM-70529,06/18/2025,Franchise_NY_12,Baseboard Replacement,,775.18,389.57,0,,$15.82,49.0
CLM-83903,"September 20, 2025",Franchise_TX_01,Baseboard Replacement - MISC,34.0,1649.0,1649.0,1,,48.5,
CLM-55375,08/05/2025,Franchise_NY_12,Dehumidifier Rental,,1421.47,1421.47,1,,$34.67,41.0
CLM-53058,"May 17, 2025",Franchise_TX_01,Baseboard Replacement,49.0,5576.69,5576.69,1,,113.81,
CLM-48169,"March 11, 2025",Franchise_TX_01,Water Extraction,20.0,2147.6,2147.6,1,,107.38,
CLM-13808,07/20/2025,Franchise_NY_12,Baseboard Replacement,,1322.4,1322.4,1,,$88.16,15.0
CLM-47687,2025-07-14,Franchise_FL_04,Dehumidifier Rental,38.0,3484.98,1953.15,0,91.71,,
CLM-88555,2025-01-08,Franchise_FL_04,Drywall Repair,9.0,191.34,191.34,1,21.26,,
CLM-51254,09/07/2025,Franchise_NY_12,Antimicrobial Treatment,,1679.55,1679.55,1,,$111.97,15.0
CLM-97445,2025-11-29,Franchise_FL_04,Antimicrobial Treatment,21.0,1118.04,1118.04,1,53.24,,
CLM-64979,2025-03-07,Franchise_FL_04,Drywall Repair,11.0,,545.35,0,89.91,,
CLM-23934,08/18/2025,Franchise_NY_12,Baseboard Replacement,,1600.37,1600.37,1,,$84.23,19.0
CLM-92510,06/16/2025,Franchise_NY_12,Baseboard Replacement,,1274.78,1274.78,1,,$49.03,26.0
CLM-56262,01/14/2025,Franchise_NY_12,Antimicrobial Treatment,,2340.48,1605.4,0,,$97.52,24.0
CLM-45302,07/26/2025,Franchise_NY_12,Antimicrobial Treatment,,1281.5,1281.5,1,,$116.5,11.0
CLM-94134,11/13/2025,Franchise_NY_12,Antimicrobial Treatment,,912.88,596.27,0,,$114.11,8.0
CLM-86129,2025-12-22,Franchise_FL_04,Baseboard Replacement,43.0,,3872.44,0,114.32,,
CLM-93942,07/09/2025,Franchise_NY_12,Baseboard Replacement,,5015.95,5015.95,1,,$116.65,43.0
CLM-19047,"April 08, 2025",Franchise_TX_01,Water Extraction,2.0,216.78,216.78,1,,108.39,
CLM-47531,10/19/2025,Franchise_NY_12,Antimicrobial Treatment,,3939.6,1632.68,0,,$93.8,42.0
CLM-32738,"April 14, 2025",Franchise_TX_01,Water Extraction,10.0,1029.8,893.62,0,,102.98,
CLM-30303,2025-08-02,Franchise_FL_04,Antimicrobial Treatment,8.0,581.12,278.32,0,72.64,,
CLM-23291,2025-03-19,Franchise_FL_04,Antimicrobial Treatment,1.0,63.65,36.35,0,63.65,,
CLM-80958,07/21/2025,Franchise_NY_12,Water Extraction,,1524.25,1524.25,1,,$117.25,13.0
CLM-60137,06/18/2025,Franchise_NY_12,Baseboard Replacement,,4622.72,4622.72,1,,$149.12,31.0
CLM-76533,09/26/2025,Franchise_NY_12,Antimicrobial Treatment,,654.4,323.4,0,,$40.9,16.0
CLM-25843,"April 11, 2025",Franchise_TX_01,Drywall Repair,2.0,159.4,159.4,1,,79.7,
CLM-99557,2025-12-25,Franchise_FL_04,Dehumidifier Rental,36.0,4325.76,2328.04,0,120.16,,
CLM-30452,2025-11-07,Franchise_FL_04,Antimicrobial Treatment,9.0,519.75,519.75,1,57.75,,
CLM-20228,"January 02, 2025",Franchise_TX_01,Baseboard Replacement,13.0,1410.5,1266.58,0,,108.5,
CLM-62233,04/08/2025,Franchise_NY_12,Baseboard Replacement,,481.74,238.23,0,,$22.94,21.0
CLM-20048,"November 26, 2025",Franchise_TX_01,Dehumidifier Rental,25.0,2684.0,1167.63,0,,107.36,
CLM-96336,2025-10-19,Franchise_FL_04,Antimicrobial Treatment,36.0,1352.88,1352.88,1,37.58,,
CLM-52360,2025-02-11,Franchise_FL_04,Water Extraction,1.0,62.0,62.0,1,62.0,,
CLM-61301,"October 24, 2025",Franchise_TX_01,Baseboard Replacement,27.0,2823.66,2823.66,1,,104.58,
CLM-65009,2025-12-10,Franchise_FL_04,Baseboard Replacement,5.0,101.3,45.48,0,20.26,,
CLM-89845,"August 29, 2025",Franchise_TX_01,Drywall Repair,25.0,441.25,193.7,0,,17.65,
CLM-44965,2025-12-28,Franchise_FL_04,Dehumidifier Rental,3.0,357.39,357.39,1,119.13,,
CLM-17365,2025-09-26,Franchise_FL_04,Antimicrobial Treatment,11.0,1278.97,1278.97,1,116.27,,
CLM-65072,2025-09-02,Franchise_FL_04,Drywall Repair,35.0,2760.1,1536.63,0,78.86,,
CLM-31508,"September 21, 2025",Franchise_TX_01,Antimicrobial Treatment,26.0,2344.94,2344.94,1,,90.19,
CLM-62442,08/22/2025,Franchise_NY_12,Antimicrobial Treatment,,1146.08,523.93,0,,$143.26,8.0
CLM-32643,"August 22, 2025",Franchise_TX_01,Dehumidifier Rental - MISC,39.0,2399.28,2399.28,1,,61.52,
CLM-48483,"April 11, 2025",Franchise_TX_01,Drywall Repair - MISC,24.0,2033.76,2033.76,1,,84.74,
CLM-15589,01/08/2025,Franchise_NY_12,Water Extraction,,852.4,852.4,1,,$42.62,20.0
CLM-59648,2025-06-10,Franchise_FL_04,Baseboard Replacement,43.0,858.28,858.28,1,19.96,,
CLM-74830,2025-10-13,Franchise_FL_04,Antimicrobial Treatment,25.0,595.0,595.0,1,23.8,,
CLM-11142,"May 02, 2025",Franchise_TX_01,Antimicrobial Treatment,3.0,48.69,27.48,0,,16.23,
CLM-56774,11/10/2025,Franchise_NY_12,Dehumidifier Rental,,298.09,298.09,1,,$22.93,13.0
CLM-63631,"April 16, 2025",Franchise_TX_01,Baseboard Replacement - MISC,34.0,4155.14,2610.49,0,,122.21,
CLM-63579,"September 02, 2025",Franchise_TX_01,Antimicrobial Treatment - MISC,20.0,799.0,436.1,0,,39.95,
CLM-15883,2025-02-04,Franchise_FL_04,Baseboard Replacement,26.0,3181.62,2225.94,0,122.37,,
CLM-58953,02/24/2025,Franchise_NY_12,Dehumidifier Rental,,1902.24,1902.24,1,,$79.26,24.0
CLM-79474,12/11/2025,Franchise_NY_12,Drywall Repair,,1327.1,1327.1,1,,$57.7,23.0
CLM-64084,"November 10, 2025",Franchise_TX_01,Baseboard Replacement,37.0,2488.62,2488.62,1,,67.26,
CLM-80320,02/23/2025,Franchise_NY_12,Drywall Repair,,2650.5,1721.65,0,,$58.9,45.0
CLM-81779,"April 28, 2025",Franchise_TX_01,Drywall Repair,16.0,470.08,200.12,0,,29.38,
CLM-69533,"November 20, 2025",Franchise_TX_01,Dehumidifier Rental,36.0,1927.8,1927.8,1,,53.55,
CLM-27759,10/19/2025,Franchise_NY_12,Baseboard Replacement,,1595.44,1595.44,1,,$36.26,44.0
CLM-62249,2025-11-21,Franchise_FL_04,Antimicrobial Treatment,45.0,2646.0,2646.0,1,58.8,,
CLM-68161,"April 14, 2025",Franchise_TX_01,Antimicrobial Treatment - MISC,45.0,1076.4,1076.4,1,,23.92,
CLM-91464,2025-11-29,Franchise_FL_04,Water Extraction,1.0,21.04,8.43,0,21.04,,
CLM-48060,"November 17, 2025",Franchise_TX_01,Baseboard Replacement,5.0,735.2,735.2,1,,147.04,
CLM-99896,10/30/2025,Franchise_NY_12,Antimicrobial Treatment,,7210.84,7210.84,1,,$147.16,49.0
CLM-24772,"February 28, 2025",Franchise_TX_01,Dehumidifier Rental,24.0,1603.92,1603.92,1,,66.83,
CLM-78935,"July 14, 2025",Franchise_TX_01,Baseboard Replacement,37.0,3637.84,3637.84,1,,98.32,
CLM-88272,2025-03-08,Franchise_FL_04,Water Extraction,50.0,5531.0,3878.78,0,110.62,,
CLM-68863,01/11/2025,Franchise_NY_12,Drywall Repair,,2655.31,2655.31,1,,$54.19,49.0
CLM-69157,01/03/2025,Franchise_NY_12,Drywall Repair,,2276.54,2276.54,1,,$98.98,23.0
CLM-51597,"September 20, 2025",Franchise_TX_01,Baseboard Replacement,31.0,1426.31,832.85,0,,46.01,
CLM-26880,"May 18, 2025",Franchise_TX_01,Drywall Repair,28.0,3983.84,2839.92,0,,142.28,
CLM-93471,"May 15, 2025",Franchise_TX_01,Dehumidifier Rental,37.0,5446.4,5446.4,1,,147.2,
CLM-27210,2025-11-28,Franchise_FL_04,Water Extraction,33.0,1557.27,993.81,0,47.19,,
CLM-81330,07/03/2025,Franchise_NY_12,Dehumidifier Rental,,844.74,844.74,1,,$44.46,19.0
CLM-60676,06/03/2025,Franchise_NY_12,Baseboard Replacement,,1750.5,1750.5,1,,$38.9,45.0
CLM-49602,06/15/2025,Franchise_NY_12,Drywall Repair,,803.11,530.63,0,,$16.39,49.0
CLM-74520,2025-07-18,Franchise_FL_04,Drywall Repair,21.0,2287.11,2287.11,1,108.91,,
CLM-60467,2025-01-23,Franchise_FL_04,Antimicrobial Treatment,47.0,4882.36,4882.36,1,103.88,,
CLM-43820,"August 19, 2025",Franchise_TX_01,Water Extraction - MISC,45.0,2732.4,2410.79,0,,60.72,
CLM-84930,07/29/2025,Franchise_NY_12,Antimicrobial Treatment,,3812.64,3257.96,0,,$79.43,48.0
CLM-82291,2025-04-23,Franchise_FL_04,Baseboard Replacement,50.0,,7382.0,1,147.64,,
CLM-83616,01/14/2025,Franchise_NY_12,Drywall Repair,,3182.76,2166.84,0,,$117.88,27.0
CLM-39898,01/12/2025,Franchise_NY_12,Water Extraction,,805.0,805.0,1,,$16.1,50.0
CLM-56121,2025-02-10,Franchise_FL_04,Dehumidifier Rental,33.0,,2132.27,0,114.14,,
CLM-44726,2025-08-26,Franchise_FL_04,Drywall Repair,14.0,1445.22,1445.22,1,103.23,,
CLM-62109,07/06/2025,Franchise_NY_12,Antimicrobial Treatment,,4631.77,2058.68,0,,$112.97,41.0
CLM-85856,"March 25, 2025",Franchise_TX_01,Water Extraction,7.0,968.45,749.91,0,,138.35,
CLM-99106,2025-10-31,Franchise_FL_04,Baseboard Replacement,2.0,,146.06,1,73.03,,
CLM-70652,"October 06, 2025",Franchise_TX_01,Water Extraction,5.0,621.65,321.04,0,,124.33,
CLM-36882,01/26/2025,Franchise_NY_12,Antimicrobial Treatment,,1718.64,785.77,0,,$143.22,12.0
CLM-89094,02/02/2025,Franchise_NY_12,Water Extraction,,4335.8,2836.54,0,,$123.88,35.0
CLM-67911,"July 30, 2025",Franchise_TX_01,Dehumidifier Rental - MISC,42.0,2667.0,1803.74,0,,63.5,
CLM-87546,"June 26, 2025",Franchise_TX_01,Antimicrobial Treatment,2.0,204.32,204.32,1,,102.16,
CLM-33089,02/19/2025,Franchise_NY_12,Dehumidifier Rental,,2409.41,1735.15,0,,$141.73,17.0
CLM-91743,"March 20, 2025",Franchise_TX_01,Water Extraction,37.0,1192.51,1192.51,1,,32.23,
CLM-40438,2025-03-23,Franchise_FL_04,Antimicrobial Treatment,27.0,1500.66,849.72,0,55.58,,
CLM-42587,"June 17, 2025",Franchise_TX_01,Drywall Repair,30.0,2157.0,1249.27,0,,71.9,
CLM-63774,2025-09-12,Franchise_FL_04,Drywall Repair,49.0,2929.22,2929.22,1,59.78,,
CLM-50823,12/12/2025,Franchise_NY_12,Drywall Repair,,424.77,318.73,0,,$141.59,3.0
CLM-43102,"September 27, 2025",Franchise_TX_01,Drywall Repair - MISC,30.0,3706.5,3706.5,1,,123.55,
CLM-85636,11/22/2025,Franchise_NY_12,Antimicrobial Treatment,,727.92,727.92,1,,$60.66,12.0
CLM-97441,08/08/2025,Franchise_NY_12,Dehumidifier Rental,,3052.26,3052.26,1,,$98.46,31.0
CLM-91008,"May 28, 2025",Franchise_TX_01,Water Extraction,19.0,994.27,994.27,1,,52.33,
CLM-47828,2025-11-09,Franchise_FL_04,Dehumidifier Rental,37.0,2073.48,2073.48,1,56.04,,
CLM-15833,"September 25, 2025",Franchise_TX_01,Drywall Repair,25.0,2227.5,2227.5,1,,89.1,
CLM-83019,06/25/2025,Franchise_NY_12,Dehumidifier Rental,,314.88,314.88,1,,$26.24,12.0
CLM-20620,"March 20, 2025",Franchise_TX_01,Antimicrobial Treatment,16.0,670.24,579.37,0,,41.89,
CLM-19003,01/27/2025,Franchise_NY_12,Antimicrobial Treatment,,3264.57,1670.87,0,,$120.91,27.0
CLM-64058,09/07/2025,Franchise_NY_12,Water Extraction,,1235.73,1235.73,1,,$72.69,17.0
CLM-84983,07/09/2025,Franchise_NY_12,Water Extraction,,6189.75,4245.3,0,,$137.55,45.0
CLM-58979,04/21/2025,Franchise_NY_12,Baseboard Replacement,,3004.26,3004.26,1,,$130.62,23.0
CLM-16543,2025-10-05,Franchise_FL_04,Drywall Repair,4.0,499.68,499.68,1,124.92,,
CLM-40025,2025-07-26,Franchise_FL_04,Drywall Repair,11.0,1327.04,1327.04,1,120.64,,
CLM-88104,"June 15, 2025",Franchise_TX_01,Dehumidifier Rental,50.0,3506.5,3506.5,1,,70.13,
CLM-99336,"January 25, 2025",Franchise_TX_01,Drywall Repair,31.0,4596.99,4596.99,1,,148.29,
CLM-41934,"May 07, 2025",Franchise_TX_01,Antimicrobial Treatment,9.0,1149.21,1149.21,1,,127.69,
CLM-17902,2025-11-18,Franchise_FL_04,Baseboard Replacement,8.0,240.72,240.72,1,30.09,,
CLM-42210,"May 20, 2025",Franchise_TX_01,Antimicrobial Treatment,33.0,1888.59,1888.59,1,,57.23,
CLM-25295,2025-11-11,Franchise_FL_04,Water Extraction,42.0,2838.36,2838.36,1,67.58,,
CLM-86113,"July 03, 2025",Franchise_TX_01,Antimicrobial Treatment,41.0,1105.77,863.3,0,,26.97,
CLM-54777,11/12/2025,Franchise_NY_12,Drywall Repair,,1323.0,748.3,0,,$36.75,36.0
CLM-45369,"January 10, 2025",Franchise_TX_01,Antimicrobial Treatment,25.0,467.25,266.44,0,,18.69,
CLM-85554,"March 20, 2025",Franchise_TX_01,Baseboard Replacement,45.0,3580.65,3580.65,1,,79.57,
CLM-99567,"December 31, 2025",Franchise_TX_01,Baseboard Replacement,15.0,750.45,656.91,0,,50.03,
CLM-91087,03/09/2025,Franchise_NY_12,Antimicrobial Treatment,,2827.8,2827.8,1,,$94.26,30.0
CLM-80936,"February 15, 2025",Franchise_TX_01,Antimicrobial Treatment,35.0,2818.9,2818.9,1,,80.54,
CLM-18387,07/18/2025,Franchise_NY_12,Baseboard Replacement,,5181.12,5181.12,1,,$107.94,48.0
CLM-87487,09/28/2025,Franchise_NY_12,Baseboard Replacement,,2721.62,1827.16,0,,$123.71,22.0
CLM-32377,"October 13, 2025",Franchise_TX_01,Water Extraction,41.0,5809.29,5809.29,1,,141.69,
CLM-17127,2025-04-25,Franchise_FL_04,Drywall Repair,36.0,1806.84,1806.84,1,50.19,,
CLM-18292,"September 02, 2025",Franchise_TX_01,Drywall Repair,19.0,2530.23,2530.23,1,,133.17,
CLM-79979,09/28/2025,Franchise_NY_12,Dehumidifier Rental,,1131.46,1131.46,1,,$51.43,22.0
CLM-68311,"April 13, 2025",Franchise_TX_01,Dehumidifier Rental,35.0,1380.75,1380.75,1,,39.45,
CLM-14255,2025-11-23,Franchise_FL_04,Water Extraction,1.0,48.95,41.73,0,48.95,,
CLM-32710,2025-01-24,Franchise_FL_04,Dehumidifier Rental,32.0,1885.76,1885.76,1,58.93,,
CLM-53200,2025-10-09,Franchise_FL_04,Baseboard Replacement,6.0,421.92,421.92,1,70.32,,
CLM-93122,"January 06, 2025",Franchise_TX_01,Baseboard Replacement,40.0,2255.6,1757.89,0,,56.39,
CLM-18928,"December 01, 2025",Franchise_TX_01,Dehumidifier Rental,20.0,1208.8,1208.8,1,,60.44,
CLM-44507,06/20/2025,Franchise_NY_12,Dehumidifier Rental,,2610.8,2610.8,1,,$65.27,40.0
CLM-18163,03/22/2025,Franchise_NY_12,Antimicrobial Treatment,,497.76,497.76,1,,$29.28,17.0
CLM-75255,02/22/2025,Franchise_NY_12,Drywall Repair,,2649.24,1195.35,0,,$80.28,33.0
CLM-48186,2025-12-05,Franchise_FL_04,Water Extraction,37.0,4677.17,4677.17,1,126.41,,
CLM-74575,09/29/2025,Franchise_NY_12,Dehumidifier Rental,,3714.2,3714.2,1,,$106.12,35.0
CLM-58884,2025-07-17,Franchise_FL_04,Water Extraction,11.0,,686.07,1,62.37,,
CLM-11364,2025-03-29,Franchise_FL_04,Baseboard Replacement,1.0,93.26,93.26,1,93.26,,
CLM-49012,2025-01-26,Franchise_FL_04,Baseboard Replacement,12.0,411.72,411.72,1,34.31,,
CLM-51350,"March 07, 2025",Franchise_TX_01,Antimicrobial Treatment,14.0,644.56,644.56,1,,46.04,
CLM-10832,03/08/2025,Franchise_NY_12,Antimicrobial Treatment,,503.44,503.44,1,,$125.86,4.0
CLM-32268,2025-08-16,Franchise_FL_04,Antimicrobial Treatment,33.0,4330.26,3415.2,0,131.22,,
CLM-67350,09/03/2025,Franchise_NY_12,Water Extraction,,594.12,512.06,0,,$49.51,12.0
CLM-88497,12/28/2025,Franchise_NY_12,Drywall Repair,,4818.33,2408.06,0,,$146.01,33.0
CLM-70753,"March 14, 2025",Franchise_TX_01,Water Extraction,49.0,2144.24,2144.24,1,,43.76,
CLM-39535,"October 08, 2025",Franchise_TX_01,Dehumidifier Rental,4.0,588.56,399.33,0,,147.14,
CLM-41187,"September 25, 2025",Franchise_TX_01,Drywall Repair,32.0,3052.16,2094.27,0,,95.38,
CLM-45137,"August 12, 2025",Franchise_TX_01,Water Extraction,42.0,4233.6,4233.6,1,,100.8,
CLM-96894,2025-12-05,Franchise_FL_04,Dehumidifier Rental,27.0,,1089.12,0,71.18,,
CLM-89733,12/16/2025,Franchise_NY_12,Drywall Repair,,3118.66,1349.93,0,,$82.07,38.0
CLM-71744,2025-11-04,Franchise_FL_04,Drywall Repair,9.0,451.71,451.71,1,50.19,,
CLM-56245,05/11/2025,Franchise_NY_12,Water Extraction,,889.28,646.36,0,,$63.52,14.0
CLM-80810,"July 28, 2025",Franchise_TX_01,Drywall Repair,27.0,2603.61,2603.61,1,,96.43,
CLM-87221,"August 08, 2025",Franchise_TX_01,Dehumidifier Rental,18.0,2406.6,2406.6,1,,133.7,
CLM-86923,2025-07-23,Franchise_FL_04,Dehumidifier Rental,43.0,2753.72,1577.65,0,64.04,,
CLM-33907,2025-09-17,Franchise_FL_04,Drywall Repair,30.0,3419.4,3419.4,1,113.98,,
CLM-76716,"June 29, 2025",Franchise_TX_01,Baseboard Replacement,50.0,4894.0,4894.0,1,,97.88,
CLM-39555,"May 18, 2025",Franchise_TX_01,Drywall Repair - MISC,43.0,5624.83,5624.83,1,,130.81,
CLM-70258,"October 10, 2025",Franchise_TX_01,Antimicrobial Treatment,18.0,2399.22,2399.22,1,,133.29,
CLM-32721,2025-11-06,Franchise_FL_04,Antimicrobial Treatment,19.0,2362.84,1235.22,0,124.36,,
CLM-29857,"August 26, 2025",Franchise_TX_01,Drywall Repair - MISC,14.0,1088.36,1088.36,1,,77.74,
CLM-89530,2025-05-15,Franchise_FL_04,Antimicrobial Treatment,22.0,1700.38,916.55,0,77.29,,
CLM-52925,02/07/2025,Franchise_NY_12,Baseboard Replacement,,3304.4,3304.4,1,,$82.61,40.0
CLM-94360,2025-04-06,Franchise_FL_04,Antimicrobial Treatment,24.0,2302.8,921.79,0,95.95,,
CLM-74080,2025-01-06,Franchise_FL_04,Antimicrobial Treatment,1.0,132.65,71.53,0,132.65,,
CLM-50113,04/11/2025,Franchise_NY_12,Baseboard Replacement,,928.08,721.59,0,,$77.34,12.0
CLM-49352,2025-05-14,Franchise_FL_04,Drywall Repair,10.0,926.4,695.67,0,92.64,,
CLM-11033,09/03/2025,Franchise_NY_12,Antimicrobial Treatment,,1943.46,1459.06,0,,$71.98,27.0
CLM-80751,06/27/2025,Franchise_NY_12,Dehumidifier Rental,,2185.8,2185.8,1,,$109.29,20.0
CLM-82589,"July 04, 2025",Franchise_TX_01,Water Extraction,17.0,740.52,625.61,0,,43.56,
CLM-65571,05/31/2025,Franchise_NY_12,Antimicrobial Treatment,,338.1,338.1,1,,$22.54,15.0
CLM-48439,"October 20, 2025",Franchise_TX_01,Water Extraction,28.0,1390.48,1390.48,1,,49.66,
CLM-63768,"February 25, 2025",Franchise_TX_01,Antimicrobial Treatment - MISC,25.0,1063.0,694.48,0,,42.52,
CLM-85172,"April 27, 2025",Franchise_TX_01,Dehumidifier Rental,41.0,5098.35,5098.35,1,,124.35,
CLM-39960,2025-09-11,Franchise_FL_04,Antimicrobial Treatment,47.0,4571.69,4571.69,1,97.27,,
CLM-99755,"June 01, 2025",Franchise_TX_01,Drywall Repair,1.0,147.76,66.72,0,,147.76,
CLM-34293,"January 12, 2025",Franchise_TX_01,Drywall Repair - MISC,15.0,1926.75,831.57,0,,128.45,
CLM-90626,"May 06, 2025",Franchise_TX_01,Dehumidifier Rental,40.0,5651.2,3124.89,0,,141.28,
CLM-71081,03/12/2025,Franchise_NY_12,Baseboard Replacement,,3569.66,1882.44,0,,$104.99,34.0
CLM-14389,2025-06-15,Franchise_FL_04,Water Extraction,20.0,981.2,399.17,0,49.06,,
CLM-78184,01/13/2025,Franchise_NY_12,Water Extraction,,6574.05,6574.05,1,,$146.09,45.0
CLM-88619,02/04/2025,Franchise_NY_12,Antimicrobial Treatment,,48.06,48.06,1,,$48.06,1.0
CLM-61411,"July 31, 2025",Franchise_TX_01,Dehumidifier Rental,50.0,7457.0,3632.27,0,,149.14,
CLM-76754,2025-08-19,Franchise_FL_04,Drywall Repair,12.0,1368.24,549.57,0,114.02,,
CLM-26916,"August 20, 2025",Franchise_TX_01,Antimicrobial Treatment,11.0,1309.33,1309.33,1,,119.03,
CLM-84974,2025-04-28,Franchise_FL_04,Baseboard Replacement,2.0,32.22,14.55,0,16.11,,
CLM-24302,2025-05-17,Franchise_FL_04,Dehumidifier Rental,16.0,1128.96,1128.96,1,70.56,,
CLM-19476,2025-10-28,Franchise_FL_04,Baseboard Replacement,19.0,1260.46,558.18,0,66.34,,
CLM-65028,2025-04-11,Franchise_FL_04,Drywall Repair,19.0,286.71,286.71,1,15.09,,
CLM-38095,09/08/2025,Franchise_NY_12,Water Extraction,,6799.68,6799.68,1,,$141.66,48.0
CLM-81392,05/06/2025,Franchise_NY_12,Water Extraction,,2571.45,2571.45,1,,$122.45,21.0
CLM-22715,"March 01, 2025",Franchise_TX_01,Water Extraction,27.0,1620.27,771.68,0,,60.01,
CLM-79986,2025-04-05,Franchise_FL_04,Baseboard Replacement,36.0,5223.96,5223.96,1,145.11,,
CLM-71606,2025-07-19,Franchise_FL_04,Drywall Repair,39.0,5561.79,5561.79,1,142.61,,
CLM-13186,2025-04-10,Franchise_FL_04,Antimicrobial Treatment,49.0,3773.49,2115.67,0,77.01,,
CLM-72309,"September 07, 2025",Franchise_TX_01,Water Extraction,31.0,535.37,250.96,0,,17.27,
CLM-74688,"July 11, 2025",Franchise_TX_01,Dehumidifier Rental,35.0,1913.45,1913.45,1,,54.67,
CLM-74666,05/12/2025,Franchise_NY_12,Baseboard Replacement,,683.2,683.2,1,,$19.52,35.0
CLM-54380,"March 29, 2025",Franchise_TX_01,Water Extraction,48.0,2096.16,2096.16,1,,43.67,
CLM-94798,02/26/2025,Franchise_NY_12,Antimicrobial Treatment,,1563.54,1257.16,0,,$33.99,46.0
CLM-62872,2025-08-05,Franchise_FL_04,Baseboard Replacement,47.0,,2812.48,1,59.84,,
CLM-49797,2025-09-22,Franchise_FL_04,Antimicrobial Treatment,22.0,1422.52,1422.52,1,64.66,,
CLM-59474,"June 21, 2025",Franchise_TX_01,Dehumidifier Rental,28.0,2755.48,2755.48,1,,98.41,
CLM-75897,2025-12-21,Franchise_FL_04,Water Extraction,33.0,2287.56,2287.56,1,69.32,,
CLM-79539,2025-06-25,Franchise_FL_04,Dehumidifier Rental,19.0,1801.77,1801.77,1,94.83,,
CLM-24598,12/15/2025,Franchise_NY_12,Baseboard Replacement,,616.05,259.16,0,,$123.21,5.0
CLM-36722,05/13/2025,Franchise_NY_12,Baseboard Replacement,,840.6,340.99,0,,$70.05,12.0
CLM-86456,"April 16, 2025",Franchise_TX_01,Baseboard Replacement,2.0,50.2,50.2,1,,25.1,
CLM-30457,09/17/2025,Franchise_NY_12,Baseboard Replacement,,3241.56,3241.56,1,,$95.34,34.0
CLM-33330,08/12/2025,Franchise_NY_12,Drywall Repair,,1443.05,1443.05,1,,$29.45,49.0
CLM-62571,"October 23, 2025",Franchise_TX_01,Drywall Repair,27.0,1114.56,1114.56,1,,41.28,
CLM-46809,2025-09-30,Franchise_FL_04,Dehumidifier Rental,45.0,3554.1,3554.1,1,78.98,,
CLM-95916,2025-03-07,Franchise_FL_04,Dehumidifier Rental,34.0,2870.96,2870.96,1,84.44,,
CLM-46836,"November 18, 2025",Franchise_TX_01,Dehumidifier Rental,43.0,6377.76,6377.76,1,,148.32,
CLM-52441,"May 10, 2025",Franchise_TX_01,Antimicrobial Treatment,3.0,89.94,46.47,0,,29.98,
CLM-25069,"May 21, 2025",Franchise_TX_01,Dehumidifier Rental,21.0,1485.12,1270.2,0,,70.72,
CLM-40941,"September 01, 2025",Franchise_TX_01,Baseboard Replacement,28.0,2749.88,2210.01,0,,98.21,
CLM-25132,2025-08-11,Franchise_FL_04,Water Extraction,22.0,,729.74,1,33.17,,
CLM-63507,2025-09-28,Franchise_FL_04,Antimicrobial Treatment,39.0,3198.78,3198.78,1,82.02,,
CLM-42243,"November 22, 2025",Franchise_TX_01,Drywall Repair,12.0,1237.32,660.0,0,,103.11,
CLM-62841,2025-04-25,Franchise_FL_04,Baseboard Replacement,24.0,641.28,641.28,1,26.72,,
CLM-87065,"September 26, 2025",Franchise_TX_01,Antimicrobial Treatment - MISC,18.0,1973.52,1212.02,0,,109.64,
CLM-58853,07/12/2025,Franchise_NY_12,Water Extraction,,192.64,192.64,1,,$48.16,4.0
CLM-40886,"February 02, 2025",Franchise_TX_01,Drywall Repair,17.0,501.5,397.17,0,,29.5,
CLM-72301,2025-08-05,Franchise_FL_04,Drywall Repair,31.0,4304.04,4304.04,1,138.84,,
CLM-32241,"July 30, 2025",Franchise_TX_01,Baseboard Replacement,49.0,5129.32,5129.32,1,,104.68,
CLM-84596,10/21/2025,Franchise_NY_12,Drywall Repair,,132.35,132.35,1,,$132.35,1.0
CLM-28572,2025-01-13,Franchise_FL_04,Water Extraction,3.0,149.37,112.3,0,49.79,,
CLM-55876,07/04/2025,Franchise_NY_12,Baseboard Replacement,,793.74,524.9,0,,$132.29,6.0
CLM-81653,"August 30, 2025",Franchise_TX_01,Dehumidifier Rental,21.0,2501.1,2501.1,1,,119.1,
CLM-25705,"May 04, 2025",Franchise_TX_01,Baseboard Replacement - MISC,40.0,4072.0,3653.91,0,,101.8,
CLM-70029,10/04/2025,Franchise_NY_12,Dehumidifier Rental,,554.4,420.07,0,,$55.44,10.0
CLM-44405,2025-06-17,Franchise_FL_04,Baseboard Replacement,26.0,,866.58,1,33.33,,
CLM-81969,03/26/2025,Franchise_NY_12,Drywall Repair,,1072.8,504.46,0,,$44.7,24.0
CLM-80432,2025-05-13,Franchise_FL_04,Dehumidifier Rental,30.0,3781.5,3781.5,1,126.05,,
CLM-29777,06/27/2025,Franchise_NY_12,Antimicrobial Treatment,,5201.26,5201.26,1,,$126.86,41.0
CLM-29613,"April 02, 2025",Franchise_TX_01,Dehumidifier Rental,37.0,957.19,714.83,0,,25.87,
CLM-66688,"December 03, 2025",Franchise_TX_01,Baseboard Replacement - MISC,41.0,1546.52,771.29,0,,37.72,
CLM-14336,2025-06-23,Franchise_FL_04,Baseboard Replacement,25.0,3721.5,3721.5,1,148.86,,
CLM-40766,2025-03-13,Franchise_FL_04,Baseboard Replacement,11.0,1205.71,1205.71,1,109.61,,
CLM-17184,2025-06-05,Franchise_FL_04,Baseboard Replacement,19.0,642.01,642.01,1,33.79,,
CLM-12075,2025-10-26,Franchise_FL_04,Baseboard Replacement,4.0,234.96,171.03,0,58.74,,
CLM-41489,2025-10-05,Franchise_FL_04,Dehumidifier Rental,47.0,4013.8,4013.8,1,85.4,,
CLM-71400,11/27/2025,Franchise_NY_12,Baseboard Replacement,,453.8,230.02,0,,$45.38,10.0
CLM-46902,08/31/2025,Franchise_NY_12,Drywall Repair,,6122.76,4148.23,0,,$145.78,42.0
CLM-25180,10/22/2025,Franchise_NY_12,Water Extraction,,3603.5,3603.5,1,,$72.07,50.0
CLM-34906,2025-05-18,Franchise_FL_04,Drywall Repair,18.0,835.2,835.2,1,46.4,,
CLM-56434,2025-06-20,Franchise_FL_04,Water Extraction,18.0,2244.6,2244.6,1,124.7,,
CLM-96649,2025-08-01,Franchise_FL_04,Baseboard Replacement,50.0,,7344.0,1,146.88,,
CLM-96070,09/18/2025,Franchise_NY_12,Water Extraction,,3798.9,3798.9,1,,$84.42,45.0
CLM-35734,2025-12-31,Franchise_FL_04,Dehumidifier Rental,44.0,6558.64,3523.4,0,149.06,,
CLM-88579,"November 23, 2025",Franchise_TX_01,Dehumidifier Rental,21.0,535.92,240.3,0,,25.52,
CLM-34970,03/10/2025,Franchise_NY_12,Drywall Repair,,2037.29,1152.15,0,,$49.69,41.0
CLM-40979,2025-04-14,Franchise_FL_04,Baseboard Replacement,5.0,537.75,337.78,0,107.55,,
CLM-54797,2025-05-26,Franchise_FL_04,Baseboard Replacement,10.0,1058.5,504.02,0,105.85,,
CLM-19549,"January 04, 2025",Franchise_TX_01,Drywall Repair - MISC,11.0,516.34,516.34,1,,46.94,
CLM-42058,2025-02-02,Franchise_FL_04,Drywall Repair,36.0,4774.32,4774.32,1,132.62,,
CLM-87057,2025-08-07,Franchise_FL_04,Baseboard Replacement,7.0,,936.39,1,133.77,,
CLM-58785,04/24/2025,Franchise_NY_12,Drywall Repair,,2061.5,862.52,0,,$41.23,50.0
CLM-85966,2025-04-05,Franchise_FL_04,Drywall Repair,27.0,1075.41,650.26,0,39.83,,
CLM-37438,07/13/2025,Franchise_NY_12,Dehumidifier Rental,,2001.72,1606.9,0,,$142.98,14.0
CLM-15483,"May 05, 2025",Franchise_TX_01,Water Extraction,39.0,4329.39,2086.44,0,,111.01,
CLM-30487,10/05/2025,Franchise_NY_12,Drywall Repair,,3699.24,3699.24,1,,$127.56,29.0
CLM-29000,"May 07, 2025",Franchise_TX_01,Antimicrobial Treatment,27.0,3720.6,3720.6,1,,137.8,
CLM-52938,"September 24, 2025",Franchise_TX_01,Antimicrobial Treatment - MISC,35.0,3057.6,2483.35,0,,87.36,
CLM-14560,2025-06-11,Franchise_FL_04,Water Extraction,12.0,,306.58,0,53.31,,
CLM-97111,11/26/2025,Franchise_NY_12,Drywall Repair,,5513.42,4894.1,0,,$145.09,38.0
CLM-32259,"June 16, 2025",Franchise_TX_01,Water Extraction,43.0,3885.48,3885.48,1,,90.36,
CLM-54416,08/09/2025,Franchise_NY_12,Baseboard Replacement,,305.9,305.9,1,,$43.7,7.0
CLM-76473,2025-05-06,Franchise_FL_04,Water Extraction,13.0,,214.76,1,16.52,,
CLM-95193,2025-09-13,Franchise_FL_04,Antimicrobial Treatment,35.0,2123.8,2123.8,1,60.68,,
CLM-48541,2025-01-31,Franchise_FL_04,Dehumidifier Rental,28.0,3181.36,3181.36,1,113.62,,
CLM-76770,10/16/2025,Franchise_NY_12,Dehumidifier Rental,,221.68,221.68,1,,$27.71,8.0
CLM-98191,02/01/2025,Franchise_NY_12,Water Extraction,,2283.84,1802.97,0,,$58.56,39.0
CLM-98533,2025-04-30,Franchise_FL_04,Baseboard Replacement,45.0,5463.0,4457.18,0,121.4,,
CLM-76722,"June 22, 2025",Franchise_TX_01,Antimicrobial Treatment,33.0,3643.2,3643.2,1,,110.4,
CLM-92873,04/01/2025,Franchise_NY_12,Dehumidifier Rental,,3818.4,3818.4,1,,$127.28,30.0
CLM-89558,2025-09-19,Franchise_FL_04,Baseboard Replacement,9.0,313.56,253.44,0,34.84,,
CLM-29927,04/02/2025,Franchise_NY_12,Antimicrobial Treatment,,277.36,215.91,0,,$138.68,2.0
CLM-11395,2025-06-19,Franchise_FL_04,Dehumidifier Rental,36.0,2558.88,2558.88,1,71.08,,
CLM-40640,07/08/2025,Franchise_NY_12,Drywall Repair,,4320.86,4320.86,1,,$116.78,37.0
CLM-82428,10/11/2025,Franchise_NY_12,Water Extraction,,82.32,82.32,1,,$27.44,3.0
CLM-95819,2025-04-15,Franchise_FL_04,Antimicrobial Treatment,19.0,2530.8,1725.33,0,133.2,,
CLM-41582,"July 23, 2025",Franchise_TX_01,Baseboard Replacement,35.0,1027.95,1027.95,1,,29.37,
CLM-38891,09/01/2025,Franchise_NY_12,Antimicrobial Treatment,,5108.59,5108.59,1,,$138.07,37.0
CLM-82729,2025-03-24,Franchise_FL_04,Water Extraction,22.0,,2165.68,1,98.44,,
CLM-93923,05/08/2025,Franchise_NY_12,Baseboard Replacement,,4940.24,4063.91,0,,$133.52,37.0
CLM-69694,08/10/2025,Franchise_NY_12,Baseboard Replacement,,1544.88,1376.06,0,,$37.68,41.0
CLM-95883,2025-07-30,Franchise_FL_04,Water Extraction,13.0,1915.55,1915.55,1,147.35,,
CLM-89272,"November 12, 2025",Franchise_TX_01,Baseboard Replacement,11.0,1267.64,935.92,0,,115.24,
CLM-20156,2025-10-19,Franchise_FL_04,Drywall Repair,43.0,1169.17,1169.17,1,27.19,,
CLM-39080,2025-12-06,Franchise_FL_04,Drywall Repair,49.0,4729.48,4729.48,1,96.52,,
CLM-76983,"March 11, 2025",Franchise_TX_01,Drywall Repair,20.0,1371.4,751.16,0,,68.57,
CLM-45218,2025-07-22,Franchise_FL_04,Water Extraction,2.0,90.72,65.53,0,45.36,,
CLM-36557,06/06/2025,Franchise_NY_12,Drywall Repair,,2213.0,2213.0,1,,$88.52,25.0
CLM-94458,"May 16, 2025",Franchise_TX_01,Dehumidifier Rental,35.0,2228.1,920.68,0,,63.66,
CLM-68897,12/01/2025,Franchise_NY_12,Baseboard Replacement,,1667.52,1667.52,1,,$46.32,36.0
CLM-47786,08/05/2025,Franchise_NY_12,Baseboard Replacement,,3966.69,3175.45,0,,$101.71,39.0
CLM-49768,"June 21, 2025",Franchise_TX_01,Drywall Repair - MISC,40.0,3428.4,1510.87,0,,85.71,
CLM-88922,2025-04-22,Franchise_FL_04,Antimicrobial Treatment,18.0,2281.5,1410.87,0,126.75,,
CLM-22228,"February 24, 2025",Franchise_TX_01,Water Extraction,30.0,3197.4,3197.4,1,,106.58,
CLM-85517,2025-11-24,Franchise_FL_04,Drywall Repair,45.0,5862.6,5862.6,1,130.28,,
CLM-67506,"March 10, 2025",Franchise_TX_01,Drywall Repair,30.0,828.0,828.0,1,,27.6,
CLM-12240,05/18/2025,Franchise_NY_12,Dehumidifier Rental,,61.13,46.14,0,,$61.13,1.0
CLM-88865,2025-11-19,Franchise_FL_04,Dehumidifier Rental,29.0,2298.54,1619.64,0,79.26,,
CLM-74425,"December 21, 2025",Franchise_TX_01,Baseboard Replacement - MISC,4.0,209.64,209.64,1,,52.41,
CLM-27097,"June 08, 2025",Franchise_TX_01,Water Extraction,43.0,4776.44,3052.25,0,,111.08,
CLM-74856,"August 29, 2025",Franchise_TX_01,Water Extraction,5.0,532.2,233.22,0,,106.44,
CLM-78426,"December 18, 2025",Franchise_TX_01,Baseboard Replacement,17.0,644.13,644.13,1,,37.89,
CLM-66422,2025-05-10,Franchise_FL_04,Antimicrobial Treatment,15.0,1475.7,1475.7,1,98.38,,
CLM-12362,"June 20, 2025",Franchise_TX_01,Drywall Repair,9.0,747.9,429.93,0,,83.1,
CLM-68370,"September 21, 2025",Franchise_TX_01,Drywall Repair,28.0,1601.32,1601.32,1,,57.19,
CLM-21447,2025-01-10,Franchise_FL_04,Baseboard Replacement,35.0,4404.4,4404.4,1,125.84,,
CLM-82971,2025-10-16,Franchise_FL_04,Dehumidifier Rental,29.0,905.09,905.09,1,31.21,,
CLM-37844,2025-01-29,Franchise_FL_04,Baseboard Replacement,3.0,75.63,65.11,0,25.21,,
CLM-62044,04/15/2025,Franchise_NY_12,Water Extraction,,5108.6,5108.6,1,,$145.96,35.0
CLM-44769,"December 05, 2025",Franchise_TX_01,Dehumidifier Rental,37.0,1393.79,1393.79,1,,37.67,
CLM-16538,08/17/2025,Franchise_NY_12,Antimicrobial Treatment,,6444.0,5079.24,0,,$134.25,48.0
CLM-11083,10/18/2025,Franchise_NY_12,Water Extraction,,814.2,814.2,1,,$67.85,12.0
CLM-70986,06/08/2025,Franchise_NY_12,Baseboard Replacement,,4443.84,3098.78,0,,$123.44,36.0
CLM-41529,02/13/2025,Franchise_NY_12,Drywall Repair,,5144.27,2071.13,0,,$125.47,41.0
CLM-39482,2025-04-01,Franchise_FL_04,Baseboard Replacement,49.0,3746.05,2889.72,0,76.45,,
CLM-79383,"September 05, 2025",Franchise_TX_01,Dehumidifier Rental,40.0,4601.2,2544.28,0,,115.03,
CLM-75797,08/27/2025,Franchise_NY_12,Dehumidifier Rental,,2153.4,1016.8,0,,$58.2,37.0
CLM-38165,"October 20, 2025",Franchise_TX_01,Drywall Repair,13.0,749.58,421.01,0,,57.66,
CLM-70736,12/09/2025,Franchise_NY_12,Baseboard Replacement,,84.68,84.68,1,,$42.34,2.0
CLM-18681,08/11/2025,Franchise_NY_12,Baseboard Replacement,,161.28,161.28,1,,$17.92,9.0
CLM-50746,02/28/2025,Franchise_NY_12,Dehumidifier Rental,,5074.59,2494.93,0,,$107.97,47.0
CLM-64932,2025-02-26,Franchise_FL_04,Antimicrobial Treatment,24.0,,2345.52,1,97.73,,
CLM-50280,2025-12-30,Franchise_FL_04,Drywall Repair,18.0,1074.96,1074.96,1,59.72,,
CLM-25117,05/20/2025,Franchise_NY_12,Baseboard Replacement,,223.28,223.28,1,,$27.91,8.0
CLM-25110,03/22/2025,Franchise_NY_12,Baseboard Replacement,,773.92,773.92,1,,$110.56,7.0
CLM-43228,02/08/2025,Franchise_NY_12,Drywall Repair,,1014.8,1014.8,1,,$50.74,20.0
CLM-84179,"November 07, 2025",Franchise_TX_01,Water Extraction,41.0,1910.19,1230.19,0,,46.59,
CLM-34174,"May 02, 2025",Franchise_TX_01,Dehumidifier Rental,7.0,464.52,201.8,0,,66.36,
CLM-16909,"April 06, 2025",Franchise_TX_01,Water Extraction,26.0,1807.0,1807.0,1,,69.5,
CLM-24644,11/19/2025,Franchise_NY_12,Baseboard Replacement,,3346.76,1381.79,0,,$107.96,31.0
CLM-57029,03/25/2025,Franchise_NY_12,Drywall Repair,,1563.6,1563.6,1,,$104.24,15.0
CLM-80441,05/22/2025,Franchise_NY_12,Baseboard Replacement,,2729.6,2729.6,1,,$85.3,32.0
CLM-33382,"January 24, 2025",Franchise_TX_01,Drywall Repair,46.0,1048.34,571.6,0,,22.79,
CLM-23886,"November 08, 2025",Franchise_TX_01,Dehumidifier Rental,50.0,2041.5,2041.5,1,,40.83,
CLM-19390,"May 03, 2025",Franchise_TX_01,Dehumidifier Rental,32.0,2386.24,2386.24,1,,74.57,
CLM-51180,"February 13, 2025",Franchise_TX_01,Dehumidifier Rental - MISC,7.0,431.13,215.38,0,,61.59,
CLM-95294,09/08/2025,Franchise_NY_12,Baseboard Replacement,,616.56,616.56,1,,$102.76,6.0
CLM-55654,"August 03, 2025",Franchise_TX_01,Dehumidifier Rental,1.0,129.8,129.8,1,,129.8,
CLM-96083,10/10/2025,Franchise_NY_12,Antimicrobial Treatment,,3107.94,3107.94,1,,$91.41,34.0
CLM-93854,"May 17, 2025",Franchise_TX_01,Antimicrobial Treatment - MISC,47.0,2872.17,1933.03,0,,61.11,
CLM-45099,"September 14, 2025",Franchise_TX_01,Dehumidifier Rental,6.0,165.6,165.6,1,,27.6,
CLM-94537,"November 18, 2025",Franchise_TX_01,Baseboard Replacement,45.0,5624.1,5624.1,1,,124.98,
CLM-23641,"March 06, 2025",Franchise_TX_01,Water Extraction,23.0,1813.55,1327.33,0,,78.85,
CLM-57452,08/24/2025,Franchise_NY_12,Water Extraction,,586.6,394.83,0,,$117.32,5.0
CLM-75019,2025-02-04,Franchise_FL_04,Antimicrobial Treatment,13.0,1410.76,1410.76,1,108.52,,
CLM-98687,"November 21, 2025",Franchise_TX_01,Dehumidifier Rental,8.0,336.64,147.07,0,,42.08,
CLM-57869,"January 17, 2025",Franchise_TX_01,Drywall Repair,19.0,1302.07,1302.07,1,,68.53,
CLM-56672,03/24/2025,Franchise_NY_12,Drywall Repair,,2844.5,2844.5,1,,$113.78,25.0
CLM-94519,2025-02-19,Franchise_FL_04,Antimicrobial Treatment,20.0,1589.8,1589.8,1,79.49,,
CLM-35959,04/18/2025,Franchise_NY_12,Antimicrobial Treatment,,357.24,357.24,1,,$59.54,6.0
CLM-81453,02/12/2025,Franchise_NY_12,Dehumidifier Rental,,1036.8,1036.8,1,,$57.6,18.0
CLM-61540,"December 20, 2025",Franchise_TX_01,Drywall Repair,39.0,3260.4,3260.4,1,,83.6,
CLM-48670,"April 05, 2025",Franchise_TX_01,Dehumidifier Rental,19.0,1037.02,1037.02,1,,54.58,
CLM-70329,05/01/2025,Franchise_NY_12,Antimicrobial Treatment,,969.0,969.0,1,,$32.3,30.0
CLM-17703,03/29/2025,Franchise_NY_12,Drywall Repair,,2419.9,1730.71,0,,$69.14,35.0
CLM-49766,2025-04-19,Franchise_FL_04,Antimicrobial Treatment,5.0,737.0,737.0,1,147.4,,
CLM-18007,2025-02-18,Franchise_FL_04,Drywall Repair,39.0,4774.77,4774.77,1,122.43,,
CLM-65376,12/23/2025,Franchise_NY_12,Drywall Repair,,6041.18,6041.18,1,,$131.33,46.0
CLM-20798,08/02/2025,Franchise_NY_12,Baseboard Replacement,,573.0,573.0,1,,$47.75,12.0
CLM-44060,03/26/2025,Franchise_NY_12,Water Extraction,,728.73,728.73,1,,$26.99,27.0
CLM-52343,"January 09, 2025",Franchise_TX_01,Dehumidifier Rental,30.0,2593.8,1986.79,0,,86.46,
CLM-83713,02/16/2025,Franchise_NY_12,Water Extraction,,6904.8,6904.8,1,,$143.85,48.0
CLM-44183,07/25/2025,Franchise_NY_12,Water Extraction,,1622.0,1622.0,1,,$64.88,25.0
CLM-59026,03/10/2025,Franchise_NY_12,Water Extraction,,527.12,527.12,1,,$23.96,22.0
CLM-23303,2025-04-15,Franchise_FL_04,Baseboard Replacement,36.0,1111.32,956.84,0,30.87,,
CLM-74140,"September 12, 2025",Franchise_TX_01,Dehumidifier Rental,15.0,1392.0,1392.0,1,,92.8,
CLM-39109,09/21/2025,Franchise_NY_12,Water Extraction,,1085.9,1085.9,1,,$108.59,10.0
CLM-27918,2025-10-02,Franchise_FL_04,Dehumidifier Rental,7.0,392.14,392.14,1,56.02,,
CLM-10703,"September 06, 2025",Franchise_TX_01,Baseboard Replacement,19.0,1140.76,998.19,0,,60.04,
CLM-50868,2025-10-09,Franchise_FL_04,Drywall Repair,26.0,2690.48,2690.48,1,103.48,,
CLM-15401,"December 28, 2025",Franchise_TX_01,Antimicrobial Treatment,48.0,3074.88,3074.88,1,,64.06,
CLM-11142,"August 22, 2025",Franchise_TX_01,Baseboard Replacement,45.0,3091.5,1997.78,0,,68.7,
CLM-95642,2025-04-30,Franchise_FL_04,Drywall Repair,26.0,1177.54,1177.54,1,45.29,,
CLM-60868,"August 03, 2025",Franchise_TX_01,Dehumidifier Rental,1.0,79.26,47.72,0,,79.26,
CLM-29575,2025-04-28,Franchise_FL_04,Baseboard Replacement,35.0,1496.25,1112.06,0,42.75,,
CLM-49084,"January 24, 2025",Franchise_TX_01,Baseboard Replacement,41.0,745.38,745.38,1,,18.18,
CLM-58746,"July 31, 2025",Franchise_TX_01,Water Extraction,2.0,172.22,172.22,1,,86.11,
CLM-82169,"September 27, 2025",Franchise_TX_01,Dehumidifier Rental,22.0,1021.9,1021.9,1,,46.45,
CLM-76902,"July 30, 2025",Franchise_TX_01,Antimicrobial Treatment,40.0,3726.0,1888.17,0,,93.15,
CLM-92246,2025-02-25,Franchise_FL_04,Drywall Repair,33.0,609.84,441.02,0,18.48,,
CLM-26641,2025-02-16,Franchise_FL_04,Dehumidifier Rental,27.0,,998.46,1,36.98,,
CLM-84218,02/05/2025,Franchise_NY_12,Water Extraction,,2567.26,2567.26,1,,$111.62,23.0
CLM-99533,"April 14, 2025",Franchise_TX_01,Antimicrobial Treatment,8.0,454.8,351.78,0,,56.85,
CLM-16548,2025-04-15,Franchise_FL_04,Baseboard Replacement,49.0,3809.26,1817.17,0,77.74,,
CLM-61808,"November 19, 2025",Franchise_TX_01,Antimicrobial Treatment - MISC,27.0,3701.97,3701.97,1,,137.11,
CLM-24687,2025-10-19,Franchise_FL_04,Drywall Repair,17.0,,910.57,0,67.33,,
CLM-79694,08/18/2025,Franchise_NY_12,Water Extraction,,1321.92,1321.92,1,,$77.76,17.0
CLM-18491,04/28/2025,Franchise_NY_12,Water Extraction,,1621.4,1309.82,0,,$36.85,44.0
CLM-33687,"August 30, 2025",Franchise_TX_01,Baseboard Replacement,43.0,2220.09,1080.67,0,,51.63,
CLM-88704,2025-08-28,Franchise_FL_04,Drywall Repair,15.0,469.95,469.95,1,31.33,,
CLM-58379,"May 21, 2025",Franchise_TX_01,Antimicrobial Treatment,31.0,4554.52,4554.52,1,,146.92,
CLM-76403,"June 09, 2025",Franchise_TX_01,Drywall Repair,30.0,2004.3,2004.3,1,,66.81,
CLM-62512,02/05/2025,Franchise_NY_12,Water Extraction,,1795.36,1795.36,1,,$112.21,16.0
CLM-18228,2025-06-08,Franchise_FL_04,Water Extraction,15.0,,672.91,0,92.56,,
CLM-39077,11/05/2025,Franchise_NY_12,Water Extraction,,1508.52,1508.52,1,,$38.68,39.0
CLM-60515,"February 14, 2025",Franchise_TX_01,Water Extraction,16.0,672.32,490.3,0,,42.02,
CLM-18944,"September 02, 2025",Franchise_TX_01,Dehumidifier Rental - MISC,45.0,4037.4,4037.4,1,,89.72,
CLM-36487,09/15/2025,Franchise_NY_12,Antimicrobial Treatment,,1225.89,545.7,0,,$136.21,9.0
CLM-55454,2025-03-14,Franchise_FL_04,Baseboard Replacement,28.0,677.32,551.09,0,24.19,,
CLM-97129,"May 04, 2025",Franchise_TX_01,Dehumidifier Rental,19.0,898.7,898.7,1,,47.3,
CLM-18659,04/13/2025,Franchise_NY_12,Baseboard Replacement,,5670.84,4927.96,0,,$131.88,43.0
CLM-53313,"June 13, 2025",Franchise_TX_01,Water Extraction,1.0,114.35,87.8,0,,114.35,
CLM-81163,06/21/2025,Franchise_NY_12,Antimicrobial Treatment,,4761.4,4761.4,1,,$136.04,35.0
CLM-16090,02/04/2025,Franchise_NY_12,Dehumidifier Rental,,3470.14,2237.29,0,,$119.66,29.0
CLM-60905,2025-11-10,Franchise_FL_04,Dehumidifier Rental,42.0,2639.28,2007.68,0,62.84,,
CLM-54017,"October 24, 2025",Franchise_TX_01,Baseboard Replacement,7.0,634.55,466.62,0,,90.65,
CLM-65314,09/04/2025,Franchise_NY_12,Antimicrobial Treatment,,2368.44,1735.44,0,,$139.32,17.0
CLM-71797,04/22/2025,Franchise_NY_12,Dehumidifier Rental,,2623.9,1970.82,0,,$69.05,38.0
CLM-99642,2025-09-18,Franchise_FL_04,Antimicrobial Treatment,9.0,,258.28,0,60.77,,
CLM-79314,"February 09, 2025",Franchise_TX_01,Antimicrobial Treatment,47.0,4611.17,4611.17,1,,98.11,
CLM-51242,2025-01-24,Franchise_FL_04,Drywall Repair,1.0,19.93,19.93,1,19.93,,
CLM-15848,"February 05, 2025",Franchise_TX_01,Antimicrobial Treatment,16.0,1256.16,950.92,0,,78.51,
CLM-61148,05/14/2025,Franchise_NY_12,Antimicrobial Treatment,,650.1,568.72,0,,$21.67,30.0
CLM-65853,12/02/2025,Franchise_NY_12,Baseboard Replacement,,578.27,578.27,1,,$52.57,11.0
CLM-77781,05/06/2025,Franchise_NY_12,Water Extraction,,120.99,120.99,1,,$120.99,1.0
CLM-28080,07/05/2025,Franchise_NY_12,Drywall Repair,,2545.95,2545.95,1,,$77.15,33.0
CLM-98254,"April 22, 2025",Franchise_TX_01,Antimicrobial Treatment,26.0,559.0,559.0,1,,21.5,
CLM-21640,09/17/2025,Franchise_NY_12,Drywall Repair,,746.48,746.48,1,,$26.66,28.0
CLM-91403,"June 14, 2025",Franchise_TX_01,Antimicrobial Treatment,19.0,1346.34,1346.34,1,,70.86,
CLM-46161,"December 24, 2025",Franchise_TX_01,Antimicrobial Treatment,36.0,4992.12,3696.97,0,,138.67,
CLM-84012,2025-11-28,Franchise_FL_04,Water Extraction,34.0,3846.08,2728.62,0,113.12,,
CLM-84051,"December 14, 2025",Franchise_TX_01,Drywall Repair,35.0,599.55,408.22,0,,17.13,
CLM-19305,"July 15, 2025",Franchise_TX_01,Antimicrobial Treatment,32.0,3634.56,2610.35,0,,113.58,
CLM-88191,06/04/2025,Franchise_NY_12,Water Extraction,,2096.42,2096.42,1,,$56.66,37.0
CLM-97850,05/19/2025,Franchise_NY_12,Baseboard Replacement,,6197.12,2888.51,0,,$134.72,46.0
CLM-36070,01/20/2025,Franchise_NY_12,Baseboard Replacement,,56.93,35.72,0,,$56.93,1.0
CLM-78848,2025-06-05,Franchise_FL_04,Baseboard Replacement,13.0,1207.96,1207.96,1,92.92,,
CLM-63060,06/28/2025,Franchise_NY_12,Baseboard Replacement,,689.29,593.41,0,,$98.47,7.0
CLM-78393,"June 07, 2025",Franchise_TX_01,Drywall Repair,3.0,179.31,179.31,1,,59.77,
CLM-63558,09/07/2025,Franchise_NY_12,Antimicrobial Treatment,,1492.6,1492.6,1,,$87.8,17.0
CLM-13735,05/26/2025,Franchise_NY_12,Dehumidifier Rental,,6736.8,3153.21,0,,$140.35,48.0
CLM-36586,12/08/2025,Franchise_NY_12,Water Extraction,,863.94,863.94,1,,$26.18,33.0
CLM-15381,"September 25, 2025",Franchise_TX_01,Drywall Repair,41.0,4556.33,4556.33,1,,111.13,
CLM-63995,2025-01-02,Franchise_FL_04,Baseboard Replacement,17.0,1500.76,948.23,0,88.28,,
CLM-47707,"August 18, 2025",Franchise_TX_01,Baseboard Replacement,12.0,1666.2,955.17,0,,138.85,
CLM-70597,08/08/2025,Franchise_NY_12,Drywall Repair,,878.9,878.9,1,,$25.85,34.0
CLM-52413,"July 26, 2025",Franchise_TX_01,Water Extraction - MISC,49.0,3262.42,3262.42,1,,66.58,
CLM-48733,08/12/2025,Franchise_NY_12,Drywall Repair,,4919.12,4919.12,1,,$144.68,34.0
CLM-12092,2025-07-13,Franchise_FL_04,Antimicrobial Treatment,50.0,1483.5,1032.99,0,29.67,,
CLM-41223,03/31/2025,Franchise_NY_12,Antimicrobial Treatment,,3947.9,3947.9,1,,$106.7,37.0
CLM-46669,2025-01-23,Franchise_FL_04,Antimicrobial Treatment,7.0,565.11,565.11,1,80.73,,
CLM-12262,2025-11-21,Franchise_FL_04,Drywall Repair,8.0,677.84,677.84,1,84.73,,
CLM-21440,12/21/2025,Franchise_NY_12,Dehumidifier Rental,,3756.91,2529.72,0,,$87.37,43.0
CLM-69115,"February 10, 2025",Franchise_TX_01,Water Extraction - MISC,48.0,6306.72,5410.89,0,,131.39,
CLM-14480,"February 04, 2025",Franchise_TX_01,Baseboard Replacement,45.0,1594.8,873.09,0,,35.44,
CLM-42686,2025-03-09,Franchise_FL_04,Drywall Repair,32.0,4343.04,3270.92,0,135.72,,
CLM-28386,"April 18, 2025",Franchise_TX_01,Baseboard Replacement,50.0,2102.0,1536.81,0,,42.04,
CLM-91665,12/05/2025,Franchise_NY_12,Baseboard Replacement,,3825.92,2900.38,0,,$119.56,32.0
CLM-58385,06/04/2025,Franchise_NY_12,Water Extraction,,5199.16,4535.55,0,,$136.82,38.0
CLM-42263,2025-05-09,Franchise_FL_04,Dehumidifier Rental,19.0,2679.19,2679.19,1,141.01,,
CLM-47995,"July 14, 2025",Franchise_TX_01,Drywall Repair - MISC,44.0,964.48,539.18,0,,21.92,
CLM-38312,"April 13, 2025",Franchise_TX_01,Dehumidifier Rental - MISC,46.0,1656.92,1656.92,1,,36.02,
CLM-81759,10/23/2025,Franchise_NY_12,Water Extraction,,1365.91,561.13,0,,$105.07,13.0
CLM-41183,10/07/2025,Franchise_NY_12,Baseboard Replacement,,1077.5,1077.5,1,,$21.55,50.0
CLM-49880,2025-01-19,Franchise_FL_04,Water Extraction,3.0,,44.55,0,23.47,,
CLM-74568,2025-02-10,Franchise_FL_04,Antimicrobial Treatment,16.0,2216.48,2216.48,1,138.53,,
CLM-47001,04/07/2025,Franchise_NY_12,Dehumidifier Rental,,2594.2,2219.45,0,,$129.71,20.0
CLM-61349,08/30/2025,Franchise_NY_12,Dehumidifier Rental,,934.72,934.72,1,,$29.21,32.0
CLM-90766,2025-09-12,Franchise_FL_04,Dehumidifier Rental,37.0,943.87,943.87,1,25.51,,
CLM-42812,07/08/2025,Franchise_NY_12,Water Extraction,,1805.16,1805.16,1,,$128.94,14.0
CLM-52034,11/30/2025,Franchise_NY_12,Water Extraction,,1091.65,901.31,0,,$31.19,35.0
CLM-10782,"May 12, 2025",Franchise_TX_01,Water Extraction - MISC,27.0,3878.01,3878.01,1,,143.63,
CLM-96236,2025-06-22,Franchise_FL_04,Dehumidifier Rental,22.0,1331.44,720.67,0,60.52,,
CLM-64733,"October 05, 2025",Franchise_TX_01,Antimicrobial Treatment,8.0,940.4,940.4,1,,117.55,
CLM-99086,2025-03-20,Franchise_FL_04,Drywall Repair,31.0,741.52,458.24,0,23.92,,
CLM-84355,04/19/2025,Franchise_NY_12,Water Extraction,,662.62,336.35,0,,$94.66,7.0
CLM-18088,11/12/2025,Franchise_NY_12,Water Extraction,,1624.8,1189.21,0,,$108.32,15.0
CLM-12544,01/29/2025,Franchise_NY_12,Water Extraction,,3215.08,1437.49,0,,$73.07,44.0
CLM-53563,12/22/2025,Franchise_NY_12,Drywall Repair,,4197.6,3626.7,0,,$127.2,33.0
CLM-60738,07/30/2025,Franchise_NY_12,Dehumidifier Rental,,301.0,301.0,1,,$43.0,7.0
CLM-29866,2025-07-15,Franchise_FL_04,Baseboard Replacement,49.0,3341.31,3341.31,1,68.19,,
CLM-99256,04/12/2025,Franchise_NY_12,Baseboard Replacement,,2750.64,2750.64,1,,$114.61,24.0
CLM-11324,01/09/2025,Franchise_NY_12,Antimicrobial Treatment,,250.56,174.14,0,,$83.52,3.0
CLM-51145,2025-10-26,Franchise_FL_04,Water Extraction,3.0,444.6,444.6,1,148.2,,
CLM-35311,2025-05-22,Franchise_FL_04,Antimicrobial Treatment,28.0,2985.64,2985.64,1,106.63,,
CLM-38181,01/06/2025,Franchise_NY_12,Drywall Repair,,454.02,454.02,1,,$32.43,14.0
CLM-81134,2025-10-09,Franchise_FL_04,Baseboard Replacement,14.0,514.5,459.97,0,36.75,,
CLM-49509,"September 05, 2025",Franchise_TX_01,Drywall Repair - MISC,26.0,1827.8,1827.8,1,,70.3,
CLM-11808,01/04/2025,Franchise_NY_12,Water Extraction,,1195.09,1195.09,1,,$41.21,29.0
CLM-89581,2025-11-26,Franchise_FL_04,Water Extraction,25.0,3229.5,3229.5,1,129.18,,
CLM-92958,2025-05-25,Franchise_FL_04,Antimicrobial Treatment,30.0,1679.4,1049.65,0,55.98,,
CLM-29055,2025-11-20,Franchise_FL_04,Baseboard Replacement,8.0,638.56,638.56,1,79.82,,
CLM-74021,11/02/2025,Franchise_NY_12,Antimicrobial Treatment,,3049.44,3049.44,1,,$63.53,48.0
CLM-50073,2025-02-21,Franchise_FL_04,Antimicrobial Treatment,49.0,4750.55,2629.82,0,96.95,,
CLM-26925,2025-09-12,Franchise_FL_04,Antimicrobial Treatment,39.0,2466.75,2466.75,1,63.25,,
CLM-82424,"December 05, 2025",Franchise_TX_01,Antimicrobial Treatment,24.0,454.56,234.54,0,,18.94,
CLM-40916,"December 18, 2025",Franchise_TX_01,Dehumidifier Rental,31.0,1942.77,1942.77,1,,62.67,
CLM-74552,2025-10-24,Franchise_FL_04,Dehumidifier Rental,10.0,1406.7,1406.7,1,140.67,,
CLM-90801,"June 02, 2025",Franchise_TX_01,Water Extraction,13.0,1380.86,1380.86,1,,106.22,
CLM-79001,2025-09-09,Franchise_FL_04,Water Extraction,46.0,4438.54,1978.98,0,96.49,,
CLM-17493,"December 01, 2025",Franchise_TX_01,Drywall Repair,19.0,521.36,227.59,0,,27.44,
CLM-46654,2025-10-24,Franchise_FL_04,Drywall Repair,9.0,1092.87,1092.87,1,121.43,,
CLM-39834,03/16/2025,Franchise_NY_12,Antimicrobial Treatment,,116.6,116.6,1,,$23.32,5.0
CLM-33152,2025-10-09,Franchise_FL_04,Antimicrobial Treatment,47.0,4230.94,4230.94,1,90.02,,
CLM-47565,2025-10-08,Franchise_FL_04,Dehumidifier Rental,11.0,314.05,314.05,1,28.55,,
CLM-75335,09/14/2025,Franchise_NY_12,Dehumidifier Rental,,235.52,109.45,0,,$29.44,8.0
CLM-79497,"June 21, 2025",Franchise_TX_01,Drywall Repair - MISC,3.0,48.96,48.96,1,,16.32,
CLM-43830,"May 19, 2025",Franchise_TX_01,Dehumidifier Rental,37.0,4293.85,4293.85,1,,116.05,
CLM-18851,2025-07-10,Franchise_FL_04,Drywall Repair,40.0,4348.8,2343.55,0,108.72,,
CLM-58065,"August 03, 2025",Franchise_TX_01,Baseboard Replacement,29.0,4285.62,4285.62,1,,147.78,
CLM-33260,03/09/2025,Franchise_NY_12,Dehumidifier Rental,,3708.0,3708.0,1,,$123.6,30.0
CLM-59249,2025-12-19,Franchise_FL_04,Antimicrobial Treatment,47.0,6869.52,3701.45,0,146.16,,
CLM-40892,02/03/2025,Franchise_NY_12,Water Extraction,,982.08,802.76,0,,$54.56,18.0
CLM-97691,10/25/2025,Franchise_NY_12,Antimicrobial Treatment,,826.4,826.4,1,,$41.32,20.0
CLM-53537,04/18/2025,Franchise_NY_12,Antimicrobial Treatment,,2106.3,1748.11,0,,$100.3,21.0
CLM-15838,2025-02-27,Franchise_FL_04,Dehumidifier Rental,16.0,753.44,480.53,0,47.09,,
CLM-32673,"April 26, 2025",Franchise_TX_01,Dehumidifier Rental,1.0,91.59,91.59,1,,91.59,
CLM-75090,2025-06-15,Franchise_FL_04,Drywall Repair,41.0,912.66,387.52,0,22.26,,
CLM-85453,"January 06, 2025",Franchise_TX_01,Water Extraction,13.0,313.3,268.57,0,,24.1,
CLM-68316,"January 20, 2025",Franchise_TX_01,Dehumidifier Rental,41.0,1078.3,1078.3,1,,26.3,
CLM-85121,2025-05-11,Franchise_FL_04,Water Extraction,39.0,2307.63,1922.63,0,59.17,,
CLM-13522,12/07/2025,Franchise_NY_12,Baseboard Replacement,,1255.32,759.0,0,,$38.04,33.0
CLM-81873,2025-06-28,Franchise_FL_04,Dehumidifier Rental,30.0,,3070.8,1,102.36,,
CLM-42494,2025-08-24,Franchise_FL_04,Dehumidifier Rental,12.0,1537.56,1077.89,0,128.13,,
CLM-86230,"August 25, 2025",Franchise_TX_01,Baseboard Replacement,39.0,2841.15,2841.15,1,,72.85,
CLM-13279,08/31/2025,Franchise_NY_12,Dehumidifier Rental,,1675.52,1675.52,1,,$76.16,22.0
CLM-65302,2025-12-23,Franchise_FL_04,Water Extraction,2.0,200.64,200.64,1,100.32,,
CLM-82523,12/29/2025,Franchise_NY_12,Antimicrobial Treatment,,2240.28,2240.28,1,,$80.01,28.0
CLM-53984,2025-11-04,Franchise_FL_04,Antimicrobial Treatment,22.0,964.04,964.04,1,43.82,,
CLM-45962,2025-10-25,Franchise_FL_04,Antimicrobial Treatment,38.0,4069.8,3485.23,0,107.1,,
CLM-24960,06/20/2025,Franchise_NY_12,Water Extraction,,4078.62,2991.82,0,,$104.58,39.0
CLM-93252,06/14/2025,Franchise_NY_12,Water Extraction,,565.8,565.8,1,,$47.15,12.0
CLM-30500,"December 11, 2025",Franchise_TX_01,Dehumidifier Rental - MISC,34.0,1422.56,1064.71,0,,41.84,
CLM-54284,2025-05-05,Franchise_FL_04,Water Extraction,34.0,4816.78,4816.78,1,141.67,,
CLM-54621,12/22/2025,Franchise_NY_12,Dehumidifier Rental,,1224.99,1224.99,1,,$136.11,9.0
CLM-41787,07/26/2025,Franchise_NY_12,Water Extraction,,1199.88,1199.88,1,,$109.08,11.0
CLM-67145,"April 26, 2025",Franchise_TX_01,Water Extraction,10.0,1093.7,1093.7,1,,109.37,
CLM-20107,2025-10-27,Franchise_FL_04,Dehumidifier Rental,2.0,,285.28,1,142.64,,
CLM-51744,02/05/2025,Franchise_NY_12,Antimicrobial Treatment,,844.62,562.83,0,,$60.33,14.0
CLM-38178,2025-04-04,Franchise_FL_04,Drywall Repair,34.0,791.18,791.18,1,23.27,,
CLM-89628,10/16/2025,Franchise_NY_12,Drywall Repair,,558.9,460.85,0,,$111.78,5.0
CLM-72709,"November 24, 2025",Franchise_TX_01,Baseboard Replacement,14.0,505.4,400.65,0,,36.1,
CLM-96985,2025-02-12,Franchise_FL_04,Dehumidifier Rental,10.0,239.0,239.0,1,23.9,,
CLM-31244,"January 07, 2025",Franchise_TX_01,Antimicrobial Treatment,7.0,703.22,703.22,1,,100.46,
CLM-28088,2025-06-15,Franchise_FL_04,Drywall Repair,39.0,2500.29,2500.29,1,64.11,,
CLM-47943,2025-10-30,Franchise_FL_04,Antimicrobial Treatment,44.0,2066.24,2066.24,1,46.96,,
CLM-57432,"October 04, 2025",Franchise_TX_01,Antimicrobial Treatment,44.0,4836.04,4836.04,1,,109.91,
CLM-74927,"April 27, 2025",Franchise_TX_01,Antimicrobial Treatment,14.0,534.52,534.52,1,,38.18,
CLM-65709,05/27/2025,Franchise_NY_12,Drywall Repair,,2581.88,2581.88,1,,$92.21,28.0
CLM-71675,"February 21, 2025",Franchise_TX_01,Antimicrobial Treatment,5.0,485.35,485.35,1,,97.07,
CLM-89249,2025-04-23,Franchise_FL_04,Baseboard Replacement,37.0,3406.96,2383.17,0,92.08,,
CLM-83064,2025-11-03,Franchise_FL_04,Dehumidifier Rental,8.0,887.2,758.01,0,110.9,,
CLM-69174,08/16/2025,Franchise_NY_12,Dehumidifier Rental,,901.53,901.53,1,,$100.17,9.0
CLM-88863,"July 01, 2025",Franchise_TX_01,Antimicrobial Treatment,33.0,3809.19,3809.19,1,,115.43,
CLM-17940,"October 29, 2025",Franchise_TX_01,Water Extraction,29.0,2518.65,2518.65,1,,86.85,
CLM-20363,"November 05, 2025",Franchise_TX_01,Drywall Repair,29.0,3836.12,3836.12,1,,132.28,
CLM-69372,2025-07-07,Franchise_FL_04,Water Extraction,14.0,886.48,886.48,1,63.32,,
CLM-13501,"April 04, 2025",Franchise_TX_01,Drywall Repair,48.0,6467.52,4131.56,0,,134.74,
CLM-57170,05/27/2025,Franchise_NY_12,Baseboard Replacement,,2369.0,2369.0,1,,$51.5,46.0
CLM-56447,"October 24, 2025",Franchise_TX_01,Dehumidifier Rental,27.0,2361.15,2361.15,1,,87.45,
CLM-56592,03/26/2025,Franchise_NY_12,Drywall Repair,,5434.34,5434.34,1,,$126.38,43.0
CLM-65275,"October 24, 2025",Franchise_TX_01,Antimicrobial Treatment,29.0,2766.31,2766.31,1,,95.39,
CLM-23837,2025-05-14,Franchise_FL_04,Dehumidifier Rental,16.0,1346.4,1346.4,1,84.15,,
CLM-32584,"March 01, 2025",Franchise_TX_01,Dehumidifier Rental,32.0,1405.12,1405.12,1,,43.91,
CLM-66708,2025-06-20,Franchise_FL_04,Dehumidifier Rental,16.0,908.96,804.73,0,56.81,,
CLM-12316,02/06/2025,Franchise_NY_12,Antimicrobial Treatment,,1634.0,1634.0,1,,$32.68,50.0
CLM-56234,"February 03, 2025",Franchise_TX_01,Antimicrobial Treatment,6.0,261.96,261.96,1,,43.66,
CLM-64754,2025-10-15,Franchise_FL_04,Water Extraction,42.0,5053.44,5053.44,1,120.32,,
CLM-75734,"October 16, 2025",Franchise_TX_01,Baseboard Replacement,30.0,522.3,522.3,1,,17.41,
CLM-67040,2025-07-17,Franchise_FL_04,Dehumidifier Rental,47.0,1375.22,654.99,0,29.26,,
CLM-37068,2025-01-11,Franchise_FL_04,Water Extraction,17.0,2416.38,1664.8,0,142.14,,
CLM-24055,2025-07-26,Franchise_FL_04,Water Extraction,17.0,1729.58,1729.58,1,101.74,,
CLM-68614,12/29/2025,Franchise_NY_12,Dehumidifier Rental,,1625.58,1625.58,1,,$49.26,33.0
CLM-37164,2025-09-23,Franchise_FL_04,Drywall Repair,48.0,2001.6,2001.6,1,41.7,,
CLM-24973,"May 26, 2025",Franchise_TX_01,Water Extraction,23.0,600.07,600.07,1,,26.09,
CLM-80432,11/11/2025,Franchise_NY_12,Water Extraction,,1385.06,1199.48,0,,$60.22,23.0
CLM-67709,"March 11, 2025",Franchise_TX_01,Dehumidifier Rental - MISC,13.0,1069.25,1069.25,1,,82.25,
CLM-17908,"June 22, 2025",Franchise_TX_01,Dehumidifier Rental,6.0,306.12,140.0,0,,51.02,
CLM-42036,2025-10-06,Franchise_FL_04,Antimicrobial Treatment,46.0,1391.96,660.35,0,30.26,,
CLM-95972,2025-04-01,Franchise_FL_04,Water Extraction,23.0,1238.09,1238.09,1,53.83,,
CLM-11555,04/20/2025,Franchise_NY_12,Baseboard Replacement,,2107.95,2107.95,1,,$91.65,23.0
CLM-85033,07/30/2025,Franchise_NY_12,Baseboard Replacement,,1301.76,923.8,0,,$144.64,9.0
CLM-99380,"December 06, 2025",Franchise_TX_01,Antimicrobial Treatment - MISC,12.0,1337.16,593.01,0,,111.43,
CLM-32917,2025-09-15,Franchise_FL_04,Drywall Repair,49.0,2341.22,1230.65,0,47.78,,
CLM-71458,"November 30, 2025",Franchise_TX_01,Drywall Repair - MISC,28.0,837.76,593.32,0,,29.92,
CLM-68815,"May 22, 2025",Franchise_TX_01,Water Extraction,7.0,436.31,436.31,1,,62.33,
CLM-78223,2025-05-03,Franchise_FL_04,Baseboard Replacement,29.0,1370.83,569.69,0,47.27,,
CLM-52312,2025-04-13,Franchise_FL_04,Drywall Repair,39.0,1630.98,1630.98,1,41.82,,
CLM-80706,"April 06, 2025",Franchise_TX_01,Baseboard Replacement,21.0,1329.51,970.35,0,,63.31,
CLM-30799,"October 29, 2025",Franchise_TX_01,Water Extraction,19.0,299.25,250.31,0,,15.75,
CLM-70302,2025-08-13,Franchise_FL_04,Dehumidifier Rental,30.0,878.7,590.28,0,29.29,,
CLM-80026,"January 10, 2025",Franchise_TX_01,Baseboard Replacement,25.0,1822.0,1822.0,1,,72.88,
CLM-39558,"December 31, 2025",Franchise_TX_01,Baseboard Replacement,39.0,3796.26,3796.26,1,,97.34,
CLM-74647,"April 28, 2025",Franchise_TX_01,Water Extraction,29.0,1658.22,1658.22,1,,57.18,
CLM-54776,2025-03-03,Franchise_FL_04,Antimicrobial Treatment,9.0,871.2,624.41,0,96.8,,
CLM-27315,2025-05-06,Franchise_FL_04,Dehumidifier Rental,45.0,3088.35,1356.35,0,68.63,,
CLM-77548,05/01/2025,Franchise_NY_12,Baseboard Replacement,,92.08,92.08,1,,$92.08,1.0
CLM-96853,"August 13, 2025",Franchise_TX_01,Drywall Repair,2.0,117.16,74.31,0,,58.58,
CLM-71098,2025-09-15,Franchise_FL_04,Water Extraction,22.0,1643.84,1643.84,1,74.72,,
CLM-58002,2025-08-27,Franchise_FL_04,Drywall Repair,25.0,,1503.25,1,60.13,,
CLM-83456,01/19/2025,Franchise_NY_12,Baseboard Replacement,,6581.25,5552.43,0,,$146.25,45.0
CLM-61627,"November 16, 2025",Franchise_TX_01,Antimicrobial Treatment,48.0,1129.92,777.33,0,,23.54,
CLM-61921,"May 18, 2025",Franchise_TX_01,Water Extraction - MISC,49.0,2847.39,2387.35,0,,58.11,
CLM-58333,2025-08-01,Franchise_FL_04,Antimicrobial Treatment,16.0,1831.36,1047.68,0,114.46,,
CLM-61917,"September 10, 2025",Franchise_TX_01,Antimicrobial Treatment,13.0,1842.36,1842.36,1,,141.72,
CLM-74512,2025-11-10,Franchise_FL_04,Drywall Repair,31.0,4335.66,4335.66,1,139.86,,
CLM-44354,04/25/2025,Franchise_NY_12,Baseboard Replacement,,2665.82,2665.82,1,,$65.02,41.0
CLM-97547,02/02/2025,Franchise_NY_12,Water Extraction,,374.08,295.95,0,,$46.76,8.0
CLM-92518,2025-01-01,Franchise_FL_04,Dehumidifier Rental,20.0,1634.6,1634.6,1,81.73,,
CLM-50243,12/02/2025,Franchise_NY_12,Baseboard Replacement,,1130.24,1130.24,1,,$35.32,32.0
CLM-95800,2025-12-20,Franchise_FL_04,Antimicrobial Treatment,7.0,727.02,727.02,1,103.86,,
CLM-68667,"March 28, 2025",Franchise_TX_01,Baseboard Replacement,48.0,2476.8,2476.8,1,,51.6,
CLM-70430,"June 26, 2025",Franchise_TX_01,Water Extraction,13.0,549.25,300.62,0,,42.25,
CLM-95775,2025-06-22,Franchise_FL_04,Dehumidifier Rental,39.0,3008.85,2519.75,0,77.15,,
CLM-54510,2025-11-09,Franchise_FL_04,Drywall Repair,21.0,2805.39,2805.39,1,133.59,,
CLM-62165,"November 17, 2025",Franchise_TX_01,Antimicrobial Treatment,26.0,411.58,411.58,1,,15.83,
CLM-58624,05/31/2025,Franchise_NY_12,Antimicrobial Treatment,,5693.94,5693.94,1,,$135.57,42.0
CLM-82279,12/05/2025,Franchise_NY_12,Baseboard Replacement,,795.15,795.15,1,,$17.67,45.0
CLM-58470,"January 09, 2025",Franchise_TX_01,Baseboard Replacement,14.0,1079.26,760.25,0,,77.09,
CLM-69938,09/10/2025,Franchise_NY_12,Baseboard Replacement,,647.14,551.02,0,,$49.78,13.0
CLM-29826,11/27/2025,Franchise_NY_12,Water Extraction,,410.58,410.58,1,,$22.81,18.0
CLM-30702,"December 31, 2025",Franchise_TX_01,Drywall Repair,25.0,3293.25,2328.82,0,,131.73,
CLM-87368,2025-05-14,Franchise_FL_04,Drywall Repair,7.0,867.86,466.27,0,123.98,,
CLM-63885,2025-02-26,Franchise_FL_04,Baseboard Replacement,18.0,1182.78,1182.78,1,65.71,,
CLM-20131,01/21/2025,Franchise_NY_12,Baseboard Replacement,,1543.49,1543.49,1,,$118.73,13.0
CLM-95999,2025-11-26,Franchise_FL_04,Drywall Repair,31.0,3765.57,3765.57,1,121.47,,
CLM-99881,2025-07-30,Franchise_FL_04,Baseboard Replacement,19.0,2572.6,2572.6,1,135.4,,
CLM-68890,"September 21, 2025",Franchise_TX_01,Drywall Repair,48.0,3109.44,3109.44,1,,64.78,
CLM-66900,"May 07, 2025",Franchise_TX_01,Antimicrobial Treatment,3.0,272.31,272.31,1,,90.77,
CLM-62912,11/03/2025,Franchise_NY_12,Water Extraction,,726.05,354.28,0,,$145.21,5.0
CLM-50439,2025-11-03,Franchise_FL_04,Water Extraction,32.0,,444.9,0,23.77,,
CLM-87377,04/30/2025,Franchise_NY_12,Antimicrobial Treatment,,316.4,316.4,1,,$22.6,14.0
CLM-33531,2025-01-08,Franchise_FL_04,Antimicrobial Treatment,26.0,,3097.12,1,119.12,,
CLM-28802,2025-07-08,Franchise_FL_04,Baseboard Replacement,43.0,1207.01,520.76,0,28.07,,
CLM-21125,02/07/2025,Franchise_NY_12,Baseboard Replacement,,489.32,489.32,1,,$18.82,26.0
CLM-75391,03/20/2025,Franchise_NY_12,Dehumidifier Rental,,1429.68,1429.68,1,,$102.12,14.0
CLM-45628,"April 15, 2025",Franchise_TX_01,Dehumidifier Rental,5.0,450.2,450.2,1,,90.04,
CLM-46612,2025-07-14,Franchise_FL_04,Dehumidifier Rental,27.0,2377.08,1035.38,0,88.04,,
CLM-55389,10/19/2025,Franchise_NY_12,Antimicrobial Treatment,,5798.94,4359.16,0,,$138.07,42.0
CLM-49220,2025-05-20,Franchise_FL_04,Drywall Repair,41.0,5515.73,5515.73,1,134.53,,
CLM-62346,2025-04-21,Franchise_FL_04,Antimicrobial Treatment,45.0,1767.15,1080.15,0,39.27,,
CLM-61700,10/13/2025,Franchise_NY_12,Baseboard Replacement,,950.22,546.83,0,,$105.58,9.0
CLM-48350,"February 16, 2025",Franchise_TX_01,Water Extraction,35.0,1192.8,1192.8,1,,34.08,
CLM-30330,"October 27, 2025",Franchise_TX_01,Drywall Repair - MISC,46.0,771.42,771.42,1,,16.77,
CLM-13742,2025-11-29,Franchise_FL_04,Dehumidifier Rental,37.0,5477.85,2604.73,0,148.05,,
CLM-80698,2025-06-18,Franchise_FL_04,Dehumidifier Rental,46.0,2112.32,2112.32,1,45.92,,
CLM-81878,09/01/2025,Franchise_NY_12,Drywall Repair,,1091.0,1091.0,1,,$43.64,25.0
CLM-81113,"June 27, 2025",Franchise_TX_01,Water Extraction,3.0,117.93,117.93,1,,39.31,
CLM-66240,"January 22, 2025",Franchise_TX_01,Antimicrobial Treatment,44.0,4869.48,4869.48,1,,110.67,
CLM-58728,01/29/2025,Franchise_NY_12,Drywall Repair,,5028.26,5028.26,1,,$147.89,34.0
CLM-42537,2025-01-03,Franchise_FL_04,Antimicrobial Treatment,7.0,,835.05,0,132.66,,
CLM-25167,"August 24, 2025",Franchise_TX_01,Water Extraction,9.0,345.24,307.27,0,,38.36,
CLM-75778,2025-01-23,Franchise_FL_04,Water Extraction,9.0,1032.12,734.01,0,114.68,,
CLM-50822,"March 29, 2025",Franchise_TX_01,Water Extraction,47.0,5016.31,2134.32,0,,106.73,
CLM-19690,"April 19, 2025",Franchise_TX_01,Dehumidifier Rental,40.0,2574.4,1767.32,0,,64.36,
CLM-86295,08/08/2025,Franchise_NY_12,Dehumidifier Rental,,1783.26,1783.26,1,,$99.07,18.0
CLM-28866,11/25/2025,Franchise_NY_12,Water Extraction,,1810.5,1810.5,1,,$72.42,25.0
CLM-60023,"March 01, 2025",Franchise_TX_01,Baseboard Replacement,15.0,1789.05,1789.05,1,,119.27,
CLM-62745,2025-11-16,Franchise_FL_04,Water Extraction,9.0,,104.04,0,26.16,,
CLM-23854,2025-11-10,Franchise_FL_04,Dehumidifier Rental,50.0,1717.0,688.78,0,34.34,,
CLM-58440,2025-12-01,Franchise_FL_04,Water Extraction,21.0,1027.53,638.9,0,48.93,,
CLM-78730,2025-11-20,Franchise_FL_04,Baseboard Replacement,1.0,140.8,103.42,0,140.8,,
CLM-95729,"December 19, 2025",Franchise_TX_01,Antimicrobial Treatment - MISC,3.0,399.84,249.98,0,,133.28,
CLM-91776,"June 12, 2025",Franchise_TX_01,Baseboard Replacement,46.0,1368.96,587.85,0,,29.76,
CLM-99646,05/17/2025,Franchise_NY_12,Drywall Repair,,2159.63,2159.63,1,,$74.47,29.0
CLM-74783,2025-11-26,Franchise_FL_04,Dehumidifier Rental,2.0,73.56,73.56,1,36.78,,
CLM-94352,2025-09-20,Franchise_FL_04,Dehumidifier Rental,45.0,2272.95,988.28,0,50.51,,
CLM-70021,2025-04-01,Franchise_FL_04,Baseboard Replacement,44.0,5193.32,5193.32,1,118.03,,
CLM-13552,12/21/2025,Franchise_NY_12,Antimicrobial Treatment,,2344.76,2344.76,1,,$106.58,22.0
CLM-36536,2025-08-07,Franchise_FL_04,Drywall Repair,19.0,2402.74,1310.79,0,126.46,,
CLM-26669,08/23/2025,Franchise_NY_12,Antimicrobial Treatment,,634.27,289.4,0,,$90.61,7.0
CLM-53199,"January 15, 2025",Franchise_TX_01,Drywall Repair,11.0,1492.15,1492.15,1,,135.65,
CLM-19370,"April 08, 2025",Franchise_TX_01,Drywall Repair,2.0,220.24,195.73,0,,110.12,
CLM-51158,"September 21, 2025",Franchise_TX_01,Drywall Repair,42.0,3730.44,3730.44,1,,88.82,
CLM-23032,12/20/2025,Franchise_NY_12,Baseboard Replacement,,1136.58,712.92,0,,$59.82,19.0
CLM-33875,2025-01-27,Franchise_FL_04,Antimicrobial Treatment,17.0,916.13,916.13,1,53.89,,
CLM-32026,11/20/2025,Franchise_NY_12,Drywall Repair,,2798.51,2798.51,1,,$147.29,19.0
CLM-82539,2025-12-14,Franchise_FL_04,Water Extraction,41.0,,2946.77,0,116.39,,
CLM-83141,06/24/2025,Franchise_NY_12,Baseboard Replacement,,4487.34,4487.34,1,,$135.98,33.0
CLM-65916,2025-07-19,Franchise_FL_04,Antimicrobial Treatment,12.0,1001.28,530.54,0,83.44,,
CLM-22533,"September 01, 2025",Franchise_TX_01,Dehumidifier Rental,29.0,2086.26,874.11,0,,71.94,
CLM-23712,08/08/2025,Franchise_NY_12,Water Extraction,,1795.32,1795.32,1,,$49.87,36.0
CLM-26250,04/11/2025,Franchise_NY_12,Baseboard Replacement,,1428.34,1168.33,0,,$42.01,34.0
CLM-13467,2025-11-27,Franchise_FL_04,Drywall Repair,40.0,5638.8,5638.8,1,140.97,,
CLM-41204,2025-08-31,Franchise_FL_04,Antimicrobial Treatment,44.0,4123.68,3111.47,0,93.72,,
CLM-32821,09/16/2025,Franchise_NY_12,Drywall Repair,,4664.16,3611.96,0,,$113.76,41.0
CLM-30857,07/11/2025,Franchise_NY_12,Dehumidifier Rental,,1028.92,588.48,0,,$35.48,29.0
CLM-35228,2025-07-23,Franchise_FL_04,Antimicrobial Treatment,41.0,5944.18,5944.18,1,144.98,,
CLM-36895,"April 21, 2025",Franchise_TX_01,Dehumidifier Rental,45.0,1095.3,1095.3,1,,24.34,
CLM-36456,10/09/2025,Franchise_NY_12,Baseboard Replacement,,3375.86,3375.86,1,,$99.29,34.0
CLM-95227,2025-01-26,Franchise_FL_04,Baseboard Replacement,4.0,583.52,383.12,0,145.88,,
CLM-94293,2025-03-16,Franchise_FL_04,Antimicrobial Treatment,33.0,4467.54,4467.54,1,135.38,,
CLM-18774,"October 04, 2025",Franchise_TX_01,Baseboard Replacement,30.0,2480.4,1604.51,0,,82.68,
CLM-88846,03/19/2025,Franchise_NY_12,Antimicrobial Treatment,,5659.27,5659.27,1,,$120.41,47.0
CLM-37964,2025-01-14,Franchise_FL_04,Dehumidifier Rental,40.0,1161.6,1161.6,1,29.04,,
CLM-22761,11/16/2025,Franchise_NY_12,Baseboard Replacement,,3065.37,3065.37,1,,$92.89,33.0
CLM-70103,10/19/2025,Franchise_NY_12,Water Extraction,,5583.06,5583.06,1,,$132.93,42.0
CLM-98732,12/25/2025,Franchise_NY_12,Water Extraction,,1610.18,666.89,0,,$73.19,22.0
CLM-63827,2025-11-20,Franchise_FL_04,Baseboard Replacement,27.0,3314.52,3314.52,1,122.76,,
CLM-21026,"September 07, 2025",Franchise_TX_01,Water Extraction,25.0,1419.25,973.54,0,,56.77,
CLM-72671,2026-01-01,Franchise_FL_04,Baseboard Replacement,20.0,604.6,604.6,1,30.23,,
CLM-87013,02/04/2025,Franchise_NY_12,Baseboard Replacement,,3662.4,3272.89,0,,$104.64,35.0
CLM-57286,2025-05-12,Franchise_FL_04,Baseboard Replacement,49.0,5251.33,2360.9,0,107.17,,
CLM-53709,10/27/2025,Franchise_NY_12,Antimicrobial Treatment,,306.04,306.04,1,,$43.72,7.0
CLM-45661,11/15/2025,Franchise_NY_12,Antimicrobial Treatment,,3174.26,3174.26,1,,$73.82,43.0
CLM-41979,"August 12, 2025",Franchise_TX_01,Baseboard Replacement,13.0,1213.03,1213.03,1,,93.31,
CLM-94685,11/07/2025,Franchise_NY_12,Water Extraction,,3456.0,3456.0,1,,$115.2,30.0
CLM-90403,02/27/2025,Franchise_NY_12,Antimicrobial Treatment,,2162.94,1684.18,0,,$55.46,39.0
CLM-99787,10/04/2025,Franchise_NY_12,Antimicrobial Treatment,,2514.6,2514.6,1,,$76.2,33.0
CLM-22649,2025-08-12,Franchise_FL_04,Drywall Repair,48.0,1538.88,1179.18,0,32.06,,
CLM-79848,"June 21, 2025",Franchise_TX_01,Antimicrobial Treatment - MISC,15.0,1262.4,1262.4,1,,84.16,
CLM-17103,2025-07-06,Franchise_FL_04,Drywall Repair,48.0,,4757.28,1,99.11,,
CLM-24104,2025-06-04,Franchise_FL_04,Dehumidifier Rental,42.0,6203.82,6203.82,1,147.71,,
CLM-71268,2025-08-11,Franchise_FL_04,Drywall Repair,15.0,1319.7,1093.74,0,87.98,,
CLM-97535,2025-11-18,Franchise_FL_04,Water Extraction,42.0,702.66,702.66,1,16.73,,
CLM-99061,10/27/2025,Franchise_NY_12,Drywall Repair,,679.65,679.65,1,,$45.31,15.0
CLM-66861,11/03/2025,Franchise_NY_12,Drywall Repair,,377.64,249.69,0,,$94.41,4.0
CLM-21405,2025-09-21,Franchise_FL_04,Dehumidifier Rental,23.0,2745.51,2745.51,1,119.37,,
CLM-96652,"January 27, 2025",Franchise_TX_01,Dehumidifier Rental,2.0,195.74,139.62,0,,97.87,
CLM-56486,"January 22, 2025",Franchise_TX_01,Drywall Repair,48.0,4378.56,4378.56,1,,91.22,
CLM-68241,"November 04, 2025",Franchise_TX_01,Water Extraction,3.0,118.89,78.3,0,,39.63,
CLM-39246,08/17/2025,Franchise_NY_12,Antimicrobial Treatment,,3366.72,3366.72,1,,$93.52,36.0
CLM-67581,"February 28, 2025",Franchise_TX_01,Water Extraction,28.0,2207.52,1214.37,0,,78.84,
CLM-34531,03/05/2025,Franchise_NY_12,Baseboard Replacement,,2721.18,1877.1,0,,$129.58,21.0
CLM-89249,09/14/2025,Franchise_NY_12,Antimicrobial Treatment,,2818.88,1133.01,0,,$122.56,23.0
CLM-77997,2025-11-27,Franchise_FL_04,Drywall Repair,49.0,3413.83,3413.83,1,69.67,,
CLM-63894,06/11/2025,Franchise_NY_12,Dehumidifier Rental,,2399.43,1102.78,0,,$72.71,33.0
CLM-61247,2025-01-02,Franchise_FL_04,Baseboard Replacement,34.0,2983.16,2983.16,1,87.74,,
CLM-91106,2025-08-25,Franchise_FL_04,Baseboard Replacement,23.0,,293.0,0,30.73,,
CLM-12165,2025-07-16,Franchise_FL_04,Antimicrobial Treatment,16.0,1577.12,1577.12,1,98.57,,
CLM-34815,06/16/2025,Franchise_NY_12,Antimicrobial Treatment,,826.2,826.2,1,,$82.62,10.0
CLM-54504,09/30/2025,Franchise_NY_12,Drywall Repair,,2566.8,1208.27,0,,$82.8,31.0
CLM-31782,2025-07-13,Franchise_FL_04,Baseboard Replacement,1.0,72.67,56.08,0,72.67,,
CLM-14752,"April 09, 2025",Franchise_TX_01,Water Extraction,22.0,1599.4,734.8,0,,72.7,
CLM-13444,2025-01-28,Franchise_FL_04,Water Extraction,29.0,1360.97,1020.29,0,46.93,,
CLM-88225,2025-09-23,Franchise_FL_04,Drywall Repair,5.0,119.15,85.39,0,23.83,,
CLM-26449,08/26/2025,Franchise_NY_12,Dehumidifier Rental,,955.76,615.92,0,,$119.47,8.0
CLM-16385,2025-08-30,Franchise_FL_04,Drywall Repair,13.0,344.37,248.63,0,26.49,,
CLM-48622,"March 07, 2025",Franchise_TX_01,Water Extraction,1.0,141.4,90.42,0,,141.4,
CLM-42871,07/15/2025,Franchise_NY_12,Antimicrobial Treatment,,3292.5,3292.5,1,,$109.75,30.0
CLM-71131,"November 17, 2025",Franchise_TX_01,Baseboard Replacement - MISC,44.0,733.48,581.12,0,,16.67,
CLM-19188,2025-04-25,Franchise_FL_04,Baseboard Replacement,19.0,,1541.09,1,81.11,,
CLM-31432,11/20/2025,Franchise_NY_12,Antimicrobial Treatment,,922.26,922.26,1,,$24.27,38.0
CLM-79788,08/19/2025,Franchise_NY_12,Drywall Repair,,5031.32,4072.83,0,,$147.98,34.0
CLM-88878,"September 01, 2025",Franchise_TX_01,Dehumidifier Rental,41.0,3000.79,1974.03,0,,73.19,
CLM-59981,03/16/2025,Franchise_NY_12,Baseboard Replacement,,5895.3,5895.3,1,,$137.1,43.0
CLM-53451,"July 14, 2025",Franchise_TX_01,Water Extraction,39.0,3473.73,3473.73,1,,89.07,
CLM-11601,"December 01, 2025",Franchise_TX_01,Drywall Repair,46.0,6862.74,6862.74,1,,149.19,
CLM-62121,"November 02, 2025",Franchise_TX_01,Dehumidifier Rental,25.0,2705.75,2705.75,1,,108.23,
CLM-61747,2025-09-12,Franchise_FL_04,Antimicrobial Treatment,24.0,2639.04,2639.04,1,109.96,,
CLM-73296,"July 31, 2025",Franchise_TX_01,Water Extraction,10.0,1182.0,1182.0,1,,118.2,
CLM-31145,05/13/2025,Franchise_NY_12,Dehumidifier Rental,,251.86,221.04,0,,$17.99,14.0
CLM-96835,02/06/2025,Franchise_NY_12,Water Extraction,,471.06,471.06,1,,$52.34,9.0
CLM-79614,12/05/2025,Franchise_NY_12,Antimicrobial Treatment,,1302.0,1302.0,1,,$62.0,21.0
CLM-85326,"January 29, 2025",Franchise_TX_01,Antimicrobial Treatment,47.0,5863.72,5863.72,1,,124.76,
CLM-69446,"January 17, 2025",Franchise_TX_01,Drywall Repair,9.0,642.51,387.69,0,,71.39,
CLM-20425,"October 30, 2025",Franchise_TX_01,Antimicrobial Treatment,10.0,1118.4,595.5,0,,111.84,
CLM-54442,2025-03-28,Franchise_FL_04,Water Extraction,17.0,784.89,439.69,0,46.17,,
CLM-97838,"March 08, 2025",Franchise_TX_01,Drywall Repair,14.0,2048.06,2048.06,1,,146.29,
CLM-53913,"November 19, 2025",Franchise_TX_01,Baseboard Replacement,38.0,2822.26,2436.88,0,,74.27,
CLM-83707,2025-04-30,Franchise_FL_04,Dehumidifier Rental,24.0,631.2,631.2,1,26.3,,
CLM-99699,01/23/2025,Franchise_NY_12,Water Extraction,,861.35,861.35,1,,$123.05,7.0
CLM-97119,2026-01-01,Franchise_FL_04,Antimicrobial Treatment,43.0,4177.45,1888.84,0,97.15,,
CLM-91933,2025-12-18,Franchise_FL_04,Baseboard Replacement,18.0,544.14,544.14,1,30.23,,
CLM-96372,"May 03, 2025",Franchise_TX_01,Antimicrobial Treatment,24.0,976.56,459.02,0,,40.69,
CLM-46191,2025-06-19,Franchise_FL_04,Antimicrobial Treatment,43.0,2890.46,1355.54,0,67.22,,
CLM-87941,"November 30, 2025",Franchise_TX_01,Dehumidifier Rental - MISC,23.0,990.61,990.61,1,,43.07,
CLM-56334,2025-03-18,Franchise_FL_04,Dehumidifier Rental,31.0,2374.6,2374.6,1,76.6,,
CLM-75293,07/28/2025,Franchise_NY_12,Antimicrobial Treatment,,437.58,282.64,0,,$33.66,13.0
CLM-40724,"February 24, 2025",Franchise_TX_01,Baseboard Replacement,34.0,2981.8,2278.25,0,,87.7,
CLM-71536,2025-01-01,Franchise_FL_04,Baseboard Replacement,41.0,1312.41,1158.6,0,32.01,,
CLM-10346,2025-05-12,Franchise_FL_04,Baseboard Replacement,18.0,1239.3,1239.3,1,68.85,,
CLM-56892,"April 17, 2025",Franchise_TX_01,Antimicrobial Treatment - MISC,25.0,3550.25,3550.25,1,,142.01,
CLM-83967,11/17/2025,Franchise_NY_12,Baseboard Replacement,,1609.38,1609.38,1,,$89.41,18.0
CLM-38077,2025-07-13,Franchise_FL_04,Water Extraction,37.0,3396.97,3396.97,1,91.81,,
CLM-71327,"March 23, 2025",Franchise_TX_01,Baseboard Replacement - MISC,29.0,2883.18,1774.78,0,,99.42,
CLM-89422,2025-04-26,Franchise_FL_04,Antimicrobial Treatment,44.0,4250.4,4250.4,1,96.6,,
CLM-40110,04/06/2025,Franchise_NY_12,Baseboard Replacement,,569.4,569.4,1,,$21.9,26.0
CLM-78020,05/16/2025,Franchise_NY_12,Water Extraction,,77.98,60.01,0,,$38.99,2.0
CLM-24823,2025-10-16,Franchise_FL_04,Dehumidifier Rental,36.0,542.88,542.88,1,15.08,,
CLM-72394,"September 27, 2025",Franchise_TX_01,Water Extraction,27.0,2647.62,2647.62,1,,98.06,
CLM-73590,10/30/2025,Franchise_NY_12,Water Extraction,,2089.16,2089.16,1,,$72.04,29.0
CLM-99909,08/22/2025,Franchise_NY_12,Baseboard Replacement,,1031.66,1031.66,1,,$73.69,14.0
CLM-22829,08/30/2025,Franchise_NY_12,Dehumidifier Rental,,5567.21,5567.21,1,,$129.47,43.0
CLM-18282,01/13/2025,Franchise_NY_12,Dehumidifier Rental,,2078.58,2078.58,1,,$49.49,42.0
CLM-72988,2025-12-15,Franchise_FL_04,Antimicrobial Treatment,24.0,821.28,377.5,0,34.22,,
CLM-76265,2025-11-20,Franchise_FL_04,Baseboard Replacement,31.0,622.48,253.91,0,20.08,,
CLM-20976,"March 18, 2025",Franchise_TX_01,Baseboard Replacement,33.0,3249.84,3249.84,1,,98.48,
CLM-37305,11/15/2025,Franchise_NY_12,Baseboard Replacement,,4250.53,2024.32,0,,$146.57,29.0
CLM-50504,2025-11-19,Franchise_FL_04,Baseboard Replacement,42.0,752.22,752.22,1,17.91,,
CLM-45087,2025-02-25,Franchise_FL_04,Dehumidifier Rental,20.0,1270.4,1270.4,1,63.52,,
CLM-81543,"July 30, 2025",Franchise_TX_01,Dehumidifier Rental,1.0,38.32,38.32,1,,38.32,
CLM-77299,01/29/2025,Franchise_NY_12,Antimicrobial Treatment,,4279.18,4279.18,1,,$112.61,38.0
CLM-80434,2025-07-30,Franchise_FL_04,Dehumidifier Rental,24.0,3377.04,3377.04,1,140.71,,
CLM-82611,2025-12-12,Franchise_FL_04,Dehumidifier Rental,45.0,2544.3,2544.3,1,56.54,,
CLM-74581,"March 04, 2025",Franchise_TX_01,Dehumidifier Rental,34.0,3798.14,3798.14,1,,111.71,
CLM-65427,09/22/2025,Franchise_NY_12,Drywall Repair,,1479.0,1479.0,1,,$73.95,20.0
CLM-92544,"March 11, 2025",Franchise_TX_01,Dehumidifier Rental,15.0,927.0,927.0,1,,61.8,
CLM-13233,"June 14, 2025",Franchise_TX_01,Drywall Repair,12.0,1165.2,1165.2,1,,97.1,
CLM-43327,2025-05-31,Franchise_FL_04,Antimicrobial Treatment,29.0,3735.78,3735.78,1,128.82,,
CLM-74506,02/07/2025,Franchise_NY_12,Antimicrobial Treatment,,1150.7,776.34,0,,$31.1,37.0
CLM-57940,"April 10, 2025",Franchise_TX_01,Water Extraction,37.0,3822.1,2977.84,0,,103.3,
CLM-79497,2025-02-18,Franchise_FL_04,Drywall Repair,38.0,2837.84,2455.29,0,74.68,,
CLM-34991,2025-09-09,Franchise_FL_04,Antimicrobial Treatment,30.0,2926.5,2926.5,1,97.55,,
CLM-60572,"August 11, 2025",Franchise_TX_01,Baseboard Replacement,34.0,3246.32,1334.69,0,,95.48,
CLM-85985,2025-08-18,Franchise_FL_04,Baseboard Replacement,25.0,2950.0,2950.0,1,118.0,,
CLM-80807,07/04/2025,Franchise_NY_12,Drywall Repair,,1498.4,667.67,0,,$149.84,10.0
CLM-36791,"May 13, 2025",Franchise_TX_01,Water Extraction,45.0,3951.45,3380.82,0,,87.81,
CLM-96120,2025-08-26,Franchise_FL_04,Dehumidifier Rental,26.0,3019.12,2418.76,0,116.12,,
CLM-88322,12/19/2025,Franchise_NY_12,Drywall Repair,,36.38,36.38,1,,$18.19,2.0
CLM-52591,"August 24, 2025",Franchise_TX_01,Dehumidifier Rental,39.0,1366.56,818.31,0,,35.04,
CLM-50371,2025-03-03,Franchise_FL_04,Drywall Repair,30.0,3230.4,3230.4,1,107.68,,
CLM-30941,11/29/2025,Franchise_NY_12,Water Extraction,,1912.04,1351.96,0,,$147.08,13.0
CLM-23649,2025-04-17,Franchise_FL_04,Baseboard Replacement,41.0,2006.13,1677.76,0,48.93,,
CLM-22330,2025-07-01,Franchise_FL_04,Dehumidifier Rental,35.0,4357.15,4357.15,1,124.49,,
CLM-51800,"November 21, 2025",Franchise_TX_01,Drywall Repair - MISC,23.0,2195.12,2195.12,1,,95.44,
CLM-32800,2025-10-03,Franchise_FL_04,Water Extraction,31.0,,1075.66,0,44.53,,
CLM-22901,02/21/2025,Franchise_NY_12,Antimicrobial Treatment,,2900.6,2900.6,1,,$145.03,20.0
CLM-94316,2025-01-23,Franchise_FL_04,Dehumidifier Rental,36.0,4563.0,2059.88,0,126.75,,
CLM-81422,2025-06-02,Franchise_FL_04,Drywall Repair,33.0,4616.37,2268.48,0,139.89,,
CLM-32106,10/14/2025,Franchise_NY_12,Dehumidifier Rental,,430.08,430.08,1,,$71.68,6.0
CLM-30698,"September 07, 2025",Franchise_TX_01,Dehumidifier Rental,39.0,3794.31,3794.31,1,,97.29,
CLM-28231,"April 28, 2025",Franchise_TX_01,Antimicrobial Treatment,40.0,3976.8,3106.21,0,,99.42,
CLM-92573,09/17/2025,Franchise_NY_12,Baseboard Replacement,,1824.0,1824.0,1,,$96.0,19.0
CLM-29086,2025-04-25,Franchise_FL_04,Dehumidifier Rental,6.0,289.26,289.26,1,48.21,,
CLM-26716,2025-08-08,Franchise_FL_04,Antimicrobial Treatment,10.0,489.0,489.0,1,48.9,,
CLM-59014,"March 20, 2025",Franchise_TX_01,Baseboard Replacement,29.0,1038.49,1038.49,1,,35.81,
CLM-46597,2025-11-20,Franchise_FL_04,Drywall Repair,33.0,4848.69,2912.89,0,146.93,,
CLM-47873,2025-02-01,Franchise_FL_04,Antimicrobial Treatment,38.0,4373.04,4373.04,1,115.08,,
CLM-93398,09/13/2025,Franchise_NY_12,Dehumidifier Rental,,1874.04,1304.48,0,,$66.93,28.0
CLM-33968,2026-01-01,Franchise_FL_04,Antimicrobial Treatment,18.0,378.9,212.4,0,21.05,,
CLM-32799,"May 14, 2025",Franchise_TX_01,Baseboard Replacement - MISC,32.0,2053.44,2053.44,1,,64.17,
CLM-79931,05/30/2025,Franchise_NY_12,Water Extraction,,631.75,631.75,1,,$18.05,35.0
CLM-90948,2025-06-26,Franchise_FL_04,Drywall Repair,41.0,5142.63,2896.67,0,125.43,,
CLM-42678,09/16/2025,Franchise_NY_12,Drywall Repair,,5626.35,4948.52,0,,$125.03,45.0
CLM-86995,"January 13, 2025",Franchise_TX_01,Water Extraction,34.0,3282.02,1413.75,0,,96.53,
CLM-36838,2025-02-16,Franchise_FL_04,Drywall Repair,33.0,663.96,590.24,0,20.12,,
CLM-16190,"October 01, 2025",Franchise_TX_01,Dehumidifier Rental,42.0,5534.34,5534.34,1,,131.77,
CLM-70447,2025-02-27,Franchise_FL_04,Drywall Repair,40.0,936.4,738.86,0,23.41,,
CLM-13189,"December 28, 2025",Franchise_TX_01,Dehumidifier Rental,14.0,1528.38,1528.38,1,,109.17,
CLM-62804,"May 01, 2025",Franchise_TX_01,Drywall Repair,26.0,1165.84,1165.84,1,,44.84,
CLM-40283,2025-06-27,Franchise_FL_04,Drywall Repair,23.0,3380.77,3380.77,1,146.99,,
CLM-47704,06/27/2025,Franchise_NY_12,Antimicrobial Treatment,,1558.48,1229.1,0,,$67.76,23.0
CLM-19990,2025-06-06,Franchise_FL_04,Drywall Repair,24.0,1069.44,1069.44,1,44.56,,
CLM-44801,08/19/2025,Franchise_NY_12,Drywall Repair,,629.3,629.3,1,,$17.98,35.0
CLM-13513,2025-06-26,Franchise_FL_04,Drywall Repair,2.0,33.36,33.36,1,16.68,,
CLM-11210,2025-04-07,Franchise_FL_04,Antimicrobial Treatment,3.0,,69.93,1,23.31,,
CLM-25501,07/29/2025,Franchise_NY_12,Water Extraction,,1902.1,963.8,0,,$82.7,23.0
CLM-88355,2025-12-25,Franchise_FL_04,Dehumidifier Rental,42.0,4695.18,4695.18,1,111.79,,
CLM-43725,2025-03-21,Franchise_FL_04,Antimicrobial Treatment,24.0,2016.0,2016.0,1,84.0,,
CLM-30777,"September 04, 2025",Franchise_TX_01,Drywall Repair,15.0,1113.9,826.33,0,,74.26,
CLM-14545,"November 04, 2025",Franchise_TX_01,Dehumidifier Rental - MISC,23.0,1403.92,1403.92,1,,61.04,
CLM-19111,"March 25, 2025",Franchise_TX_01,Antimicrobial Treatment,23.0,2628.9,2628.9,1,,114.3,
CLM-54377,2025-09-30,Franchise_FL_04,Baseboard Replacement,1.0,138.09,138.09,1,138.09,,
CLM-19372,2025-07-05,Franchise_FL_04,Antimicrobial Treatment,1.0,105.44,105.44,1,105.44,,
CLM-78320,12/26/2025,Franchise_NY_12,Drywall Repair,,1573.6,1106.08,0,,$56.2,28.0
CLM-25265,01/12/2025,Franchise_NY_12,Water Extraction,,2568.24,1209.94,0,,$88.56,29.0
CLM-60037,2025-08-18,Franchise_FL_04,Drywall Repair,42.0,1059.24,813.95,0,25.22,,
CLM-50450,02/12/2025,Franchise_NY_12,Drywall Repair,,246.24,246.24,1,,$15.39,16.0
CLM-76107,2025-03-08,Franchise_FL_04,Drywall Repair,9.0,525.6,428.77,0,58.4,,
CLM-48827,"December 07, 2025",Franchise_TX_01,Dehumidifier Rental,42.0,2131.92,1476.48,0,,50.76,
CLM-20629,"January 28, 2025",Franchise_TX_01,Antimicrobial Treatment,14.0,1587.32,1587.32,1,,113.38,
CLM-67515,05/17/2025,Franchise_NY_12,Water Extraction,,1419.5,662.29,0,,$28.39,50.0
CLM-73668,07/27/2025,Franchise_NY_12,Water Extraction,,1001.43,1001.43,1,,$111.27,9.0
CLM-58729,2025-03-24,Franchise_FL_04,Antimicrobial Treatment,30.0,,2124.9,1,70.83,,
CLM-92279,09/08/2025,Franchise_NY_12,Antimicrobial Treatment,,5532.8,4952.15,0,,$138.32,40.0
CLM-10210,08/22/2025,Franchise_NY_12,Antimicrobial Treatment,,1144.25,1144.25,1,,$49.75,23.0
CLM-20985,"January 14, 2025",Franchise_TX_01,Drywall Repair - MISC,18.0,1200.06,1020.11,0,,66.67,
CLM-66431,"December 26, 2025",Franchise_TX_01,Baseboard Replacement,31.0,4227.47,2029.42,0,,136.37,
CLM-85240,2025-11-07,Franchise_FL_04,Dehumidifier Rental,27.0,1234.44,1234.44,1,45.72,,
CLM-19056,12/07/2025,Franchise_NY_12,Water Extraction,,1021.2,1021.2,1,,$85.1,12.0
CLM-81113,07/15/2025,Franchise_NY_12,Dehumidifier Rental,,655.18,509.75,0,,$38.54,17.0
CLM-79446,"October 31, 2025",Franchise_TX_01,Antimicrobial Treatment,37.0,3647.46,3647.46,1,,98.58,
CLM-62784,02/13/2025,Franchise_NY_12,Baseboard Replacement,,1072.0,717.87,0,,$21.44,50.0
CLM-83113,2025-01-23,Franchise_FL_04,Water Extraction,12.0,1391.88,1006.16,0,115.99,,
CLM-12086,03/07/2025,Franchise_NY_12,Drywall Repair,,1065.14,1065.14,1,,$56.06,19.0
CLM-65277,2025-01-25,Franchise_FL_04,Water Extraction,24.0,891.12,707.9,0,37.13,,
CLM-93330,05/19/2025,Franchise_NY_12,Dehumidifier Rental,,1812.25,1812.25,1,,$72.49,25.0
CLM-39454,07/17/2025,Franchise_NY_12,Dehumidifier Rental,,4598.42,4598.42,1,,$106.94,43.0
CLM-88554,2025-07-25,Franchise_FL_04,Antimicrobial Treatment,8.0,,1110.64,1,138.83,,
CLM-41187,"May 25, 2025",Franchise_TX_01,Baseboard Replacement,6.0,780.3,344.48,0,,130.05,
CLM-49689,"July 03, 2025",Franchise_TX_01,Drywall Repair - MISC,15.0,2019.9,1290.93,0,,134.66,
CLM-37837,"April 16, 2025",Franchise_TX_01,Drywall Repair,18.0,2418.3,2418.3,1,,134.35,
CLM-27999,2025-02-11,Franchise_FL_04,Dehumidifier Rental,22.0,2279.42,2279.42,1,103.61,,
CLM-20981,2025-07-02,Franchise_FL_04,Antimicrobial Treatment,31.0,4274.59,2939.48,0,137.89,,
CLM-19759,2025-01-22,Franchise_FL_04,Dehumidifier Rental,21.0,1444.38,1444.38,1,68.78,,
CLM-10261,11/04/2025,Franchise_NY_12,Baseboard Replacement,,2956.59,2956.59,1,,$75.81,39.0
CLM-11897,2025-07-22,Franchise_FL_04,Antimicrobial Treatment,30.0,1005.6,620.71,0,33.52,,
CLM-82746,02/20/2025,Franchise_NY_12,Baseboard Replacement,,347.97,347.97,1,,$49.71,7.0
CLM-72712,2025-05-14,Franchise_FL_04,Drywall Repair,48.0,944.64,686.23,0,19.68,,
CLM-69654,2025-05-21,Franchise_FL_04,Dehumidifier Rental,34.0,764.32,764.32,1,22.48,,
CLM-30222,"May 20, 2025",Franchise_TX_01,Antimicrobial Treatment - MISC,38.0,1939.52,906.13,0,,51.04,
CLM-60287,2025-09-14,Franchise_FL_04,Water Extraction,31.0,,1659.97,0,90.7,,
CLM-27407,09/18/2025,Franchise_NY_12,Antimicrobial Treatment,,1428.0,1428.0,1,,$34.0,42.0
CLM-26328,09/25/2025,Franchise_NY_12,Antimicrobial Treatment,,781.08,781.08,1,,$130.18,6.0
CLM-75234,11/17/2025,Franchise_NY_12,Drywall Repair,,2611.08,2042.91,0,,$145.06,18.0
CLM-62721,2025-05-12,Franchise_FL_04,Baseboard Replacement,20.0,959.2,959.2,1,47.96,,
CLM-67942,2025-03-20,Franchise_FL_04,Antimicrobial Treatment,46.0,1403.92,1403.92,1,30.52,,
CLM-46669,2025-11-21,Franchise_FL_04,Antimicrobial Treatment,23.0,3448.62,3448.62,1,149.94,,
CLM-34541,"March 09, 2025",Franchise_TX_01,Water Extraction,24.0,2828.64,2828.64,1,,117.86,
CLM-24953,"November 26, 2025",Franchise_TX_01,Water Extraction,27.0,1735.83,1493.27,0,,64.29,
CLM-91301,2025-06-25,Franchise_FL_04,Dehumidifier Rental,36.0,5142.6,3700.45,0,142.85,,
CLM-79396,2025-04-29,Franchise_FL_04,Baseboard Replacement,14.0,542.08,542.08,1,38.72,,
CLM-52912,2025-08-07,Franchise_FL_04,Dehumidifier Rental,48.0,5185.92,5185.92,1,108.04,,
CLM-25662,2025-05-01,Franchise_FL_04,Drywall Repair,8.0,1088.56,591.32,0,136.07,,
CLM-24991,2025-10-03,Franchise_FL_04,Water Extraction,31.0,3266.78,3266.78,1,105.38,,
CLM-71058,"September 26, 2025",Franchise_TX_01,Water Extraction,30.0,2666.1,2666.1,1,,88.87,
CLM-46193,"May 23, 2025",Franchise_TX_01,Drywall Repair,13.0,1150.37,503.23,0,,88.49,
CLM-66924,2025-11-13,Franchise_FL_04,Drywall Repair,28.0,2410.24,2410.24,1,86.08,,
CLM-11573,07/14/2025,Franchise_NY_12,Dehumidifier Rental,,2245.7,2245.7,1,,$66.05,34.0
CLM-69716,"July 18, 2025",Franchise_TX_01,Water Extraction,48.0,5469.6,5469.6,1,,113.95,
CLM-23739,"July 31, 2025",Franchise_TX_01,Baseboard Replacement,15.0,1769.85,1769.85,1,,117.99,
CLM-43316,10/22/2025,Franchise_NY_12,Antimicrobial Treatment,,87.4,87.4,1,,$87.4,1.0
CLM-36186,"April 14, 2025",Franchise_TX_01,Baseboard Replacement,17.0,707.2,707.2,1,,41.6,
CLM-42394,2025-10-06,Franchise_FL_04,Antimicrobial Treatment,14.0,918.68,918.68,1,65.62,,
CLM-56273,"July 27, 2025",Franchise_TX_01,Water Extraction,6.0,219.96,219.96,1,,36.66,
CLM-41661,"December 15, 2025",Franchise_TX_01,Drywall Repair,13.0,561.99,438.35,0,,43.23,
CLM-70474,"March 09, 2025",Franchise_TX_01,Drywall Repair,23.0,1142.87,537.9,0,,49.69,
CLM-11804,2025-12-31,Franchise_FL_04,Water Extraction,3.0,184.41,184.41,1,61.47,,
CLM-46960,08/22/2025,Franchise_NY_12,Antimicrobial Treatment,,1305.48,1305.48,1,,$28.38,46.0
CLM-84784,05/20/2025,Franchise_NY_12,Drywall Repair,,1971.0,1971.0,1,,$109.5,18.0
CLM-62804,10/07/2025,Franchise_NY_12,Water Extraction,,277.56,200.66,0,,$92.52,3.0
CLM-72667,"July 11, 2025",Franchise_TX_01,Antimicrobial Treatment,18.0,350.64,350.64,1,,19.48,
CLM-46327,11/25/2025,Franchise_NY_12,Drywall Repair,,457.96,457.96,1,,$114.49,4.0
CLM-25329,2025-08-29,Franchise_FL_04,Water Extraction,26.0,3205.28,2216.48,0,123.28,,
CLM-39354,2025-09-21,Franchise_FL_04,Drywall Repair,14.0,416.78,416.78,1,29.77,,
CLM-58318,10/20/2025,Franchise_NY_12,Dehumidifier Rental,,2088.9,2088.9,1,,$69.63,30.0
CLM-95512,"October 26, 2025",Franchise_TX_01,Baseboard Replacement,43.0,2412.73,2412.73,1,,56.11,
CLM-55222,"June 24, 2025",Franchise_TX_01,Drywall Repair,25.0,934.75,427.79,0,,37.39,
CLM-46459,"July 29, 2025",Franchise_TX_01,Baseboard Replacement,6.0,184.38,184.38,1,,30.73,
CLM-14040,2025-05-27,Franchise_FL_04,Antimicrobial Treatment,6.0,152.34,99.01,0,25.39,,
CLM-12357,2025-06-08,Franchise_FL_04,Dehumidifier Rental,17.0,942.65,576.38,0,55.45,,
CLM-31671,09/10/2025,Franchise_NY_12,Baseboard Replacement,,2495.0,2107.03,0,,$124.75,20.0
CLM-94781,"October 31, 2025",Franchise_TX_01,Dehumidifier Rental,3.0,289.35,208.81,0,,96.45,
CLM-69667,"November 30, 2025",Franchise_TX_01,Antimicrobial Treatment,4.0,98.8,98.8,1,,24.7,
CLM-69934,02/21/2025,Franchise_NY_12,Dehumidifier Rental,,1150.56,716.65,0,,$24.48,47.0
CLM-56125,"April 19, 2025",Franchise_TX_01,Dehumidifier Rental,50.0,7395.0,6143.1,0,,147.9,
CLM-44341,"January 11, 2025",Franchise_TX_01,Drywall Repair,8.0,993.84,537.23,0,,124.23,
CLM-88896,2025-08-04,Franchise_FL_04,Baseboard Replacement,36.0,4754.88,3502.29,0,132.08,,
CLM-90562,"June 23, 2025",Franchise_TX_01,Drywall Repair,13.0,510.77,304.48,0,,39.29,
CLM-19352,"November 02, 2025",Franchise_TX_01,Dehumidifier Rental,40.0,5902.8,3516.67,0,,147.57,
CLM-13624,"June 25, 2025",Franchise_TX_01,Antimicrobial Treatment,28.0,3116.12,3116.12,1,,111.29,
CLM-59259,2025-02-22,Franchise_FL_04,Antimicrobial Treatment,21.0,1338.75,1338.75,1,63.75,,
CLM-28946,2025-01-29,Franchise_FL_04,Water Extraction,35.0,1475.6,823.11,0,42.16,,
CLM-97359,"May 17, 2025",Franchise_TX_01,Antimicrobial Treatment,3.0,45.18,45.18,1,,15.06,
CLM-27764,"July 07, 2025",Franchise_TX_01,Water Extraction,13.0,706.94,582.99,0,,54.38,
CLM-22107,11/06/2025,Franchise_NY_12,Drywall Repair,,270.79,270.79,1,,$20.83,13.0
CLM-17655,2025-01-14,Franchise_FL_04,Dehumidifier Rental,25.0,741.75,741.75,1,29.67,,
CLM-57170,2025-01-26,Franchise_FL_04,Baseboard Replacement,29.0,2413.38,2413.38,1,83.22,,
CLM-11779,07/13/2025,Franchise_NY_12,Antimicrobial Treatment,,1117.11,1117.11,1,,$48.57,23.0
CLM-88512,2025-11-13,Franchise_FL_04,Water Extraction,10.0,948.9,543.79,0,94.89,,
CLM-73968,"June 07, 2025",Franchise_TX_01,Dehumidifier Rental,5.0,305.6,305.6,1,,61.12,
CLM-26121,"October 05, 2025",Franchise_TX_01,Drywall Repair,23.0,1022.81,1022.81,1,,44.47,
CLM-26376,08/08/2025,Franchise_NY_12,Dehumidifier Rental,,5467.86,5467.86,1,,$147.78,37.0
CLM-29623,10/21/2025,Franchise_NY_12,Baseboard Replacement,,704.22,354.18,0,,$64.02,11.0
CLM-30481,"July 11, 2025",Franchise_TX_01,Dehumidifier Rental,3.0,306.27,232.46,0,,102.09,
CLM-40420,01/01/2025,Franchise_NY_12,Antimicrobial Treatment,,2675.05,1585.54,0,,$76.43,35.0
CLM-53211,08/21/2025,Franchise_NY_12,Water Extraction,,3435.6,1522.97,0,,$85.89,40.0
CLM-10182,05/28/2025,Franchise_NY_12,Antimicrobial Treatment,,1704.6,1123.76,0,,$85.23,20.0
CLM-56861,"January 06, 2025",Franchise_TX_01,Antimicrobial Treatment,3.0,79.89,69.26,0,,26.63,
CLM-41795,09/11/2025,Franchise_NY_12,Water Extraction,,1227.05,809.73,0,,$111.55,11.0
CLM-93778,"August 17, 2025",Franchise_TX_01,Water Extraction - MISC,20.0,2775.0,1797.07,0,,138.75,
CLM-56185,"July 26, 2025",Franchise_TX_01,Drywall Repair,47.0,3082.73,1946.65,0,,65.59,
CLM-83719,"February 28, 2025",Franchise_TX_01,Antimicrobial Treatment - MISC,32.0,2880.64,1330.38,0,,90.02,
CLM-53870,08/12/2025,Franchise_NY_12,Antimicrobial Treatment,,4491.43,4491.43,1,,$121.39,37.0
CLM-78699,"May 22, 2025",Franchise_TX_01,Water Extraction,3.0,265.23,145.23,0,,88.41,
CLM-99717,2025-03-29,Franchise_FL_04,Water Extraction,36.0,2993.4,2111.3,0,83.15,,
CLM-67733,02/20/2025,Franchise_NY_12,Antimicrobial Treatment,,5296.59,4456.39,0,,$135.81,39.0
CLM-50055,"March 02, 2025",Franchise_TX_01,Baseboard Replacement,50.0,6075.5,6075.5,1,,121.51,
CLM-28208,06/10/2025,Franchise_NY_12,Dehumidifier Rental,,2844.03,2844.03,1,,$135.43,21.0
CLM-65835,"December 07, 2025",Franchise_TX_01,Antimicrobial Treatment - MISC,47.0,7024.15,2822.98,0,,149.45,
CLM-73198,"November 26, 2025",Franchise_TX_01,Antimicrobial Treatment - MISC,25.0,1714.25,1714.25,1,,68.57,
CLM-23424,2025-05-18,Franchise_FL_04,Dehumidifier Rental,46.0,1473.38,635.03,0,32.03,,
CLM-35805,01/08/2025,Franchise_NY_12,Drywall Repair,,588.88,588.88,1,,$73.61,8.0
CLM-44342,2025-04-27,Franchise_FL_04,Baseboard Replacement,36.0,2251.8,2251.8,1,62.55,,
CLM-85279,2025-09-25,Franchise_FL_04,Water Extraction,18.0,415.08,415.08,1,23.06,,
CLM-49500,"November 26, 2025",Franchise_TX_01,Dehumidifier Rental - MISC,34.0,4802.5,4802.5,1,,141.25,
CLM-45564,2025-12-05,Franchise_FL_04,Water Extraction,46.0,5954.7,5954.7,1,129.45,,
CLM-72534,"July 31, 2025",Franchise_TX_01,Antimicrobial Treatment,46.0,3200.22,3200.22,1,,69.57,
CLM-80937,"January 09, 2025",Franchise_TX_01,Water Extraction,48.0,4171.68,2072.12,0,,86.91,
CLM-97086,"August 27, 2025",Franchise_TX_01,Water Extraction,5.0,251.7,130.1,0,,50.34,
CLM-82566,2025-05-12,Franchise_FL_04,Water Extraction,45.0,6074.1,6074.1,1,134.98,,
CLM-54827,08/31/2025,Franchise_NY_12,Water Extraction,,2100.8,1637.36,0,,$80.8,26.0
CLM-82803,2025-02-13,Franchise_FL_04,Drywall Repair,25.0,2787.25,1142.75,0,111.49,,
CLM-62449,2025-06-23,Franchise_FL_04,Water Extraction,45.0,3446.1,3446.1,1,76.58,,
CLM-54163,"June 28, 2025",Franchise_TX_01,Drywall Repair,49.0,3210.48,3210.48,1,,65.52,
CLM-41606,02/02/2025,Franchise_NY_12,Antimicrobial Treatment,,1614.2,1614.2,1,,$80.71,20.0
CLM-29494,2025-11-16,Franchise_FL_04,Water Extraction,47.0,,1100.27,1,23.41,,
CLM-48754,12/02/2025,Franchise_NY_12,Dehumidifier Rental,,2357.05,2357.05,1,,$50.15,47.0
CLM-87966,09/23/2025,Franchise_NY_12,Water Extraction,,6506.28,3852.58,0,,$147.87,44.0
CLM-83507,2025-09-18,Franchise_FL_04,Baseboard Replacement,45.0,2420.55,1570.2,0,53.79,,
CLM-20876,"November 13, 2025",Franchise_TX_01,Antimicrobial Treatment,22.0,549.12,549.12,1,,24.96,
CLM-57802,2025-02-11,Franchise_FL_04,Drywall Repair,48.0,2525.28,2525.28,1,52.61,,
CLM-81193,2025-02-13,Franchise_FL_04,Drywall Repair,47.0,3576.7,3576.7,1,76.1,,
CLM-35124,"October 06, 2025",Franchise_TX_01,Drywall Repair,46.0,4447.74,4447.74,1,,96.69,
CLM-27285,11/12/2025,Franchise_NY_12,Water Extraction,,351.63,164.74,0,,$39.07,9.0
CLM-61952,10/27/2025,Franchise_NY_12,Antimicrobial Treatment,,1313.51,640.25,0,,$119.41,11.0
CLM-69352,"February 06, 2025",Franchise_TX_01,Dehumidifier Rental,34.0,4954.48,4954.48,1,,145.72,
CLM-62960,"September 28, 2025",Franchise_TX_01,Baseboard Replacement,11.0,473.0,376.11,0,,43.0,
CLM-73573,03/08/2025,Franchise_NY_12,Water Extraction,,52.34,52.34,1,,$52.34,1.0
CLM-63970,2025-05-04,Franchise_FL_04,Baseboard Replacement,9.0,266.4,266.4,1,29.6,,
CLM-96928,2025-11-20,Franchise_FL_04,Water Extraction,10.0,784.7,400.68,0,78.47,,
CLM-67906,12/27/2025,Franchise_NY_12,Baseboard Replacement,,3665.75,3665.75,1,,$85.25,43.0
CLM-48693,2025-01-22,Franchise_FL_04,Baseboard Replacement,32.0,3350.72,2791.24,0,104.71,,
CLM-86981,"January 01, 2026",Franchise_TX_01,Drywall Repair - MISC,21.0,2617.86,1177.47,0,,124.66,
CLM-24419,09/07/2025,Franchise_NY_12,Baseboard Replacement,,5172.3,5172.3,1,,$147.78,35.0
CLM-25804,2025-06-30,Franchise_FL_04,Drywall Repair,44.0,1028.72,1028.72,1,23.38,,
CLM-69052,"October 09, 2025",Franchise_TX_01,Antimicrobial Treatment,10.0,163.1,163.1,1,,16.31,
CLM-89128,12/30/2025,Franchise_NY_12,Drywall Repair,,1111.65,1111.65,1,,$74.11,15.0
CLM-48473,"June 22, 2025",Franchise_TX_01,Baseboard Replacement,9.0,834.21,738.36,0,,92.69,
CLM-63278,11/15/2025,Franchise_NY_12,Dehumidifier Rental,,4394.7,2611.66,0,,$146.49,30.0
CLM-16458,2025-11-12,Franchise_FL_04,Antimicrobial Treatment,11.0,620.18,546.31,0,56.38,,
CLM-83728,04/15/2025,Franchise_NY_12,Drywall Repair,,211.36,211.36,1,,$52.84,4.0
CLM-40230,04/29/2025,Franchise_NY_12,Dehumidifier Rental,,3589.04,2199.86,0,,$123.76,29.0
CLM-99097,2025-03-08,Franchise_FL_04,Drywall Repair,16.0,1646.08,1646.08,1,102.88,,
CLM-26086,03/17/2025,Franchise_NY_12,Drywall Repair,,1894.1,1603.03,0,,$72.85,26.0
CLM-43343,06/19/2025,Franchise_NY_12,Water Extraction,,1319.36,741.5,0,,$34.72,38.0
CLM-29761,"April 15, 2025",Franchise_TX_01,Water Extraction,34.0,979.54,799.77,0,,28.81,
CLM-78680,2025-09-10,Franchise_FL_04,Antimicrobial Treatment,48.0,7054.56,7054.56,1,146.97,,
CLM-46632,2025-12-29,Franchise_FL_04,Dehumidifier Rental,20.0,,1221.99,0,90.14,,
CLM-87802,"March 15, 2025",Franchise_TX_01,Antimicrobial Treatment - MISC,10.0,1194.0,891.81,0,,119.4,
CLM-49066,2025-05-18,Franchise_FL_04,Drywall Repair,14.0,,645.03,0,55.29,,
CLM-66616,"August 09, 2025",Franchise_TX_01,Dehumidifier Rental,9.0,988.29,443.83,0,,109.81,
CLM-93396,"March 17, 2025",Franchise_TX_01,Dehumidifier Rental,18.0,2579.58,1712.7,0,,143.31,
CLM-43452,02/23/2025,Franchise_NY_12,Drywall Repair,,3091.28,3091.28,1,,$90.92,34.0
CLM-62238,"August 20, 2025",Franchise_TX_01,Baseboard Replacement,17.0,1252.73,860.07,0,,73.69,
CLM-95874,11/26/2025,Franchise_NY_12,Water Extraction,,3280.5,2843.71,0,,$72.9,45.0
CLM-11887,2025-10-02,Franchise_FL_04,Antimicrobial Treatment,1.0,86.89,86.89,1,86.89,,
CLM-64059,2025-11-05,Franchise_FL_04,Water Extraction,29.0,788.8,404.51,0,27.2,,
CLM-70010,09/15/2025,Franchise_NY_12,Dehumidifier Rental,,694.2,694.2,1,,$115.7,6.0
CLM-16452,04/06/2025,Franchise_NY_12,Antimicrobial Treatment,,940.14,940.14,1,,$34.82,27.0
CLM-76236,"July 05, 2025",Franchise_TX_01,Dehumidifier Rental,26.0,1488.24,987.79,0,,57.24,
CLM-72129,2025-01-04,Franchise_FL_04,Dehumidifier Rental,33.0,3622.08,3622.08,1,109.76,,
CLM-38666,2025-02-06,Franchise_FL_04,Dehumidifier Rental,19.0,524.78,524.78,1,27.62,,
CLM-69640,05/27/2025,Franchise_NY_12,Drywall Repair,,466.32,466.32,1,,$38.86,12.0
CLM-84274,2025-04-16,Franchise_FL_04,Drywall Repair,3.0,54.42,34.51,0,18.14,,
CLM-38244,09/24/2025,Franchise_NY_12,Drywall Repair,,3706.0,3706.0,1,,$74.12,50.0
CLM-15323,03/25/2025,Franchise_NY_12,Water Extraction,,4167.0,4167.0,1,,$83.34,50.0
CLM-97003,12/07/2025,Franchise_NY_12,Drywall Repair,,906.32,906.32,1,,$113.29,8.0
CLM-25835,"July 05, 2025",Franchise_TX_01,Baseboard Replacement,4.0,127.72,91.4,0,,31.93,
CLM-37430,"August 31, 2025",Franchise_TX_01,Antimicrobial Treatment,38.0,699.2,337.71,0,,18.4,
CLM-55478,"February 15, 2025",Franchise_TX_01,Dehumidifier Rental,27.0,3439.53,2857.24,0,,127.39,
CLM-27134,2025-05-21,Franchise_FL_04,Antimicrobial Treatment,46.0,,3478.9,0,120.11,,
CLM-97877,"February 23, 2025",Franchise_TX_01,Antimicrobial Treatment,38.0,1886.32,1886.32,1,,49.64,
CLM-64438,"June 07, 2025",Franchise_TX_01,Antimicrobial Treatment,35.0,1183.7,1183.7,1,,33.82,
CLM-17247,05/04/2025,Franchise_NY_12,Baseboard Replacement,,1547.0,1547.0,1,,$77.35,20.0
CLM-90653,"December 04, 2025",Franchise_TX_01,Water Extraction,27.0,3728.7,3728.7,1,,138.1,
CLM-56527,"September 06, 2025",Franchise_TX_01,Antimicrobial Treatment,36.0,4452.84,4452.84,1,,123.69,
CLM-93864,"May 12, 2025",Franchise_TX_01,Water Extraction - MISC,36.0,966.6,638.15,0,,26.85,
CLM-22499,04/12/2025,Franchise_NY_12,Antimicrobial Treatment,,1435.0,1435.0,1,,$35.0,41.0
CLM-40431,"February 08, 2025",Franchise_TX_01,Antimicrobial Treatment,33.0,4578.42,4578.42,1,,138.74,
CLM-67053,"October 05, 2025",Franchise_TX_01,Antimicrobial Treatment,31.0,3807.73,2735.38,0,,122.83,
CLM-10944,08/17/2025,Franchise_NY_12,Water Extraction,,2607.99,2607.99,1,,$79.03,33.0
CLM-42739,"October 15, 2025",Franchise_TX_01,Water Extraction,4.0,525.2,355.72,0,,131.3,
CLM-25590,12/11/2025,Franchise_NY_12,Water Extraction,,2559.9,2303.48,0,,$60.95,42.0
CLM-29088,"September 25, 2025",Franchise_TX_01,Antimicrobial Treatment - MISC,35.0,1248.8,1248.8,1,,35.68,
CLM-50388,2025-04-23,Franchise_FL_04,Dehumidifier Rental,14.0,1446.48,763.94,0,103.32,,
CLM-61145,2025-10-11,Franchise_FL_04,Drywall Repair,43.0,2779.95,2779.95,1,64.65,,
CLM-29037,"July 19, 2025",Franchise_TX_01,Baseboard Replacement,50.0,2180.0,1302.26,0,,43.6,
CLM-79197,"December 26, 2025",Franchise_TX_01,Baseboard Replacement,30.0,2128.5,1479.78,0,,70.95,
CLM-92031,10/14/2025,Franchise_NY_12,Dehumidifier Rental,,2297.49,2297.49,1,,$58.91,39.0
CLM-80387,2025-03-27,Franchise_FL_04,Baseboard Replacement,48.0,6426.72,3365.17,0,133.89,,
CLM-22167,01/10/2025,Franchise_NY_12,Water Extraction,,386.9,228.77,0,,$38.69,10.0
CLM-78611,2025-12-12,Franchise_FL_04,Antimicrobial Treatment,16.0,,242.66,0,31.93,,
CLM-52608,12/30/2025,Franchise_NY_12,Water Extraction,,672.3,672.3,1,,$24.9,27.0
CLM-88103,"June 09, 2025",Franchise_TX_01,Baseboard Replacement,6.0,590.46,287.3,0,,98.41,
CLM-48342,07/29/2025,Franchise_NY_12,Water Extraction,,2634.69,2283.26,0,,$84.99,31.0
CLM-34264,02/18/2025,Franchise_NY_12,Dehumidifier Rental,,2856.0,2856.0,1,,$136.0,21.0
CLM-31860,08/02/2025,Franchise_NY_12,Water Extraction,,126.28,73.4,0,,$31.57,4.0
CLM-48606,"June 07, 2025",Franchise_TX_01,Drywall Repair,11.0,227.26,201.26,0,,20.66,
CLM-97545,2025-01-28,Franchise_FL_04,Drywall Repair,8.0,1167.52,1167.52,1,145.94,,
CLM-85568,07/25/2025,Franchise_NY_12,Water Extraction,,1106.1,697.85,0,,$36.87,30.0
CLM-41009,"July 04, 2025",Franchise_TX_01,Water Extraction,10.0,160.3,160.3,1,,16.03,
CLM-80172,10/01/2025,Franchise_NY_12,Dehumidifier Rental,,20.24,11.4,0,,$20.24,1.0
CLM-12194,2025-09-09,Franchise_FL_04,Dehumidifier Rental,32.0,,3626.07,0,134.06,,
CLM-45827,04/28/2025,Franchise_NY_12,Baseboard Replacement,,248.57,248.57,1,,$35.51,7.0
CLM-90752,"August 17, 2025",Franchise_TX_01,Drywall Repair,40.0,4008.0,4008.0,1,,100.2,
CLM-84515,2025-02-01,Franchise_FL_04,Drywall Repair,48.0,5409.12,4163.73,0,112.69,,
CLM-86284,"August 01, 2025",Franchise_TX_01,Antimicrobial Treatment,13.0,1803.75,1803.75,1,,138.75,
CLM-31337,2025-10-09,Franchise_FL_04,Baseboard Replacement,37.0,4647.2,2073.97,0,125.6,,
CLM-65851,"February 02, 2025",Franchise_TX_01,Drywall Repair,2.0,284.84,284.84,1,,142.42,
CLM-32705,06/24/2025,Franchise_NY_12,Dehumidifier Rental,,6835.68,6835.68,1,,$145.44,47.0
CLM-19109,05/26/2025,Franchise_NY_12,Baseboard Replacement,,4993.5,4993.5,1,,$99.87,50.0
CLM-81812,"December 25, 2025",Franchise_TX_01,Baseboard Replacement,50.0,6253.0,6253.0,1,,125.06,
CLM-95514,01/24/2025,Franchise_NY_12,Water Extraction,,5073.82,3738.25,0,,$149.23,34.0
CLM-94071,2025-04-02,Franchise_FL_04,Drywall Repair,34.0,2969.9,2576.53,0,87.35,,
CLM-41304,09/12/2025,Franchise_NY_12,Dehumidifier Rental,,1378.08,1230.44,0,,$41.76,33.0
CLM-41637,04/18/2025,Franchise_NY_12,Water Extraction,,2085.99,2085.99,1,,$67.29,31.0
CLM-55390,11/11/2025,Franchise_NY_12,Antimicrobial Treatment,,6250.95,6250.95,1,,$138.91,45.0
CLM-52926,2025-07-09,Franchise_FL_04,Dehumidifier Rental,9.0,238.95,165.62,0,26.55,,
CLM-91540,"July 04, 2025",Franchise_TX_01,Antimicrobial Treatment,33.0,1811.04,1811.04,1,,54.88,
CLM-67421,11/09/2025,Franchise_NY_12,Dehumidifier Rental,,129.88,129.88,1,,$32.47,4.0
CLM-84571,"September 16, 2025",Franchise_TX_01,Water Extraction,43.0,6035.91,6035.91,1,,140.37,
CLM-98164,"November 01, 2025",Franchise_TX_01,Water Extraction,22.0,590.04,379.22,0,,26.82,
CLM-34956,2025-05-10,Franchise_FL_04,Antimicrobial Treatment,44.0,4888.84,4888.84,1,111.11,,
CLM-41940,"October 22, 2025",Franchise_TX_01,Water Extraction,50.0,3127.0,3127.0,1,,62.54,
CLM-30505,12/29/2025,Franchise_NY_12,Baseboard Replacement,,783.6,783.6,1,,$97.95,8.0
CLM-31580,"June 21, 2025",Franchise_TX_01,Baseboard Replacement,31.0,3846.17,1998.91,0,,124.07,
CLM-68984,01/12/2025,Franchise_NY_12,Water Extraction,,3056.2,2578.51,0,,$82.6,37.0
CLM-33546,11/12/2025,Franchise_NY_12,Dehumidifier Rental,,982.08,476.58,0,,$89.28,11.0
CLM-77833,12/04/2025,Franchise_NY_12,Drywall Repair,,1370.34,1370.34,1,,$29.79,46.0
CLM-64868,2025-01-04,Franchise_FL_04,Water Extraction,23.0,1840.0,1840.0,1,80.0,,
CLM-64759,2025-08-12,Franchise_FL_04,Dehumidifier Rental,11.0,1133.44,637.88,0,103.04,,
CLM-19016,2025-07-14,Franchise_FL_04,Drywall Repair,5.0,,633.0,1,126.6,,
CLM-39158,12/02/2025,Franchise_NY_12,Water Extraction,,2498.32,2498.32,1,,$113.56,22.0
CLM-95483,08/12/2025,Franchise_NY_12,Dehumidifier Rental,,1549.24,893.1,0,,$70.42,22.0
CLM-73192,02/26/2025,Franchise_NY_12,Antimicrobial Treatment,,3238.56,3238.56,1,,$134.94,24.0
CLM-43155,2025-03-29,Franchise_FL_04,Baseboard Replacement,13.0,1948.05,1613.62,0,149.85,,
CLM-51532,2025-07-11,Franchise_FL_04,Drywall Repair,9.0,495.27,495.27,1,55.03,,
CLM-79973,10/29/2025,Franchise_NY_12,Baseboard Replacement,,2797.2,2797.2,1,,$77.7,36.0
CLM-30758,2025-05-20,Franchise_FL_04,Baseboard Replacement,6.0,641.7,416.79,0,106.95,,
CLM-70290,2025-12-03,Franchise_FL_04,Baseboard Replacement,17.0,1055.19,1055.19,1,62.07,,
CLM-94260,2025-08-02,Franchise_FL_04,Water Extraction,11.0,408.32,408.32,1,37.12,,
CLM-85228,2025-04-03,Franchise_FL_04,Baseboard Replacement,8.0,984.24,984.24,1,123.03,,
CLM-81552,"March 08, 2025",Franchise_TX_01,Dehumidifier Rental,1.0,136.33,97.14,0,,136.33,
CLM-13968,2025-01-02,Franchise_FL_04,Antimicrobial Treatment,2.0,169.9,140.37,0,84.95,,
CLM-37145,"July 01, 2025",Franchise_TX_01,Drywall Repair,21.0,1711.5,847.09,0,,81.5,
CLM-64517,2025-01-21,Franchise_FL_04,Dehumidifier Rental,47.0,4204.62,4204.62,1,89.46,,
CLM-42108,"June 01, 2025",Franchise_TX_01,Baseboard Replacement - MISC,32.0,2261.76,2261.76,1,,70.68,
CLM-68068,"February 15, 2025",Franchise_TX_01,Antimicrobial Treatment,40.0,787.6,787.6,1,,19.69,
CLM-25768,"August 25, 2025",Franchise_TX_01,Antimicrobial Treatment,28.0,1793.68,1793.68,1,,64.06,
CLM-59062,10/05/2025,Franchise_NY_12,Baseboard Replacement,,4719.5,4719.5,1,,$94.39,50.0
CLM-77805,04/17/2025,Franchise_NY_12,Drywall Repair,,1643.76,1643.76,1,,$68.49,24.0
CLM-54852,"April 23, 2025",Franchise_TX_01,Water Extraction,14.0,936.88,819.83,0,,66.92,
CLM-74704,01/02/2025,Franchise_NY_12,Baseboard Replacement,,872.03,545.71,0,,$28.13,31.0
CLM-30821,"January 27, 2025",Franchise_TX_01,Baseboard Replacement - MISC,23.0,2946.76,2946.76,1,,128.12,
CLM-93713,11/02/2025,Franchise_NY_12,Water Extraction,,4805.0,3624.26,0,,$96.1,50.0
CLM-73950,2025-09-08,Franchise_FL_04,Baseboard Replacement,45.0,1542.6,1542.6,1,34.28,,
CLM-24351,2025-01-13,Franchise_FL_04,Dehumidifier Rental,38.0,956.46,646.62,0,25.17,,
CLM-59212,2025-08-17,Franchise_FL_04,Antimicrobial Treatment,27.0,,1155.38,0,85.62,,
CLM-50552,2025-12-04,Franchise_FL_04,Water Extraction,9.0,576.9,232.88,0,64.1,,
CLM-71146,2025-05-04,Franchise_FL_04,Antimicrobial Treatment,12.0,584.28,584.28,1,48.69,,
CLM-32416,"September 11, 2025",Franchise_TX_01,Dehumidifier Rental,40.0,2604.0,2604.0,1,,65.1,
CLM-63133,"August 02, 2025",Franchise_TX_01,Antimicrobial Treatment - MISC,15.0,1136.85,1136.85,1,,75.79,
CLM-55191,"January 05, 2025",Franchise_TX_01,Water Extraction,11.0,690.14,690.14,1,,62.74,
CLM-62510,"April 20, 2025",Franchise_TX_01,Antimicrobial Treatment,47.0,6743.09,6743.09,1,,143.47,
CLM-50643,"March 18, 2025",Franchise_TX_01,Antimicrobial Treatment,38.0,3519.94,3519.94,1,,92.63,
CLM-76747,"May 16, 2025",Franchise_TX_01,Baseboard Replacement,12.0,921.24,921.24,1,,76.77,
CLM-51349,"November 27, 2025",Franchise_TX_01,Dehumidifier Rental - MISC,20.0,2723.2,2723.2,1,,136.16,
CLM-63434,2025-03-24,Franchise_FL_04,Antimicrobial Treatment,29.0,3905.43,3905.43,1,134.67,,
CLM-79313,01/17/2025,Franchise_NY_12,Dehumidifier Rental,,3211.5,2070.38,0,,$107.05,30.0
CLM-77166,08/15/2025,Franchise_NY_12,Baseboard Replacement,,442.95,442.95,1,,$29.53,15.0
CLM-36717,"January 21, 2025",Franchise_TX_01,Antimicrobial Treatment,32.0,1126.4,1126.4,1,,35.2,
CLM-92817,08/20/2025,Franchise_NY_12,Dehumidifier Rental,,2144.38,2144.38,1,,$126.14,17.0
CLM-22497,04/01/2025,Franchise_NY_12,Dehumidifier Rental,,3489.54,3489.54,1,,$91.83,38.0
CLM-88028,05/30/2025,Franchise_NY_12,Baseboard Replacement,,84.68,84.68,1,,$84.68,1.0
CLM-27358,2025-09-21,Franchise_FL_04,Dehumidifier Rental,40.0,2904.0,2904.0,1,72.6,,
CLM-40863,2025-03-02,Franchise_FL_04,Baseboard Replacement,17.0,1453.5,1263.7,0,85.5,,
CLM-56578,"September 05, 2025",Franchise_TX_01,Antimicrobial Treatment,17.0,363.46,150.61,0,,21.38,
CLM-71933,2025-03-29,Franchise_FL_04,Drywall Repair,35.0,716.45,716.45,1,20.47,,
CLM-27835,01/26/2025,Franchise_NY_12,Antimicrobial Treatment,,503.2,503.2,1,,$29.6,17.0
CLM-93299,"February 23, 2025",Franchise_TX_01,Drywall Repair,29.0,3989.24,3297.54,0,,137.56,
CLM-23187,04/11/2025,Franchise_NY_12,Water Extraction,,368.48,368.48,1,,$26.32,14.0
CLM-67192,2025-03-14,Franchise_FL_04,Baseboard Replacement,7.0,,370.54,0,91.62,,
CLM-94359,2025-10-22,Franchise_FL_04,Antimicrobial Treatment,34.0,4009.96,4009.96,1,117.94,,
CLM-16250,01/20/2025,Franchise_NY_12,Dehumidifier Rental,,2238.3,1086.28,0,,$124.35,18.0
CLM-49594,04/24/2025,Franchise_NY_12,Baseboard Replacement,,2388.26,1975.86,0,,$48.74,49.0
CLM-86550,2025-02-21,Franchise_FL_04,Dehumidifier Rental,11.0,1461.9,1461.9,1,132.9,,
CLM-25922,2025-04-30,Franchise_FL_04,Drywall Repair,30.0,,1066.8,1,35.56,,
CLM-59577,"February 16, 2025",Franchise_TX_01,Drywall Repair,3.0,424.74,424.74,1,,141.58,
CLM-31918,"July 03, 2025",Franchise_TX_01,Drywall Repair,48.0,5935.68,5935.68,1,,123.66,
CLM-39008,11/24/2025,Franchise_NY_12,Water Extraction,,591.6,591.6,1,,$20.4,29.0
CLM-28822,2025-04-12,Franchise_FL_04,Baseboard Replacement,4.0,455.64,261.32,0,113.91,,
CLM-29898,"September 14, 2025",Franchise_TX_01,Baseboard Replacement,19.0,1375.79,1375.79,1,,72.41,
CLM-57378,11/28/2025,Franchise_NY_12,Antimicrobial Treatment,,2929.08,2316.97,0,,$66.57,44.0
CLM-45566,"October 24, 2025",Franchise_TX_01,Dehumidifier Rental - MISC,50.0,3755.5,2366.21,0,,75.11,
CLM-11842,"February 21, 2025",Franchise_TX_01,Antimicrobial Treatment,2.0,235.9,179.48,0,,117.95,
CLM-33694,"March 21, 2025",Franchise_TX_01,Dehumidifier Rental,32.0,3172.8,3172.8,1,,99.15,
CLM-89700,2025-04-18,Franchise_FL_04,Drywall Repair,30.0,3658.5,1665.83,0,121.95,,
CLM-52004,"December 27, 2025",Franchise_TX_01,Baseboard Replacement,1.0,68.29,57.86,0,,68.29,
CLM-68171,"April 04, 2025",Franchise_TX_01,Antimicrobial Treatment,13.0,457.34,457.34,1,,35.18,
CLM-99929,"September 13, 2025",Franchise_TX_01,Water Extraction - MISC,21.0,1423.59,1423.59,1,,67.79,
CLM-23710,2025-12-08,Franchise_FL_04,Antimicrobial Treatment,36.0,4943.52,4943.52,1,137.32,,
CLM-31789,08/12/2025,Franchise_NY_12,Dehumidifier Rental,,5645.64,5645.64,1,,$128.31,44.0
CLM-64550,11/25/2025,Franchise_NY_12,Dehumidifier Rental,,2851.24,2851.24,1,,$101.83,28.0
CLM-23277,09/08/2025,Franchise_NY_12,Antimicrobial Treatment,,5173.6,5173.6,1,,$129.34,40.0
CLM-41837,2025-01-26,Franchise_FL_04,Baseboard Replacement,25.0,2595.25,2149.96,0,103.81,,
CLM-13046,2025-04-21,Franchise_FL_04,Drywall Repair,25.0,2338.25,1007.32,0,93.53,,
CLM-89519,09/01/2025,Franchise_NY_12,Baseboard Replacement,,148.68,148.68,1,,$37.17,4.0
CLM-63513,11/26/2025,Franchise_NY_12,Dehumidifier Rental,,594.54,295.75,0,,$99.09,6.0
CLM-33651,"February 15, 2025",Franchise_TX_01,Water Extraction,23.0,1287.54,1287.54,1,,55.98,
CLM-92302,2025-09-12,Franchise_FL_04,Drywall Repair,50.0,5450.5,2334.73,0,109.01,,
CLM-23902,"July 24, 2025",Franchise_TX_01,Water Extraction,38.0,3147.54,3147.54,1,,82.83,
CLM-47421,"November 02, 2025",Franchise_TX_01,Antimicrobial Treatment,32.0,2684.16,1204.5,0,,83.88,
CLM-86085,11/10/2025,Franchise_NY_12,Water Extraction,,5553.86,3150.48,0,,$135.46,41.0
CLM-17608,04/23/2025,Franchise_NY_12,Water Extraction,,1935.91,1265.31,0,,$84.17,23.0
CLM-62272,07/30/2025,Franchise_NY_12,Dehumidifier Rental,,2384.97,2384.97,1,,$58.17,41.0
CLM-20604,"July 27, 2025",Franchise_TX_01,Water Extraction,17.0,425.0,425.0,1,,25.0,
CLM-54090,"September 28, 2025",Franchise_TX_01,Water Extraction,29.0,4065.51,4065.51,1,,140.19,
CLM-52629,2025-01-25,Franchise_FL_04,Baseboard Replacement,36.0,1524.6,1524.6,1,42.35,,
CLM-34198,"October 02, 2025",Franchise_TX_01,Drywall Repair,17.0,381.99,381.99,1,,22.47,
CLM-47393,2025-06-10,Franchise_FL_04,Baseboard Replacement,49.0,6945.26,6945.26,1,141.74,,
CLM-16937,"January 22, 2025",Franchise_TX_01,Antimicrobial Treatment - MISC,40.0,3172.0,2125.41,0,,79.3,
CLM-11937,2025-09-23,Franchise_FL_04,Antimicrobial Treatment,48.0,2043.84,1710.11,0,42.58,,
CLM-37118,2025-06-30,Franchise_FL_04,Drywall Repair,17.0,2306.05,978.6,0,135.65,,
CLM-77748,2025-10-01,Franchise_FL_04,Antimicrobial Treatment,21.0,1414.98,1414.98,1,67.38,,
CLM-71685,"December 05, 2025",Franchise_TX_01,Water Extraction,11.0,845.35,677.57,0,,76.85,
CLM-50536,12/14/2025,Franchise_NY_12,Dehumidifier Rental,,1820.72,968.67,0,,$41.38,44.0
CLM-23744,"December 07, 2025",Franchise_TX_01,Dehumidifier Rental,47.0,3856.82,3856.82,1,,82.06,
CLM-43179,2025-07-20,Franchise_FL_04,Baseboard Replacement,41.0,4160.68,4160.68,1,101.48,,
CLM-67365,"October 08, 2025",Franchise_TX_01,Dehumidifier Rental - MISC,15.0,1457.85,1091.48,0,,97.19,
CLM-65698,"June 21, 2025",Franchise_TX_01,Water Extraction,1.0,73.81,73.81,1,,73.81,
CLM-77038,09/27/2025,Franchise_NY_12,Water Extraction,,1405.24,584.67,0,,$36.98,38.0
CLM-81512,09/08/2025,Franchise_NY_12,Baseboard Replacement,,723.12,723.12,1,,$30.13,24.0
CLM-87665,2025-07-24,Franchise_FL_04,Antimicrobial Treatment,32.0,4083.52,2242.09,0,127.61,,
CLM-94033,06/03/2025,Franchise_NY_12,Drywall Repair,,1037.76,1037.76,1,,$21.62,48.0
CLM-66359,2025-09-01,Franchise_FL_04,Dehumidifier Rental,8.0,889.52,889.52,1,111.19,,
CLM-73610,"April 13, 2025",Franchise_TX_01,Dehumidifier Rental,21.0,536.34,536.34,1,,25.54,
CLM-20003,2025-09-29,Franchise_FL_04,Water Extraction,8.0,403.12,265.53,0,50.39,,
CLM-22490,2025-02-08,Franchise_FL_04,Baseboard Replacement,40.0,2116.8,1699.95,0,52.92,,
CLM-10084,2025-11-01,Franchise_FL_04,Water Extraction,24.0,3140.16,1921.05,0,130.84,,
CLM-37815,"August 25, 2025",Franchise_TX_01,Dehumidifier Rental,28.0,3059.84,3059.84,1,,109.28,
CLM-27341,"July 02, 2025",Franchise_TX_01,Antimicrobial Treatment,45.0,2236.05,2236.05,1,,49.69,
CLM-32291,2025-07-08,Franchise_FL_04,Baseboard Replacement,27.0,2903.58,2903.58,1,107.54,,
CLM-91747,11/13/2025,Franchise_NY_12,Water Extraction,,847.8,362.83,0,,$23.55,36.0
CLM-61802,"June 05, 2025",Franchise_TX_01,Water Extraction,17.0,1476.79,1476.79,1,,86.87,
CLM-66951,2025-09-22,Franchise_FL_04,Antimicrobial Treatment,41.0,5422.25,5422.25,1,132.25,,
CLM-16794,2025-08-10,Franchise_FL_04,Baseboard Replacement,1.0,120.66,120.66,1,120.66,,
CLM-20616,08/05/2025,Franchise_NY_12,Baseboard Replacement,,6422.24,6422.24,1,,$145.96,44.0
CLM-38829,"May 18, 2025",Franchise_TX_01,Drywall Repair,28.0,2230.76,1418.6,0,,79.67,
CLM-52879,11/26/2025,Franchise_NY_12,Drywall Repair,,5369.76,5369.76,1,,$122.04,44.0
CLM-49106,"August 09, 2025",Franchise_TX_01,Antimicrobial Treatment,41.0,3172.17,1828.61,0,,77.37,
CLM-76308,"August 12, 2025",Franchise_TX_01,Baseboard Replacement - MISC,16.0,1226.72,1226.72,1,,76.67,
CLM-44446,2025-01-15,Franchise_FL_04,Antimicrobial Treatment,40.0,4849.6,4849.6,1,121.24,,
CLM-48839,"August 23, 2025",Franchise_TX_01,Water Extraction - MISC,34.0,2748.56,2748.56,1,,80.84,
CLM-78918,2025-09-09,Franchise_FL_04,Drywall Repair,9.0,417.15,417.15,1,46.35,,
CLM-47721,03/10/2025,Franchise_NY_12,Antimicrobial Treatment,,3094.96,2472.09,0,,$70.34,44.0
CLM-52716,07/31/2025,Franchise_NY_12,Antimicrobial Treatment,,2268.76,2268.76,1,,$87.26,26.0
CLM-31685,07/10/2025,Franchise_NY_12,Antimicrobial Treatment,,567.8,567.8,1,,$16.7,34.0
CLM-78136,11/03/2025,Franchise_NY_12,Baseboard Replacement,,331.12,197.54,0,,$41.39,8.0
CLM-78194,2025-10-02,Franchise_FL_04,Antimicrobial Treatment,23.0,1761.34,1761.34,1,76.58,,
CLM-41898,01/20/2025,Franchise_NY_12,Drywall Repair,,5010.79,5010.79,1,,$116.53,43.0
CLM-13567,2025-05-14,Franchise_FL_04,Antimicrobial Treatment,50.0,3904.5,3904.5,1,78.09,,
CLM-42447,2025-12-19,Franchise_FL_04,Dehumidifier Rental,28.0,1264.48,892.23,0,45.16,,
CLM-72725,2025-11-29,Franchise_FL_04,Antimicrobial Treatment,41.0,5798.63,3952.82,0,141.43,,
CLM-50223,06/30/2025,Franchise_NY_12,Baseboard Replacement,,1878.9,1878.9,1,,$125.26,15.0
CLM-83859,09/24/2025,Franchise_NY_12,Dehumidifier Rental,,652.32,652.32,1,,$40.77,16.0
CLM-44522,10/16/2025,Franchise_NY_12,Drywall Repair,,337.96,337.96,1,,$24.14,14.0
CLM-62251,01/17/2025,Franchise_NY_12,Dehumidifier Rental,,1189.24,1189.24,1,,$45.74,26.0
CLM-35517,"May 27, 2025",Franchise_TX_01,Antimicrobial Treatment - MISC,22.0,2959.44,2959.44,1,,134.52,
CLM-78426,09/25/2025,Franchise_NY_12,Water Extraction,,1313.76,1313.76,1,,$93.84,14.0
CLM-90131,2025-11-25,Franchise_FL_04,Drywall Repair,25.0,2529.25,2529.25,1,101.17,,
CLM-48938,"February 07, 2025",Franchise_TX_01,Drywall Repair,29.0,2056.97,1325.88,0,,70.93,
CLM-47407,04/25/2025,Franchise_NY_12,Dehumidifier Rental,,2584.51,2584.51,1,,$112.37,23.0
CLM-93236,08/11/2025,Franchise_NY_12,Water Extraction,,1855.59,1389.14,0,,$56.23,33.0
CLM-78995,07/01/2025,Franchise_NY_12,Water Extraction,,2830.2,1922.86,0,,$94.34,30.0
CLM-84666,2025-08-07,Franchise_FL_04,Baseboard Replacement,46.0,3896.66,3896.66,1,84.71,,
CLM-47912,2025-03-21,Franchise_FL_04,Antimicrobial Treatment,40.0,4168.4,4168.4,1,104.21,,
CLM-72113,2025-09-08,Franchise_FL_04,Dehumidifier Rental,15.0,2023.5,1006.43,0,134.9,,
CLM-27413,10/23/2025,Franchise_NY_12,Drywall Repair,,117.45,117.45,1,,$23.49,5.0
CLM-96691,"August 28, 2025",Franchise_TX_01,Baseboard Replacement,16.0,366.56,212.05,0,,22.91,
CLM-53672,2025-06-01,Franchise_FL_04,Drywall Repair,46.0,3371.34,3371.34,1,73.29,,
CLM-93662,03/07/2025,Franchise_NY_12,Drywall Repair,,2896.83,2366.53,0,,$107.29,27.0
CLM-61829,"October 08, 2025",Franchise_TX_01,Water Extraction,22.0,1892.88,1892.88,1,,86.04,
CLM-14305,"March 18, 2025",Franchise_TX_01,Antimicrobial Treatment - MISC,7.0,888.79,765.01,0,,126.97,
CLM-30060,04/01/2025,Franchise_NY_12,Dehumidifier Rental,,1385.52,916.16,0,,$60.24,23.0
CLM-36051,2025-04-01,Franchise_FL_04,Water Extraction,30.0,4154.1,4154.1,1,138.47,,
CLM-97300,06/18/2025,Franchise_NY_12,Dehumidifier Rental,,420.72,420.72,1,,$17.53,24.0
CLM-20978,08/08/2025,Franchise_NY_12,Water Extraction,,5491.0,5491.0,1,,$144.5,38.0
CLM-38525,2025-08-13,Franchise_FL_04,Drywall Repair,36.0,2957.4,2592.28,0,82.15,,
CLM-47237,12/05/2025,Franchise_NY_12,Dehumidifier Rental,,2277.32,2277.32,1,,$66.98,34.0
CLM-55866,2025-05-16,Franchise_FL_04,Drywall Repair,33.0,1868.13,1868.13,1,56.61,,
CLM-41440,"July 28, 2025",Franchise_TX_01,Water Extraction,8.0,517.12,281.24,0,,64.64,
CLM-25055,08/21/2025,Franchise_NY_12,Drywall Repair,,1174.11,1174.11,1,,$55.91,21.0
CLM-51971,08/25/2025,Franchise_NY_12,Dehumidifier Rental,,6006.24,6006.24,1,,$125.13,48.0
CLM-74507,2025-09-17,Franchise_FL_04,Water Extraction,7.0,352.31,194.65,0,50.33,,
CLM-53555,2025-09-29,Franchise_FL_04,Dehumidifier Rental,45.0,2354.85,1431.97,0,52.33,,
CLM-80307,"July 26, 2025",Franchise_TX_01,Baseboard Replacement - MISC,43.0,4121.12,4121.12,1,,95.84,
CLM-76449,2025-01-11,Franchise_FL_04,Water Extraction,6.0,646.14,424.82,0,107.69,,
CLM-72629,2025-11-15,Franchise_FL_04,Antimicrobial Treatment,3.0,268.8,171.88,0,89.6,,
CLM-52511,2025-01-10,Franchise_FL_04,Drywall Repair,28.0,3468.64,3468.64,1,123.88,,
CLM-18556,"June 06, 2025",Franchise_TX_01,Water Extraction,8.0,222.72,126.89,0,,27.84,
CLM-62514,2025-11-24,Franchise_FL_04,Antimicrobial Treatment,23.0,2036.88,1480.98,0,88.56,,
CLM-10080,2025-05-30,Franchise_FL_04,Antimicrobial Treatment,39.0,4786.08,4786.08,1,122.72,,
CLM-45922,02/05/2025,Franchise_NY_12,Baseboard Replacement,,1515.82,629.27,0,,$39.89,38.0
CLM-31196,09/13/2025,Franchise_NY_12,Dehumidifier Rental,,127.77,56.58,0,,$42.59,3.0
CLM-30229,09/23/2025,Franchise_NY_12,Baseboard Replacement,,2103.5,2103.5,1,,$42.07,50.0
CLM-22259,"November 20, 2025",Franchise_TX_01,Dehumidifier Rental - MISC,23.0,3209.19,2164.07,0,,139.53,
CLM-82513,04/30/2025,Franchise_NY_12,Drywall Repair,,480.64,480.64,1,,$60.08,8.0
CLM-92889,08/02/2025,Franchise_NY_12,Antimicrobial Treatment,,5095.2,3596.11,0,,$127.38,40.0
CLM-30643,"March 23, 2025",Franchise_TX_01,Dehumidifier Rental - MISC,4.0,78.32,78.32,1,,19.58,
CLM-87961,"October 08, 2025",Franchise_TX_01,Antimicrobial Treatment,22.0,1742.62,1742.62,1,,79.21,
CLM-56631,2025-10-23,Franchise_FL_04,Water Extraction,6.0,133.86,74.44,0,22.31,,
CLM-46917,2025-12-26,Franchise_FL_04,Baseboard Replacement,25.0,2537.0,2537.0,1,101.48,,
CLM-76028,10/08/2025,Franchise_NY_12,Baseboard Replacement,,1487.5,795.56,0,,$43.75,34.0
CLM-36195,08/20/2025,Franchise_NY_12,Drywall Repair,,3267.84,1797.43,0,,$88.32,37.0
CLM-29414,12/24/2025,Franchise_NY_12,Baseboard Replacement,,689.05,479.93,0,,$137.81,5.0
CLM-70323,"April 01, 2025",Franchise_TX_01,Baseboard Replacement,22.0,1721.06,1010.46,0,,78.23,
CLM-80593,07/06/2025,Franchise_NY_12,Baseboard Replacement,,794.0,794.0,1,,$79.4,10.0
CLM-63045,"June 20, 2025",Franchise_TX_01,Water Extraction - MISC,48.0,3914.4,2151.34,0,,81.55,
CLM-41281,05/26/2025,Franchise_NY_12,Antimicrobial Treatment,,2658.69,2134.07,0,,$98.47,27.0
CLM-32331,"December 17, 2025",Franchise_TX_01,Water Extraction,15.0,913.2,913.2,1,,60.88,
CLM-11917,2025-03-06,Franchise_FL_04,Baseboard Replacement,7.0,203.84,177.59,0,29.12,,
CLM-70209,07/28/2025,Franchise_NY_12,Drywall Repair,,4758.36,4758.36,1,,$125.22,38.0
CLM-58715,2025-09-15,Franchise_FL_04,Antimicrobial Treatment,37.0,,3416.58,1,92.34,,
CLM-20443,"January 22, 2025",Franchise_TX_01,Water Extraction,3.0,70.23,61.27,0,,23.41,
CLM-30866,11/09/2025,Franchise_NY_12,Water Extraction,,415.98,415.98,1,,$23.11,18.0
CLM-66459,2025-01-04,Franchise_FL_04,Baseboard Replacement,18.0,1780.38,1780.38,1,98.91,,
CLM-62665,"July 19, 2025",Franchise_TX_01,Dehumidifier Rental,30.0,3306.9,3306.9,1,,110.23,
CLM-48046,2025-12-31,Franchise_FL_04,Water Extraction,29.0,1816.27,1363.54,0,62.63,,
CLM-63667,"April 29, 2025",Franchise_TX_01,Water Extraction,32.0,4384.0,4384.0,1,,137.0,
CLM-32739,06/04/2025,Franchise_NY_12,Dehumidifier Rental,,981.5,508.98,0,,$75.5,13.0
CLM-18273,2025-04-11,Franchise_FL_04,Dehumidifier Rental,15.0,1392.9,597.53,0,92.86,,
CLM-47274,2025-02-01,Franchise_FL_04,Water Extraction,5.0,170.8,170.8,1,34.16,,
CLM-39269,"June 06, 2025",Franchise_TX_01,Antimicrobial Treatment - MISC,31.0,4624.27,4624.27,1,,149.17,
CLM-53829,"November 19, 2025",Franchise_TX_01,Antimicrobial Treatment,16.0,2023.2,2023.2,1,,126.45,
CLM-71727,03/03/2025,Franchise_NY_12,Drywall Repair,,2255.56,1672.93,0,,$66.34,34.0
CLM-18105,"March 06, 2025",Franchise_TX_01,Baseboard Replacement,9.0,983.34,983.34,1,,109.26,
CLM-17051,"March 21, 2025",Franchise_TX_01,Drywall Repair - MISC,42.0,6267.66,3147.58,0,,149.23,
CLM-67247,2025-12-24,Franchise_FL_04,Antimicrobial Treatment,46.0,1188.64,1188.64,1,25.84,,
CLM-78114,"February 21, 2025",Franchise_TX_01,Drywall Repair,15.0,492.9,492.9,1,,32.86,
CLM-91682,"April 02, 2025",Franchise_TX_01,Baseboard Replacement,34.0,886.38,886.38,1,,26.07,
CLM-84837,06/12/2025,Franchise_NY_12,Dehumidifier Rental,,1280.7,1280.7,1,,$85.38,15.0
CLM-89862,2025-09-04,Franchise_FL_04,Antimicrobial Treatment,18.0,2556.9,2095.21,0,142.05,,
CLM-61983,"January 04, 2025",Franchise_TX_01,Dehumidifier Rental,2.0,30.36,30.36,1,,15.18,
CLM-29485,2025-04-25,Franchise_FL_04,Dehumidifier Rental,16.0,2013.6,2013.6,1,125.85,,
CLM-63542,02/01/2025,Franchise_NY_12,Baseboard Replacement,,3317.6,3317.6,1,,$82.94,40.0
CLM-44458,2025-11-10,Franchise_FL_04,Water Extraction,41.0,2248.03,2248.03,1,54.83,,
CLM-91835,"December 26, 2025",Franchise_TX_01,Baseboard Replacement,20.0,2475.8,2094.53,0,,123.79,
CLM-45364,09/26/2025,Franchise_NY_12,Drywall Repair,,838.8,744.14,0,,$139.8,6.0
CLM-11797,11/27/2025,Franchise_NY_12,Antimicrobial Treatment,,2143.53,2143.53,1,,$126.09,17.0
CLM-65918,"June 23, 2025",Franchise_TX_01,Dehumidifier Rental,28.0,2705.08,1775.55,0,,96.61,
CLM-40997,07/08/2025,Franchise_NY_12,Dehumidifier Rental,,769.3,769.3,1,,$54.95,14.0
CLM-90347,2025-12-02,Franchise_FL_04,Water Extraction,8.0,725.04,725.04,1,90.63,,
CLM-57435,2025-01-23,Franchise_FL_04,Dehumidifier Rental,39.0,5618.34,5618.34,1,144.06,,
CLM-24710,11/22/2025,Franchise_NY_12,Drywall Repair,,1852.15,1252.57,0,,$108.95,17.0
CLM-46932,03/08/2025,Franchise_NY_12,Antimicrobial Treatment,,645.43,565.41,0,,$15.01,43.0
CLM-16088,2025-12-07,Franchise_FL_04,Antimicrobial Treatment,41.0,2271.81,1584.89,0,55.41,,
CLM-87034,"March 02, 2025",Franchise_TX_01,Water Extraction,49.0,5724.67,5724.67,1,,116.83,
CLM-19981,10/18/2025,Franchise_NY_12,Baseboard Replacement,,3779.88,3011.53,0,,$96.92,39.0
CLM-98979,"September 23, 2025",Franchise_TX_01,Baseboard Replacement,39.0,4447.56,2487.74,0,,114.04,
CLM-98534,"September 09, 2025",Franchise_TX_01,Antimicrobial Treatment,38.0,3894.62,3894.62,1,,102.49,
CLM-43676,"August 05, 2025",Franchise_TX_01,Baseboard Replacement,48.0,5264.64,4179.94,0,,109.68,
CLM-55828,"October 26, 2025",Franchise_TX_01,Baseboard Replacement,47.0,3158.4,3158.4,1,,67.2,
CLM-60492,2025-03-12,Franchise_FL_04,Drywall Repair,24.0,651.84,651.84,1,27.16,,
CLM-31705,"July 24, 2025",Franchise_TX_01,Water Extraction,8.0,1066.96,644.45,0,,133.37,
CLM-15837,10/22/2025,Franchise_NY_12,Drywall Repair,,3639.96,3639.96,1,,$101.11,36.0
CLM-39976,"January 09, 2025",Franchise_TX_01,Drywall Repair - MISC,24.0,2540.88,2540.88,1,,105.87,
CLM-84005,2025-03-30,Franchise_FL_04,Baseboard Replacement,21.0,1229.97,1229.97,1,58.57,,
CLM-28748,05/09/2025,Franchise_NY_12,Dehumidifier Rental,,383.46,325.09,0,,$17.43,22.0
CLM-32064,08/29/2025,Franchise_NY_12,Water Extraction,,1922.96,1380.83,0,,$44.72,43.0
CLM-19507,"March 03, 2025",Franchise_TX_01,Water Extraction,27.0,2255.58,993.47,0,,83.54,
CLM-24463,09/20/2025,Franchise_NY_12,Dehumidifier Rental,,4182.66,1967.66,0,,$110.07,38.0
CLM-76621,07/07/2025,Franchise_NY_12,Baseboard Replacement,,2244.44,1384.34,0,,$51.01,44.0
CLM-62640,2025-07-17,Franchise_FL_04,Drywall Repair,26.0,2583.62,2583.62,1,99.37,,
CLM-88280,2025-03-06,Franchise_FL_04,Baseboard Replacement,46.0,2117.38,1839.17,0,46.03,,
CLM-76746,2025-06-22,Franchise_FL_04,Baseboard Replacement,40.0,2635.2,1222.57,0,65.88,,
CLM-46417,2025-10-31,Franchise_FL_04,Water Extraction,21.0,2506.56,2506.56,1,119.36,,
CLM-84308,07/21/2025,Franchise_NY_12,Dehumidifier Rental,,300.25,300.25,1,,$60.05,5.0
CLM-72066,2025-08-07,Franchise_FL_04,Antimicrobial Treatment,50.0,7358.0,5738.96,0,147.16,,
CLM-58115,09/04/2025,Franchise_NY_12,Dehumidifier Rental,,1192.38,1192.38,1,,$56.78,21.0
CLM-26050,"September 30, 2025",Franchise_TX_01,Baseboard Replacement,18.0,820.62,820.62,1,,45.59,
CLM-46706,01/26/2025,Franchise_NY_12,Water Extraction,,1859.88,1859.88,1,,$42.27,44.0
CLM-66547,08/20/2025,Franchise_NY_12,Antimicrobial Treatment,,452.56,319.77,0,,$113.14,4.0
CLM-77739,06/09/2025,Franchise_NY_12,Drywall Repair,,772.32,772.32,1,,$64.36,12.0
CLM-15036,"October 08, 2025",Franchise_TX_01,Antimicrobial Treatment,39.0,2117.7,2117.7,1,,54.3,
CLM-39269,01/18/2025,Franchise_NY_12,Water Extraction,,2823.38,2823.38,1,,$65.66,43.0
CLM-82332,03/16/2025,Franchise_NY_12,Dehumidifier Rental,,4442.2,3541.31,0,,$116.9,38.0
CLM-91042,2025-12-07,Franchise_FL_04,Baseboard Replacement,38.0,3919.32,3246.81,0,103.14,,
CLM-40050,05/08/2025,Franchise_NY_12,Dehumidifier Rental,,2295.06,2295.06,1,,$79.14,29.0
CLM-66590,2025-02-17,Franchise_FL_04,Dehumidifier Rental,2.0,34.5,34.5,1,17.25,,
CLM-51016,"May 11, 2025",Franchise_TX_01,Water Extraction,34.0,1720.4,1720.4,1,,50.6,
CLM-60360,03/03/2025,Franchise_NY_12,Antimicrobial Treatment,,1699.32,1699.32,1,,$34.68,49.0
CLM-71240,2025-12-17,Franchise_FL_04,Baseboard Replacement,2.0,284.88,221.3,0,142.44,,
CLM-62973,08/03/2025,Franchise_NY_12,Antimicrobial Treatment,,1899.73,1899.73,1,,$38.77,49.0
CLM-99836,09/16/2025,Franchise_NY_12,Antimicrobial Treatment,,539.19,419.37,0,,$59.91,9.0
CLM-81178,2025-06-13,Franchise_FL_04,Water Extraction,35.0,2384.9,1178.21,0,68.14,,
CLM-85149,2025-05-06,Franchise_FL_04,Drywall Repair,23.0,1070.65,1070.65,1,46.55,,
CLM-45479,12/01/2025,Franchise_NY_12,Antimicrobial Treatment,,4187.05,4187.05,1,,$85.45,49.0
CLM-10394,2025-08-17,Franchise_FL_04,Antimicrobial Treatment,47.0,1651.58,1651.58,1,35.14,,
CLM-77777,12/12/2025,Franchise_NY_12,Baseboard Replacement,,4443.85,4443.85,1,,$94.55,47.0
CLM-63068,"November 05, 2025",Franchise_TX_01,Dehumidifier Rental - MISC,37.0,4455.91,3153.38,0,,120.43,
CLM-14363,10/07/2025,Franchise_NY_12,Water Extraction,,237.5,139.93,0,,$118.75,2.0
CLM-94118,2025-02-27,Franchise_FL_04,Water Extraction,16.0,2318.72,2318.72,1,144.92,,
CLM-45572,"October 01, 2025",Franchise_TX_01,Antimicrobial Treatment,22.0,753.5,753.5,1,,34.25,
CLM-71726,2025-04-28,Franchise_FL_04,Baseboard Replacement,30.0,3646.2,3646.2,1,121.54,,
CLM-27900,2025-09-05,Franchise_FL_04,Water Extraction,41.0,3698.61,3698.61,1,90.21,,
CLM-26968,"June 03, 2025",Franchise_TX_01,Dehumidifier Rental - MISC,43.0,6198.88,6198.88,1,,144.16,
CLM-86622,2025-06-16,Franchise_FL_04,Drywall Repair,10.0,874.3,553.12,0,87.43,,
CLM-92884,2025-02-08,Franchise_FL_04,Antimicrobial Treatment,10.0,,608.41,0,84.08,,
CLM-21634,2025-07-25,Franchise_FL_04,Water Extraction,40.0,1772.8,1772.8,1,44.32,,
CLM-23654,"December 11, 2025",Franchise_TX_01,Dehumidifier Rental,2.0,213.1,87.58,0,,106.55,
CLM-42609,07/06/2025,Franchise_NY_12,Antimicrobial Treatment,,807.84,530.5,0,,$47.52,17.0
CLM-77009,"February 25, 2025",Franchise_TX_01,Drywall Repair,45.0,4581.45,2008.11,0,,101.81,
CLM-78225,08/17/2025,Franchise_NY_12,Dehumidifier Rental,,2587.5,1299.21,0,,$143.75,18.0
CLM-49979,"March 17, 2025",Franchise_TX_01,Antimicrobial Treatment,23.0,1598.96,1598.96,1,,69.52,
CLM-88348,04/15/2025,Franchise_NY_12,Drywall Repair,,472.68,472.68,1,,$26.26,18.0
CLM-21381,2025-02-05,Franchise_FL_04,Drywall Repair,2.0,230.02,230.02,1,115.01,,
CLM-17666,2025-03-26,Franchise_FL_04,Drywall Repair,23.0,1865.07,1289.08,0,81.09,,
CLM-61431,"May 12, 2025",Franchise_TX_01,Dehumidifier Rental,33.0,4244.79,4244.79,1,,128.63,
CLM-51948,05/04/2025,Franchise_NY_12,Dehumidifier Rental,,307.2,307.2,1,,$30.72,10.0
CLM-83397,"February 13, 2025",Franchise_TX_01,Baseboard Replacement,43.0,3441.72,3441.72,1,,80.04,
CLM-52107,2025-07-16,Franchise_FL_04,Drywall Repair,19.0,826.88,826.88,1,43.52,,
CLM-70917,03/21/2025,Franchise_NY_12,Baseboard Replacement,,6154.72,6154.72,1,,$139.88,44.0
CLM-47475,05/06/2025,Franchise_NY_12,Baseboard Replacement,,1258.91,1258.91,1,,$40.61,31.0
CLM-95537,2025-06-18,Franchise_FL_04,Drywall Repair,14.0,481.6,213.48,0,34.4,,
CLM-46681,"August 08, 2025",Franchise_TX_01,Dehumidifier Rental,2.0,144.6,144.6,1,,72.3,
CLM-14344,2025-08-28,Franchise_FL_04,Antimicrobial Treatment,9.0,895.14,536.8,0,99.46,,
CLM-44742,11/29/2025,Franchise_NY_12,Water Extraction,,1481.92,1249.09,0,,$33.68,44.0
CLM-76003,"November 15, 2025",Franchise_TX_01,Baseboard Replacement,38.0,2507.62,2507.62,1,,65.99,
CLM-61987,2025-02-05,Franchise_FL_04,Antimicrobial Treatment,4.0,266.28,222.05,0,66.57,,
CLM-54942,2025-12-19,Franchise_FL_04,Antimicrobial Treatment,16.0,,1880.64,1,117.54,,
CLM-15414,"April 29, 2025",Franchise_TX_01,Drywall Repair - MISC,36.0,894.6,555.59,0,,24.85,
CLM-23073,09/28/2025,Franchise_NY_12,Dehumidifier Rental,,560.0,560.0,1,,$35.0,16.0
CLM-41030,2025-12-27,Franchise_FL_04,Dehumidifier Rental,15.0,,2237.25,1,149.15,,
CLM-70700,"July 24, 2025",Franchise_TX_01,Antimicrobial Treatment - MISC,22.0,2681.58,1507.65,0,,121.89,
CLM-88981,2025-06-23,Franchise_FL_04,Dehumidifier Rental,7.0,795.62,395.14,0,113.66,,
CLM-18052,2025-11-21,Franchise_FL_04,Dehumidifier Rental,46.0,1590.22,788.69,0,34.57,,
CLM-65089,07/30/2025,Franchise_NY_12,Antimicrobial Treatment,,2248.4,1824.27,0,,$80.3,28.0
CLM-89190,2025-05-07,Franchise_FL_04,Dehumidifier Rental,42.0,4010.58,2321.81,0,95.49,,
CLM-72342,"April 27, 2025",Franchise_TX_01,Dehumidifier Rental,49.0,1774.29,1774.29,1,,36.21,
CLM-77333,"February 27, 2025",Franchise_TX_01,Drywall Repair,38.0,4886.04,2401.93,0,,128.58,
CLM-88374,01/01/2026,Franchise_NY_12,Water Extraction,,808.78,808.78,1,,$115.54,7.0
CLM-41204,04/02/2025,Franchise_NY_12,Drywall Repair,,4342.5,2189.47,0,,$86.85,50.0
CLM-97861,"December 07, 2025",Franchise_TX_01,Baseboard Replacement,39.0,4051.71,4051.71,1,,103.89,
CLM-84918,2025-10-15,Franchise_FL_04,Drywall Repair,18.0,295.92,295.92,1,16.44,,
CLM-88486,08/09/2025,Franchise_NY_12,Drywall Repair,,619.45,619.45,1,,$123.89,5.0
CLM-72728,2025-05-28,Franchise_FL_04,Baseboard Replacement,43.0,3536.75,3536.75,1,82.25,,
CLM-83071,01/26/2025,Franchise_NY_12,Antimicrobial Treatment,,1840.93,1840.93,1,,$108.29,17.0
CLM-45096,08/08/2025,Franchise_NY_12,Baseboard Replacement,,730.56,300.16,0,,$121.76,6.0
CLM-80568,2025-11-21,Franchise_FL_04,Drywall Repair,24.0,2523.84,2523.84,1,105.16,,
CLM-11798,"April 15, 2025",Franchise_TX_01,Dehumidifier Rental,36.0,4376.88,4376.88,1,,121.58,
CLM-41627,2025-07-03,Franchise_FL_04,Drywall Repair,6.0,162.9,89.0,0,27.15,,
CLM-49072,"December 04, 2025",Franchise_TX_01,Water Extraction,34.0,3949.78,3949.78,1,,116.17,
CLM-96989,2025-01-04,Franchise_FL_04,Drywall Repair,21.0,3142.02,3142.02,1,149.62,,
CLM-96693,"March 11, 2025",Franchise_TX_01,Baseboard Replacement - MISC,35.0,838.95,838.95,1,,23.97,
CLM-66403,2025-02-26,Franchise_FL_04,Antimicrobial Treatment,32.0,1626.56,1626.56,1,50.83,,
CLM-87315,07/03/2025,Franchise_NY_12,Dehumidifier Rental,,4540.16,4540.16,1,,$141.88,32.0
CLM-86949,04/05/2025,Franchise_NY_12,Antimicrobial Treatment,,2949.01,2949.01,1,,$101.69,29.0
CLM-70822,09/20/2025,Franchise_NY_12,Water Extraction,,1081.9,1081.9,1,,$108.19,10.0
CLM-64982,2025-10-20,Franchise_FL_04,Drywall Repair,12.0,,682.24,0,104.19,,
CLM-62980,01/31/2025,Franchise_NY_12,Baseboard Replacement,,2234.64,1979.11,0,,$93.11,24.0
CLM-74959,"October 02, 2025",Franchise_TX_01,Baseboard Replacement,28.0,585.48,585.48,1,,20.91,
CLM-23838,2025-11-10,Franchise_FL_04,Baseboard Replacement,41.0,3154.54,2172.29,0,76.94,,
CLM-99003,2025-07-02,Franchise_FL_04,Water Extraction,37.0,,3375.88,1,91.24,,
CLM-49443,"August 27, 2025",Franchise_TX_01,Drywall Repair - MISC,37.0,4619.08,4619.08,1,,124.84,
CLM-29247,2025-10-06,Franchise_FL_04,Drywall Repair,39.0,2395.77,2395.77,1,61.43,,
CLM-48120,"November 02, 2025",Franchise_TX_01,Drywall Repair,20.0,968.8,968.8,1,,48.44,
CLM-36778,"July 27, 2025",Franchise_TX_01,Baseboard Replacement,20.0,1552.4,1552.4,1,,77.62,
CLM-91841,2025-05-19,Franchise_FL_04,Dehumidifier Rental,36.0,1993.32,1993.32,1,55.37,,
CLM-67174,"August 30, 2025",Franchise_TX_01,Antimicrobial Treatment - MISC,14.0,1998.92,1998.92,1,,142.78,
CLM-38031,03/30/2025,Franchise_NY_12,Antimicrobial Treatment,,1723.36,956.92,0,,$107.71,16.0
CLM-38394,2025-08-07,Franchise_FL_04,Baseboard Replacement,15.0,1258.8,1258.8,1,83.92,,
CLM-68639,2025-01-24,Franchise_FL_04,Water Extraction,30.0,1365.6,1365.6,1,45.52,,
CLM-80797,"September 01, 2025",Franchise_TX_01,Drywall Repair,7.0,1004.57,1004.57,1,,143.51,
CLM-68469,"September 26, 2025",Franchise_TX_01,Drywall Repair,35.0,1254.75,1254.75,1,,35.85,
CLM-57333,2025-06-29,Franchise_FL_04,Baseboard Replacement,2.0,,139.28,0,98.8,,
CLM-79053,"September 13, 2025",Franchise_TX_01,Drywall Repair,21.0,380.1,380.1,1,,18.1,
CLM-25860,05/02/2025,Franchise_NY_12,Baseboard Replacement,,1506.82,1506.82,1,,$107.63,14.0
CLM-52082,"June 15, 2025",Franchise_TX_01,Dehumidifier Rental,41.0,4332.06,4332.06,1,,105.66,
CLM-57135,2025-04-15,Franchise_FL_04,Drywall Repair,9.0,289.44,289.44,1,32.16,,
CLM-36383,2025-07-13,Franchise_FL_04,Water Extraction,37.0,3022.53,3022.53,1,81.69,,
CLM-25819,05/08/2025,Franchise_NY_12,Drywall Repair,,2882.5,2882.5,1,,$57.65,50.0
CLM-86519,07/04/2025,Franchise_NY_12,Drywall Repair,,556.25,475.01,0,,$22.25,25.0
CLM-90128,"November 26, 2025",Franchise_TX_01,Antimicrobial Treatment - MISC,49.0,6204.38,6204.38,1,,126.62,
CLM-22433,"April 02, 2025",Franchise_TX_01,Water Extraction,9.0,292.23,204.71,0,,32.47,
CLM-93505,"July 20, 2025",Franchise_TX_01,Dehumidifier Rental - MISC,46.0,6749.58,6749.58,1,,146.73,
CLM-88715,"June 20, 2025",Franchise_TX_01,Baseboard Replacement,10.0,436.0,250.32,0,,43.6,
CLM-49545,"August 04, 2025",Franchise_TX_01,Drywall Repair - MISC,3.0,184.44,184.44,1,,61.48,
CLM-61556,"October 19, 2025",Franchise_TX_01,Dehumidifier Rental,37.0,4761.53,4761.53,1,,128.69,
CLM-41763,"March 08, 2025",Franchise_TX_01,Antimicrobial Treatment,49.0,2511.74,1520.96,0,,51.26,
CLM-88925,2025-09-28,Franchise_FL_04,Water Extraction,28.0,2738.4,1996.87,0,97.8,,
CLM-22470,12/03/2025,Franchise_NY_12,Drywall Repair,,1729.89,1729.89,1,,$40.23,43.0
CLM-31410,2025-10-02,Franchise_FL_04,Antimicrobial Treatment,5.0,571.95,375.66,0,114.39,,
CLM-10201,2025-12-17,Franchise_FL_04,Baseboard Replacement,14.0,,158.27,0,25.56,,
CLM-14639,08/09/2025,Franchise_NY_12,Drywall Repair,,1383.3,1242.64,0,,$92.22,15.0
CLM-64851,"March 19, 2025",Franchise_TX_01,Water Extraction,41.0,856.9,856.9,1,,20.9,
CLM-28486,"November 14, 2025",Franchise_TX_01,Baseboard Replacement,25.0,1940.25,1940.25,1,,77.61,
CLM-83358,07/14/2025,Franchise_NY_12,Dehumidifier Rental,,3863.68,1878.72,0,,$120.74,32.0
CLM-82486,2025-02-10,Franchise_FL_04,Antimicrobial Treatment,21.0,,741.33,0,57.45,,
CLM-79828,2025-01-19,Franchise_FL_04,Drywall Repair,47.0,2923.4,2064.53,0,62.2,,
CLM-13277,08/28/2025,Franchise_NY_12,Baseboard Replacement,,115.38,115.38,1,,$115.38,1.0
CLM-13234,2025-09-02,Franchise_FL_04,Baseboard Replacement,40.0,,1662.27,0,101.91,,
CLM-81138,03/20/2025,Franchise_NY_12,Baseboard Replacement,,3325.2,3325.2,1,,$110.84,30.0
CLM-49916,"March 02, 2025",Franchise_TX_01,Water Extraction,23.0,921.15,921.15,1,,40.05,
CLM-14809,"June 17, 2025",Franchise_TX_01,Dehumidifier Rental,35.0,1094.1,1094.1,1,,31.26,
CLM-81441,"November 20, 2025",Franchise_TX_01,Water Extraction,32.0,2024.64,1784.87,0,,63.27,
CLM-18418,09/25/2025,Franchise_NY_12,Drywall Repair,,2671.02,1345.06,0,,$148.39,18.0
CLM-64950,01/17/2025,Franchise_NY_12,Drywall Repair,,815.64,541.65,0,,$116.52,7.0
CLM-33384,2025-02-10,Franchise_FL_04,Antimicrobial Treatment,45.0,5524.65,2990.57,0,122.77,,
CLM-45920,2025-01-10,Franchise_FL_04,Water Extraction,35.0,700.7,513.79,0,20.02,,
CLM-51013,2025-06-12,Franchise_FL_04,Drywall Repair,40.0,,1728.98,0,84.13,,
CLM-98878,2025-02-03,Franchise_FL_04,Drywall Repair,50.0,1802.5,1802.5,1,36.05,,
CLM-36848,"February 27, 2025",Franchise_TX_01,Antimicrobial Treatment,26.0,2124.98,2124.98,1,,81.73,
CLM-64983,2025-09-13,Franchise_FL_04,Drywall Repair,45.0,1827.9,1827.9,1,40.62,,
CLM-39078,04/29/2025,Franchise_NY_12,Baseboard Replacement,,292.63,292.63,1,,$22.51,13.0
CLM-40696,08/15/2025,Franchise_NY_12,Baseboard Replacement,,102.2,102.2,1,,$51.1,2.0
CLM-52067,"April 19, 2025",Franchise_TX_01,Dehumidifier Rental,12.0,1231.68,1231.68,1,,102.64,
CLM-39007,12/14/2025,Franchise_NY_12,Baseboard Replacement,,230.38,108.1,0,,$115.19,2.0
CLM-37853,09/11/2025,Franchise_NY_12,Dehumidifier Rental,,5969.67,5969.67,1,,$121.83,49.0
CLM-80462,12/29/2025,Franchise_NY_12,Dehumidifier Rental,,2002.56,1537.07,0,,$95.36,21.0
CLM-31496,2025-07-12,Franchise_FL_04,Antimicrobial Treatment,37.0,,739.48,0,29.68,,
CLM-73064,02/07/2025,Franchise_NY_12,Antimicrobial Treatment,,619.48,298.23,0,,$36.44,17.0
CLM-15229,04/11/2025,Franchise_NY_12,Dehumidifier Rental,,2949.52,2949.52,1,,$128.24,23.0
CLM-11408,09/07/2025,Franchise_NY_12,Baseboard Replacement,,1480.0,694.95,0,,$37.0,40.0
CLM-49448,2025-10-31,Franchise_FL_04,Water Extraction,17.0,,1400.46,1,82.38,,
CLM-55643,"December 01, 2025",Franchise_TX_01,Drywall Repair,17.0,1295.06,1295.06,1,,76.18,
CLM-23987,2025-07-24,Franchise_FL_04,Drywall Repair,49.0,5151.37,2880.33,0,105.13,,
CLM-92844,2025-02-19,Franchise_FL_04,Baseboard Replacement,25.0,1247.5,694.16,0,49.9,,
CLM-67604,2025-07-25,Franchise_FL_04,Antimicrobial Treatment,38.0,2664.94,2664.94,1,70.13,,
CLM-43089,2025-04-19,Franchise_FL_04,Water Extraction,16.0,392.8,163.59,0,24.55,,
CLM-16517,03/20/2025,Franchise_NY_12,Baseboard Replacement,,1536.21,1050.25,0,,$118.17,13.0
CLM-95798,2025-02-13,Franchise_FL_04,Baseboard Replacement,46.0,5704.46,3899.87,0,124.01,,
CLM-15811,04/13/2025,Franchise_NY_12,Dehumidifier Rental,,2369.74,2369.74,1,,$50.42,47.0
CLM-86084,2025-07-16,Franchise_FL_04,Dehumidifier Rental,38.0,2482.54,2482.54,1,65.33,,
CLM-31992,05/24/2025,Franchise_NY_12,Drywall Repair,,945.98,945.98,1,,$32.62,29.0
CLM-23406,"November 12, 2025",Franchise_TX_01,Drywall Repair - MISC,46.0,4152.42,4152.42,1,,90.27,
CLM-11523,"June 25, 2025",Franchise_TX_01,Dehumidifier Rental,17.0,1946.5,1946.5,1,,114.5,
CLM-96068,02/04/2025,Franchise_NY_12,Antimicrobial Treatment,,966.69,966.69,1,,$42.03,23.0
CLM-80148,2025-02-16,Franchise_FL_04,Antimicrobial Treatment,49.0,,2044.28,1,41.72,,
CLM-93401,2025-10-02,Franchise_FL_04,Water Extraction,26.0,1226.42,1226.42,1,47.17,,
CLM-42345,2025-08-23,Franchise_FL_04,Drywall Repair,19.0,2277.15,1531.33,0,119.85,,
CLM-18008,2025-03-25,Franchise_FL_04,Dehumidifier Rental,3.0,185.31,185.31,1,61.77,,
CLM-28444,07/10/2025,Franchise_NY_12,Drywall Repair,,2066.85,2066.85,1,,$45.93,45.0
CLM-52810,2025-05-16,Franchise_FL_04,Water Extraction,38.0,3836.86,1765.44,0,100.97,,
CLM-58855,2025-04-26,Franchise_FL_04,Drywall Repair,45.0,4179.6,4179.6,1,92.88,,
CLM-86376,2025-07-07,Franchise_FL_04,Drywall Repair,7.0,,996.38,1,142.34,,
CLM-52099,2025-05-25,Franchise_FL_04,Baseboard Replacement,10.0,694.9,694.9,1,69.49,,
CLM-12943,2025-10-05,Franchise_FL_04,Baseboard Replacement,40.0,5057.6,5057.6,1,126.44,,
CLM-20224,"July 01, 2025",Franchise_TX_01,Dehumidifier Rental,12.0,1753.32,1753.32,1,,146.11,
CLM-34795,"February 23, 2025",Franchise_TX_01,Drywall Repair,13.0,1281.15,597.95,0,,98.55,
CLM-75831,10/21/2025,Franchise_NY_12,Baseboard Replacement,,927.6,404.31,0,,$30.92,30.0
CLM-72109,"October 18, 2025",Franchise_TX_01,Drywall Repair,10.0,593.9,593.9,1,,59.39,
CLM-50256,12/13/2025,Franchise_NY_12,Drywall Repair,,3125.62,3125.62,1,,$107.78,29.0
CLM-14117,02/18/2025,Franchise_NY_12,Dehumidifier Rental,,4003.84,3275.32,0,,$117.76,34.0
CLM-57130,"April 17, 2025",Franchise_TX_01,Antimicrobial Treatment,19.0,2733.15,2186.22,0,,143.85,
CLM-69909,"April 18, 2025",Franchise_TX_01,Baseboard Replacement,30.0,762.9,762.9,1,,25.43,
CLM-96771,12/17/2025,Franchise_NY_12,Antimicrobial Treatment,,729.96,654.91,0,,$121.66,6.0
CLM-69909,05/29/2025,Franchise_NY_12,Water Extraction,,213.98,213.98,1,,$16.46,13.0
CLM-80881,2025-10-03,Franchise_FL_04,Baseboard Replacement,7.0,317.66,317.66,1,45.38,,
CLM-89201,08/11/2025,Franchise_NY_12,Water Extraction,,1310.36,1310.36,1,,$38.54,34.0
CLM-15730,"June 13, 2025",Franchise_TX_01,Water Extraction,4.0,405.52,405.52,1,,101.38,
CLM-24698,12/28/2025,Franchise_NY_12,Antimicrobial Treatment,,1624.48,1624.48,1,,$62.48,26.0
CLM-98758,"September 09, 2025",Franchise_TX_01,Dehumidifier Rental,19.0,2174.17,2174.17,1,,114.43,
CLM-66520,02/24/2025,Franchise_NY_12,Drywall Repair,,249.21,249.21,1,,$19.17,13.0
CLM-89821,2025-07-05,Franchise_FL_04,Dehumidifier Rental,45.0,5774.85,3211.44,0,128.33,,
CLM-39756,2025-01-19,Franchise_FL_04,Drywall Repair,30.0,,629.7,1,20.99,,
CLM-80337,"July 31, 2025",Franchise_TX_01,Antimicrobial Treatment - MISC,28.0,2637.32,2637.32,1,,94.19,
CLM-53264,02/14/2025,Franchise_NY_12,Antimicrobial Treatment,,4665.93,4128.1,0,,$108.51,43.0
CLM-28840,"June 24, 2025",Franchise_TX_01,Dehumidifier Rental,22.0,3046.56,1836.99,0,,138.48,
CLM-90329,2025-04-13,Franchise_FL_04,Water Extraction,36.0,1038.6,1038.6,1,28.85,,
CLM-15337,2025-04-02,Franchise_FL_04,Water Extraction,9.0,,1293.84,1,143.76,,
CLM-30405,"December 06, 2025",Franchise_TX_01,Water Extraction,48.0,5792.16,3813.09,0,,120.67,
CLM-28630,"July 15, 2025",Franchise_TX_01,Drywall Repair,38.0,1015.74,1015.74,1,,26.73,
CLM-96476,2025-08-29,Franchise_FL_04,Drywall Repair,26.0,1691.82,1691.82,1,65.07,,
CLM-14164,"December 03, 2025",Franchise_TX_01,Baseboard Replacement,31.0,4403.55,1815.58,0,,142.05,
CLM-19681,"May 29, 2025",Franchise_TX_01,Dehumidifier Rental,15.0,535.95,535.95,1,,35.73,
CLM-91728,05/26/2025,Franchise_NY_12,Dehumidifier Rental,,5020.18,2046.06,0,,$132.11,38.0
CLM-92515,03/20/2025,Franchise_NY_12,Dehumidifier Rental,,841.65,626.25,0,,$56.11,15.0
CLM-73739,06/19/2025,Franchise_NY_12,Antimicrobial Treatment,,1986.39,1667.54,0,,$94.59,21.0
CLM-16777,01/01/2026,Franchise_NY_12,Antimicrobial Treatment,,1240.75,839.98,0,,$49.63,25.0
CLM-43241,"September 05, 2025",Franchise_TX_01,Drywall Repair - MISC,9.0,1098.9,1098.9,1,,122.1,
CLM-12128,"June 19, 2025",Franchise_TX_01,Dehumidifier Rental,43.0,3550.94,3550.94,1,,82.58,
CLM-43012,"December 16, 2025",Franchise_TX_01,Antimicrobial Treatment,30.0,1033.8,1033.8,1,,34.46,
CLM-90001,07/27/2025,Franchise_NY_12,Antimicrobial Treatment,,3580.16,1752.94,0,,$111.88,32.0
CLM-16974,2025-02-10,Franchise_FL_04,Baseboard Replacement,43.0,1643.46,1082.6,0,38.22,,
CLM-88655,10/01/2025,Franchise_NY_12,Water Extraction,,4713.39,4713.39,1,,$142.83,33.0
CLM-64412,01/12/2025,Franchise_NY_12,Water Extraction,,6789.6,4062.96,0,,$147.6,46.0
CLM-20434,04/25/2025,Franchise_NY_12,Dehumidifier Rental,,459.28,459.28,1,,$57.41,8.0
CLM-62786,01/13/2025,Franchise_NY_12,Drywall Repair,,1232.84,916.2,0,,$33.32,37.0
CLM-48434,09/01/2025,Franchise_NY_12,Water Extraction,,4647.72,3938.22,0,,$110.66,42.0
CLM-88534,"May 30, 2025",Franchise_TX_01,Baseboard Replacement,20.0,2195.8,2195.8,1,,109.79,
CLM-49396,"April 05, 2025",Franchise_TX_01,Antimicrobial Treatment,26.0,2227.68,1270.24,0,,85.68,
CLM-68641,2025-07-19,Franchise_FL_04,Baseboard Replacement,33.0,1320.33,720.83,0,40.01,,
CLM-35118,02/06/2025,Franchise_NY_12,Dehumidifier Rental,,4588.5,2784.56,0,,$99.75,46.0
CLM-91531,"November 10, 2025",Franchise_TX_01,Dehumidifier Rental,49.0,6235.25,4411.7,0,,127.25,
CLM-84117,2025-05-07,Franchise_FL_04,Antimicrobial Treatment,37.0,4930.99,4930.99,1,133.27,,
CLM-19258,2025-02-12,Franchise_FL_04,Antimicrobial Treatment,2.0,211.4,211.4,1,105.7,,
CLM-45485,09/26/2025,Franchise_NY_12,Baseboard Replacement,,1062.0,1062.0,1,,$59.0,18.0
CLM-30170,"January 08, 2025",Franchise_TX_01,Drywall Repair,28.0,3203.2,3203.2,1,,114.4,
CLM-20203,"January 30, 2025",Franchise_TX_01,Water Extraction,40.0,4992.0,2822.68,0,,124.8,
CLM-59414,"May 30, 2025",Franchise_TX_01,Water Extraction,19.0,310.08,259.12,0,,16.32,
CLM-79858,"September 03, 2025",Franchise_TX_01,Drywall Repair - MISC,50.0,2787.5,2787.5,1,,55.75,
CLM-77525,07/26/2025,Franchise_NY_12,Dehumidifier Rental,,121.37,57.33,0,,$121.37,1.0
CLM-44609,01/15/2025,Franchise_NY_12,Dehumidifier Rental,,2820.42,1518.96,0,,$104.46,27.0
CLM-82215,10/29/2025,Franchise_NY_12,Drywall Repair,,4961.96,4961.96,1,,$145.94,34.0
CLM-38922,2025-06-22,Franchise_FL_04,Dehumidifier Rental,8.0,851.44,764.73,0,106.43,,
CLM-69978,01/13/2025,Franchise_NY_12,Drywall Repair,,3918.24,3918.24,1,,$145.12,27.0
CLM-42516,"October 16, 2025",Franchise_TX_01,Baseboard Replacement,43.0,1636.58,1636.58,1,,38.06,
CLM-41046,03/11/2025,Franchise_NY_12,Antimicrobial Treatment,,213.04,213.04,1,,$53.26,4.0
CLM-28636,"July 17, 2025",Franchise_TX_01,Baseboard Replacement,14.0,1247.54,1247.54,1,,89.11,
CLM-47017,"January 18, 2025",Franchise_TX_01,Dehumidifier Rental,48.0,2647.2,1593.3,0,,55.15,
CLM-11070,2025-02-18,Franchise_FL_04,Antimicrobial Treatment,9.0,818.82,818.82,1,90.98,,
CLM-68471,"August 09, 2025",Franchise_TX_01,Baseboard Replacement,29.0,3977.06,3977.06,1,,137.14,
CLM-71897,2025-12-28,Franchise_FL_04,Water Extraction,20.0,919.4,919.4,1,45.97,,
CLM-22208,06/06/2025,Franchise_NY_12,Dehumidifier Rental,,350.84,207.12,0,,$50.12,7.0
CLM-57358,2025-08-25,Franchise_FL_04,Baseboard Replacement,17.0,1461.49,1461.49,1,85.97,,
CLM-75172,"May 04, 2025",Franchise_TX_01,Dehumidifier Rental - MISC,18.0,1439.28,1439.28,1,,79.96,
CLM-67839,"August 23, 2025",Franchise_TX_01,Dehumidifier Rental,13.0,1865.63,785.64,0,,143.51,
CLM-86348,"October 18, 2025",Franchise_TX_01,Baseboard Replacement,46.0,5799.22,4989.19,0,,126.07,
CLM-73065,2025-10-01,Franchise_FL_04,Dehumidifier Rental,50.0,1158.5,1158.5,1,23.17,,
CLM-68696,"January 17, 2025",Franchise_TX_01,Water Extraction,9.0,1237.95,940.3,0,,137.55,
CLM-93674,11/14/2025,Franchise_NY_12,Drywall Repair,,1827.58,1827.58,1,,$39.73,46.0
CLM-56540,2025-09-23,Franchise_FL_04,Baseboard Replacement,24.0,3016.32,3016.32,1,125.68,,
CLM-39460,"September 25, 2025",Franchise_TX_01,Drywall Repair,10.0,1133.8,470.48,0,,113.38,
CLM-51930,"May 18, 2025",Franchise_TX_01,Antimicrobial Treatment - MISC,28.0,1241.52,1241.52,1,,44.34,
CLM-51300,"February 21, 2025",Franchise_TX_01,Baseboard Replacement,32.0,815.36,815.36,1,,25.48,
CLM-24462,2025-05-01,Franchise_FL_04,Water Extraction,43.0,6059.56,6059.56,1,140.92,,
CLM-47432,07/16/2025,Franchise_NY_12,Antimicrobial Treatment,,665.28,665.28,1,,$95.04,7.0
CLM-89852,"January 18, 2025",Franchise_TX_01,Dehumidifier Rental - MISC,41.0,3049.99,3049.99,1,,74.39,
CLM-26951,04/17/2025,Franchise_NY_12,Drywall Repair,,2912.07,2912.07,1,,$59.43,49.0
CLM-36438,10/29/2025,Franchise_NY_12,Baseboard Replacement,,927.42,927.42,1,,$31.98,29.0
CLM-87072,"December 21, 2025",Franchise_TX_01,Baseboard Replacement,11.0,1143.12,898.43,0,,103.92,
CLM-83908,2025-06-18,Franchise_FL_04,Baseboard Replacement,43.0,1299.03,1299.03,1,30.21,,
CLM-60903,"January 15, 2025",Franchise_TX_01,Drywall Repair - MISC,26.0,922.74,922.74,1,,35.49,
CLM-73605,"April 20, 2025",Franchise_TX_01,Water Extraction - MISC,14.0,616.98,616.98,1,,44.07,
CLM-47774,04/25/2025,Franchise_NY_12,Antimicrobial Treatment,,1471.5,1471.5,1,,$58.86,25.0
CLM-66247,06/30/2025,Franchise_NY_12,Antimicrobial Treatment,,246.8,246.8,1,,$49.36,5.0
CLM-28167,04/28/2025,Franchise_NY_12,Dehumidifier Rental,,1257.25,742.08,0,,$26.75,47.0
CLM-92734,"June 15, 2025",Franchise_TX_01,Dehumidifier Rental - MISC,35.0,2970.8,2970.8,1,,84.88,
CLM-37903,08/08/2025,Franchise_NY_12,Antimicrobial Treatment,,2262.78,2262.78,1,,$125.71,18.0
CLM-43264,"October 17, 2025",Franchise_TX_01,Drywall Repair,15.0,585.75,273.66,0,,39.05,
CLM-67641,2025-11-10,Franchise_FL_04,Baseboard Replacement,7.0,914.13,914.13,1,130.59,,
CLM-99407,2025-12-01,Franchise_FL_04,Antimicrobial Treatment,41.0,1703.14,1703.14,1,41.54,,
CLM-72441,12/16/2025,Franchise_NY_12,Antimicrobial Treatment,,617.85,268.22,0,,$41.19,15.0
CLM-41012,2025-09-23,Franchise_FL_04,Dehumidifier Rental,29.0,1844.4,1844.4,1,63.6,,
CLM-78777,"April 23, 2025",Franchise_TX_01,Dehumidifier Rental,2.0,248.86,248.86,1,,124.43,
CLM-85818,01/12/2025,Franchise_NY_12,Drywall Repair,,418.45,368.41,0,,$83.69,5.0
CLM-32133,12/15/2025,Franchise_NY_12,Water Extraction,,837.76,729.06,0,,$49.28,17.0
CLM-11803,2025-08-24,Franchise_FL_04,Baseboard Replacement,17.0,415.82,415.82,1,24.46,,
CLM-19583,"March 13, 2025",Franchise_TX_01,Baseboard Replacement,18.0,1504.98,1162.99,0,,83.61,
CLM-15970,04/29/2025,Franchise_NY_12,Baseboard Replacement,,1483.71,1075.8,0,,$78.09,19.0
CLM-92751,2025-10-03,Franchise_FL_04,Baseboard Replacement,17.0,1441.6,1441.6,1,84.8,,
CLM-30840,04/13/2025,Franchise_NY_12,Baseboard Replacement,,2603.76,2603.76,1,,$137.04,19.0
CLM-25436,"May 31, 2025",Franchise_TX_01,Water Extraction,38.0,941.64,511.37,0,,24.78,
CLM-66015,2025-11-12,Franchise_FL_04,Water Extraction,13.0,425.62,222.87,0,32.74,,
CLM-40274,2025-04-08,Franchise_FL_04,Drywall Repair,42.0,,2144.52,1,51.06,,
CLM-11205,"February 18, 2025",Franchise_TX_01,Dehumidifier Rental,26.0,2731.3,2731.3,1,,105.05,
CLM-31453,"August 16, 2025",Franchise_TX_01,Water Extraction,25.0,1500.0,1500.0,1,,60.0,
CLM-43151,"July 19, 2025",Franchise_TX_01,Antimicrobial Treatment - MISC,12.0,1624.92,1052.49,0,,135.41,
CLM-61072,"September 22, 2025",Franchise_TX_01,Drywall Repair - MISC,4.0,560.52,560.52,1,,140.13,
CLM-88459,"October 28, 2025",Franchise_TX_01,Drywall Repair,44.0,5944.4,4032.33,0,,135.1,
CLM-97892,2025-08-17,Franchise_FL_04,Antimicrobial Treatment,5.0,173.85,173.85,1,34.77,,
CLM-48301,"March 13, 2025",Franchise_TX_01,Drywall Repair,29.0,1234.82,790.63,0,,42.58,
CLM-95827,"October 26, 2025",Franchise_TX_01,Water Extraction - MISC,49.0,5835.9,2352.98,0,,119.1,
CLM-74629,11/24/2025,Franchise_NY_12,Drywall Repair,,2214.45,2214.45,1,,$116.55,19.0
CLM-47482,2025-12-14,Franchise_FL_04,Water Extraction,3.0,435.57,435.57,1,145.19,,
CLM-94684,"November 18, 2025",Franchise_TX_01,Dehumidifier Rental,4.0,190.92,142.36,0,,47.73,
CLM-78239,06/08/2025,Franchise_NY_12,Water Extraction,,1532.63,1532.63,1,,$139.33,11.0
CLM-20736,2025-06-30,Franchise_FL_04,Drywall Repair,21.0,1101.03,592.51,0,52.43,,
CLM-10706,06/25/2025,Franchise_NY_12,Dehumidifier Rental,,4951.1,4951.1,1,,$141.46,35.0
CLM-53818,01/22/2025,Franchise_NY_12,Drywall Repair,,1037.33,1037.33,1,,$35.77,29.0
CLM-59841,2025-08-26,Franchise_FL_04,Drywall Repair,26.0,836.68,643.37,0,32.18,,
CLM-82725,11/29/2025,Franchise_NY_12,Drywall Repair,,5957.16,5957.16,1,,$135.39,44.0
CLM-46454,"June 03, 2025",Franchise_TX_01,Dehumidifier Rental - MISC,11.0,1646.48,1274.0,0,,149.68,
CLM-21345,2025-06-20,Franchise_FL_04,Antimicrobial Treatment,32.0,1662.4,1662.4,1,51.95,,
CLM-69055,2025-02-26,Franchise_FL_04,Drywall Repair,37.0,1844.82,1844.82,1,49.86,,
CLM-51043,"September 25, 2025",Franchise_TX_01,Antimicrobial Treatment,42.0,841.26,841.26,1,,20.03,
CLM-12240,"July 02, 2025",Franchise_TX_01,Drywall Repair,40.0,866.4,866.4,1,,21.66,
CLM-20943,"January 21, 2025",Franchise_TX_01,Drywall Repair - MISC,34.0,3072.92,3072.92,1,,90.38,
CLM-17111,"May 16, 2025",Franchise_TX_01,Water Extraction,22.0,836.44,396.33,0,,38.02,
CLM-91913,"September 04, 2025",Franchise_TX_01,Water Extraction,49.0,6307.28,6307.28,1,,128.72,
CLM-35455,2025-07-02,Franchise_FL_04,Baseboard Replacement,48.0,3706.56,3706.56,1,77.22,,
CLM-24165,"May 14, 2025",Franchise_TX_01,Drywall Repair,7.0,301.07,301.07,1,,43.01,
CLM-33994,"November 25, 2025",Franchise_TX_01,Baseboard Replacement,17.0,740.86,740.86,1,,43.58,
CLM-17030,07/03/2025,Franchise_NY_12,Water Extraction,,324.18,178.02,0,,$54.03,6.0
CLM-73073,01/09/2025,Franchise_NY_12,Water Extraction,,2162.88,2162.88,1,,$90.12,24.0
CLM-42532,2025-04-22,Franchise_FL_04,Drywall Repair,18.0,1690.74,1690.74,1,93.93,,
CLM-47126,06/26/2025,Franchise_NY_12,Baseboard Replacement,,2801.52,2801.52,1,,$103.76,27.0
CLM-69809,08/22/2025,Franchise_NY_12,Drywall Repair,,101.54,52.57,0,,$50.77,2.0
CLM-84097,2025-03-02,Franchise_FL_04,Baseboard Replacement,9.0,707.04,707.04,1,78.56,,
CLM-67824,11/14/2025,Franchise_NY_12,Baseboard Replacement,,313.05,222.91,0,,$20.87,15.0
CLM-56110,"May 07, 2025",Franchise_TX_01,Drywall Repair,15.0,688.95,688.95,1,,45.93,
CLM-73899,2025-10-07,Franchise_FL_04,Water Extraction,33.0,2315.94,1228.32,0,70.18,,
CLM-26108,2025-05-11,Franchise_FL_04,Drywall Repair,7.0,813.47,813.47,1,116.21,,
CLM-38309,12/30/2025,Franchise_NY_12,Drywall Repair,,1809.99,1504.64,0,,$86.19,21.0
CLM-11904,2025-05-27,Franchise_FL_04,Antimicrobial Treatment,14.0,1979.6,1979.6,1,141.4,,
CLM-65941,"February 06, 2025",Franchise_TX_01,Drywall Repair - MISC,18.0,2296.98,2296.98,1,,127.61,
CLM-60001,2025-10-08,Franchise_FL_04,Dehumidifier Rental,31.0,1305.1,1305.1,1,42.1,,
CLM-68968,09/17/2025,Franchise_NY_12,Antimicrobial Treatment,,2615.34,2615.34,1,,$124.54,21.0
CLM-94148,"October 31, 2025",Franchise_TX_01,Drywall Repair,11.0,1003.31,1003.31,1,,91.21,
CLM-56909,"January 17, 2025",Franchise_TX_01,Drywall Repair,20.0,2536.6,2536.6,1,,126.83,
CLM-88179,12/24/2025,Franchise_NY_12,Dehumidifier Rental,,2873.43,1464.03,0,,$136.83,21.0
CLM-10829,2025-12-18,Franchise_FL_04,Baseboard Replacement,5.0,177.0,177.0,1,35.4,,
CLM-20197,"May 02, 2025",Franchise_TX_01,Drywall Repair,42.0,1691.34,1691.34,1,,40.27,
CLM-76586,"November 07, 2025",Franchise_TX_01,Drywall Repair,34.0,757.18,757.18,1,,22.27,
CLM-37638,"February 27, 2025",Franchise_TX_01,Water Extraction - MISC,8.0,1159.52,652.78,0,,144.94,
CLM-13973,12/26/2025,Franchise_NY_12,Baseboard Replacement,,2662.89,2662.89,1,,$71.97,37.0
CLM-75462,2025-10-18,Franchise_FL_04,Dehumidifier Rental,13.0,1762.67,1039.64,0,135.59,,
CLM-74532,"October 29, 2025",Franchise_TX_01,Water Extraction,23.0,2139.69,2139.69,1,,93.03,
CLM-92300,09/11/2025,Franchise_NY_12,Water Extraction,,148.95,148.95,1,,$148.95,1.0
CLM-97802,02/17/2025,Franchise_NY_12,Dehumidifier Rental,,318.43,318.43,1,,$45.49,7.0
CLM-65925,07/02/2025,Franchise_NY_12,Baseboard Replacement,,917.0,824.2,0,,$131.0,7.0
CLM-61895,2025-07-22,Franchise_FL_04,Antimicrobial Treatment,46.0,5979.54,5979.54,1,129.99,,
CLM-80998,2025-01-24,Franchise_FL_04,Dehumidifier Rental,20.0,1578.0,1060.07,0,78.9,,
CLM-17805,07/03/2025,Franchise_NY_12,Water Extraction,,4046.29,4046.29,1,,$98.69,41.0
CLM-76859,10/31/2025,Franchise_NY_12,Drywall Repair,,827.6,827.6,1,,$103.45,8.0
CLM-95686,06/06/2025,Franchise_NY_12,Drywall Repair,,373.52,373.52,1,,$46.69,8.0
CLM-39872,10/25/2025,Franchise_NY_12,Dehumidifier Rental,,630.77,630.77,1,,$90.11,7.0
CLM-38001,09/05/2025,Franchise_NY_12,Baseboard Replacement,,603.7,603.7,1,,$60.37,10.0
CLM-79499,10/20/2025,Franchise_NY_12,Water Extraction,,5036.54,5036.54,1,,$109.49,46.0
CLM-42796,05/14/2025,Franchise_NY_12,Antimicrobial Treatment,,4161.52,4161.52,1,,$94.58,44.0
CLM-36583,06/20/2025,Franchise_NY_12,Baseboard Replacement,,530.04,530.04,1,,$44.17,12.0
CLM-28410,"March 03, 2025",Franchise_TX_01,Antimicrobial Treatment,45.0,4701.15,4701.15,1,,104.47,
CLM-38071,04/14/2025,Franchise_NY_12,Antimicrobial Treatment,,2459.73,1511.14,0,,$63.07,39.0
CLM-26413,"November 01, 2025",Franchise_TX_01,Dehumidifier Rental - MISC,6.0,191.04,102.81,0,,31.84,
CLM-32200,"August 04, 2025",Franchise_TX_01,Water Extraction,21.0,3011.19,3011.19,1,,143.39,
CLM-53655,"July 27, 2025",Franchise_TX_01,Antimicrobial Treatment,21.0,2715.51,1265.45,0,,129.31,
CLM-18744,2025-07-19,Franchise_FL_04,Dehumidifier Rental,46.0,4118.38,4118.38,1,89.53,,
CLM-55794,03/28/2025,Franchise_NY_12,Dehumidifier Rental,,1528.31,1528.31,1,,$31.19,49.0
CLM-83837,01/26/2025,Franchise_NY_12,Dehumidifier Rental,,1402.56,1402.56,1,,$87.66,16.0
CLM-51119,2025-06-17,Franchise_FL_04,Baseboard Replacement,43.0,,2735.13,0,117.14,,
CLM-77719,2025-10-15,Franchise_FL_04,Antimicrobial Treatment,40.0,1280.8,1280.8,1,32.02,,
CLM-61307,09/04/2025,Franchise_NY_12,Dehumidifier Rental,,1560.72,1560.72,1,,$37.16,42.0
CLM-43109,2025-11-08,Franchise_FL_04,Water Extraction,46.0,5351.18,5351.18,1,116.33,,
CLM-48248,"September 21, 2025",Franchise_TX_01,Dehumidifier Rental,23.0,3050.95,3050.95,1,,132.65,
CLM-94125,2025-08-23,Franchise_FL_04,Dehumidifier Rental,9.0,,1152.0,1,128.0,,
CLM-63017,"August 11, 2025",Franchise_TX_01,Dehumidifier Rental,41.0,2563.32,2563.32,1,,62.52,
CLM-81221,2025-04-23,Franchise_FL_04,Water Extraction,23.0,1603.56,1603.56,1,69.72,,
CLM-90603,09/16/2025,Franchise_NY_12,Antimicrobial Treatment,,2267.36,1250.67,0,,$141.71,16.0
CLM-35050,2025-12-27,Franchise_FL_04,Water Extraction,43.0,5289.86,2732.1,0,123.02,,
CLM-51385,12/26/2025,Franchise_NY_12,Drywall Repair,,1685.72,1685.72,1,,$45.56,37.0
CLM-97106,"October 11, 2025",Franchise_TX_01,Baseboard Replacement - MISC,32.0,2554.24,1823.1,0,,79.82,
CLM-97439,"August 16, 2025",Franchise_TX_01,Drywall Repair,28.0,2408.84,1003.96,0,,86.03,
CLM-11525,"September 28, 2025",Franchise_TX_01,Dehumidifier Rental,1.0,45.92,45.92,1,,45.92,
CLM-98637,2025-03-31,Franchise_FL_04,Water Extraction,25.0,1975.0,1975.0,1,79.0,,
CLM-66503,"March 27, 2025",Franchise_TX_01,Water Extraction,9.0,250.2,192.63,0,,27.8,
CLM-86120,11/25/2025,Franchise_NY_12,Dehumidifier Rental,,671.4,671.4,1,,$67.14,10.0
CLM-58115,06/28/2025,Franchise_NY_12,Antimicrobial Treatment,,35.26,23.51,0,,$35.26,1.0
CLM-64081,2025-10-28,Franchise_FL_04,Antimicrobial Treatment,37.0,2565.95,2565.95,1,69.35,,
CLM-14624,2025-04-20,Franchise_FL_04,Baseboard Replacement,49.0,1739.01,1739.01,1,35.49,,
CLM-76618,2025-03-25,Franchise_FL_04,Antimicrobial Treatment,2.0,115.84,65.56,0,57.92,,
CLM-66575,2025-08-21,Franchise_FL_04,Water Extraction,10.0,738.4,738.4,1,73.84,,
CLM-15037,"August 25, 2025",Franchise_TX_01,Dehumidifier Rental,1.0,139.21,139.21,1,,139.21,
CLM-56581,2025-10-17,Franchise_FL_04,Water Extraction,29.0,2616.09,2616.09,1,90.21,,
CLM-84148,"December 06, 2025",Franchise_TX_01,Dehumidifier Rental,41.0,4360.76,4360.76,1,,106.36,
CLM-18746,"September 06, 2025",Franchise_TX_01,Baseboard Replacement,32.0,3433.28,3433.28,1,,107.29,
CLM-63639,"August 21, 2025",Franchise_TX_01,Drywall Repair,2.0,218.86,218.86,1,,109.43,
CLM-42272,09/13/2025,Franchise_NY_12,Dehumidifier Rental,,457.1,210.77,0,,$45.71,10.0
CLM-24726,01/11/2025,Franchise_NY_12,Water Extraction,,2435.04,2435.04,1,,$67.64,36.0
CLM-69306,"August 19, 2025",Franchise_TX_01,Antimicrobial Treatment,19.0,2631.12,2218.16,0,,138.48,
CLM-55591,08/08/2025,Franchise_NY_12,Antimicrobial Treatment,,1255.32,1255.32,1,,$104.61,12.0
CLM-48076,2025-02-02,Franchise_FL_04,Dehumidifier Rental,50.0,5932.5,3270.71,0,118.65,,
CLM-99282,"September 08, 2025",Franchise_TX_01,Dehumidifier Rental,31.0,4222.82,3071.08,0,,136.22,
CLM-77501,09/07/2025,Franchise_NY_12,Baseboard Replacement,,3213.25,3213.25,1,,$128.53,25.0
CLM-33553,"November 20, 2025",Franchise_TX_01,Drywall Repair,29.0,1476.1,1476.1,1,,50.9,
CLM-28682,01/06/2025,Franchise_NY_12,Drywall Repair,,822.51,393.91,0,,$91.39,9.0
CLM-63719,"March 27, 2025",Franchise_TX_01,Water Extraction,41.0,4583.39,4583.39,1,,111.79,
CLM-69916,"March 10, 2025",Franchise_TX_01,Baseboard Replacement,37.0,4932.84,4932.84,1,,133.32,
CLM-12464,2025-12-20,Franchise_FL_04,Water Extraction,3.0,428.37,345.6,0,142.79,,
CLM-27643,02/26/2025,Franchise_NY_12,Baseboard Replacement,,5287.8,5287.8,1,,$125.9,42.0
CLM-93506,"July 01, 2025",Franchise_TX_01,Drywall Repair,40.0,1139.6,1139.6,1,,28.49,
CLM-86422,08/26/2025,Franchise_NY_12,Dehumidifier Rental,,173.88,173.88,1,,$86.94,2.0
CLM-28335,10/04/2025,Franchise_NY_12,Dehumidifier Rental,,5359.13,3346.66,0,,$109.37,49.0
CLM-49319,"March 31, 2025",Franchise_TX_01,Dehumidifier Rental - MISC,35.0,1604.05,1604.05,1,,45.83,
CLM-55872,2025-11-03,Franchise_FL_04,Baseboard Replacement,32.0,849.28,849.28,1,26.54,,
CLM-47847,"January 20, 2025",Franchise_TX_01,Dehumidifier Rental,35.0,2976.05,2976.05,1,,85.03,
CLM-89579,2025-09-11,Franchise_FL_04,Water Extraction,22.0,1180.3,1180.3,1,53.65,,
CLM-84997,"August 04, 2025",Franchise_TX_01,Drywall Repair,24.0,1464.0,1464.0,1,,61.0,
CLM-81746,2025-08-15,Franchise_FL_04,Drywall Repair,5.0,191.05,191.05,1,38.21,,
CLM-89787,2025-05-28,Franchise_FL_04,Water Extraction,47.0,2826.58,2134.5,0,60.14,,
CLM-83244,2025-01-28,Franchise_FL_04,Baseboard Replacement,34.0,,5081.3,1,149.45,,
CLM-26588,07/15/2025,Franchise_NY_12,Antimicrobial Treatment,,884.34,884.34,1,,$49.13,18.0
CLM-94196,"March 21, 2025",Franchise_TX_01,Water Extraction,6.0,886.26,886.26,1,,147.71,
CLM-58984,07/05/2025,Franchise_NY_12,Drywall Repair,,534.33,430.07,0,,$19.79,27.0
CLM-29024,2025-11-11,Franchise_FL_04,Drywall Repair,43.0,5796.83,5796.83,1,134.81,,
CLM-82508,"August 24, 2025",Franchise_TX_01,Water Extraction,24.0,1253.28,1253.28,1,,52.22,
CLM-31021,2025-10-23,Franchise_FL_04,Antimicrobial Treatment,50.0,6649.5,2872.26,0,132.99,,
CLM-32689,"January 30, 2025",Franchise_TX_01,Baseboard Replacement,24.0,769.44,769.44,1,,32.06,
CLM-65519,12/20/2025,Franchise_NY_12,Dehumidifier Rental,,456.4,282.16,0,,$45.64,10.0
CLM-45804,"November 29, 2025",Franchise_TX_01,Antimicrobial Treatment,30.0,3459.6,2908.74,0,,115.32,
CLM-19824,2025-07-23,Franchise_FL_04,Dehumidifier Rental,9.0,1104.21,1104.21,1,122.69,,
CLM-81208,2025-06-27,Franchise_FL_04,Antimicrobial Treatment,24.0,1515.84,1139.81,0,63.16,,
CLM-60163,"December 15, 2025",Franchise_TX_01,Dehumidifier Rental,46.0,3646.42,3646.42,1,,79.27,
CLM-39169,"February 26, 2025",Franchise_TX_01,Dehumidifier Rental,10.0,1370.0,941.63,0,,137.0,
CLM-83378,2025-09-12,Franchise_FL_04,Water Extraction,24.0,938.88,938.88,1,39.12,,
CLM-14293,08/31/2025,Franchise_NY_12,Antimicrobial Treatment,,225.3,170.3,0,,$37.55,6.0
CLM-29489,2025-08-27,Franchise_FL_04,Drywall Repair,44.0,841.72,841.72,1,19.13,,
CLM-85473,"November 22, 2025",Franchise_TX_01,Antimicrobial Treatment,4.0,163.76,141.99,0,,40.94,
CLM-20081,2025-11-28,Franchise_FL_04,Antimicrobial Treatment,50.0,1384.0,1384.0,1,27.68,,
CLM-97002,07/16/2025,Franchise_NY_12,Dehumidifier Rental,,2297.2,2044.21,0,,$57.43,40.0
CLM-82410,05/19/2025,Franchise_NY_12,Dehumidifier Rental,,3338.61,3338.61,1,,$101.17,33.0
CLM-88198,2025-04-24,Franchise_FL_04,Antimicrobial Treatment,49.0,6675.76,6675.76,1,136.24,,
CLM-86923,03/09/2025,Franchise_NY_12,Baseboard Replacement,,2733.76,2733.76,1,,$85.43,32.0
CLM-46963,2025-05-10,Franchise_FL_04,Baseboard Replacement,10.0,203.9,203.9,1,20.39,,
CLM-59792,"November 11, 2025",Franchise_TX_01,Water Extraction,13.0,771.81,553.18,0,,59.37,
CLM-13739,2025-10-03,Franchise_FL_04,Baseboard Replacement,28.0,903.56,606.52,0,32.27,,
CLM-95134,"July 17, 2025",Franchise_TX_01,Dehumidifier Rental,31.0,1453.59,1261.19,0,,46.89,
CLM-64532,2025-10-31,Franchise_FL_04,Antimicrobial Treatment,34.0,640.56,403.97,0,18.84,,
CLM-27185,"December 31, 2025",Franchise_TX_01,Baseboard Replacement,16.0,1610.72,956.75,0,,100.67,
CLM-55902,2025-01-08,Franchise_FL_04,Antimicrobial Treatment,26.0,,2355.6,1,90.6,,
CLM-23564,2025-03-20,Franchise_FL_04,Drywall Repair,42.0,643.86,643.86,1,15.33,,
CLM-41476,08/25/2025,Franchise_NY_12,Antimicrobial Treatment,,570.38,570.38,1,,$15.01,38.0
CLM-26942,2025-01-03,Franchise_FL_04,Baseboard Replacement,10.0,674.1,293.32,0,67.41,,
CLM-37703,"May 22, 2025",Franchise_TX_01,Antimicrobial Treatment,41.0,5787.56,5787.56,1,,141.16,
CLM-31237,09/21/2025,Franchise_NY_12,Baseboard Replacement,,3107.16,1469.05,0,,$86.31,36.0
CLM-45812,2025-07-14,Franchise_FL_04,Drywall Repair,39.0,1861.08,1154.68,0,47.72,,
CLM-87990,07/01/2025,Franchise_NY_12,Dehumidifier Rental,,4677.28,3120.32,0,,$114.08,41.0
CLM-66011,08/08/2025,Franchise_NY_12,Drywall Repair,,79.08,79.08,1,,$19.77,4.0
CLM-67226,2025-01-11,Franchise_FL_04,Drywall Repair,4.0,528.56,292.08,0,132.14,,
CLM-29492,"May 26, 2025",Franchise_TX_01,Baseboard Replacement,35.0,3231.9,1615.82,0,,92.34,
CLM-32300,2025-12-06,Franchise_FL_04,Drywall Repair,29.0,,2121.6,0,94.65,,
CLM-32434,09/05/2025,Franchise_NY_12,Drywall Repair,,1799.68,1799.68,1,,$56.24,32.0
CLM-89687,2025-09-02,Franchise_FL_04,Dehumidifier Rental,3.0,130.92,69.21,0,43.64,,
CLM-25470,09/29/2025,Franchise_NY_12,Dehumidifier Rental,,4185.07,4185.07,1,,$113.11,37.0
CLM-54031,04/04/2025,Franchise_NY_12,Dehumidifier Rental,,1922.57,1516.28,0,,$147.89,13.0
CLM-48857,"January 29, 2025",Franchise_TX_01,Dehumidifier Rental - MISC,43.0,5967.97,3309.73,0,,138.79,
CLM-22402,2025-10-14,Franchise_FL_04,Baseboard Replacement,10.0,,873.63,0,114.88,,
CLM-95947,2025-04-02,Franchise_FL_04,Dehumidifier Rental,43.0,1664.53,1664.53,1,38.71,,
CLM-73609,"May 02, 2025",Franchise_TX_01,Dehumidifier Rental,32.0,949.76,722.29,0,,29.68,
CLM-15572,01/20/2025,Franchise_NY_12,Baseboard Replacement,,3202.92,3202.92,1,,$78.12,41.0
CLM-77293,05/19/2025,Franchise_NY_12,Drywall Repair,,1173.51,660.6,0,,$130.39,9.0
CLM-23378,"April 04, 2025",Franchise_TX_01,Baseboard Replacement,38.0,3985.44,3985.44,1,,104.88,
CLM-51866,"April 14, 2025",Franchise_TX_01,Drywall Repair,16.0,1412.16,640.76,0,,88.26,
CLM-61901,03/20/2025,Franchise_NY_12,Antimicrobial Treatment,,1068.99,1068.99,1,,$82.23,13.0
CLM-72219,"February 08, 2025",Franchise_TX_01,Antimicrobial Treatment - MISC,34.0,2103.58,2103.58,1,,61.87,
CLM-69246,"June 23, 2025",Franchise_TX_01,Drywall Repair,3.0,212.7,170.56,0,,70.9,
CLM-10795,2025-11-28,Franchise_FL_04,Antimicrobial Treatment,42.0,5775.0,3275.22,0,137.5,,
CLM-96515,02/24/2025,Franchise_NY_12,Antimicrobial Treatment,,124.6,124.6,1,,$24.92,5.0
CLM-97442,"April 18, 2025",Franchise_TX_01,Dehumidifier Rental,41.0,696.59,604.66,0,,16.99,
CLM-60922,2025-08-27,Franchise_FL_04,Antimicrobial Treatment,37.0,3457.28,3457.28,1,93.44,,
CLM-85157,04/23/2025,Franchise_NY_12,Drywall Repair,,3661.0,3661.0,1,,$104.6,35.0
CLM-65892,"June 12, 2025",Franchise_TX_01,Dehumidifier Rental - MISC,1.0,36.07,18.52,0,,36.07,
CLM-45455,12/07/2025,Franchise_NY_12,Water Extraction,,572.6,329.74,0,,$20.45,28.0
CLM-68712,"April 29, 2025",Franchise_TX_01,Baseboard Replacement,5.0,643.6,339.14,0,,128.72,
CLM-35092,2025-10-22,Franchise_FL_04,Water Extraction,15.0,,924.7,0,76.49,,
CLM-31123,"March 30, 2025",Franchise_TX_01,Drywall Repair,21.0,2984.1,2984.1,1,,142.1,
CLM-67728,07/20/2025,Franchise_NY_12,Drywall Repair,,1131.48,709.44,0,,$62.86,18.0
CLM-88758,2025-07-25,Franchise_FL_04,Baseboard Replacement,12.0,1023.96,627.17,0,85.33,,
CLM-59352,2025-10-07,Franchise_FL_04,Water Extraction,7.0,,407.26,1,58.18,,
CLM-87640,04/03/2025,Franchise_NY_12,Dehumidifier Rental,,46.1,46.1,1,,$23.05,2.0
CLM-85346,2025-01-21,Franchise_FL_04,Baseboard Replacement,16.0,1529.12,1529.12,1,95.57,,
CLM-21481,10/04/2025,Franchise_NY_12,Baseboard Replacement,,1017.45,911.24,0,,$53.55,19.0
CLM-11416,02/11/2025,Franchise_NY_12,Dehumidifier Rental,,4134.88,2410.39,0,,$96.16,43.0
CLM-81343,2025-07-27,Franchise_FL_04,Antimicrobial Treatment,48.0,1682.88,1682.88,1,35.06,,
CLM-49085,08/07/2025,Franchise_NY_12,Water Extraction,,1875.25,1875.25,1,,$75.01,25.0
CLM-78075,2025-04-30,Franchise_FL_04,Dehumidifier Rental,1.0,99.95,68.89,0,99.95,,
CLM-33752,"October 18, 2025",Franchise_TX_01,Drywall Repair - MISC,49.0,6257.3,6257.3,1,,127.7,
CLM-81022,2025-06-16,Franchise_FL_04,Baseboard Replacement,7.0,,128.24,1,18.32,,
CLM-47450,2025-08-01,Franchise_FL_04,Dehumidifier Rental,11.0,568.26,308.75,0,51.66,,
CLM-37252,2025-03-13,Franchise_FL_04,Antimicrobial Treatment,43.0,4427.71,4427.71,1,102.97,,
CLM-17743,12/25/2025,Franchise_NY_12,Baseboard Replacement,,450.72,405.01,0,,$75.12,6.0
CLM-80772,"March 19, 2025",Franchise_TX_01,Drywall Repair,24.0,3398.4,3398.4,1,,141.6,
CLM-96691,02/25/2025,Franchise_NY_12,Water Extraction,,2730.56,2730.56,1,,$85.33,32.0
CLM-98566,10/06/2025,Franchise_NY_12,Water Extraction,,2612.4,2045.25,0,,$130.62,20.0
CLM-90640,10/21/2025,Franchise_NY_12,Antimicrobial Treatment,,791.36,707.91,0,,$98.92,8.0
CLM-26154,"May 29, 2025",Franchise_TX_01,Baseboard Replacement - MISC,42.0,2044.98,1251.07,0,,48.69,
CLM-39608,2025-07-06,Franchise_FL_04,Drywall Repair,7.0,669.34,669.34,1,95.62,,
CLM-78952,"May 13, 2025",Franchise_TX_01,Drywall Repair,12.0,976.08,707.64,0,,81.34,
CLM-84501,08/16/2025,Franchise_NY_12,Baseboard Replacement,,1931.73,1931.73,1,,$101.67,19.0
CLM-51346,08/26/2025,Franchise_NY_12,Antimicrobial Treatment,,1647.0,1647.0,1,,$82.35,20.0
CLM-78487,"November 29, 2025",Franchise_TX_01,Baseboard Replacement,20.0,455.0,386.45,0,,22.75,
CLM-48181,2025-07-23,Franchise_FL_04,Antimicrobial Treatment,23.0,451.95,451.95,1,19.65,,
CLM-15557,02/10/2025,Franchise_NY_12,Baseboard Replacement,,1012.32,493.98,0,,$53.28,19.0
CLM-71614,"August 03, 2025",Franchise_TX_01,Dehumidifier Rental - MISC,47.0,5323.22,3922.49,0,,113.26,
CLM-80592,2025-07-12,Franchise_FL_04,Water Extraction,25.0,377.5,377.5,1,15.1,,
CLM-88571,2025-06-23,Franchise_FL_04,Drywall Repair,22.0,,2830.3,1,128.65,,
CLM-88391,05/30/2025,Franchise_NY_12,Drywall Repair,,3638.08,3638.08,1,,$113.69,32.0
CLM-15594,2025-05-24,Franchise_FL_04,Antimicrobial Treatment,37.0,3764.01,2634.48,0,101.73,,
CLM-69862,2025-09-14,Franchise_FL_04,Dehumidifier Rental,33.0,643.83,643.83,1,19.51,,
CLM-36553,2025-06-03,Franchise_FL_04,Drywall Repair,7.0,942.9,411.27,0,134.7,,
CLM-18524,"February 13, 2025",Franchise_TX_01,Dehumidifier Rental,32.0,4400.64,4400.64,1,,137.52,
CLM-93079,2026-01-01,Franchise_FL_04,Water Extraction,35.0,900.9,900.9,1,25.74,,
CLM-28624,2025-12-22,Franchise_FL_04,Antimicrobial Treatment,50.0,5786.5,3740.66,0,115.73,,
CLM-41245,"July 26, 2025",Franchise_TX_01,Antimicrobial Treatment - MISC,38.0,3654.08,1585.97,0,,96.16,
CLM-63980,"January 13, 2025",Franchise_TX_01,Baseboard Replacement,25.0,1953.25,1953.25,1,,78.13,
CLM-94105,"March 19, 2025",Franchise_TX_01,Drywall Repair - MISC,4.0,246.0,246.0,1,,61.5,
CLM-54147,12/30/2025,Franchise_NY_12,Baseboard Replacement,,3002.44,3002.44,1,,$107.23,28.0
CLM-20726,04/21/2025,Franchise_NY_12,Baseboard Replacement,,1842.4,753.18,0,,$39.2,47.0
CLM-88735,"September 28, 2025",Franchise_TX_01,Water Extraction,42.0,3887.1,3887.1,1,,92.55,
CLM-60234,10/23/2025,Franchise_NY_12,Dehumidifier Rental,,2667.25,1965.97,0,,$56.75,47.0
CLM-72372,2025-12-04,Franchise_FL_04,Baseboard Replacement,24.0,422.4,243.79,0,17.6,,
CLM-99312,"August 21, 2025",Franchise_TX_01,Antimicrobial Treatment,40.0,1475.6,1475.6,1,,36.89,
CLM-63120,"March 28, 2025",Franchise_TX_01,Antimicrobial Treatment,18.0,1713.78,931.18,0,,95.21,
CLM-92018,2025-02-04,Franchise_FL_04,Water Extraction,43.0,3827.86,3827.86,1,89.02,,
CLM-90494,2025-12-29,Franchise_FL_04,Drywall Repair,48.0,5699.04,2919.41,0,118.73,,
CLM-72064,2025-10-01,Franchise_FL_04,Dehumidifier Rental,33.0,,2192.96,0,79.17,,
CLM-72362,2025-05-28,Franchise_FL_04,Water Extraction,39.0,4875.39,3884.98,0,125.01,,
CLM-85596,"September 28, 2025",Franchise_TX_01,Antimicrobial Treatment - MISC,40.0,5326.8,3000.09,0,,133.17,
CLM-24907,2025-08-15,Franchise_FL_04,Dehumidifier Rental,42.0,3010.56,3010.56,1,71.68,,
CLM-43870,"August 06, 2025",Franchise_TX_01,Baseboard Replacement,21.0,539.28,539.28,1,,25.68,
CLM-25146,2025-12-06,Franchise_FL_04,Antimicrobial Treatment,13.0,374.66,374.66,1,28.82,,
CLM-55692,10/15/2025,Franchise_NY_12,Baseboard Replacement,,5454.64,5454.64,1,,$133.04,41.0
CLM-86919,03/30/2025,Franchise_NY_12,Antimicrobial Treatment,,522.58,350.1,0,,$18.02,29.0
CLM-40516,04/14/2025,Franchise_NY_12,Water Extraction,,164.36,164.36,1,,$41.09,4.0
CLM-33545,2025-10-02,Franchise_FL_04,Antimicrobial Treatment,29.0,2821.99,2821.99,1,97.31,,
CLM-90079,"January 26, 2025",Franchise_TX_01,Dehumidifier Rental,25.0,833.5,833.5,1,,33.34,
CLM-91992,"June 15, 2025",Franchise_TX_01,Drywall Repair - MISC,50.0,1405.0,943.41,0,,28.1,
CLM-10111,"April 24, 2025",Franchise_TX_01,Antimicrobial Treatment - MISC,8.0,206.8,86.78,0,,25.85,
CLM-94055,10/22/2025,Franchise_NY_12,Baseboard Replacement,,358.5,251.28,0,,$23.9,15.0
CLM-55653,12/14/2025,Franchise_NY_12,Water Extraction,,2363.24,2363.24,1,,$57.64,41.0
CLM-91448,06/18/2025,Franchise_NY_12,Drywall Repair,,307.45,191.19,0,,$23.65,13.0
CLM-31002,2025-05-21,Franchise_FL_04,Baseboard Replacement,38.0,,3191.62,1,83.99,,
CLM-30616,"January 30, 2025",Franchise_TX_01,Drywall Repair,11.0,1360.92,754.27,0,,123.72,
CLM-74279,2025-10-07,Franchise_FL_04,Water Extraction,13.0,1284.4,1284.4,1,98.8,,
CLM-13730,"January 31, 2025",Franchise_TX_01,Baseboard Replacement,43.0,2556.78,2556.78,1,,59.46,
CLM-78622,"September 25, 2025",Franchise_TX_01,Baseboard Replacement,37.0,1426.72,680.9,0,,38.56,
CLM-31807,2025-05-14,Franchise_FL_04,Drywall Repair,25.0,,1335.66,0,87.69,,
CLM-83434,2025-11-05,Franchise_FL_04,Dehumidifier Rental,23.0,2849.7,1905.05,0,123.9,,
CLM-15555,2025-01-31,Franchise_FL_04,Water Extraction,11.0,1301.96,1301.96,1,118.36,,
CLM-16447,12/08/2025,Franchise_NY_12,Water Extraction,,3296.96,3296.96,1,,$103.03,32.0
CLM-50368,2025-10-24,Franchise_FL_04,Baseboard Replacement,14.0,1324.96,1324.96,1,94.64,,
CLM-25687,2025-05-21,Franchise_FL_04,Water Extraction,39.0,1442.22,1262.36,0,36.98,,
CLM-25845,"March 20, 2025",Franchise_TX_01,Baseboard Replacement,42.0,2943.36,2568.46,0,,70.08,
CLM-97744,2025-06-03,Franchise_FL_04,Water Extraction,48.0,,3596.48,0,127.92,,
CLM-95342,"October 28, 2025",Franchise_TX_01,Antimicrobial Treatment,36.0,4936.68,4936.68,1,,137.13,
CLM-93344,12/06/2025,Franchise_NY_12,Dehumidifier Rental,,490.11,490.11,1,,$28.83,17.0
CLM-78825,"March 12, 2025",Franchise_TX_01,Drywall Repair,3.0,259.5,259.5,1,,86.5,
CLM-61527,08/16/2025,Franchise_NY_12,Water Extraction,,2412.72,1288.32,0,,$89.36,27.0
CLM-17424,"April 26, 2025",Franchise_TX_01,Dehumidifier Rental,27.0,3384.18,3015.47,0,,125.34,
CLM-71780,2025-07-20,Franchise_FL_04,Drywall Repair,17.0,1000.96,458.58,0,58.88,,
CLM-23961,2025-05-08,Franchise_FL_04,Dehumidifier Rental,14.0,2057.3,1314.15,0,146.95,,
CLM-46500,2025-07-24,Franchise_FL_04,Antimicrobial Treatment,30.0,2135.1,2135.1,1,71.17,,
CLM-10095,"March 31, 2025",Franchise_TX_01,Water Extraction,35.0,4759.3,3671.3,0,,135.98,
CLM-52252,"April 23, 2025",Franchise_TX_01,Water Extraction,6.0,149.16,98.55,0,,24.86,
CLM-85723,"August 20, 2025",Franchise_TX_01,Drywall Repair,9.0,1082.16,676.04,0,,120.24,
CLM-64465,"April 26, 2025",Franchise_TX_01,Drywall Repair,3.0,107.82,88.41,0,,35.94,
CLM-10973,2025-06-08,Franchise_FL_04,Antimicrobial Treatment,13.0,1943.24,1542.28,0,149.48,,
CLM-14030,"March 21, 2025",Franchise_TX_01,Antimicrobial Treatment,37.0,2217.41,1507.65,0,,59.93,
CLM-73942,09/18/2025,Franchise_NY_12,Baseboard Replacement,,4577.6,4577.6,1,,$143.05,32.0
CLM-53933,2025-09-30,Franchise_FL_04,Water Extraction,40.0,5650.4,4126.86,0,141.26,,
CLM-73897,11/21/2025,Franchise_NY_12,Drywall Repair,,2432.5,1064.55,0,,$97.3,25.0
CLM-68440,09/25/2025,Franchise_NY_12,Baseboard Replacement,,6824.87,6824.87,1,,$145.21,47.0
CLM-29080,01/30/2025,Franchise_NY_12,Baseboard Replacement,,219.72,161.71,0,,$18.31,12.0
CLM-52650,07/06/2025,Franchise_NY_12,Antimicrobial Treatment,,849.66,523.28,0,,$49.98,17.0
CLM-18512,12/29/2025,Franchise_NY_12,Water Extraction,,45.44,45.44,1,,$45.44,1.0
CLM-23825,"November 21, 2025",Franchise_TX_01,Dehumidifier Rental,14.0,1625.68,948.83,0,,116.12,
CLM-58726,05/15/2025,Franchise_NY_12,Water Extraction,,109.4,109.4,1,,$54.7,2.0
CLM-30052,2025-11-13,Franchise_FL_04,Antimicrobial Treatment,28.0,2312.24,1288.5,0,82.58,,
CLM-25735,02/12/2025,Franchise_NY_12,Dehumidifier Rental,,2966.04,2966.04,1,,$134.82,22.0
CLM-45051,2025-07-09,Franchise_FL_04,Drywall Repair,38.0,3101.18,3101.18,1,81.61,,
CLM-71328,"February 15, 2025",Franchise_TX_01,Drywall Repair,21.0,754.95,754.95,1,,35.95,
CLM-91189,2025-01-26,Franchise_FL_04,Drywall Repair,37.0,1482.22,1482.22,1,40.06,,
CLM-36138,2025-01-16,Franchise_FL_04,Baseboard Replacement,11.0,1082.95,1082.95,1,98.45,,
CLM-99549,"May 29, 2025",Franchise_TX_01,Drywall Repair,36.0,4548.96,4548.96,1,,126.36,
CLM-23968,"December 29, 2025",Franchise_TX_01,Baseboard Replacement,9.0,274.05,111.94,0,,30.45,
CLM-38040,2025-09-07,Franchise_FL_04,Dehumidifier Rental,15.0,540.0,395.32,0,36.0,,
CLM-95233,"January 02, 2025",Franchise_TX_01,Baseboard Replacement,24.0,3515.76,3515.76,1,,146.49,
CLM-13496,2025-07-21,Franchise_FL_04,Antimicrobial Treatment,4.0,457.2,457.2,1,114.3,,
CLM-15221,"January 19, 2025",Franchise_TX_01,Water Extraction,31.0,2711.26,2711.26,1,,87.46,
CLM-50831,"December 16, 2025",Franchise_TX_01,Dehumidifier Rental,37.0,4066.67,4066.67,1,,109.91,
CLM-29408,2025-07-23,Franchise_FL_04,Dehumidifier Rental,2.0,287.06,196.46,0,143.53,,
CLM-49932,2025-11-03,Franchise_FL_04,Dehumidifier Rental,17.0,1727.71,1727.71,1,101.63,,
CLM-94372,2025-12-12,Franchise_FL_04,Antimicrobial Treatment,47.0,4682.14,4682.14,1,99.62,,
CLM-59426,11/30/2025,Franchise_NY_12,Antimicrobial Treatment,,2240.0,1769.0,0,,$56.0,40.0
CLM-93275,05/16/2025,Franchise_NY_12,Drywall Repair,,1384.56,1384.56,1,,$115.38,12.0
CLM-25097,2025-03-06,Franchise_FL_04,Water Extraction,6.0,296.28,296.28,1,49.38,,
CLM-12578,2025-01-08,Franchise_FL_04,Drywall Repair,28.0,2702.84,2245.35,0,96.53,,
CLM-45360,2025-04-17,Franchise_FL_04,Drywall Repair,8.0,950.08,950.08,1,118.76,,
CLM-87815,2025-10-05,Franchise_FL_04,Baseboard Replacement,42.0,3821.58,1694.24,0,90.99,,
CLM-56082,07/25/2025,Franchise_NY_12,Dehumidifier Rental,,6538.5,3581.01,0,,$130.77,50.0
CLM-84844,2025-03-20,Franchise_FL_04,Dehumidifier Rental,28.0,978.6,978.6,1,34.95,,
CLM-50831,"April 22, 2025",Franchise_TX_01,Drywall Repair - MISC,35.0,4135.6,4135.6,1,,118.16,
CLM-60333,05/04/2025,Franchise_NY_12,Baseboard Replacement,,2032.65,2032.65,1,,$45.17,45.0
CLM-62555,"October 27, 2025",Franchise_TX_01,Water Extraction,13.0,1172.47,1172.47,1,,90.19,
CLM-83354,"July 10, 2025",Franchise_TX_01,Drywall Repair,39.0,3105.18,3105.18,1,,79.62,
CLM-85539,2025-09-21,Franchise_FL_04,Drywall Repair,3.0,265.71,171.83,0,88.57,,
CLM-45462,"September 07, 2025",Franchise_TX_01,Drywall Repair - MISC,6.0,414.66,414.66,1,,69.11,
CLM-77985,2025-04-04,Franchise_FL_04,Dehumidifier Rental,21.0,2188.83,2188.83,1,104.23,,
CLM-73175,2025-11-04,Franchise_FL_04,Dehumidifier Rental,22.0,379.72,379.72,1,17.26,,
CLM-29336,05/03/2025,Franchise_NY_12,Drywall Repair,,2101.06,2101.06,1,,$80.81,26.0
CLM-43743,2025-07-27,Franchise_FL_04,Water Extraction,18.0,1571.58,767.49,0,87.31,,
CLM-31697,2025-02-21,Franchise_FL_04,Baseboard Replacement,42.0,5915.28,5322.49,0,140.84,,
CLM-83212,"December 15, 2025",Franchise_TX_01,Drywall Repair,7.0,514.64,265.11,0,,73.52,
CLM-22484,2025-05-24,Franchise_FL_04,Antimicrobial Treatment,24.0,3459.12,1988.96,0,144.13,,
CLM-40266,04/10/2025,Franchise_NY_12,Drywall Repair,,454.5,454.5,1,,$90.9,5.0
CLM-38175,02/14/2025,Franchise_NY_12,Drywall Repair,,446.76,446.76,1,,$74.46,6.0
CLM-17454,"August 16, 2025",Franchise_TX_01,Dehumidifier Rental,16.0,1415.84,1415.84,1,,88.49,
CLM-93607,"February 04, 2025",Franchise_TX_01,Dehumidifier Rental,42.0,4897.62,4897.62,1,,116.61,
CLM-67487,"September 22, 2025",Franchise_TX_01,Baseboard Replacement,42.0,1135.68,1135.68,1,,27.04,
CLM-56927,2025-07-02,Franchise_FL_04,Drywall Repair,41.0,5621.51,3930.99,0,137.11,,
CLM-35086,"August 07, 2025",Franchise_TX_01,Water Extraction,3.0,314.43,206.4,0,,104.81,
CLM-25914,2025-01-22,Franchise_FL_04,Baseboard Replacement,42.0,2911.86,2911.86,1,69.33,,
CLM-85115,04/25/2025,Franchise_NY_12,Water Extraction,,5593.44,5593.44,1,,$116.53,48.0
CLM-84770,2025-10-09,Franchise_FL_04,Baseboard Replacement,34.0,1833.96,1833.96,1,53.94,,
CLM-23848,2025-04-07,Franchise_FL_04,Antimicrobial Treatment,42.0,2907.24,2907.24,1,69.22,,
CLM-53051,"November 18, 2025",Franchise_TX_01,Water Extraction,38.0,4766.72,4766.72,1,,125.44,
CLM-35329,"August 16, 2025",Franchise_TX_01,Baseboard Replacement,1.0,127.24,127.24,1,,127.24,
CLM-53469,10/03/2025,Franchise_NY_12,Dehumidifier Rental,,443.41,443.41,1,,$15.29,29.0
CLM-35671,11/26/2025,Franchise_NY_12,Water Extraction,,3127.32,3127.32,1,,$74.46,42.0
CLM-48551,2025-07-29,Franchise_FL_04,Antimicrobial Treatment,19.0,654.17,654.17,1,34.43,,
CLM-13301,2025-09-05,Franchise_FL_04,Dehumidifier Rental,7.0,432.39,432.39,1,61.77,,
CLM-37406,"April 16, 2025",Franchise_TX_01,Dehumidifier Rental - MISC,32.0,4669.76,4669.76,1,,145.93,
CLM-68566,"July 15, 2025",Franchise_TX_01,Water Extraction,34.0,3631.88,3261.61,0,,106.82,
CLM-40409,07/27/2025,Franchise_NY_12,Dehumidifier Rental,,1389.63,1389.63,1,,$126.33,11.0
CLM-94728,"May 22, 2025",Franchise_TX_01,Water Extraction,38.0,3593.66,2832.89,0,,94.57,
CLM-31026,2025-01-29,Franchise_FL_04,Dehumidifier Rental,20.0,1773.2,1773.2,1,88.66,,
CLM-52392,"March 30, 2025",Franchise_TX_01,Baseboard Replacement,45.0,2349.0,2349.0,1,,52.2,
CLM-94546,2025-09-30,Franchise_FL_04,Dehumidifier Rental,46.0,3495.08,3495.08,1,75.98,,
CLM-14953,03/07/2025,Franchise_NY_12,Baseboard Replacement,,291.3,291.3,1,,$19.42,15.0
CLM-27140,03/11/2025,Franchise_NY_12,Water Extraction,,1303.4,734.0,0,,$37.24,35.0
CLM-86006,2025-06-27,Franchise_FL_04,Antimicrobial Treatment,10.0,376.3,376.3,1,37.63,,
CLM-83111,2025-04-02,Franchise_FL_04,Water Extraction,38.0,5194.98,5194.98,1,136.71,,
CLM-35142,05/28/2025,Franchise_NY_12,Drywall Repair,,609.71,609.71,1,,$32.09,19.0
CLM-49233,02/09/2025,Franchise_NY_12,Baseboard Replacement,,2360.0,1565.02,0,,$94.4,25.0
CLM-62547,"April 21, 2025",Franchise_TX_01,Antimicrobial Treatment,15.0,2056.65,2056.65,1,,137.11,
CLM-90469,11/07/2025,Franchise_NY_12,Antimicrobial Treatment,,2013.2,2013.2,1,,$71.9,28.0
CLM-36185,2025-08-27,Franchise_FL_04,Water Extraction,19.0,,1341.59,1,70.61,,
CLM-99209,2025-05-19,Franchise_FL_04,Baseboard Replacement,8.0,,1055.76,1,131.97,,
CLM-98509,2025-03-31,Franchise_FL_04,Water Extraction,7.0,476.0,476.0,1,68.0,,
CLM-25822,"July 29, 2025",Franchise_TX_01,Baseboard Replacement - MISC,4.0,386.4,386.4,1,,96.6,
CLM-91719,"May 10, 2025",Franchise_TX_01,Antimicrobial Treatment - MISC,16.0,382.56,382.56,1,,23.91,
CLM-62094,09/06/2025,Franchise_NY_12,Drywall Repair,,1400.25,1195.43,0,,$93.35,15.0
CLM-28478,"February 03, 2025",Franchise_TX_01,Dehumidifier Rental,4.0,475.76,475.76,1,,118.94,
CLM-47730,"January 11, 2025",Franchise_TX_01,Dehumidifier Rental,27.0,2223.45,2223.45,1,,82.35,
CLM-56352,"August 02, 2025",Franchise_TX_01,Water Extraction,45.0,6327.0,6327.0,1,,140.6,
CLM-61906,2025-03-26,Franchise_FL_04,Dehumidifier Rental,14.0,936.46,758.33,0,66.89,,
CLM-62144,2025-12-10,Franchise_FL_04,Drywall Repair,19.0,1820.2,1820.2,1,95.8,,
CLM-85274,"March 07, 2025",Franchise_TX_01,Baseboard Replacement,41.0,5623.97,5623.97,1,,137.17,
CLM-31113,06/09/2025,Franchise_NY_12,Antimicrobial Treatment,,102.03,102.03,1,,$102.03,1.0
CLM-55894,2025-09-03,Franchise_FL_04,Dehumidifier Rental,39.0,2187.12,1605.48,0,56.08,,
CLM-60545,2025-11-04,Franchise_FL_04,Antimicrobial Treatment,49.0,2266.25,1490.88,0,46.25,,
CLM-61236,"April 26, 2025",Franchise_TX_01,Antimicrobial Treatment - MISC,16.0,740.8,426.54,0,,46.3,
CLM-38301,11/18/2025,Franchise_NY_12,Drywall Repair,,3484.59,2987.57,0,,$84.99,41.0
CLM-68328,2025-07-19,Franchise_FL_04,Antimicrobial Treatment,12.0,901.44,901.44,1,75.12,,
CLM-17586,"November 05, 2025",Franchise_TX_01,Baseboard Replacement,40.0,1298.0,612.31,0,,32.45,
CLM-95340,"November 03, 2025",Franchise_TX_01,Dehumidifier Rental,21.0,973.35,973.35,1,,46.35,
CLM-61731,12/20/2025,Franchise_NY_12,Drywall Repair,,221.62,127.5,0,,$31.66,7.0
CLM-46549,09/17/2025,Franchise_NY_12,Dehumidifier Rental,,901.32,901.32,1,,$128.76,7.0
CLM-29022,06/21/2025,Franchise_NY_12,Water Extraction,,4436.6,4436.6,1,,$126.76,35.0
CLM-38388,06/08/2025,Franchise_NY_12,Water Extraction,,3744.09,3744.09,1,,$138.67,27.0
CLM-71664,08/08/2025,Franchise_NY_12,Dehumidifier Rental,,3542.81,3542.81,1,,$86.41,41.0
CLM-96434,2025-04-07,Franchise_FL_04,Antimicrobial Treatment,27.0,842.67,842.67,1,31.21,,
CLM-56007,04/19/2025,Franchise_NY_12,Baseboard Replacement,,4955.85,4161.57,0,,$110.13,45.0
CLM-33905,12/16/2025,Franchise_NY_12,Antimicrobial Treatment,,806.14,705.65,0,,$23.71,34.0
CLM-43247,2025-07-01,Franchise_FL_04,Drywall Repair,2.0,100.32,100.32,1,50.16,,
CLM-24705,"March 19, 2025",Franchise_TX_01,Baseboard Replacement,46.0,4947.76,3906.89,0,,107.56,
CLM-75613,"October 17, 2025",Franchise_TX_01,Antimicrobial Treatment,32.0,1571.52,1200.92,0,,49.11,
CLM-29468,"September 09, 2025",Franchise_TX_01,Drywall Repair - MISC,38.0,2498.12,2498.12,1,,65.74,
CLM-89348,"February 10, 2025",Franchise_TX_01,Drywall Repair,5.0,732.45,732.45,1,,146.49,
CLM-35129,11/27/2025,Franchise_NY_12,Dehumidifier Rental,,6653.5,6653.5,1,,$133.07,50.0
CLM-49469,2025-08-26,Franchise_FL_04,Dehumidifier Rental,32.0,3398.08,3398.08,1,106.19,,
CLM-31101,2025-09-24,Franchise_FL_04,Baseboard Replacement,3.0,210.33,120.95,0,70.11,,
CLM-40811,03/27/2025,Franchise_NY_12,Baseboard Replacement,,4444.3,1875.5,0,,$90.7,49.0
CLM-61615,12/10/2025,Franchise_NY_12,Baseboard Replacement,,84.81,84.81,1,,$28.27,3.0
CLM-54043,05/11/2025,Franchise_NY_12,Dehumidifier Rental,,1690.39,1690.39,1,,$130.03,13.0
CLM-34690,"April 04, 2025",Franchise_TX_01,Antimicrobial Treatment,26.0,3578.38,2690.96,0,,137.63,
CLM-95443,"October 14, 2025",Franchise_TX_01,Antimicrobial Treatment,45.0,2803.05,2803.05,1,,62.29,
CLM-69177,2025-09-25,Franchise_FL_04,Water Extraction,22.0,1611.06,1611.06,1,73.23,,
CLM-62548,07/23/2025,Franchise_NY_12,Dehumidifier Rental,,2715.0,2715.0,1,,$135.75,20.0
CLM-31772,2025-03-27,Franchise_FL_04,Dehumidifier Rental,17.0,937.21,598.4,0,55.13,,
CLM-98571,09/22/2025,Franchise_NY_12,Water Extraction,,4402.31,4402.31,1,,$142.01,31.0
CLM-26736,2025-03-25,Franchise_FL_04,Water Extraction,31.0,3092.56,1625.33,0,99.76,,
CLM-88840,2025-03-31,Franchise_FL_04,Dehumidifier Rental,19.0,1361.92,1081.48,0,71.68,,
CLM-94051,"January 20, 2025",Franchise_TX_01,Antimicrobial Treatment,41.0,1104.95,588.88,0,,26.95,
CLM-38615,06/01/2025,Franchise_NY_12,Water Extraction,,521.11,521.11,1,,$16.81,31.0
CLM-79756,2025-11-16,Franchise_FL_04,Water Extraction,38.0,4034.84,4034.84,1,106.18,,
CLM-66413,2025-12-25,Franchise_FL_04,Dehumidifier Rental,11.0,,1471.03,1,133.73,,
CLM-77799,08/21/2025,Franchise_NY_12,Drywall Repair,,3233.02,3233.02,1,,$65.98,49.0
CLM-98923,"October 11, 2025",Franchise_TX_01,Dehumidifier Rental,35.0,2553.95,2553.95,1,,72.97,
CLM-18863,"September 23, 2025",Franchise_TX_01,Dehumidifier Rental,26.0,2770.82,2386.96,0,,106.57,
CLM-85096,2025-09-18,Franchise_FL_04,Drywall Repair,24.0,1124.64,1124.64,1,46.86,,
CLM-62308,09/18/2025,Franchise_NY_12,Drywall Repair,,4004.4,4004.4,1,,$100.11,40.0
CLM-59152,08/28/2025,Franchise_NY_12,Drywall Repair,,5921.0,5921.0,1,,$118.42,50.0
CLM-69741,04/01/2025,Franchise_NY_12,Water Extraction,,1631.85,1631.85,1,,$37.95,43.0
CLM-89763,01/02/2025,Franchise_NY_12,Antimicrobial Treatment,,263.04,263.04,1,,$65.76,4.0
CLM-55945,03/08/2025,Franchise_NY_12,Dehumidifier Rental,,1669.14,1669.14,1,,$92.73,18.0
CLM-96593,"June 01, 2025",Franchise_TX_01,Dehumidifier Rental,10.0,1228.5,1228.5,1,,122.85,
CLM-98174,2025-10-13,Franchise_FL_04,Drywall Repair,20.0,367.6,152.14,0,18.38,,
CLM-17443,08/31/2025,Franchise_NY_12,Baseboard Replacement,,1338.87,1338.87,1,,$102.99,13.0
CLM-34002,2025-07-16,Franchise_FL_04,Baseboard Replacement,40.0,5626.4,5626.4,1,140.66,,
CLM-27346,05/13/2025,Franchise_NY_12,Water Extraction,,1890.18,1412.14,0,,$105.01,18.0
CLM-85559,07/17/2025,Franchise_NY_12,Baseboard Replacement,,959.21,837.14,0,,$137.03,7.0
CLM-68981,"September 09, 2025",Franchise_TX_01,Dehumidifier Rental,5.0,104.1,53.23,0,,20.82,
CLM-62536,04/25/2025,Franchise_NY_12,Dehumidifier Rental,,2099.85,929.7,0,,$139.99,15.0
CLM-79589,2025-06-05,Franchise_FL_04,Dehumidifier Rental,38.0,3523.36,3523.36,1,92.72,,
CLM-71128,"November 24, 2025",Franchise_TX_01,Drywall Repair,40.0,3341.2,3341.2,1,,83.53,
CLM-66160,02/21/2025,Franchise_NY_12,Antimicrobial Treatment,,5403.36,5403.36,1,,$112.57,48.0
CLM-83961,"May 11, 2025",Franchise_TX_01,Drywall Repair,43.0,3031.93,3031.93,1,,70.51,
CLM-97625,"September 08, 2025",Franchise_TX_01,Dehumidifier Rental,14.0,1245.02,1245.02,1,,88.93,
CLM-34056,2025-06-05,Franchise_FL_04,Antimicrobial Treatment,48.0,4928.64,2799.49,0,102.68,,
CLM-89209,01/05/2025,Franchise_NY_12,Drywall Repair,,1419.08,1419.08,1,,$54.58,26.0
CLM-43007,2025-11-14,Franchise_FL_04,Baseboard Replacement,11.0,1619.75,855.52,0,147.25,,
CLM-68634,02/11/2025,Franchise_NY_12,Baseboard Replacement,,128.76,128.76,1,,$64.38,2.0
CLM-21584,12/26/2025,Franchise_NY_12,Drywall Repair,,2256.0,2256.0,1,,$47.0,48.0
CLM-77723,"May 19, 2025",Franchise_TX_01,Drywall Repair,18.0,285.12,285.12,1,,15.84,
CLM-31236,01/20/2025,Franchise_NY_12,Water Extraction,,1039.95,1039.95,1,,$23.11,45.0
CLM-35358,2025-02-21,Franchise_FL_04,Antimicrobial Treatment,6.0,896.88,896.88,1,149.48,,
CLM-83156,02/24/2025,Franchise_NY_12,Drywall Repair,,3166.0,3166.0,1,,$79.15,40.0
CLM-93337,"July 16, 2025",Franchise_TX_01,Water Extraction,42.0,2811.06,2811.06,1,,66.93,
CLM-96771,2025-10-27,Franchise_FL_04,Drywall Repair,14.0,1348.06,1348.06,1,96.29,,
CLM-15178,"June 13, 2025",Franchise_TX_01,Dehumidifier Rental,49.0,2659.72,1766.31,0,,54.28,
CLM-53064,07/05/2025,Franchise_NY_12,Drywall Repair,,355.95,355.95,1,,$50.85,7.0
CLM-81278,"January 01, 2026",Franchise_TX_01,Dehumidifier Rental,5.0,337.4,337.4,1,,67.48,
CLM-79272,04/04/2025,Franchise_NY_12,Dehumidifier Rental,,3011.75,3011.75,1,,$120.47,25.0
CLM-33431,03/10/2025,Franchise_NY_12,Dehumidifier Rental,,3751.09,3751.09,1,,$91.49,41.0
CLM-74346,07/23/2025,Franchise_NY_12,Dehumidifier Rental,,4908.08,4908.08,1,,$129.16,38.0
CLM-39434,2025-02-21,Franchise_FL_04,Water Extraction,46.0,6410.1,5745.64,0,139.35,,
CLM-12410,"October 27, 2025",Franchise_TX_01,Antimicrobial Treatment,42.0,2301.18,2301.18,1,,54.79,
CLM-45152,"July 06, 2025",Franchise_TX_01,Baseboard Replacement,45.0,6646.95,5028.3,0,,147.71,
CLM-98842,2025-09-12,Franchise_FL_04,Baseboard Replacement,36.0,1437.84,1437.84,1,39.94,,
CLM-92034,2025-09-12,Franchise_FL_04,Drywall Repair,23.0,3381.0,3381.0,1,147.0,,
CLM-47526,01/03/2025,Franchise_NY_12,Baseboard Replacement,,1169.28,1169.28,1,,$83.52,14.0
CLM-74854,06/30/2025,Franchise_NY_12,Dehumidifier Rental,,1345.08,1064.13,0,,$61.14,22.0
CLM-31955,08/18/2025,Franchise_NY_12,Antimicrobial Treatment,,3464.91,1774.6,0,,$84.51,41.0
CLM-91502,2025-07-26,Franchise_FL_04,Water Extraction,29.0,906.83,906.83,1,31.27,,
CLM-27487,2025-03-22,Franchise_FL_04,Antimicrobial Treatment,35.0,669.55,443.6,0,19.13,,
CLM-20894,2025-11-05,Franchise_FL_04,Baseboard Replacement,13.0,1321.45,1321.45,1,101.65,,
CLM-17658,2025-08-31,Franchise_FL_04,Baseboard Replacement,29.0,1391.42,1391.42,1,47.98,,
CLM-35436,03/10/2025,Franchise_NY_12,Dehumidifier Rental,,1603.75,861.59,0,,$64.15,25.0
CLM-55268,08/14/2025,Franchise_NY_12,Drywall Repair,,4563.23,4563.23,1,,$97.09,47.0
CLM-78987,04/17/2025,Franchise_NY_12,Water Extraction,,443.2,443.2,1,,$88.64,5.0
CLM-51297,"July 17, 2025",Franchise_TX_01,Drywall Repair,38.0,3410.12,3410.12,1,,89.74,
CLM-72598,2025-12-28,Franchise_FL_04,Antimicrobial Treatment,11.0,1315.6,614.26,0,119.6,,
CLM-10817,"January 05, 2025",Franchise_TX_01,Water Extraction - MISC,19.0,1477.44,1477.44,1,,77.76,
CLM-84535,12/20/2025,Franchise_NY_12,Dehumidifier Rental,,3476.46,1765.57,0,,$89.14,39.0
CLM-81374,2025-02-14,Franchise_FL_04,Water Extraction,34.0,1762.22,905.7,0,51.83,,
CLM-38589,10/15/2025,Franchise_NY_12,Water Extraction,,609.28,414.79,0,,$76.16,8.0
CLM-63945,11/27/2025,Franchise_NY_12,Drywall Repair,,1521.96,1521.96,1,,$126.83,12.0
CLM-76809,2025-05-22,Franchise_FL_04,Baseboard Replacement,23.0,1335.38,1335.38,1,58.06,,
CLM-66373,10/15/2025,Franchise_NY_12,Baseboard Replacement,,1569.81,1569.81,1,,$47.57,33.0
CLM-66735,"February 11, 2025",Franchise_TX_01,Antimicrobial Treatment,19.0,1376.55,834.78,0,,72.45,
CLM-54471,2025-04-11,Franchise_FL_04,Drywall Repair,45.0,2027.7,2027.7,1,45.06,,
CLM-51777,2025-03-09,Franchise_FL_04,Dehumidifier Rental,14.0,1787.94,1787.94,1,127.71,,
CLM-65581,2025-04-26,Franchise_FL_04,Antimicrobial Treatment,9.0,731.61,541.02,0,81.29,,
CLM-90187,2025-12-13,Franchise_FL_04,Dehumidifier Rental,44.0,1422.08,1422.08,1,32.32,,
CLM-69077,03/21/2025,Franchise_NY_12,Dehumidifier Rental,,3711.6,3711.6,1,,$123.72,30.0
CLM-63339,2025-05-31,Franchise_FL_04,Antimicrobial Treatment,4.0,377.28,377.28,1,94.32,,
CLM-25276,2025-08-01,Franchise_FL_04,Dehumidifier Rental,2.0,44.94,44.94,1,22.47,,
CLM-97922,"May 30, 2025",Franchise_TX_01,Water Extraction,42.0,2838.78,2838.78,1,,67.59,
CLM-38662,2025-07-22,Franchise_FL_04,Drywall Repair,42.0,4117.26,2550.1,0,98.03,,
CLM-26114,"October 25, 2025",Franchise_TX_01,Dehumidifier Rental - MISC,32.0,2625.92,2625.92,1,,82.06,
CLM-41413,"February 09, 2025",Franchise_TX_01,Dehumidifier Rental,15.0,513.9,513.9,1,,34.26,
CLM-91145,"June 15, 2025",Franchise_TX_01,Water Extraction,4.0,206.2,140.14,0,,51.55,
CLM-45436,2025-12-26,Franchise_FL_04,Drywall Repair,46.0,,5605.24,0,136.8,,
CLM-92717,"November 30, 2025",Franchise_TX_01,Dehumidifier Rental,5.0,83.0,39.46,0,,16.6,
CLM-65735,"August 18, 2025",Franchise_TX_01,Drywall Repair,13.0,803.14,803.14,1,,61.78,
CLM-11363,08/25/2025,Franchise_NY_12,Antimicrobial Treatment,,586.38,289.37,0,,$97.73,6.0
CLM-57270,"September 30, 2025",Franchise_TX_01,Baseboard Replacement - MISC,30.0,3083.4,1431.13,0,,102.78,
CLM-54402,08/22/2025,Franchise_NY_12,Water Extraction,,6583.95,6583.95,1,,$146.31,45.0
CLM-36630,05/30/2025,Franchise_NY_12,Drywall Repair,,986.7,986.7,1,,$42.9,23.0
CLM-69536,10/20/2025,Franchise_NY_12,Drywall Repair,,858.6,858.6,1,,$42.93,20.0
CLM-86542,07/02/2025,Franchise_NY_12,Baseboard Replacement,,2059.33,2059.33,1,,$66.43,31.0
CLM-23424,2025-12-12,Franchise_FL_04,Drywall Repair,5.0,183.9,183.9,1,36.78,,
CLM-78048,10/15/2025,Franchise_NY_12,Drywall Repair,,2968.18,2968.18,1,,$78.11,38.0
CLM-75820,"December 05, 2025",Franchise_TX_01,Baseboard Replacement,23.0,2098.29,1678.46,0,,91.23,
CLM-20298,2025-07-09,Franchise_FL_04,Water Extraction,38.0,,2510.66,1,66.07,,
CLM-95329,11/12/2025,Franchise_NY_12,Baseboard Replacement,,100.51,100.51,1,,$100.51,1.0
CLM-71285,01/30/2025,Franchise_NY_12,Baseboard Replacement,,1972.18,1972.18,1,,$140.87,14.0
CLM-92130,03/17/2025,Franchise_NY_12,Water Extraction,,4023.36,2046.52,0,,$91.44,44.0
CLM-82565,"February 14, 2025",Franchise_TX_01,Water Extraction - MISC,50.0,3738.5,2375.73,0,,74.77,
CLM-59042,03/19/2025,Franchise_NY_12,Water Extraction,,1650.77,1650.77,1,,$38.39,43.0
CLM-36284,02/02/2025,Franchise_NY_12,Antimicrobial Treatment,,3464.16,3464.16,1,,$144.34,24.0
CLM-76409,04/23/2025,Franchise_NY_12,Dehumidifier Rental,,1298.4,1298.4,1,,$27.05,48.0
CLM-11429,07/17/2025,Franchise_NY_12,Antimicrobial Treatment,,4078.35,4078.35,1,,$90.63,45.0
CLM-91490,04/12/2025,Franchise_NY_12,Water Extraction,,866.95,866.95,1,,$24.77,35.0
CLM-36195,"August 24, 2025",Franchise_TX_01,Water Extraction - MISC,35.0,3421.25,3421.25,1,,97.75,
CLM-70666,2025-05-22,Franchise_FL_04,Water Extraction,13.0,1526.33,758.17,0,117.41,,
CLM-49023,"July 06, 2025",Franchise_TX_01,Baseboard Replacement - MISC,31.0,2286.25,1979.02,0,,73.75,
CLM-92255,"March 22, 2025",Franchise_TX_01,Drywall Repair,48.0,4246.08,4246.08,1,,88.46,
CLM-25044,"November 05, 2025",Franchise_TX_01,Water Extraction,49.0,2538.2,1515.49,0,,51.8,
CLM-93675,2025-10-22,Franchise_FL_04,Drywall Repair,1.0,36.37,36.37,1,36.37,,
CLM-36981,"August 27, 2025",Franchise_TX_01,Dehumidifier Rental,9.0,926.55,756.63,0,,102.95,
CLM-11492,05/28/2025,Franchise_NY_12,Water Extraction,,2288.25,2288.25,1,,$84.75,27.0
CLM-37759,2025-02-05,Franchise_FL_04,Water Extraction,32.0,3900.48,3900.48,1,121.89,,
CLM-74873,12/15/2025,Franchise_NY_12,Drywall Repair,,1004.19,843.2,0,,$91.29,11.0
CLM-19371,"February 04, 2025",Franchise_TX_01,Antimicrobial Treatment,34.0,4610.06,3273.44,0,,135.59,
CLM-93668,2025-04-26,Franchise_FL_04,Dehumidifier Rental,1.0,51.36,51.36,1,51.36,,
CLM-79451,2025-09-02,Franchise_FL_04,Baseboard Replacement,34.0,,2794.12,1,82.18,,
CLM-34014,09/14/2025,Franchise_NY_12,Baseboard Replacement,,838.98,433.64,0,,$46.61,18.0
CLM-92058,"January 27, 2025",Franchise_TX_01,Dehumidifier Rental - MISC,3.0,271.5,120.88,0,,90.5,
CLM-91434,"April 05, 2025",Franchise_TX_01,Antimicrobial Treatment - MISC,21.0,1614.27,1614.27,1,,76.87,
CLM-19045,03/26/2025,Franchise_NY_12,Dehumidifier Rental,,6250.02,5620.49,0,,$135.87,46.0
CLM-71055,"July 27, 2025",Franchise_TX_01,Antimicrobial Treatment,46.0,3974.4,2635.09,0,,86.4,
CLM-86144,"March 13, 2025",Franchise_TX_01,Antimicrobial Treatment,21.0,675.15,675.15,1,,32.15,
CLM-73749,"August 24, 2025",Franchise_TX_01,Drywall Repair,4.0,481.56,481.56,1,,120.39,
CLM-53925,03/16/2025,Franchise_NY_12,Drywall Repair,,1297.1,1064.82,0,,$92.65,14.0
CLM-85871,"December 24, 2025",Franchise_TX_01,Water Extraction,9.0,1088.19,1088.19,1,,120.91,
CLM-91735,01/12/2025,Franchise_NY_12,Baseboard Replacement,,1237.86,1237.86,1,,$137.54,9.0
CLM-69471,"April 12, 2025",Franchise_TX_01,Dehumidifier Rental - MISC,2.0,277.04,277.04,1,,138.52,
CLM-81015,"August 16, 2025",Franchise_TX_01,Water Extraction,46.0,4158.86,4158.86,1,,90.41,
CLM-39503,01/24/2025,Franchise_NY_12,Water Extraction,,3347.0,1830.78,0,,$66.94,50.0
CLM-25139,2025-06-02,Franchise_FL_04,Baseboard Replacement,46.0,3826.28,2820.57,0,83.18,,
CLM-73079,2025-11-29,Franchise_FL_04,Dehumidifier Rental,14.0,577.64,577.64,1,41.26,,
CLM-44763,2025-02-05,Franchise_FL_04,Baseboard Replacement,14.0,1476.86,1476.86,1,105.49,,
CLM-39406,2025-10-28,Franchise_FL_04,Antimicrobial Treatment,46.0,5422.02,3581.56,0,117.87,,
CLM-99658,2025-11-30,Franchise_FL_04,Drywall Repair,41.0,967.6,967.6,1,23.6,,
CLM-41931,12/19/2025,Franchise_NY_12,Drywall Repair,,382.2,382.2,1,,$18.2,21.0
CLM-72794,06/17/2025,Franchise_NY_12,Dehumidifier Rental,,2858.8,2858.8,1,,$71.47,40.0
CLM-22660,07/13/2025,Franchise_NY_12,Drywall Repair,,383.36,383.36,1,,$95.84,4.0
CLM-70434,05/28/2025,Franchise_NY_12,Drywall Repair,,2110.15,1226.96,0,,$60.29,35.0
CLM-69657,2025-07-04,Franchise_FL_04,Antimicrobial Treatment,5.0,305.15,305.15,1,61.03,,
CLM-81871,2025-06-15,Franchise_FL_04,Antimicrobial Treatment,15.0,1364.1,713.28,0,90.94,,
CLM-59349,"December 25, 2025",Franchise_TX_01,Drywall Repair,3.0,54.57,45.81,0,,18.19,
CLM-75132,02/15/2025,Franchise_NY_12,Baseboard Replacement,,2770.81,1266.13,0,,$120.47,23.0
CLM-79744,2025-05-31,Franchise_FL_04,Drywall Repair,14.0,1155.98,1155.98,1,82.57,,
CLM-70187,"February 06, 2025",Franchise_TX_01,Antimicrobial Treatment,34.0,2198.44,2198.44,1,,64.66,
CLM-57628,"March 25, 2025",Franchise_TX_01,Water Extraction,24.0,1235.52,1235.52,1,,51.48,
CLM-47739,2025-12-04,Franchise_FL_04,Drywall Repair,22.0,695.86,695.86,1,31.63,,
CLM-41652,09/29/2025,Franchise_NY_12,Antimicrobial Treatment,,5303.04,2756.58,0,,$110.48,48.0
CLM-94412,2025-05-22,Franchise_FL_04,Baseboard Replacement,13.0,1030.64,1030.64,1,79.28,,
CLM-94651,"May 14, 2025",Franchise_TX_01,Drywall Repair - MISC,25.0,3464.75,3464.75,1,,138.59,
CLM-12407,2025-10-18,Franchise_FL_04,Water Extraction,14.0,465.5,465.5,1,33.25,,
CLM-80782,"February 18, 2025",Franchise_TX_01,Drywall Repair,10.0,811.1,811.1,1,,81.11,
CLM-64053,12/14/2025,Franchise_NY_12,Water Extraction,,282.03,240.63,0,,$40.29,7.0
CLM-35728,10/04/2025,Franchise_NY_12,Drywall Repair,,4589.48,4589.48,1,,$124.04,37.0
CLM-62847,"March 29, 2025",Franchise_TX_01,Dehumidifier Rental,1.0,49.08,49.08,1,,49.08,
CLM-44080,2025-07-05,Franchise_FL_04,Dehumidifier Rental,31.0,,1924.17,1,62.07,,
CLM-49088,2025-12-16,Franchise_FL_04,Drywall Repair,18.0,581.4,472.06,0,32.3,,
CLM-66833,05/15/2025,Franchise_NY_12,Drywall Repair,,2125.6,2125.6,1,,$53.14,40.0
CLM-72593,03/15/2025,Franchise_NY_12,Drywall Repair,,3796.8,3796.8,1,,$108.48,35.0
CLM-62060,"October 20, 2025",Franchise_TX_01,Drywall Repair - MISC,18.0,2221.74,1654.74,0,,123.43,
CLM-34361,06/23/2025,Franchise_NY_12,Antimicrobial Treatment,,1228.32,1228.32,1,,$102.36,12.0
CLM-82312,06/04/2025,Franchise_NY_12,Antimicrobial Treatment,,1683.87,1683.87,1,,$45.51,37.0
CLM-90583,09/04/2025,Franchise_NY_12,Antimicrobial Treatment,,1933.5,1933.5,1,,$77.34,25.0
CLM-42883,10/14/2025,Franchise_NY_12,Baseboard Replacement,,1035.76,1035.76,1,,$23.54,44.0
CLM-76063,11/10/2025,Franchise_NY_12,Drywall Repair,,3917.78,3917.78,1,,$126.38,31.0
CLM-47782,"March 18, 2025",Franchise_TX_01,Dehumidifier Rental,5.0,183.8,110.58,0,,36.76,
CLM-66055,"February 02, 2025",Franchise_TX_01,Dehumidifier Rental,16.0,1463.68,1463.68,1,,91.48,
CLM-57734,2025-12-22,Franchise_FL_04,Dehumidifier Rental,32.0,4360.0,2939.83,0,136.25,,
CLM-42046,03/01/2025,Franchise_NY_12,Dehumidifier Rental,,3611.08,2723.7,0,,$124.52,29.0
CLM-36907,05/30/2025,Franchise_NY_12,Antimicrobial Treatment,,2566.2,2566.2,1,,$73.32,35.0
CLM-50672,05/02/2025,Franchise_NY_12,Water Extraction,,1062.16,546.75,0,,$24.14,44.0
CLM-25000,2025-01-04,Franchise_FL_04,Drywall Repair,15.0,1625.25,1625.25,1,108.35,,
CLM-75468,2025-03-04,Franchise_FL_04,Dehumidifier Rental,47.0,1330.1,1330.1,1,28.3,,
CLM-68125,04/12/2025,Franchise_NY_12,Antimicrobial Treatment,,4722.24,2940.77,0,,$98.38,48.0
CLM-84605,2025-08-18,Franchise_FL_04,Water Extraction,33.0,2367.09,2367.09,1,71.73,,
CLM-70051,"March 02, 2025",Franchise_TX_01,Baseboard Replacement,22.0,1156.1,590.35,0,,52.55,
CLM-65667,2025-06-04,Franchise_FL_04,Drywall Repair,35.0,4578.35,4578.35,1,130.81,,
CLM-97677,2025-12-15,Franchise_FL_04,Antimicrobial Treatment,19.0,,1614.92,0,101.26,,
CLM-19430,09/28/2025,Franchise_NY_12,Drywall Repair,,1353.37,1123.74,0,,$79.61,17.0
CLM-57186,"June 15, 2025",Franchise_TX_01,Water Extraction,1.0,15.49,12.58,0,,15.49,
CLM-89076,07/28/2025,Franchise_NY_12,Water Extraction,,1126.44,842.36,0,,$40.23,28.0
CLM-78385,2025-04-20,Franchise_FL_04,Antimicrobial Treatment,37.0,4710.84,3593.58,0,127.32,,
CLM-72846,03/17/2025,Franchise_NY_12,Baseboard Replacement,,381.24,381.24,1,,$42.36,9.0
CLM-32480,10/02/2025,Franchise_NY_12,Water Extraction,,1575.0,1575.0,1,,$43.75,36.0
CLM-73469,2025-12-28,Franchise_FL_04,Antimicrobial Treatment,46.0,2208.0,1043.25,0,48.0,,
CLM-61004,2025-11-07,Franchise_FL_04,Drywall Repair,23.0,2980.57,2505.43,0,129.59,,
CLM-83179,"July 01, 2025",Franchise_TX_01,Antimicrobial Treatment - MISC,23.0,384.56,334.88,0,,16.72,
CLM-84422,"October 15, 2025",Franchise_TX_01,Drywall Repair,15.0,645.6,645.6,1,,43.04,
CLM-59623,2025-03-13,Franchise_FL_04,Drywall Repair,34.0,513.06,513.06,1,15.09,,
CLM-84956,"August 12, 2025",Franchise_TX_01,Baseboard Replacement,12.0,1798.32,1798.32,1,,149.86,
CLM-71334,2025-04-06,Franchise_FL_04,Antimicrobial Treatment,25.0,2253.0,2253.0,1,90.12,,
CLM-35268,"February 15, 2025",Franchise_TX_01,Antimicrobial Treatment,19.0,581.59,257.93,0,,30.61,
CLM-50880,2025-09-24,Franchise_FL_04,Water Extraction,3.0,389.7,389.7,1,129.9,,
CLM-36625,2025-06-06,Franchise_FL_04,Baseboard Replacement,28.0,1655.64,1655.64,1,59.13,,
CLM-13093,"July 10, 2025",Franchise_TX_01,Drywall Repair - MISC,45.0,3474.9,1972.85,0,,77.22,
CLM-84131,2025-12-21,Franchise_FL_04,Baseboard Replacement,16.0,,1462.99,0,102.37,,
CLM-32463,"February 17, 2025",Franchise_TX_01,Drywall Repair,46.0,1213.94,1213.94,1,,26.39,
CLM-46301,2025-07-10,Franchise_FL_04,Antimicrobial Treatment,24.0,1167.36,977.79,0,48.64,,
CLM-98282,"July 17, 2025",Franchise_TX_01,Baseboard Replacement,44.0,4811.84,4811.84,1,,109.36,
CLM-68694,10/30/2025,Franchise_NY_12,Water Extraction,,237.09,237.09,1,,$79.03,3.0
CLM-79205,11/06/2025,Franchise_NY_12,Water Extraction,,851.62,560.94,0,,$77.42,11.0
CLM-38758,12/11/2025,Franchise_NY_12,Antimicrobial Treatment,,549.8,549.8,1,,$54.98,10.0
CLM-35666,06/30/2025,Franchise_NY_12,Drywall Repair,,66.88,66.88,1,,$16.72,4.0
CLM-30792,07/10/2025,Franchise_NY_12,Dehumidifier Rental,,1517.36,1517.36,1,,$116.72,13.0
CLM-33509,01/26/2025,Franchise_NY_12,Water Extraction,,1476.68,1192.67,0,,$38.86,38.0
CLM-98893,01/11/2025,Franchise_NY_12,Water Extraction,,445.35,445.35,1,,$148.45,3.0
CLM-66135,01/27/2025,Franchise_NY_12,Dehumidifier Rental,,1740.02,1740.02,1,,$45.79,38.0
CLM-46538,2025-01-27,Franchise_FL_04,Baseboard Replacement,15.0,1307.7,1307.7,1,87.18,,
CLM-83931,2025-01-16,Franchise_FL_04,Baseboard Replacement,15.0,1785.15,1134.5,0,119.01,,
CLM-79360,"February 21, 2025",Franchise_TX_01,Antimicrobial Treatment,25.0,485.25,485.25,1,,19.41,
CLM-14873,2025-01-27,Franchise_FL_04,Baseboard Replacement,21.0,550.41,550.41,1,26.21,,
CLM-35413,2025-02-06,Franchise_FL_04,Drywall Repair,46.0,,5349.8,1,116.3,,
CLM-88925,"June 22, 2025",Franchise_TX_01,Baseboard Replacement - MISC,13.0,1443.13,1179.22,0,,111.01,
CLM-23127,"November 02, 2025",Franchise_TX_01,Drywall Repair - MISC,42.0,1984.5,1984.5,1,,47.25,
CLM-31709,"November 15, 2025",Franchise_TX_01,Water Extraction,48.0,4670.88,4670.88,1,,97.31,
CLM-63116,07/26/2025,Franchise_NY_12,Baseboard Replacement,,3367.48,3367.48,1,,$116.12,29.0
CLM-90212,2025-04-04,Franchise_FL_04,Dehumidifier Rental,31.0,,3269.26,1,105.46,,
CLM-43184,10/02/2025,Franchise_NY_12,Antimicrobial Treatment,,105.81,44.9,0,,$35.27,3.0
CLM-54043,"July 22, 2025",Franchise_TX_01,Antimicrobial Treatment,23.0,3087.98,3087.98,1,,134.26,
CLM-93451,03/18/2025,Franchise_NY_12,Drywall Repair,,977.55,574.77,0,,$65.17,15.0
CLM-53234,08/10/2025,Franchise_NY_12,Water Extraction,,1569.2,1569.2,1,,$39.23,40.0
CLM-43029,"May 21, 2025",Franchise_TX_01,Antimicrobial Treatment,22.0,903.54,903.54,1,,41.07,
CLM-52082,"May 08, 2025",Franchise_TX_01,Water Extraction,45.0,1918.8,1918.8,1,,42.64,
CLM-13510,03/10/2025,Franchise_NY_12,Antimicrobial Treatment,,5045.95,5045.95,1,,$144.17,35.0
CLM-39925,2025-05-25,Franchise_FL_04,Baseboard Replacement,29.0,2732.96,2140.59,0,94.24,,
CLM-73600,03/12/2025,Franchise_NY_12,Drywall Repair,,548.01,548.01,1,,$60.89,9.0
CLM-55218,2025-04-17,Franchise_FL_04,Baseboard Replacement,12.0,657.0,657.0,1,54.75,,
CLM-51665,"August 25, 2025",Franchise_TX_01,Dehumidifier Rental,30.0,622.2,622.2,1,,20.74,
CLM-23618,"November 10, 2025",Franchise_TX_01,Water Extraction - MISC,33.0,1091.97,516.25,0,,33.09,
CLM-92382,2025-09-20,Franchise_FL_04,Drywall Repair,38.0,2183.1,1455.05,0,57.45,,
CLM-76992,2025-06-22,Franchise_FL_04,Antimicrobial Treatment,5.0,92.55,92.55,1,18.51,,
CLM-46390,06/29/2025,Franchise_NY_12,Dehumidifier Rental,,1356.29,1356.29,1,,$104.33,13.0
CLM-68505,"November 18, 2025",Franchise_TX_01,Baseboard Replacement - MISC,49.0,5191.06,4193.25,0,,105.94,
CLM-74465,2025-04-19,Franchise_FL_04,Antimicrobial Treatment,19.0,1117.39,1117.39,1,58.81,,
CLM-69102,"June 15, 2025",Franchise_TX_01,Dehumidifier Rental,40.0,3318.8,3318.8,1,,82.97,
CLM-69898,2025-07-24,Franchise_FL_04,Antimicrobial Treatment,23.0,1208.65,1028.99,0,52.55,,
CLM-69516,2025-03-09,Franchise_FL_04,Antimicrobial Treatment,39.0,3506.49,2957.9,0,89.91,,
CLM-76060,07/31/2025,Franchise_NY_12,Baseboard Replacement,,1856.1,1275.71,0,,$123.74,15.0
CLM-23280,"July 09, 2025",Franchise_TX_01,Baseboard Replacement,42.0,1244.46,1244.46,1,,29.63,
CLM-50546,"March 28, 2025",Franchise_TX_01,Drywall Repair,24.0,2756.4,2756.4,1,,114.85,
CLM-11109,2025-09-25,Franchise_FL_04,Baseboard Replacement,20.0,852.6,369.72,0,42.63,,
CLM-35670,2025-06-29,Franchise_FL_04,Water Extraction,35.0,2942.1,1824.84,0,84.06,,
CLM-99717,2025-06-21,Franchise_FL_04,Baseboard Replacement,44.0,1565.96,1565.96,1,35.59,,
CLM-90559,2025-01-04,Franchise_FL_04,Baseboard Replacement,49.0,5888.82,4422.84,0,120.18,,
CLM-65470,08/23/2025,Franchise_NY_12,Antimicrobial Treatment,,809.2,809.2,1,,$101.15,8.0
CLM-25674,"March 15, 2025",Franchise_TX_01,Drywall Repair - MISC,27.0,1788.75,1788.75,1,,66.25,
CLM-22941,2025-04-15,Franchise_FL_04,Drywall Repair,3.0,312.12,198.37,0,104.04,,
CLM-38859,"July 04, 2025",Franchise_TX_01,Dehumidifier Rental,11.0,410.74,410.74,1,,37.34,
CLM-62110,01/24/2025,Franchise_NY_12,Water Extraction,,3161.48,3161.48,1,,$64.52,49.0
CLM-94751,04/02/2025,Franchise_NY_12,Dehumidifier Rental,,936.0,936.0,1,,$117.0,8.0
CLM-93654,"April 30, 2025",Franchise_TX_01,Dehumidifier Rental,15.0,599.4,599.4,1,,39.96,
CLM-57210,2025-06-10,Franchise_FL_04,Antimicrobial Treatment,49.0,3773.98,1894.73,0,77.02,,
CLM-93392,2025-10-27,Franchise_FL_04,Baseboard Replacement,5.0,,58.04,0,26.64,,
CLM-38796,"December 08, 2025",Franchise_TX_01,Baseboard Replacement - MISC,34.0,1591.88,696.06,0,,46.82,
CLM-59257,"August 18, 2025",Franchise_TX_01,Water Extraction,42.0,5936.7,5936.7,1,,141.35,
CLM-91541,2025-10-16,Franchise_FL_04,Dehumidifier Rental,30.0,1749.3,1749.3,1,58.31,,
CLM-52448,04/04/2025,Franchise_NY_12,Water Extraction,,1345.08,1345.08,1,,$40.76,33.0
CLM-77307,10/30/2025,Franchise_NY_12,Drywall Repair,,3846.85,3846.85,1,,$132.65,29.0
CLM-25619,2025-08-05,Franchise_FL_04,Water Extraction,17.0,2084.2,2084.2,1,122.6,,
CLM-88150,2025-10-09,Franchise_FL_04,Baseboard Replacement,48.0,1776.0,1519.37,0,37.0,,
CLM-28599,2025-05-17,Franchise_FL_04,Dehumidifier Rental,42.0,1892.94,1567.42,0,45.07,,
CLM-81114,"December 25, 2025",Franchise_TX_01,Antimicrobial Treatment - MISC,34.0,4494.46,4494.46,1,,132.19,
CLM-47399,"September 29, 2025",Franchise_TX_01,Antimicrobial Treatment,44.0,5417.72,5417.72,1,,123.13,
CLM-80327,08/13/2025,Franchise_NY_12,Antimicrobial Treatment,,5647.5,5647.5,1,,$125.5,45.0
CLM-46597,2025-10-15,Franchise_FL_04,Drywall Repair,20.0,688.8,688.8,1,34.44,,
CLM-29426,2025-07-19,Franchise_FL_04,Dehumidifier Rental,34.0,1065.9,1065.9,1,31.35,,
CLM-24350,2025-08-03,Franchise_FL_04,Drywall Repair,25.0,2090.75,2090.75,1,83.63,,
CLM-86227,2025-12-01,Franchise_FL_04,Antimicrobial Treatment,50.0,,6473.0,1,129.46,,
CLM-12841,"December 13, 2025",Franchise_TX_01,Drywall Repair,46.0,5865.0,4139.74,0,,127.5,
CLM-73107,"January 29, 2025",Franchise_TX_01,Drywall Repair,21.0,1764.84,1764.84,1,,84.04,
CLM-86878,2025-02-09,Franchise_FL_04,Baseboard Replacement,32.0,1593.28,805.65,0,49.79,,
CLM-32052,2025-08-28,Franchise_FL_04,Antimicrobial Treatment,22.0,1976.7,1503.31,0,89.85,,
CLM-27512,01/01/2025,Franchise_NY_12,Baseboard Replacement,,3409.92,1451.86,0,,$71.04,48.0
CLM-57910,2025-05-24,Franchise_FL_04,Drywall Repair,40.0,650.0,650.0,1,16.25,,
CLM-87336,2025-11-27,Franchise_FL_04,Drywall Repair,21.0,443.73,443.73,1,21.13,,
CLM-55485,2025-10-07,Franchise_FL_04,Water Extraction,22.0,,2028.45,0,103.92,,
CLM-85855,"October 12, 2025",Franchise_TX_01,Dehumidifier Rental,48.0,4225.44,2276.02,0,,88.03,
CLM-12300,11/22/2025,Franchise_NY_12,Water Extraction,,2219.26,2219.26,1,,$59.98,37.0
CLM-97178,"September 01, 2025",Franchise_TX_01,Antimicrobial Treatment,39.0,4587.57,4587.57,1,,117.63,
CLM-80730,2025-10-27,Franchise_FL_04,Antimicrobial Treatment,8.0,1068.72,773.78,0,133.59,,
CLM-89114,2025-07-17,Franchise_FL_04,Dehumidifier Rental,1.0,93.66,62.81,0,93.66,,
CLM-41237,"April 20, 2025",Franchise_TX_01,Drywall Repair - MISC,46.0,2531.38,2531.38,1,,55.03,
CLM-89579,09/17/2025,Franchise_NY_12,Baseboard Replacement,,695.97,695.97,1,,$36.63,19.0
CLM-15834,"February 02, 2025",Franchise_TX_01,Antimicrobial Treatment - MISC,27.0,1859.76,1859.76,1,,68.88,
CLM-94597,2025-12-16,Franchise_FL_04,Antimicrobial Treatment,4.0,201.16,136.42,0,50.29,,
CLM-12869,"November 06, 2025",Franchise_TX_01,Drywall Repair,25.0,3400.0,2428.93,0,,136.0,
CLM-87702,01/19/2025,Franchise_NY_12,Dehumidifier Rental,,280.05,280.05,1,,$56.01,5.0
CLM-51916,01/04/2025,Franchise_NY_12,Antimicrobial Treatment,,4717.0,4717.0,1,,$94.34,50.0
CLM-67800,07/12/2025,Franchise_NY_12,Antimicrobial Treatment,,1621.23,1621.23,1,,$124.71,13.0
CLM-56369,"January 15, 2025",Franchise_TX_01,Water Extraction,15.0,464.4,464.4,1,,30.96,
CLM-86409,2025-10-15,Franchise_FL_04,Dehumidifier Rental,5.0,166.4,166.4,1,33.28,,
CLM-54666,2025-12-15,Franchise_FL_04,Antimicrobial Treatment,28.0,2684.36,2684.36,1,95.87,,
CLM-72941,02/20/2025,Franchise_NY_12,Dehumidifier Rental,,6936.44,4974.86,0,,$141.56,49.0
CLM-83710,"March 05, 2025",Franchise_TX_01,Water Extraction - MISC,7.0,289.73,289.73,1,,41.39,
CLM-36285,2025-08-05,Franchise_FL_04,Dehumidifier Rental,38.0,1494.16,1017.89,0,39.32,,
CLM-21610,"July 26, 2025",Franchise_TX_01,Dehumidifier Rental,25.0,3332.75,3332.75,1,,133.31,
CLM-62740,07/27/2025,Franchise_NY_12,Antimicrobial Treatment,,3267.32,3267.32,1,,$116.69,28.0
CLM-31636,01/06/2025,Franchise_NY_12,Baseboard Replacement,,129.74,129.74,1,,$64.87,2.0
CLM-50090,"October 25, 2025",Franchise_TX_01,Baseboard Replacement,38.0,4829.8,4829.8,1,,127.1,
CLM-26086,01/20/2025,Franchise_NY_12,Dehumidifier Rental,,2205.93,1339.04,0,,$95.91,23.0
CLM-42366,"February 14, 2025",Franchise_TX_01,Drywall Repair,31.0,3732.4,3732.4,1,,120.4,
CLM-56930,2025-06-24,Franchise_FL_04,Water Extraction,38.0,,4046.33,0,132.29,,
CLM-20401,06/19/2025,Franchise_NY_12,Drywall Repair,,838.81,649.95,0,,$36.47,23.0
CLM-28170,"January 18, 2025",Franchise_TX_01,Antimicrobial Treatment,43.0,767.55,498.95,0,,17.85,
CLM-89675,"June 18, 2025",Franchise_TX_01,Antimicrobial Treatment,41.0,1938.48,1938.48,1,,47.28,
CLM-51701,"May 03, 2025",Franchise_TX_01,Water Extraction,45.0,1092.6,961.21,0,,24.28,
CLM-24578,04/08/2025,Franchise_NY_12,Drywall Repair,,783.38,375.67,0,,$17.03,46.0
CLM-73982,01/13/2025,Franchise_NY_12,Dehumidifier Rental,,2387.2,2387.2,1,,$74.6,32.0
CLM-46345,"September 29, 2025",Franchise_TX_01,Antimicrobial Treatment,49.0,1710.59,1710.59,1,,34.91,
CLM-66533,11/07/2025,Franchise_NY_12,Water Extraction,,3882.6,3882.6,1,,$86.28,45.0
CLM-82964,2025-08-19,Franchise_FL_04,Baseboard Replacement,43.0,2552.48,2552.48,1,59.36,,
CLM-32924,2025-01-03,Franchise_FL_04,Antimicrobial Treatment,20.0,2854.8,2854.8,1,142.74,,
CLM-97590,"January 14, 2025",Franchise_TX_01,Water Extraction,17.0,450.67,450.67,1,,26.51,
CLM-52035,03/03/2025,Franchise_NY_12,Baseboard Replacement,,492.12,201.99,0,,$41.01,12.0
CLM-48362,02/04/2025,Franchise_NY_12,Baseboard Replacement,,754.82,754.82,1,,$16.06,47.0
CLM-77176,2025-07-01,Franchise_FL_04,Antimicrobial Treatment,11.0,888.25,888.25,1,80.75,,
CLM-33451,10/19/2025,Franchise_NY_12,Drywall Repair,,345.78,345.78,1,,$20.34,17.0
CLM-34472,01/26/2025,Franchise_NY_12,Antimicrobial Treatment,,3279.34,3279.34,1,,$142.58,23.0
CLM-93866,04/30/2025,Franchise_NY_12,Baseboard Replacement,,5321.82,4053.35,0,,$126.71,42.0
CLM-67303,2025-09-09,Franchise_FL_04,Antimicrobial Treatment,22.0,2356.2,1397.98,0,107.1,,
CLM-65241,2025-08-29,Franchise_FL_04,Dehumidifier Rental,29.0,3742.45,2240.01,0,129.05,,
CLM-99008,11/20/2025,Franchise_NY_12,Antimicrobial Treatment,,5330.27,3652.82,0,,$113.41,47.0
CLM-26508,04/08/2025,Franchise_NY_12,Antimicrobial Treatment,,383.76,383.76,1,,$95.94,4.0
CLM-14852,"October 11, 2025",Franchise_TX_01,Baseboard Replacement,9.0,603.27,388.27,0,,67.03,
CLM-48783,2025-07-27,Franchise_FL_04,Antimicrobial Treatment,9.0,,492.41,0,135.63,,
CLM-47486,"July 04, 2025",Franchise_TX_01,Dehumidifier Rental,9.0,1330.83,845.57,0,,147.87,
CLM-79923,"November 23, 2025",Franchise_TX_01,Dehumidifier Rental,29.0,1329.65,1329.65,1,,45.85,
CLM-99746,03/06/2025,Franchise_NY_12,Baseboard Replacement,,3192.2,3192.2,1,,$72.55,44.0
CLM-86116,2025-01-20,Franchise_FL_04,Dehumidifier Rental,35.0,983.15,983.15,1,28.09,,
CLM-42852,"November 02, 2025",Franchise_TX_01,Antimicrobial Treatment,25.0,1760.75,1022.83,0,,70.43,
CLM-78402,2025-04-13,Franchise_FL_04,Drywall Repair,38.0,5286.56,5286.56,1,139.12,,
CLM-65630,2025-03-03,Franchise_FL_04,Drywall Repair,25.0,707.5,573.51,0,28.3,,
CLM-81117,03/11/2025,Franchise_NY_12,Water Extraction,,33.4,27.43,0,,$33.4,1.0
CLM-48015,2025-09-02,Franchise_FL_04,Antimicrobial Treatment,34.0,2766.92,2766.92,1,81.38,,
CLM-95160,2025-01-06,Franchise_FL_04,Drywall Repair,1.0,65.76,54.55,0,65.76,,
CLM-65160,2025-03-24,Franchise_FL_04,Antimicrobial Treatment,35.0,2786.35,2786.35,1,79.61,,
CLM-28661,2025-06-07,Franchise_FL_04,Antimicrobial Treatment,3.0,363.84,363.84,1,121.28,,
CLM-19656,01/06/2025,Franchise_NY_12,Dehumidifier Rental,,3787.26,1675.22,0,,$80.58,47.0
CLM-78252,"June 12, 2025",Franchise_TX_01,Antimicrobial Treatment,8.0,553.76,553.76,1,,69.22,
CLM-41009,2025-01-04,Franchise_FL_04,Antimicrobial Treatment,17.0,1329.74,1329.74,1,78.22,,
CLM-17437,2025-06-07,Franchise_FL_04,Water Extraction,41.0,5132.79,3503.16,0,125.19,,
CLM-67181,2025-06-11,Franchise_FL_04,Antimicrobial Treatment,30.0,,1047.9,1,34.93,,
CLM-69295,2025-10-13,Franchise_FL_04,Baseboard Replacement,6.0,665.82,665.82,1,110.97,,
CLM-77163,09/25/2025,Franchise_NY_12,Baseboard Replacement,,5891.34,3441.86,0,,$140.27,42.0
CLM-83645,03/08/2025,Franchise_NY_12,Antimicrobial Treatment,,1592.76,1592.76,1,,$122.52,13.0
CLM-78192,"March 25, 2025",Franchise_TX_01,Drywall Repair,47.0,2205.71,2205.71,1,,46.93,
CLM-44968,"April 15, 2025",Franchise_TX_01,Water Extraction,23.0,1582.4,1582.4,1,,68.8,
CLM-94831,"April 25, 2025",Franchise_TX_01,Antimicrobial Treatment,42.0,3127.32,2625.58,0,,74.46,
CLM-52290,"October 18, 2025",Franchise_TX_01,Drywall Repair,23.0,1093.88,1093.88,1,,47.56,
CLM-84158,03/18/2025,Franchise_NY_12,Water Extraction,,1440.01,1440.01,1,,$75.79,19.0
CLM-25106,2025-05-02,Franchise_FL_04,Dehumidifier Rental,39.0,4672.59,4672.59,1,119.81,,
CLM-16404,"May 05, 2025",Franchise_TX_01,Water Extraction,24.0,2695.44,2695.44,1,,112.31,
CLM-66169,2025-02-20,Franchise_FL_04,Baseboard Replacement,48.0,,1296.96,1,27.02,,
CLM-15672,2025-07-14,Franchise_FL_04,Drywall Repair,44.0,5896.88,3714.49,0,134.02,,
CLM-90455,01/12/2025,Franchise_NY_12,Dehumidifier Rental,,4781.7,4781.7,1,,$144.9,33.0
CLM-24595,2025-03-19,Franchise_FL_04,Water Extraction,14.0,2032.94,2032.94,1,145.21,,
CLM-51554,01/02/2025,Franchise_NY_12,Drywall Repair,,1694.34,1335.67,0,,$94.13,18.0
CLM-34262,2025-01-23,Franchise_FL_04,Baseboard Replacement,2.0,145.52,66.58,0,72.76,,
CLM-25331,2025-10-27,Franchise_FL_04,Water Extraction,34.0,1970.3,1970.3,1,57.95,,
CLM-31832,"December 02, 2025",Franchise_TX_01,Water Extraction - MISC,47.0,5279.98,2740.55,0,,112.34,
CLM-92622,"November 23, 2025",Franchise_TX_01,Baseboard Replacement,17.0,684.76,684.76,1,,40.28,
CLM-99278,2025-01-16,Franchise_FL_04,Antimicrobial Treatment,23.0,708.4,708.4,1,30.8,,
CLM-47757,07/29/2025,Franchise_NY_12,Dehumidifier Rental,,3075.87,2322.59,0,,$146.47,21.0
CLM-53515,02/08/2025,Franchise_NY_12,Water Extraction,,3268.89,2760.8,0,,$121.07,27.0
CLM-93158,05/11/2025,Franchise_NY_12,Baseboard Replacement,,3725.12,2820.83,0,,$116.41,32.0
CLM-94572,2025-06-30,Franchise_FL_04,Antimicrobial Treatment,50.0,982.0,982.0,1,19.64,,
CLM-81869,02/09/2025,Franchise_NY_12,Water Extraction,,2923.07,2923.07,1,,$127.09,23.0
CLM-96965,07/13/2025,Franchise_NY_12,Drywall Repair,,2032.32,1751.34,0,,$42.34,48.0
CLM-53146,"February 06, 2025",Franchise_TX_01,Drywall Repair,1.0,55.36,55.36,1,,55.36,
CLM-91197,07/06/2025,Franchise_NY_12,Water Extraction,,1062.16,1062.16,1,,$48.28,22.0
CLM-44085,2025-04-20,Franchise_FL_04,Antimicrobial Treatment,3.0,92.88,83.11,0,30.96,,
CLM-32832,"August 29, 2025",Franchise_TX_01,Antimicrobial Treatment,46.0,5152.0,5152.0,1,,112.0,
CLM-58478,07/11/2025,Franchise_NY_12,Dehumidifier Rental,,1920.8,1920.8,1,,$137.2,14.0
CLM-53086,"September 07, 2025",Franchise_TX_01,Dehumidifier Rental,45.0,1791.45,1791.45,1,,39.81,
CLM-59507,08/03/2025,Franchise_NY_12,Water Extraction,,4886.4,3481.21,0,,$101.8,48.0
CLM-13993,2025-08-23,Franchise_FL_04,Water Extraction,22.0,392.26,311.81,0,17.83,,
CLM-35235,06/10/2025,Franchise_NY_12,Drywall Repair,,1376.0,1376.0,1,,$55.04,25.0
CLM-93320,03/09/2025,Franchise_NY_12,Baseboard Replacement,,1215.5,752.38,0,,$93.5,13.0
CLM-13533,07/31/2025,Franchise_NY_12,Baseboard Replacement,,3908.62,3908.62,1,,$84.97,46.0
CLM-49387,02/17/2025,Franchise_NY_12,Antimicrobial Treatment,,3937.2,3937.2,1,,$131.24,30.0
CLM-28169,"August 13, 2025",Franchise_TX_01,Baseboard Replacement,38.0,3844.84,3844.84,1,,101.18,
CLM-19035,"December 16, 2025",Franchise_TX_01,Water Extraction,10.0,1210.1,1210.1,1,,121.01,
CLM-48219,2025-11-26,Franchise_FL_04,Antimicrobial Treatment,1.0,142.02,142.02,1,142.02,,
CLM-77116,"September 26, 2025",Franchise_TX_01,Water Extraction,19.0,973.94,772.78,0,,51.26,
CLM-16364,09/10/2025,Franchise_NY_12,Water Extraction,,470.47,470.47,1,,$36.19,13.0
CLM-66959,03/21/2025,Franchise_NY_12,Drywall Repair,,2305.88,2305.88,1,,$135.64,17.0
CLM-83172,04/18/2025,Franchise_NY_12,Water Extraction,,2712.24,2344.73,0,,$113.01,24.0
CLM-48410,2025-12-17,Franchise_FL_04,Water Extraction,31.0,2750.63,2750.63,1,88.73,,
CLM-79030,"July 14, 2025",Franchise_TX_01,Antimicrobial Treatment,10.0,284.6,172.09,0,,28.46,
CLM-99833,09/28/2025,Franchise_NY_12,Drywall Repair,,3845.1,2667.23,0,,$128.17,30.0
CLM-71905,2025-09-25,Franchise_FL_04,Drywall Repair,14.0,,2016.0,1,144.0,,
CLM-49844,2025-11-13,Franchise_FL_04,Dehumidifier Rental,36.0,564.48,564.48,1,15.68,,
CLM-33374,2025-08-04,Franchise_FL_04,Water Extraction,25.0,1957.0,1406.01,0,78.28,,
CLM-36135,"April 17, 2025",Franchise_TX_01,Baseboard Replacement,7.0,132.86,132.86,1,,18.98,
CLM-13470,"May 05, 2025",Franchise_TX_01,Antimicrobial Treatment,12.0,1600.92,1600.92,1,,133.41,
CLM-17747,07/30/2025,Franchise_NY_12,Dehumidifier Rental,,2503.44,2104.53,0,,$65.88,38.0
CLM-81493,04/26/2025,Franchise_NY_12,Water Extraction,,6216.63,6216.63,1,,$126.87,49.0
CLM-67592,04/23/2025,Franchise_NY_12,Water Extraction,,237.18,196.99,0,,$118.59,2.0
CLM-77872,2025-12-20,Franchise_FL_04,Baseboard Replacement,45.0,2134.8,2134.8,1,47.44,,
CLM-80434,"June 07, 2025",Franchise_TX_01,Baseboard Replacement,39.0,4882.41,3235.74,0,,125.19,
CLM-39168,2025-11-02,Franchise_FL_04,Water Extraction,26.0,845.52,448.74,0,32.52,,
CLM-38094,2025-09-27,Franchise_FL_04,Baseboard Replacement,7.0,997.78,595.63,0,142.54,,
CLM-90861,08/09/2025,Franchise_NY_12,Baseboard Replacement,,1085.92,965.28,0,,$135.74,8.0
CLM-13928,2025-12-22,Franchise_FL_04,Baseboard Replacement,40.0,2025.2,1320.65,0,50.63,,
CLM-98844,2025-09-08,Franchise_FL_04,Baseboard Replacement,30.0,730.8,304.17,0,24.36,,
CLM-28882,2025-02-01,Franchise_FL_04,Baseboard Replacement,42.0,5322.66,5322.66,1,126.73,,
CLM-23670,2025-08-23,Franchise_FL_04,Baseboard Replacement,13.0,457.47,208.03,0,35.19,,
CLM-12526,2025-12-14,Franchise_FL_04,Dehumidifier Rental,22.0,1371.92,1371.92,1,62.36,,
CLM-32401,2025-11-24,Franchise_FL_04,Water Extraction,29.0,815.77,691.18,0,28.13,,
CLM-16756,12/29/2025,Franchise_NY_12,Baseboard Replacement,,1651.2,1651.2,1,,$82.56,20.0
CLM-67345,"April 29, 2025",Franchise_TX_01,Baseboard Replacement - MISC,29.0,3130.55,3130.55,1,,107.95,
CLM-47592,2025-11-16,Franchise_FL_04,Drywall Repair,48.0,5096.64,5096.64,1,106.18,,
CLM-19538,12/20/2025,Franchise_NY_12,Baseboard Replacement,,2565.42,2565.42,1,,$77.74,33.0
CLM-54617,"February 12, 2025",Franchise_TX_01,Baseboard Replacement,32.0,2051.52,1203.74,0,,64.11,
CLM-29808,10/19/2025,Franchise_NY_12,Baseboard Replacement,,4812.8,3349.31,0,,$120.32,40.0
CLM-98701,"March 16, 2025",Franchise_TX_01,Water Extraction - MISC,38.0,4648.16,2130.23,0,,122.32,
CLM-84276,"June 30, 2025",Franchise_TX_01,Dehumidifier Rental,40.0,2750.4,1269.94,0,,68.76,
CLM-73058,"July 20, 2025",Franchise_TX_01,Baseboard Replacement,2.0,191.48,191.48,1,,95.74,
CLM-37779,2025-10-15,Franchise_FL_04,Baseboard Replacement,8.0,923.2,384.07,0,115.4,,
CLM-29111,"November 24, 2025",Franchise_TX_01,Dehumidifier Rental,44.0,2575.32,2575.32,1,,58.53,
CLM-46050,05/23/2025,Franchise_NY_12,Dehumidifier Rental,,893.64,794.38,0,,$20.31,44.0
CLM-30417,2025-10-25,Franchise_FL_04,Antimicrobial Treatment,37.0,4737.11,4737.11,1,128.03,,
CLM-68382,"April 22, 2025",Franchise_TX_01,Dehumidifier Rental,19.0,2614.21,2614.21,1,,137.59,
CLM-46125,"March 31, 2025",Franchise_TX_01,Drywall Repair - MISC,18.0,690.48,690.48,1,,38.36,
CLM-60065,11/01/2025,Franchise_NY_12,Dehumidifier Rental,,2013.9,2013.9,1,,$57.54,35.0
CLM-39734,"December 27, 2025",Franchise_TX_01,Dehumidifier Rental,23.0,2562.89,1783.26,0,,111.43,
CLM-38618,2025-10-21,Franchise_FL_04,Water Extraction,20.0,1045.6,1045.6,1,52.28,,
CLM-52975,"July 28, 2025",Franchise_TX_01,Water Extraction,36.0,3802.32,2481.06,0,,105.62,
CLM-29012,"December 08, 2025",Franchise_TX_01,Water Extraction,36.0,4873.32,4873.32,1,,135.37,
CLM-61988,2025-05-27,Franchise_FL_04,Antimicrobial Treatment,10.0,1087.0,803.01,0,108.7,,
CLM-38373,"October 30, 2025",Franchise_TX_01,Drywall Repair,9.0,859.32,414.26,0,,95.48,
CLM-60626,"October 20, 2025",Franchise_TX_01,Drywall Repair,6.0,122.4,122.4,1,,20.4,
CLM-32035,11/11/2025,Franchise_NY_12,Antimicrobial Treatment,,6440.16,2706.11,0,,$134.17,48.0
CLM-12263,2025-02-28,Franchise_FL_04,Baseboard Replacement,26.0,2457.0,2457.0,1,94.5,,
CLM-45758,2025-05-11,Franchise_FL_04,Drywall Repair,24.0,1115.76,697.28,0,46.49,,
CLM-95417,"November 12, 2025",Franchise_TX_01,Water Extraction,39.0,1180.53,1180.53,1,,30.27,
CLM-27456,07/20/2025,Franchise_NY_12,Dehumidifier Rental,,5905.19,5905.19,1,,$137.33,43.0
CLM-90348,2025-09-09,Franchise_FL_04,Dehumidifier Rental,5.0,393.7,203.85,0,78.74,,
CLM-17467,"August 08, 2025",Franchise_TX_01,Water Extraction,50.0,6719.5,6719.5,1,,134.39,
CLM-16399,"February 24, 2025",Franchise_TX_01,Water Extraction - MISC,24.0,2574.48,1154.9,0,,107.27,
CLM-40762,2025-06-18,Franchise_FL_04,Water Extraction,37.0,,715.21,1,19.33,,
CLM-25583,2025-06-08,Franchise_FL_04,Dehumidifier Rental,49.0,2198.63,1850.52,0,44.87,,
CLM-23590,"December 06, 2025",Franchise_TX_01,Drywall Repair,42.0,1947.96,1947.96,1,,46.38,
CLM-47351,"June 29, 2025",Franchise_TX_01,Dehumidifier Rental,34.0,1628.94,1014.27,0,,47.91,
CLM-80674,2025-12-04,Franchise_FL_04,Baseboard Replacement,26.0,727.48,335.72,0,27.98,,
CLM-69508,2025-11-02,Franchise_FL_04,Water Extraction,29.0,1198.57,922.08,0,41.33,,
CLM-45071,"January 09, 2025",Franchise_TX_01,Water Extraction - MISC,42.0,5545.68,5545.68,1,,132.04,
CLM-87723,09/22/2025,Franchise_NY_12,Baseboard Replacement,,378.9,305.99,0,,$126.3,3.0
CLM-88587,04/21/2025,Franchise_NY_12,Antimicrobial Treatment,,1537.69,933.76,0,,$139.79,11.0
CLM-47569,2025-06-17,Franchise_FL_04,Dehumidifier Rental,33.0,4026.66,2775.19,0,122.02,,
CLM-85856,10/09/2025,Franchise_NY_12,Dehumidifier Rental,,1800.48,827.69,0,,$112.53,16.0
CLM-87889,2025-12-15,Franchise_FL_04,Baseboard Replacement,31.0,1499.78,993.37,0,48.38,,
CLM-60062,"December 24, 2025",Franchise_TX_01,Dehumidifier Rental,1.0,102.91,102.91,1,,102.91,
CLM-19336,2025-05-02,Franchise_FL_04,Dehumidifier Rental,43.0,,2136.67,1,49.69,,
CLM-57388,11/05/2025,Franchise_NY_12,Drywall Repair,,1711.75,1711.75,1,,$41.75,41.0
CLM-77051,11/23/2025,Franchise_NY_12,Drywall Repair,,2758.72,2758.72,1,,$74.56,37.0
CLM-46911,2025-06-08,Franchise_FL_04,Dehumidifier Rental,16.0,762.4,762.4,1,47.65,,
CLM-27923,10/20/2025,Franchise_NY_12,Water Extraction,,1489.14,881.84,0,,$82.73,18.0
CLM-39242,"November 03, 2025",Franchise_TX_01,Baseboard Replacement,7.0,201.81,201.81,1,,28.83,
CLM-97863,"July 29, 2025",Franchise_TX_01,Water Extraction,11.0,684.2,684.2,1,,62.2,
CLM-51410,08/30/2025,Franchise_NY_12,Water Extraction,,581.8,581.8,1,,$116.36,5.0
CLM-94942,02/26/2025,Franchise_NY_12,Antimicrobial Treatment,,236.08,197.65,0,,$29.51,8.0
CLM-61922,"June 25, 2025",Franchise_TX_01,Dehumidifier Rental,43.0,5677.29,5677.29,1,,132.03,
CLM-15444,2025-11-23,Franchise_FL_04,Water Extraction,13.0,924.95,924.95,1,71.15,,
CLM-57992,"September 05, 2025",Franchise_TX_01,Dehumidifier Rental - MISC,30.0,1974.3,1974.3,1,,65.81,
CLM-84511,"June 14, 2025",Franchise_TX_01,Antimicrobial Treatment - MISC,3.0,323.91,323.91,1,,107.97,
CLM-97630,2025-03-01,Franchise_FL_04,Water Extraction,34.0,5087.42,3433.79,0,149.63,,
CLM-55538,06/23/2025,Franchise_NY_12,Water Extraction,,584.97,584.97,1,,$18.87,31.0
CLM-86473,"April 11, 2025",Franchise_TX_01,Antimicrobial Treatment,39.0,4304.82,4304.82,1,,110.38,
CLM-19009,12/21/2025,Franchise_NY_12,Dehumidifier Rental,,3898.26,2706.94,0,,$144.38,27.0
CLM-94686,2025-06-08,Franchise_FL_04,Dehumidifier Rental,33.0,2025.87,2025.87,1,61.39,,
CLM-51841,03/03/2025,Franchise_NY_12,Water Extraction,,802.26,650.36,0,,$133.71,6.0
CLM-87326,"March 04, 2025",Franchise_TX_01,Drywall Repair,44.0,1319.12,1319.12,1,,29.98,
CLM-18862,07/16/2025,Franchise_NY_12,Baseboard Replacement,,619.8,364.56,0,,$123.96,5.0
CLM-81876,2025-03-29,Franchise_FL_04,Water Extraction,10.0,1034.6,1034.6,1,103.46,,
CLM-16551,"March 02, 2025",Franchise_TX_01,Antimicrobial Treatment,2.0,137.18,58.94,0,,68.59,
CLM-93759,"June 22, 2025",Franchise_TX_01,Water Extraction,19.0,833.91,833.91,1,,43.89,
CLM-64389,04/13/2025,Franchise_NY_12,Drywall Repair,,2348.75,1728.75,0,,$93.95,25.0
CLM-40570,"May 10, 2025",Franchise_TX_01,Antimicrobial Treatment,31.0,3734.26,3734.26,1,,120.46,
CLM-10855,"January 17, 2025",Franchise_TX_01,Dehumidifier Rental,5.0,183.1,183.1,1,,36.62,
CLM-25690,"March 20, 2025",Franchise_TX_01,Dehumidifier Rental,26.0,1231.62,705.45,0,,47.37,
CLM-96978,07/24/2025,Franchise_NY_12,Drywall Repair,,3473.11,3473.11,1,,$80.77,43.0
CLM-81551,04/27/2025,Franchise_NY_12,Drywall Repair,,889.28,889.28,1,,$55.58,16.0
CLM-82971,02/13/2025,Franchise_NY_12,Water Extraction,,2879.37,2879.37,1,,$125.19,23.0
CLM-92643,02/18/2025,Franchise_NY_12,Drywall Repair,,2650.68,2650.68,1,,$71.64,37.0
CLM-87979,03/04/2025,Franchise_NY_12,Water Extraction,,2438.65,2438.65,1,,$128.35,19.0
CLM-22405,11/16/2025,Franchise_NY_12,Water Extraction,,1535.85,720.79,0,,$102.39,15.0
CLM-29243,"April 02, 2025",Franchise_TX_01,Antimicrobial Treatment,18.0,2315.34,2315.34,1,,128.63,
CLM-83865,02/25/2025,Franchise_NY_12,Drywall Repair,,4534.72,4534.72,1,,$141.71,32.0
CLM-52821,2025-05-06,Franchise_FL_04,Baseboard Replacement,6.0,595.98,595.98,1,99.33,,
CLM-86492,"April 16, 2025",Franchise_TX_01,Baseboard Replacement - MISC,43.0,5195.69,5195.69,1,,120.83,
CLM-93206,"August 10, 2025",Franchise_TX_01,Drywall Repair,14.0,1500.1,1500.1,1,,107.15,
CLM-41652,"April 14, 2025",Franchise_TX_01,Dehumidifier Rental,48.0,3664.8,3664.8,1,,76.35,
CLM-94693,2025-12-23,Franchise_FL_04,Antimicrobial Treatment,18.0,2374.38,2043.11,0,131.91,,
CLM-36389,"November 12, 2025",Franchise_TX_01,Dehumidifier Rental,25.0,3733.0,3121.34,0,,149.32,
CLM-81621,06/11/2025,Franchise_NY_12,Antimicrobial Treatment,,739.74,298.4,0,,$123.29,6.0
CLM-84443,2025-10-24,Franchise_FL_04,Baseboard Replacement,5.0,124.25,124.25,1,24.85,,
CLM-69862,04/09/2025,Franchise_NY_12,Dehumidifier Rental,,3197.04,3197.04,1,,$76.12,42.0
CLM-59282,"May 02, 2025",Franchise_TX_01,Antimicrobial Treatment,40.0,3446.4,3446.4,1,,86.16,
CLM-71524,"February 02, 2025",Franchise_TX_01,Drywall Repair,13.0,438.88,274.12,0,,33.76,
CLM-37552,"June 12, 2025",Franchise_TX_01,Dehumidifier Rental,12.0,184.44,184.44,1,,15.37,
CLM-44237,"September 24, 2025",Franchise_TX_01,Antimicrobial Treatment,4.0,461.32,461.32,1,,115.33,
CLM-33186,"May 18, 2025",Franchise_TX_01,Water Extraction - MISC,35.0,5234.95,5234.95,1,,149.57,
CLM-76383,2025-03-15,Franchise_FL_04,Dehumidifier Rental,33.0,616.44,616.44,1,18.68,,
CLM-90119,2025-05-09,Franchise_FL_04,Antimicrobial Treatment,10.0,790.4,790.4,1,79.04,,
CLM-90479,05/08/2025,Franchise_NY_12,Antimicrobial Treatment,,2201.04,2201.04,1,,$122.28,18.0
CLM-89426,"January 10, 2025",Franchise_TX_01,Water Extraction,12.0,731.76,731.76,1,,60.98,
CLM-17668,2025-01-23,Franchise_FL_04,Drywall Repair,4.0,339.28,339.28,1,84.82,,
CLM-35752,01/23/2025,Franchise_NY_12,Baseboard Replacement,,930.05,823.43,0,,$48.95,19.0
CLM-36992,09/29/2025,Franchise_NY_12,Antimicrobial Treatment,,3083.3,3083.3,1,,$140.15,22.0
CLM-36805,"March 31, 2025",Franchise_TX_01,Antimicrobial Treatment,4.0,452.16,452.16,1,,113.04,
CLM-67712,"July 29, 2025",Franchise_TX_01,Baseboard Replacement,11.0,1351.02,1108.2,0,,122.82,
CLM-53713,02/19/2025,Franchise_NY_12,Drywall Repair,,3580.34,3580.34,1,,$123.46,29.0
CLM-60261,03/28/2025,Franchise_NY_12,Dehumidifier Rental,,431.79,431.79,1,,$143.93,3.0
CLM-88347,"November 21, 2025",Franchise_TX_01,Baseboard Replacement,41.0,758.91,758.91,1,,18.51,
CLM-69372,"December 05, 2025",Franchise_TX_01,Drywall Repair,25.0,1082.25,1082.25,1,,43.29,
CLM-51419,"August 15, 2025",Franchise_TX_01,Baseboard Replacement,5.0,150.4,83.64,0,,30.08,
CLM-52550,"March 16, 2025",Franchise_TX_01,Drywall Repair,38.0,3802.28,3802.28,1,,100.06,
CLM-62542,"June 08, 2025",Franchise_TX_01,Drywall Repair - MISC,14.0,1268.96,997.99,0,,90.64,
CLM-15826,07/03/2025,Franchise_NY_12,Dehumidifier Rental,,3010.56,1900.7,0,,$61.44,49.0
CLM-13130,07/11/2025,Franchise_NY_12,Antimicrobial Treatment,,885.36,885.36,1,,$110.67,8.0
CLM-25472,2025-09-17,Franchise_FL_04,Antimicrobial Treatment,39.0,1979.25,1564.0,0,50.75,,
CLM-64489,2025-12-16,Franchise_FL_04,Water Extraction,20.0,487.4,487.4,1,24.37,,
CLM-18215,11/16/2025,Franchise_NY_12,Antimicrobial Treatment,,1709.86,1709.86,1,,$100.58,17.0
CLM-52202,"November 29, 2025",Franchise_TX_01,Drywall Repair,11.0,1445.07,1445.07,1,,131.37,
CLM-88547,2025-06-02,Franchise_FL_04,Dehumidifier Rental,37.0,3947.16,3947.16,1,106.68,,
CLM-86811,08/21/2025,Franchise_NY_12,Drywall Repair,,271.57,231.4,0,,$20.89,13.0
CLM-14880,2025-01-05,Franchise_FL_04,Drywall Repair,30.0,2358.3,2358.3,1,78.61,,
CLM-20768,2025-06-14,Franchise_FL_04,Dehumidifier Rental,10.0,829.4,829.4,1,82.94,,
CLM-64896,2025-07-21,Franchise_FL_04,Baseboard Replacement,48.0,1848.48,1269.37,0,38.51,,
CLM-62631,2025-04-05,Franchise_FL_04,Water Extraction,17.0,1621.12,822.67,0,95.36,,
CLM-36726,"July 11, 2025",Franchise_TX_01,Dehumidifier Rental - MISC,19.0,1159.19,989.85,0,,61.01,
CLM-87786,06/29/2025,Franchise_NY_12,Dehumidifier Rental,,188.16,188.16,1,,$94.08,2.0
CLM-23603,2025-07-26,Franchise_FL_04,Antimicrobial Treatment,18.0,2117.34,2117.34,1,117.63,,
CLM-63914,06/05/2025,Franchise_NY_12,Drywall Repair,,3652.8,3652.8,1,,$76.1,48.0
CLM-98879,2025-12-19,Franchise_FL_04,Antimicrobial Treatment,40.0,5034.0,5034.0,1,125.85,,
CLM-90099,02/12/2025,Franchise_NY_12,Drywall Repair,,2576.86,2576.86,1,,$75.79,34.0
CLM-39538,11/20/2025,Franchise_NY_12,Baseboard Replacement,,1190.14,1190.14,1,,$85.01,14.0
CLM-12063,"April 29, 2025",Franchise_TX_01,Dehumidifier Rental,12.0,833.28,833.28,1,,69.44,
CLM-12773,2025-12-31,Franchise_FL_04,Antimicrobial Treatment,40.0,1794.4,1794.4,1,44.86,,
CLM-88172,10/13/2025,Franchise_NY_12,Baseboard Replacement,,6856.0,6856.0,1,,$137.12,50.0
CLM-45472,04/29/2025,Franchise_NY_12,Baseboard Replacement,,2074.59,2074.59,1,,$98.79,21.0
CLM-58094,01/31/2025,Franchise_NY_12,Dehumidifier Rental,,1899.03,1899.03,1,,$90.43,21.0
CLM-16381,2025-04-16,Franchise_FL_04,Antimicrobial Treatment,5.0,537.5,317.05,0,107.5,,
CLM-59415,"April 11, 2025",Franchise_TX_01,Drywall Repair,18.0,2383.56,1873.97,0,,132.42,
CLM-59164,"May 18, 2025",Franchise_TX_01,Water Extraction,17.0,1697.62,1155.85,0,,99.86,
CLM-23379,"November 23, 2025",Franchise_TX_01,Baseboard Replacement - MISC,3.0,122.73,122.73,1,,40.91,
CLM-18100,"March 16, 2025",Franchise_TX_01,Dehumidifier Rental - MISC,29.0,879.28,697.0,0,,30.32,
CLM-39066,2025-10-24,Franchise_FL_04,Drywall Repair,37.0,3344.8,2192.24,0,90.4,,
CLM-24160,"January 10, 2025",Franchise_TX_01,Baseboard Replacement,13.0,1027.78,414.67,0,,79.06,
CLM-87239,"March 11, 2025",Franchise_TX_01,Dehumidifier Rental,16.0,1408.0,1408.0,1,,88.0,
CLM-97938,2025-03-05,Franchise_FL_04,Antimicrobial Treatment,36.0,724.32,724.32,1,20.12,,
CLM-92149,2025-11-01,Franchise_FL_04,Baseboard Replacement,20.0,2895.0,2048.92,0,144.75,,
CLM-15381,2025-12-11,Franchise_FL_04,Antimicrobial Treatment,27.0,865.89,615.75,0,32.07,,
CLM-42544,"November 13, 2025",Franchise_TX_01,Baseboard Replacement,13.0,1404.0,1404.0,1,,108.0,
CLM-39474,03/26/2025,Franchise_NY_12,Water Extraction,,2649.96,2231.76,0,,$147.22,18.0
CLM-33521,"January 27, 2025",Franchise_TX_01,Dehumidifier Rental,39.0,4339.53,2440.15,0,,111.27,
CLM-53548,04/24/2025,Franchise_NY_12,Antimicrobial Treatment,,1556.52,1556.52,1,,$91.56,17.0
CLM-10940,2025-04-17,Franchise_FL_04,Dehumidifier Rental,39.0,5774.34,5774.34,1,148.06,,
CLM-89172,"June 11, 2025",Franchise_TX_01,Water Extraction,5.0,227.15,227.15,1,,45.43,
CLM-80152,"November 23, 2025",Franchise_TX_01,Drywall Repair,44.0,3411.76,1839.07,0,,77.54,
CLM-30138,2025-03-23,Franchise_FL_04,Baseboard Replacement,43.0,,3863.82,0,119.91,,
CLM-42582,2025-01-29,Franchise_FL_04,Drywall Repair,22.0,367.84,194.26,0,16.72,,
CLM-30353,"July 06, 2025",Franchise_TX_01,Dehumidifier Rental,9.0,770.4,770.4,1,,85.6,
CLM-23265,2025-08-13,Franchise_FL_04,Dehumidifier Rental,13.0,313.95,313.95,1,24.15,,
CLM-55631,"June 08, 2025",Franchise_TX_01,Dehumidifier Rental,9.0,1308.42,1162.9,0,,145.38,
CLM-34184,11/26/2025,Franchise_NY_12,Baseboard Replacement,,4654.32,2754.99,0,,$113.52,41.0
CLM-41020,2025-09-16,Franchise_FL_04,Dehumidifier Rental,34.0,1290.98,1290.98,1,37.97,,
CLM-24678,09/24/2025,Franchise_NY_12,Water Extraction,,929.36,929.36,1,,$116.17,8.0
CLM-96961,"May 17, 2025",Franchise_TX_01,Antimicrobial Treatment,6.0,797.58,797.58,1,,132.93,
CLM-38263,"August 22, 2025",Franchise_TX_01,Antimicrobial Treatment,5.0,171.65,171.65,1,,34.33,
CLM-41648,2025-09-18,Franchise_FL_04,Water Extraction,5.0,721.15,453.68,0,144.23,,
CLM-23263,"December 10, 2025",Franchise_TX_01,Drywall Repair,36.0,2511.0,2105.05,0,,69.75,
CLM-21755,"May 28, 2025",Franchise_TX_01,Baseboard Replacement,32.0,939.84,939.84,1,,29.37,
CLM-42107,03/22/2025,Franchise_NY_12,Water Extraction,,2917.59,2917.59,1,,$74.81,39.0
CLM-37075,"March 30, 2025",Franchise_TX_01,Antimicrobial Treatment,40.0,2053.2,1186.92,0,,51.33,
CLM-44878,"June 01, 2025",Franchise_TX_01,Water Extraction - MISC,48.0,3143.04,3143.04,1,,65.48,
CLM-70810,2025-07-20,Franchise_FL_04,Dehumidifier Rental,14.0,563.92,447.84,0,40.28,,
CLM-17148,2025-10-30,Franchise_FL_04,Antimicrobial Treatment,46.0,4709.48,4709.48,1,102.38,,
CLM-78527,"June 18, 2025",Franchise_TX_01,Dehumidifier Rental,46.0,5617.98,5617.98,1,,122.13,
CLM-77269,09/07/2025,Franchise_NY_12,Baseboard Replacement,,1523.34,946.84,0,,$56.42,27.0
CLM-38671,2025-04-26,Franchise_FL_04,Water Extraction,12.0,418.08,363.51,0,34.84,,
CLM-34361,2025-03-14,Franchise_FL_04,Dehumidifier Rental,40.0,5606.8,2786.1,0,140.17,,
CLM-66258,"December 23, 2025",Franchise_TX_01,Antimicrobial Treatment - MISC,23.0,3347.42,3347.42,1,,145.54,
CLM-78045,11/05/2025,Franchise_NY_12,Drywall Repair,,3538.47,3538.47,1,,$90.73,39.0
CLM-30601,2025-06-01,Franchise_FL_04,Water Extraction,24.0,3348.72,2980.1,0,139.53,,
CLM-30858,2025-06-27,Franchise_FL_04,Water Extraction,45.0,3248.1,2058.29,0,72.18,,
CLM-17206,07/26/2025,Franchise_NY_12,Water Extraction,,1506.96,1506.96,1,,$71.76,21.0
CLM-54555,2025-11-12,Franchise_FL_04,Water Extraction,42.0,6289.5,6289.5,1,149.75,,
CLM-63709,2025-05-19,Franchise_FL_04,Antimicrobial Treatment,14.0,,1342.74,1,95.91,,
CLM-32793,"December 30, 2025",Franchise_TX_01,Dehumidifier Rental,45.0,6383.7,6383.7,1,,141.86,
CLM-10613,01/21/2025,Franchise_NY_12,Antimicrobial Treatment,,905.69,809.12,0,,$22.09,41.0
CLM-95030,"June 17, 2025",Franchise_TX_01,Antimicrobial Treatment,23.0,3067.28,1615.36,0,,133.36,
CLM-21792,2025-12-22,Franchise_FL_04,Drywall Repair,36.0,729.36,729.36,1,20.26,,
CLM-25018,"May 15, 2025",Franchise_TX_01,Baseboard Replacement - MISC,47.0,3650.02,3650.02,1,,77.66,
CLM-94421,10/01/2025,Franchise_NY_12,Dehumidifier Rental,,2524.32,2524.32,1,,$140.24,18.0
CLM-27682,2025-06-08,Franchise_FL_04,Water Extraction,16.0,,1504.96,1,94.06,,
CLM-24197,2025-12-13,Franchise_FL_04,Baseboard Replacement,5.0,82.1,82.1,1,16.42,,
CLM-59469,"September 10, 2025",Franchise_TX_01,Dehumidifier Rental,12.0,816.84,816.84,1,,68.07,
CLM-41614,"December 18, 2025",Franchise_TX_01,Antimicrobial Treatment - MISC,19.0,1934.77,1934.77,1,,101.83,
CLM-82884,2025-09-09,Franchise_FL_04,Dehumidifier Rental,47.0,3387.29,3387.29,1,72.07,,
CLM-10450,"May 20, 2025",Franchise_TX_01,Dehumidifier Rental,28.0,2432.64,2432.64,1,,86.88,
CLM-35207,"September 11, 2025",Franchise_TX_01,Antimicrobial Treatment,25.0,1048.25,634.88,0,,41.93,
CLM-94358,"November 23, 2025",Franchise_TX_01,Drywall Repair - MISC,34.0,1956.7,1147.81,0,,57.55,
CLM-61963,2025-01-17,Franchise_FL_04,Drywall Repair,11.0,,1446.83,1,131.53,,
CLM-40896,06/17/2025,Franchise_NY_12,Drywall Repair,,1915.68,1915.68,1,,$147.36,13.0
CLM-40657,"June 11, 2025",Franchise_TX_01,Drywall Repair,48.0,3827.52,2580.11,0,,79.74,
CLM-46511,2025-08-14,Franchise_FL_04,Water Extraction,42.0,5531.4,5531.4,1,131.7,,
CLM-78393,"August 25, 2025",Franchise_TX_01,Drywall Repair,49.0,3887.66,3887.66,1,,79.34,
CLM-70981,2025-01-18,Franchise_FL_04,Baseboard Replacement,20.0,697.0,597.42,0,34.85,,
CLM-71247,07/16/2025,Franchise_NY_12,Dehumidifier Rental,,1451.56,1451.56,1,,$131.96,11.0
CLM-95898,2025-10-04,Franchise_FL_04,Antimicrobial Treatment,42.0,1324.68,1324.68,1,31.54,,
CLM-38188,"September 26, 2025",Franchise_TX_01,Water Extraction,13.0,1491.88,793.99,0,,114.76,
CLM-22392,2025-03-19,Franchise_FL_04,Water Extraction,36.0,,4961.88,1,137.83,,
CLM-22080,2025-08-22,Franchise_FL_04,Antimicrobial Treatment,50.0,1119.5,1119.5,1,22.39,,
CLM-30331,2025-07-09,Franchise_FL_04,Baseboard Replacement,21.0,2223.48,1703.63,0,105.88,,
CLM-79344,"November 05, 2025",Franchise_TX_01,Dehumidifier Rental,22.0,1087.9,1087.9,1,,49.45,
CLM-57235,04/05/2025,Franchise_NY_12,Drywall Repair,,2499.66,1600.94,0,,$92.58,27.0
CLM-21664,04/03/2025,Franchise_NY_12,Water Extraction,,1607.1,1607.1,1,,$48.7,33.0
CLM-61302,06/10/2025,Franchise_NY_12,Baseboard Replacement,,2584.78,1513.26,0,,$83.38,31.0
CLM-71660,"July 09, 2025",Franchise_TX_01,Drywall Repair,44.0,1263.24,1263.24,1,,28.71,
CLM-99771,07/05/2025,Franchise_NY_12,Water Extraction,,1254.0,1254.0,1,,$83.6,15.0
CLM-37112,10/02/2025,Franchise_NY_12,Antimicrobial Treatment,,474.12,369.44,0,,$79.02,6.0
CLM-22880,04/26/2025,Franchise_NY_12,Water Extraction,,1649.34,711.38,0,,$117.81,14.0
CLM-56781,"February 21, 2025",Franchise_TX_01,Baseboard Replacement,20.0,2945.0,2613.66,0,,147.25,
CLM-45419,2025-09-07,Franchise_FL_04,Drywall Repair,38.0,904.4,427.36,0,23.8,,
CLM-17892,"March 13, 2025",Franchise_TX_01,Water Extraction - MISC,10.0,913.2,913.2,1,,91.32,
CLM-61676,07/07/2025,Franchise_NY_12,Drywall Repair,,1198.56,699.06,0,,$24.97,48.0
CLM-62346,2025-02-24,Franchise_FL_04,Drywall Repair,21.0,2257.71,2257.71,1,107.51,,
CLM-22670,04/27/2025,Franchise_NY_12,Dehumidifier Rental,,1159.68,958.1,0,,$144.96,8.0
CLM-76534,2025-01-05,Franchise_FL_04,Water Extraction,49.0,1584.66,1584.66,1,32.34,,
CLM-43463,"February 17, 2025",Franchise_TX_01,Dehumidifier Rental,23.0,1611.38,1611.38,1,,70.06,
CLM-54973,11/11/2025,Franchise_NY_12,Water Extraction,,335.01,217.57,0,,$111.67,3.0
CLM-28479,2025-06-13,Franchise_FL_04,Water Extraction,43.0,4928.23,4928.23,1,114.61,,
CLM-14734,2025-12-08,Franchise_FL_04,Drywall Repair,17.0,1972.34,1683.08,0,116.02,,
CLM-36878,2025-05-14,Franchise_FL_04,Antimicrobial Treatment,37.0,4351.2,1855.86,0,117.6,,
CLM-94746,"August 07, 2025",Franchise_TX_01,Dehumidifier Rental,49.0,4301.71,2333.6,0,,87.79,
CLM-61044,2025-10-12,Franchise_FL_04,Baseboard Replacement,7.0,,284.54,0,85.17,,
CLM-64431,"August 10, 2025",Franchise_TX_01,Dehumidifier Rental,41.0,5111.47,5111.47,1,,124.67,
CLM-51072,"November 22, 2025",Franchise_TX_01,Water Extraction,32.0,4733.44,3889.74,0,,147.92,
CLM-78793,01/17/2025,Franchise_NY_12,Antimicrobial Treatment,,1516.8,885.3,0,,$101.12,15.0
CLM-13396,"June 21, 2025",Franchise_TX_01,Antimicrobial Treatment,41.0,4680.56,3157.26,0,,114.16,
CLM-84694,"May 31, 2025",Franchise_TX_01,Water Extraction,20.0,2432.6,2432.6,1,,121.63,
CLM-95880,"December 21, 2025",Franchise_TX_01,Baseboard Replacement,6.0,166.56,166.56,1,,27.76,
CLM-32549,05/17/2025,Franchise_NY_12,Dehumidifier Rental,,1224.72,1224.72,1,,$68.04,18.0
CLM-25168,03/15/2025,Franchise_NY_12,Water Extraction,,1226.4,831.6,0,,$122.64,10.0
CLM-37258,"December 11, 2025",Franchise_TX_01,Baseboard Replacement,38.0,2357.14,2357.14,1,,62.03,
CLM-42227,"October 10, 2025",Franchise_TX_01,Dehumidifier Rental - MISC,38.0,4514.02,1884.64,0,,118.79,
CLM-43733,2025-11-29,Franchise_FL_04,Baseboard Replacement,22.0,1002.76,1002.76,1,45.58,,
CLM-30061,2025-07-25,Franchise_FL_04,Dehumidifier Rental,1.0,46.61,46.61,1,46.61,,
CLM-38299,"December 20, 2025",Franchise_TX_01,Baseboard Replacement,20.0,326.8,229.52,0,,16.34,
CLM-97709,05/02/2025,Franchise_NY_12,Dehumidifier Rental,,1430.0,838.2,0,,$28.6,50.0
CLM-24287,2025-08-07,Franchise_FL_04,Drywall Repair,38.0,1629.44,1015.62,0,42.88,,
CLM-32531,"May 04, 2025",Franchise_TX_01,Antimicrobial Treatment,31.0,3083.88,2502.73,0,,99.48,
CLM-88752,02/15/2025,Franchise_NY_12,Antimicrobial Treatment,,2771.08,2771.08,1,,$106.58,26.0
CLM-43695,12/30/2025,Franchise_NY_12,Water Extraction,,1423.68,1031.06,0,,$59.32,24.0
CLM-93689,06/03/2025,Franchise_NY_12,Water Extraction,,2996.16,1717.47,0,,$62.42,48.0
CLM-61675,05/19/2025,Franchise_NY_12,Baseboard Replacement,,3058.34,3058.34,1,,$105.46,29.0
CLM-31273,2025-04-13,Franchise_FL_04,Antimicrobial Treatment,1.0,61.33,34.99,0,61.33,,
CLM-30509,2025-10-20,Franchise_FL_04,Antimicrobial Treatment,37.0,2025.01,2025.01,1,54.73,,
CLM-51437,2025-08-26,Franchise_FL_04,Water Extraction,13.0,773.76,538.67,0,59.52,,
CLM-45615,06/19/2025,Franchise_NY_12,Baseboard Replacement,,4736.4,4163.29,0,,$118.41,40.0
CLM-51047,2025-02-04,Franchise_FL_04,Baseboard Replacement,6.0,,281.73,0,53.03,,
CLM-72968,2025-08-19,Franchise_FL_04,Drywall Repair,18.0,918.54,737.62,0,51.03,,
CLM-67793,06/17/2025,Franchise_NY_12,Drywall Repair,,2671.55,1766.64,0,,$76.33,35.0
CLM-42485,2025-02-18,Franchise_FL_04,Dehumidifier Rental,47.0,,2953.28,0,125.4,,
CLM-64593,"September 07, 2025",Franchise_TX_01,Water Extraction,28.0,2364.32,2364.32,1,,84.44,
CLM-54130,09/12/2025,Franchise_NY_12,Water Extraction,,3861.0,3861.0,1,,$77.22,50.0
CLM-48364,"October 14, 2025",Franchise_TX_01,Baseboard Replacement,41.0,4809.3,2964.01,0,,117.3,
CLM-42525,2025-08-13,Franchise_FL_04,Drywall Repair,14.0,2058.28,1565.89,0,147.02,,
CLM-50469,2025-01-22,Franchise_FL_04,Dehumidifier Rental,19.0,,2835.37,1,149.23,,
CLM-28887,07/02/2025,Franchise_NY_12,Drywall Repair,,991.2,807.5,0,,$28.32,35.0
CLM-64750,03/29/2025,Franchise_NY_12,Water Extraction,,701.05,701.05,1,,$100.15,7.0
CLM-22893,"September 14, 2025",Franchise_TX_01,Dehumidifier Rental,24.0,3563.28,1450.9,0,,148.47,
CLM-10730,07/29/2025,Franchise_NY_12,Antimicrobial Treatment,,192.82,192.82,1,,$96.41,2.0
CLM-27961,2025-07-15,Franchise_FL_04,Drywall Repair,33.0,,3959.01,1,119.97,,
CLM-70113,03/08/2025,Franchise_NY_12,Dehumidifier Rental,,4510.67,4510.67,1,,$121.91,37.0
CLM-12117,"January 19, 2025",Franchise_TX_01,Dehumidifier Rental,24.0,2120.16,2120.16,1,,88.34,
CLM-37676,11/29/2025,Franchise_NY_12,Baseboard Replacement,,517.77,517.77,1,,$57.53,9.0
CLM-13933,2025-05-06,Franchise_FL_04,Baseboard Replacement,8.0,732.24,732.24,1,91.53,,
CLM-72308,06/13/2025,Franchise_NY_12,Dehumidifier Rental,,691.32,691.32,1,,$98.76,7.0
CLM-90212,12/29/2025,Franchise_NY_12,Baseboard Replacement,,1094.64,585.61,0,,$91.22,12.0
CLM-11869,"November 03, 2025",Franchise_TX_01,Baseboard Replacement,50.0,5887.5,5887.5,1,,117.75,
CLM-10640,"November 08, 2025",Franchise_TX_01,Baseboard Replacement,50.0,6558.5,6558.5,1,,131.17,
CLM-13858,2025-12-26,Franchise_FL_04,Drywall Repair,23.0,687.01,480.21,0,29.87,,
CLM-35469,2025-06-21,Franchise_FL_04,Drywall Repair,44.0,,2146.14,0,62.79,,
CLM-51829,2025-12-24,Franchise_FL_04,Dehumidifier Rental,23.0,977.73,636.03,0,42.51,,
CLM-43381,2025-09-27,Franchise_FL_04,Water Extraction,23.0,,1015.52,0,64.53,,
CLM-75488,"April 09, 2025",Franchise_TX_01,Baseboard Replacement,24.0,2630.16,2630.16,1,,109.59,
CLM-57368,"December 29, 2025",Franchise_TX_01,Drywall Repair - MISC,48.0,4626.24,2420.41,0,,96.38,
CLM-38317,05/27/2025,Franchise_NY_12,Dehumidifier Rental,,3699.5,3699.5,1,,$147.98,25.0
CLM-86568,2025-03-21,Franchise_FL_04,Antimicrobial Treatment,12.0,396.96,396.96,1,33.08,,
CLM-32004,"February 02, 2025",Franchise_TX_01,Water Extraction - MISC,45.0,5326.65,3541.75,0,,118.37,
CLM-87541,"January 04, 2025",Franchise_TX_01,Drywall Repair,5.0,473.35,333.69,0,,94.67,
CLM-18284,2025-10-25,Franchise_FL_04,Water Extraction,3.0,353.1,256.28,0,117.7,,
CLM-88224,"July 24, 2025",Franchise_TX_01,Drywall Repair,44.0,5716.48,5716.48,1,,129.92,
CLM-28128,2025-05-01,Franchise_FL_04,Water Extraction,31.0,3102.17,2195.49,0,100.07,,
CLM-65972,12/28/2025,Franchise_NY_12,Water Extraction,,269.04,269.04,1,,$134.52,2.0
CLM-77767,2025-05-05,Franchise_FL_04,Baseboard Replacement,19.0,378.1,378.1,1,19.9,,
CLM-37404,03/17/2025,Franchise_NY_12,Baseboard Replacement,,2413.32,1286.57,0,,$61.88,39.0
CLM-66955,10/02/2025,Franchise_NY_12,Baseboard Replacement,,959.76,721.5,0,,$39.99,24.0
CLM-76505,11/30/2025,Franchise_NY_12,Water Extraction,,5517.0,5517.0,1,,$110.34,50.0
CLM-49407,11/04/2025,Franchise_NY_12,Water Extraction,,2237.85,1875.51,0,,$49.73,45.0
CLM-17198,"July 15, 2025",Franchise_TX_01,Dehumidifier Rental - MISC,40.0,958.8,958.8,1,,23.97,
CLM-80988,07/22/2025,Franchise_NY_12,Drywall Repair,,2646.8,2646.8,1,,$101.8,26.0
CLM-37293,02/10/2025,Franchise_NY_12,Dehumidifier Rental,,1394.82,976.48,0,,$51.66,27.0
CLM-52368,2025-09-20,Franchise_FL_04,Water Extraction,4.0,563.04,563.04,1,140.76,,
CLM-76751,"March 17, 2025",Franchise_TX_01,Antimicrobial Treatment,25.0,3320.75,3320.75,1,,132.83,
CLM-96137,04/02/2025,Franchise_NY_12,Antimicrobial Treatment,,1382.1,1382.1,1,,$138.21,10.0
CLM-54816,"March 01, 2025",Franchise_TX_01,Antimicrobial Treatment - MISC,42.0,1870.68,1238.1,0,,44.54,
CLM-48889,"March 02, 2025",Franchise_TX_01,Dehumidifier Rental,30.0,3567.6,3567.6,1,,118.92,
CLM-58781,2025-04-19,Franchise_FL_04,Dehumidifier Rental,44.0,2328.92,2328.92,1,52.93,,
CLM-58964,"August 30, 2025",Franchise_TX_01,Antimicrobial Treatment,21.0,991.62,991.62,1,,47.22,
CLM-32975,"April 14, 2025",Franchise_TX_01,Water Extraction,30.0,2148.9,2148.9,1,,71.63,
CLM-32189,01/28/2025,Franchise_NY_12,Dehumidifier Rental,,518.05,247.68,0,,$39.85,13.0
CLM-43106,"February 07, 2025",Franchise_TX_01,Baseboard Replacement,29.0,845.35,845.35,1,,29.15,
CLM-88149,"June 03, 2025",Franchise_TX_01,Baseboard Replacement,5.0,385.85,385.85,1,,77.17,
CLM-58242,"December 12, 2025",Franchise_TX_01,Dehumidifier Rental,2.0,171.46,171.46,1,,85.73,
CLM-51139,"November 19, 2025",Franchise_TX_01,Dehumidifier Rental,14.0,282.24,113.16,0,,20.16,
CLM-49860,"August 05, 2025",Franchise_TX_01,Water Extraction,28.0,2283.4,2283.4,1,,81.55,
CLM-20770,2025-01-31,Franchise_FL_04,Drywall Repair,17.0,2215.44,2215.44,1,130.32,,
CLM-21458,10/13/2025,Franchise_NY_12,Water Extraction,,200.25,200.25,1,,$66.75,3.0
CLM-47498,02/23/2025,Franchise_NY_12,Water Extraction,,1064.61,446.95,0,,$39.43,27.0
CLM-58655,01/22/2025,Franchise_NY_12,Water Extraction,,2708.48,1366.96,0,,$58.88,46.0
CLM-11733,"January 25, 2025",Franchise_TX_01,Baseboard Replacement - MISC,50.0,3277.5,2168.81,0,,65.55,
CLM-74338,2025-03-02,Franchise_FL_04,Antimicrobial Treatment,25.0,2589.75,1197.14,0,103.59,,
CLM-34705,"March 23, 2025",Franchise_TX_01,Drywall Repair - MISC,21.0,1142.4,1142.4,1,,54.4,
CLM-28315,"May 06, 2025",Franchise_TX_01,Drywall Repair,44.0,1948.76,1273.8,0,,44.29,
CLM-81291,2025-08-01,Franchise_FL_04,Baseboard Replacement,26.0,499.98,220.69,0,19.23,,
CLM-40581,"January 23, 2025",Franchise_TX_01,Baseboard Replacement,37.0,2498.24,2498.24,1,,67.52,
CLM-52974,"May 25, 2025",Franchise_TX_01,Baseboard Replacement,23.0,1759.5,995.64,0,,76.5,
CLM-45646,03/08/2025,Franchise_NY_12,Water Extraction,,4681.67,4681.67,1,,$99.61,47.0
CLM-70319,06/07/2025,Franchise_NY_12,Dehumidifier Rental,,3306.84,3306.84,1,,$97.26,34.0
CLM-29104,2025-12-21,Franchise_FL_04,Water Extraction,2.0,281.32,281.32,1,140.66,,
CLM-48062,10/04/2025,Franchise_NY_12,Baseboard Replacement,,2099.69,1537.58,0,,$48.83,43.0
CLM-95039,"June 11, 2025",Franchise_TX_01,Baseboard Replacement,25.0,3261.0,3261.0,1,,130.44,
CLM-27926,06/19/2025,Franchise_NY_12,Antimicrobial Treatment,,661.32,661.32,1,,$18.37,36.0
CLM-68636,"April 08, 2025",Franchise_TX_01,Dehumidifier Rental - MISC,45.0,4873.05,3837.03,0,,108.29,
CLM-28262,02/16/2025,Franchise_NY_12,Baseboard Replacement,,2675.84,2675.84,1,,$72.32,37.0
CLM-92858,2025-11-09,Franchise_FL_04,Antimicrobial Treatment,45.0,800.55,800.55,1,17.79,,
CLM-18887,"September 25, 2025",Franchise_TX_01,Water Extraction - MISC,12.0,352.08,313.55,0,,29.34,
CLM-23758,07/23/2025,Franchise_NY_12,Water Extraction,,1467.6,1467.6,1,,$146.76,10.0
CLM-46557,2025-12-10,Franchise_FL_04,Dehumidifier Rental,45.0,1883.25,1883.25,1,41.85,,
CLM-99225,11/06/2025,Franchise_NY_12,Dehumidifier Rental,,135.49,106.09,0,,$135.49,1.0
CLM-56676,"February 15, 2025",Franchise_TX_01,Baseboard Replacement,14.0,509.6,509.6,1,,36.4,
CLM-74577,"August 13, 2025",Franchise_TX_01,Baseboard Replacement - MISC,29.0,2159.05,2159.05,1,,74.45,
CLM-25890,02/16/2025,Franchise_NY_12,Drywall Repair,,371.31,371.31,1,,$123.77,3.0
CLM-34570,2025-02-24,Franchise_FL_04,Baseboard Replacement,4.0,506.04,371.25,0,126.51,,
CLM-99187,2025-09-13,Franchise_FL_04,Dehumidifier Rental,26.0,1227.98,862.08,0,47.23,,
CLM-23525,2025-12-19,Franchise_FL_04,Antimicrobial Treatment,27.0,3130.65,3130.65,1,115.95,,
CLM-83867,2025-07-03,Franchise_FL_04,Baseboard Replacement,38.0,3800.0,3800.0,1,100.0,,
CLM-43319,2025-07-28,Franchise_FL_04,Dehumidifier Rental,45.0,3383.55,3383.55,1,75.19,,
CLM-53803,2025-07-16,Franchise_FL_04,Drywall Repair,39.0,2831.01,2831.01,1,72.59,,
CLM-51232,2025-04-25,Franchise_FL_04,Baseboard Replacement,21.0,,2174.34,1,103.54,,
CLM-94334,02/27/2025,Franchise_NY_12,Water Extraction,,3010.49,2609.59,0,,$103.81,29.0
CLM-45523,"September 09, 2025",Franchise_TX_01,Water Extraction,31.0,2125.05,2125.05,1,,68.55,
CLM-70364,06/29/2025,Franchise_NY_12,Water Extraction,,1045.25,694.86,0,,$41.81,25.0
CLM-33625,2025-04-23,Franchise_FL_04,Water Extraction,41.0,1139.39,1139.39,1,27.79,,
CLM-89618,09/25/2025,Franchise_NY_12,Antimicrobial Treatment,,3135.3,3135.3,1,,$104.51,30.0
CLM-24829,"September 06, 2025",Franchise_TX_01,Water Extraction,45.0,3026.7,1685.58,0,,67.26,
CLM-25785,"January 31, 2025",Franchise_TX_01,Antimicrobial Treatment,34.0,2202.86,2202.86,1,,64.79,
CLM-52604,08/17/2025,Franchise_NY_12,Drywall Repair,,3251.16,2875.07,0,,$147.78,22.0
CLM-62469,11/26/2025,Franchise_NY_12,Water Extraction,,779.95,779.95,1,,$41.05,19.0
CLM-44213,2025-12-29,Franchise_FL_04,Water Extraction,19.0,,349.36,0,24.11,,
CLM-50531,2025-09-25,Franchise_FL_04,Drywall Repair,33.0,2907.3,2907.3,1,88.1,,
CLM-17859,2025-02-09,Franchise_FL_04,Baseboard Replacement,19.0,419.52,419.52,1,22.08,,
CLM-85224,"August 19, 2025",Franchise_TX_01,Antimicrobial Treatment,32.0,755.52,755.52,1,,23.61,
CLM-70918,2025-02-27,Franchise_FL_04,Water Extraction,34.0,1661.24,1345.95,0,48.86,,
CLM-15238,2025-08-23,Franchise_FL_04,Drywall Repair,12.0,1677.84,739.8,0,139.82,,
CLM-12399,"December 28, 2025",Franchise_TX_01,Water Extraction,30.0,1382.7,1382.7,1,,46.09,
CLM-27792,"January 19, 2025",Franchise_TX_01,Drywall Repair,48.0,6529.92,4365.8,0,,136.04,
CLM-78701,2025-08-22,Franchise_FL_04,Dehumidifier Rental,4.0,412.48,412.48,1,103.12,,
CLM-45484,"November 11, 2025",Franchise_TX_01,Water Extraction - MISC,39.0,4476.03,3070.57,0,,114.77,
CLM-13243,"May 14, 2025",Franchise_TX_01,Dehumidifier Rental,49.0,4482.03,4482.03,1,,91.47,
CLM-78574,"September 14, 2025",Franchise_TX_01,Water Extraction,45.0,3585.6,3585.6,1,,79.68,
CLM-71604,2025-09-09,Franchise_FL_04,Antimicrobial Treatment,31.0,3803.08,3803.08,1,122.68,,
CLM-46666,12/07/2025,Franchise_NY_12,Antimicrobial Treatment,,993.6,993.6,1,,$43.2,23.0
CLM-77856,09/29/2025,Franchise_NY_12,Dehumidifier Rental,,6220.58,3870.16,0,,$135.23,46.0
CLM-88894,"October 11, 2025",Franchise_TX_01,Antimicrobial Treatment,32.0,958.72,958.72,1,,29.96,
CLM-41911,"September 29, 2025",Franchise_TX_01,Antimicrobial Treatment,38.0,3150.96,3150.96,1,,82.92,
CLM-86983,06/24/2025,Franchise_NY_12,Dehumidifier Rental,,1609.92,1047.47,0,,$37.44,43.0
CLM-49150,08/17/2025,Franchise_NY_12,Antimicrobial Treatment,,373.68,166.58,0,,$124.56,3.0
CLM-67499,"July 26, 2025",Franchise_TX_01,Drywall Repair,1.0,77.25,68.54,0,,77.25,
CLM-74810,"October 10, 2025",Franchise_TX_01,Baseboard Replacement,46.0,4542.04,4542.04,1,,98.74,
CLM-61370,2025-11-18,Franchise_FL_04,Antimicrobial Treatment,41.0,4220.95,2738.67,0,102.95,,
CLM-31723,04/28/2025,Franchise_NY_12,Drywall Repair,,6749.76,6749.76,1,,$140.62,48.0
CLM-50473,2025-07-02,Franchise_FL_04,Drywall Repair,17.0,2481.66,2120.24,0,145.98,,
CLM-31824,03/18/2025,Franchise_NY_12,Baseboard Replacement,,3299.4,1706.28,0,,$126.9,26.0
CLM-57406,2025-01-16,Franchise_FL_04,Antimicrobial Treatment,43.0,956.32,558.94,0,22.24,,
CLM-72605,09/05/2025,Franchise_NY_12,Antimicrobial Treatment,,295.44,166.93,0,,$49.24,6.0
CLM-53996,2025-01-11,Franchise_FL_04,Dehumidifier Rental,48.0,2815.68,1895.08,0,58.66,,
CLM-46706,11/25/2025,Franchise_NY_12,Dehumidifier Rental,,555.16,555.16,1,,$138.79,4.0
CLM-60343,2025-05-01,Franchise_FL_04,Antimicrobial Treatment,3.0,362.7,362.7,1,120.9,,
CLM-46244,08/09/2025,Franchise_NY_12,Drywall Repair,,1428.0,1428.0,1,,$47.6,30.0
CLM-46156,2025-09-01,Franchise_FL_04,Water Extraction,4.0,,242.96,1,60.74,,
CLM-20206,2025-02-21,Franchise_FL_04,Dehumidifier Rental,22.0,1934.9,1658.74,0,87.95,,
CLM-10475,2025-05-06,Franchise_FL_04,Drywall Repair,8.0,682.64,682.64,1,85.33,,
CLM-29420,"December 08, 2025",Franchise_TX_01,Dehumidifier Rental,19.0,1241.65,801.02,0,,65.35,
CLM-24695,03/17/2025,Franchise_NY_12,Baseboard Replacement,,4100.48,4100.48,1,,$128.14,32.0
CLM-30859,2025-06-20,Franchise_FL_04,Dehumidifier Rental,7.0,813.12,813.12,1,116.16,,
CLM-93580,2025-07-01,Franchise_FL_04,Antimicrobial Treatment,23.0,2815.43,2815.43,1,122.41,,
CLM-28308,2025-04-12,Franchise_FL_04,Baseboard Replacement,3.0,62.79,44.41,0,20.93,,
CLM-14068,2025-12-19,Franchise_FL_04,Baseboard Replacement,31.0,4413.78,4413.78,1,142.38,,
CLM-50463,"February 23, 2025",Franchise_TX_01,Dehumidifier Rental,14.0,420.56,420.56,1,,30.04,
CLM-74874,2025-04-20,Franchise_FL_04,Water Extraction,23.0,2826.93,2826.93,1,122.91,,
CLM-55673,2025-11-03,Franchise_FL_04,Dehumidifier Rental,34.0,4742.32,4098.49,0,139.48,,
CLM-58905,2025-07-02,Franchise_FL_04,Antimicrobial Treatment,4.0,,184.68,1,46.17,,
CLM-42846,03/27/2025,Franchise_NY_12,Water Extraction,,885.04,885.04,1,,$68.08,13.0
CLM-38008,11/10/2025,Franchise_NY_12,Water Extraction,,879.07,879.07,1,,$51.71,17.0
CLM-97538,2025-10-04,Franchise_FL_04,Baseboard Replacement,36.0,,4943.16,1,137.31,,
CLM-71265,"August 17, 2025",Franchise_TX_01,Dehumidifier Rental,44.0,2531.76,2531.76,1,,57.54,
CLM-81037,"July 23, 2025",Franchise_TX_01,Baseboard Replacement,31.0,2746.29,2746.29,1,,88.59,
CLM-21342,2025-06-16,Franchise_FL_04,Baseboard Replacement,30.0,3999.9,3999.9,1,133.33,,
CLM-23763,09/21/2025,Franchise_NY_12,Baseboard Replacement,,731.16,604.47,0,,$20.31,36.0
CLM-64732,2025-05-04,Franchise_FL_04,Dehumidifier Rental,36.0,3478.68,3478.68,1,96.63,,
CLM-91792,"July 17, 2025",Franchise_TX_01,Antimicrobial Treatment,21.0,980.07,980.07,1,,46.67,
CLM-45695,2025-10-11,Franchise_FL_04,Water Extraction,42.0,2651.04,2651.04,1,63.12,,
CLM-85889,2025-07-17,Franchise_FL_04,Water Extraction,14.0,1739.36,1739.36,1,124.24,,
CLM-63065,05/31/2025,Franchise_NY_12,Dehumidifier Rental,,2973.12,2973.12,1,,$92.91,32.0
CLM-43516,2025-11-17,Franchise_FL_04,Antimicrobial Treatment,15.0,,2087.1,1,139.14,,
CLM-22016,"March 29, 2025",Franchise_TX_01,Antimicrobial Treatment,25.0,2429.25,1380.52,0,,97.17,
CLM-38013,12/21/2025,Franchise_NY_12,Dehumidifier Rental,,5266.44,5266.44,1,,$146.29,36.0
CLM-47606,2025-01-02,Franchise_FL_04,Drywall Repair,38.0,2756.9,2756.9,1,72.55,,
CLM-63395,"May 13, 2025",Franchise_TX_01,Baseboard Replacement,48.0,6971.52,4372.71,0,,145.24,
CLM-99351,"October 26, 2025",Franchise_TX_01,Water Extraction - MISC,22.0,1389.52,1108.54,0,,63.16,
CLM-68578,2025-11-01,Franchise_FL_04,Dehumidifier Rental,12.0,748.44,748.44,1,62.37,,
CLM-94364,03/11/2025,Franchise_NY_12,Drywall Repair,,255.0,255.0,1,,$25.5,10.0
CLM-50553,10/14/2025,Franchise_NY_12,Antimicrobial Treatment,,626.64,541.13,0,,$89.52,7.0
CLM-70924,"July 13, 2025",Franchise_TX_01,Water Extraction,48.0,4799.52,2479.87,0,,99.99,
CLM-27649,05/07/2025,Franchise_NY_12,Baseboard Replacement,,311.96,224.9,0,,$28.36,11.0
CLM-67714,"March 14, 2025",Franchise_TX_01,Antimicrobial Treatment,26.0,2101.58,2101.58,1,,80.83,
CLM-54824,2025-09-27,Franchise_FL_04,Baseboard Replacement,41.0,1518.23,1518.23,1,37.03,,
CLM-82694,"January 28, 2025",Franchise_TX_01,Baseboard Replacement,7.0,1003.52,1003.52,1,,143.36,
CLM-50008,2025-02-07,Franchise_FL_04,Water Extraction,33.0,,3380.19,1,102.43,,
CLM-68934,2025-07-23,Franchise_FL_04,Dehumidifier Rental,16.0,1184.32,708.71,0,74.02,,
CLM-71238,"June 11, 2025",Franchise_TX_01,Water Extraction - MISC,31.0,549.32,549.32,1,,17.72,
CLM-57306,10/29/2025,Franchise_NY_12,Baseboard Replacement,,1112.45,636.98,0,,$58.55,19.0
CLM-54848,"December 14, 2025",Franchise_TX_01,Antimicrobial Treatment,40.0,1933.6,1933.6,1,,48.34,
CLM-81179,05/23/2025,Franchise_NY_12,Water Extraction,,1037.08,1037.08,1,,$94.28,11.0
CLM-13420,"March 30, 2025",Franchise_TX_01,Drywall Repair - MISC,36.0,804.24,804.24,1,,22.34,
CLM-89672,"July 28, 2025",Franchise_TX_01,Dehumidifier Rental,5.0,385.1,319.84,0,,77.02,
CLM-71456,2025-06-08,Franchise_FL_04,Antimicrobial Treatment,21.0,1524.18,1524.18,1,72.58,,
CLM-43720,2025-06-08,Franchise_FL_04,Antimicrobial Treatment,34.0,2810.78,2810.78,1,82.67,,
CLM-79644,09/10/2025,Franchise_NY_12,Antimicrobial Treatment,,2275.16,2275.16,1,,$49.46,46.0
CLM-31195,"July 13, 2025",Franchise_TX_01,Antimicrobial Treatment,37.0,3362.93,2726.88,0,,90.89,
CLM-36296,"December 13, 2025",Franchise_TX_01,Antimicrobial Treatment,34.0,4941.56,4941.56,1,,145.34,
CLM-31796,"January 01, 2026",Franchise_TX_01,Dehumidifier Rental,50.0,5987.0,3850.29,0,,119.74,
CLM-40733,"May 10, 2025",Franchise_TX_01,Baseboard Replacement - MISC,23.0,970.83,970.83,1,,42.21,
CLM-14675,"July 31, 2025",Franchise_TX_01,Dehumidifier Rental,27.0,3650.4,2061.97,0,,135.2,
CLM-12639,2025-12-14,Franchise_FL_04,Water Extraction,24.0,581.76,581.76,1,24.24,,
CLM-32236,01/19/2025,Franchise_NY_12,Antimicrobial Treatment,,2984.96,1927.29,0,,$135.68,22.0
CLM-39538,2025-03-11,Franchise_FL_04,Drywall Repair,20.0,2959.4,1316.7,0,147.97,,
CLM-88931,"February 06, 2025",Franchise_TX_01,Antimicrobial Treatment,22.0,3160.08,1647.22,0,,143.64,
CLM-39114,2025-06-07,Franchise_FL_04,Dehumidifier Rental,4.0,,277.45,0,78.68,,
CLM-16818,"September 30, 2025",Franchise_TX_01,Drywall Repair,35.0,4840.85,4840.85,1,,138.31,
CLM-66113,"July 01, 2025",Franchise_TX_01,Baseboard Replacement,26.0,922.22,922.22,1,,35.47,
CLM-48261,2025-02-17,Franchise_FL_04,Dehumidifier Rental,17.0,1149.2,1149.2,1,67.6,,
CLM-25331,2025-10-15,Franchise_FL_04,Baseboard Replacement,9.0,1348.38,1055.55,0,149.82,,
CLM-49935,2025-02-13,Franchise_FL_04,Baseboard Replacement,21.0,1631.28,998.69,0,77.68,,
CLM-79159,2025-12-19,Franchise_FL_04,Drywall Repair,2.0,152.32,152.32,1,76.16,,
CLM-56969,2025-09-12,Franchise_FL_04,Water Extraction,47.0,5793.69,4722.87,0,123.27,,
CLM-88986,07/26/2025,Franchise_NY_12,Drywall Repair,,978.04,978.04,1,,$139.72,7.0
CLM-93020,2025-11-16,Franchise_FL_04,Drywall Repair,37.0,559.81,362.34,0,15.13,,
CLM-73759,03/04/2025,Franchise_NY_12,Drywall Repair,,2279.31,2279.31,1,,$69.07,33.0
CLM-30935,05/30/2025,Franchise_NY_12,Water Extraction,,1178.91,815.95,0,,$130.99,9.0
CLM-27178,2025-04-03,Franchise_FL_04,Drywall Repair,41.0,3328.38,3328.38,1,81.18,,
CLM-40123,2025-08-06,Franchise_FL_04,Water Extraction,4.0,509.2,509.2,1,127.3,,
CLM-70934,10/29/2025,Franchise_NY_12,Drywall Repair,,2578.24,2578.24,1,,$92.08,28.0
CLM-39438,"April 07, 2025",Franchise_TX_01,Antimicrobial Treatment,48.0,6001.92,6001.92,1,,125.04,
CLM-74806,01/15/2025,Franchise_NY_12,Drywall Repair,,1974.39,1974.39,1,,$63.69,31.0
CLM-18269,2025-12-02,Franchise_FL_04,Baseboard Replacement,7.0,754.18,754.18,1,107.74,,
CLM-76250,2025-09-22,Franchise_FL_04,Baseboard Replacement,23.0,2237.44,2237.44,1,97.28,,
CLM-55568,"August 21, 2025",Franchise_TX_01,Water Extraction,44.0,1135.64,1135.64,1,,25.81,
CLM-38392,12/19/2025,Franchise_NY_12,Dehumidifier Rental,,2753.96,2753.96,1,,$62.59,44.0
CLM-22033,2025-11-05,Franchise_FL_04,Dehumidifier Rental,26.0,1816.1,1816.1,1,69.85,,
CLM-32332,2025-06-24,Franchise_FL_04,Baseboard Replacement,50.0,7469.5,6678.22,0,149.39,,
CLM-95445,"June 08, 2025",Franchise_TX_01,Water Extraction - MISC,15.0,665.25,665.25,1,,44.35,
CLM-28575,2025-09-11,Franchise_FL_04,Dehumidifier Rental,45.0,4538.25,4538.25,1,100.85,,
CLM-20759,09/29/2025,Franchise_NY_12,Dehumidifier Rental,,3809.35,2242.87,0,,$81.05,47.0
CLM-47575,"November 25, 2025",Franchise_TX_01,Dehumidifier Rental - MISC,43.0,5263.63,3964.68,0,,122.41,
CLM-44949,"April 06, 2025",Franchise_TX_01,Water Extraction,14.0,1723.12,1723.12,1,,123.08,
CLM-38627,01/24/2025,Franchise_NY_12,Antimicrobial Treatment,,2184.26,2184.26,1,,$84.01,26.0
CLM-67477,05/20/2025,Franchise_NY_12,Water Extraction,,812.0,812.0,1,,$81.2,10.0
CLM-35323,"August 18, 2025",Franchise_TX_01,Dehumidifier Rental,34.0,3612.5,3612.5,1,,106.25,
CLM-46518,"February 01, 2025",Franchise_TX_01,Drywall Repair,35.0,1257.55,1257.55,1,,35.93,
CLM-78459,"July 13, 2025",Franchise_TX_01,Baseboard Replacement,4.0,287.24,156.88,0,,71.81,
CLM-16937,01/06/2025,Franchise_NY_12,Water Extraction,,2011.24,1215.45,0,,$71.83,28.0
CLM-59087,2025-04-06,Franchise_FL_04,Dehumidifier Rental,22.0,834.46,634.23,0,37.93,,
CLM-20366,2025-05-16,Franchise_FL_04,Antimicrobial Treatment,49.0,1133.86,1133.86,1,23.14,,
CLM-55878,2025-05-01,Franchise_FL_04,Baseboard Replacement,14.0,961.24,961.24,1,68.66,,
CLM-25458,01/06/2025,Franchise_NY_12,Baseboard Replacement,,5958.0,3226.62,0,,$132.4,45.0
CLM-45832,"March 27, 2025",Franchise_TX_01,Antimicrobial Treatment,46.0,6843.88,6843.88,1,,148.78,
CLM-67672,06/21/2025,Franchise_NY_12,Drywall Repair,,763.28,763.28,1,,$54.52,14.0
CLM-12848,"September 20, 2025",Franchise_TX_01,Antimicrobial Treatment - MISC,35.0,1965.25,1965.25,1,,56.15,
CLM-79152,12/08/2025,Franchise_NY_12,Dehumidifier Rental,,5377.21,4444.59,0,,$145.33,37.0
CLM-51093,02/17/2025,Franchise_NY_12,Water Extraction,,696.36,417.41,0,,$58.03,12.0
CLM-94800,08/09/2025,Franchise_NY_12,Antimicrobial Treatment,,4465.22,4465.22,1,,$131.33,34.0
CLM-57254,06/25/2025,Franchise_NY_12,Antimicrobial Treatment,,2588.74,2588.74,1,,$117.67,22.0
CLM-26313,"August 12, 2025",Franchise_TX_01,Water Extraction - MISC,5.0,625.85,625.85,1,,125.17,
CLM-14559,11/11/2025,Franchise_NY_12,Dehumidifier Rental,,2041.66,1160.19,0,,$55.18,37.0
CLM-78186,2025-08-21,Franchise_FL_04,Drywall Repair,20.0,354.6,298.32,0,17.73,,
CLM-75402,06/03/2025,Franchise_NY_12,Drywall Repair,,6218.28,6218.28,1,,$135.18,46.0
CLM-15644,"January 23, 2025",Franchise_TX_01,Baseboard Replacement,8.0,1051.68,1051.68,1,,131.46,
CLM-55842,2025-04-17,Franchise_FL_04,Antimicrobial Treatment,18.0,2067.3,2067.3,1,114.85,,
CLM-98008,2025-05-11,Franchise_FL_04,Water Extraction,34.0,1465.06,598.05,0,43.09,,
CLM-88392,"October 19, 2025",Franchise_TX_01,Drywall Repair,9.0,172.8,172.8,1,,19.2,
CLM-72705,04/03/2025,Franchise_NY_12,Baseboard Replacement,,1027.81,620.92,0,,$146.83,7.0
CLM-72841,"February 08, 2025",Franchise_TX_01,Baseboard Replacement - MISC,43.0,1022.11,737.62,0,,23.77,
CLM-31804,"April 24, 2025",Franchise_TX_01,Dehumidifier Rental,2.0,268.52,268.52,1,,134.26,
CLM-12932,05/02/2025,Franchise_NY_12,Antimicrobial Treatment,,396.15,180.6,0,,$79.23,5.0
CLM-21680,2025-07-13,Franchise_FL_04,Baseboard Replacement,35.0,3349.85,3349.85,1,95.71,,
CLM-19888,09/12/2025,Franchise_NY_12,Baseboard Replacement,,653.6,472.36,0,,$65.36,10.0
CLM-77824,"April 18, 2025",Franchise_TX_01,Drywall Repair - MISC,49.0,4316.9,4316.9,1,,88.1,
CLM-18429,05/16/2025,Franchise_NY_12,Water Extraction,,1341.81,811.12,0,,$149.09,9.0
CLM-71719,"March 03, 2025",Franchise_TX_01,Dehumidifier Rental,43.0,5299.32,3731.47,0,,123.24,
CLM-17937,"August 20, 2025",Franchise_TX_01,Drywall Repair,26.0,3681.6,3681.6,1,,141.6,
CLM-39818,"March 24, 2025",Franchise_TX_01,Drywall Repair,22.0,2928.64,2928.64,1,,133.12,
CLM-11938,05/17/2025,Franchise_NY_12,Baseboard Replacement,,182.67,182.67,1,,$60.89,3.0
CLM-88386,01/28/2025,Franchise_NY_12,Dehumidifier Rental,,3697.92,3697.92,1,,$102.72,36.0
CLM-45394,03/08/2025,Franchise_NY_12,Antimicrobial Treatment,,789.46,393.42,0,,$112.78,7.0
CLM-97424,2025-01-08,Franchise_FL_04,Water Extraction,21.0,2865.45,2170.22,0,136.45,,
CLM-64747,2025-06-18,Franchise_FL_04,Water Extraction,9.0,689.4,435.23,0,76.6,,
CLM-67744,05/23/2025,Franchise_NY_12,Water Extraction,,700.88,700.88,1,,$87.61,8.0
CLM-35581,09/18/2025,Franchise_NY_12,Antimicrobial Treatment,,1789.44,1789.44,1,,$149.12,12.0
CLM-81848,"January 10, 2025",Franchise_TX_01,Water Extraction,18.0,1552.5,1239.83,0,,86.25,
CLM-39302,"December 24, 2025",Franchise_TX_01,Baseboard Replacement - MISC,44.0,2007.28,2007.28,1,,45.62,
CLM-60760,12/12/2025,Franchise_NY_12,Baseboard Replacement,,1031.31,1031.31,1,,$114.59,9.0
CLM-54652,03/09/2025,Franchise_NY_12,Drywall Repair,,216.8,159.12,0,,$27.1,8.0
CLM-23654,2025-12-19,Franchise_FL_04,Antimicrobial Treatment,3.0,169.53,110.4,0,56.51,,
CLM-62097,11/29/2025,Franchise_NY_12,Water Extraction,,863.1,863.1,1,,$95.9,9.0
CLM-46673,2025-07-05,Franchise_FL_04,Drywall Repair,17.0,2072.47,1794.05,0,121.91,,
CLM-99187,2025-06-23,Franchise_FL_04,Antimicrobial Treatment,32.0,894.08,775.11,0,27.94,,
CLM-29606,11/05/2025,Franchise_NY_12,Antimicrobial Treatment,,975.33,975.33,1,,$108.37,9.0
CLM-88910,2025-10-08,Franchise_FL_04,Antimicrobial Treatment,32.0,1623.04,1445.96,0,50.72,,
CLM-51163,2025-02-21,Franchise_FL_04,Drywall Repair,22.0,507.32,507.32,1,23.06,,
CLM-84056,"May 28, 2025",Franchise_TX_01,Drywall Repair,41.0,1111.1,1111.1,1,,27.1,
CLM-82383,2025-08-04,Franchise_FL_04,Water Extraction,1.0,97.28,55.39,0,97.28,,
CLM-60270,2025-12-07,Franchise_FL_04,Water Extraction,21.0,3034.92,3034.92,1,144.52,,
CLM-66456,"November 12, 2025",Franchise_TX_01,Water Extraction,41.0,5378.79,5378.79,1,,131.19,
CLM-76150,2025-06-14,Franchise_FL_04,Antimicrobial Treatment,17.0,1569.1,1569.1,1,92.3,,
CLM-64785,06/22/2025,Franchise_NY_12,Drywall Repair,,5052.03,4033.82,0,,$107.49,47.0
CLM-31124,11/29/2025,Franchise_NY_12,Dehumidifier Rental,,1041.6,1041.6,1,,$34.72,30.0
CLM-14306,"June 17, 2025",Franchise_TX_01,Antimicrobial Treatment,46.0,4866.8,2528.0,0,,105.8,
CLM-65559,08/30/2025,Franchise_NY_12,Antimicrobial Treatment,,4609.44,4609.44,1,,$104.76,44.0
CLM-11909,12/28/2025,Franchise_NY_12,Baseboard Replacement,,703.0,514.48,0,,$19.0,37.0
CLM-59514,"January 19, 2025",Franchise_TX_01,Drywall Repair,7.0,529.48,529.48,1,,75.64,
CLM-10896,"July 12, 2025",Franchise_TX_01,Dehumidifier Rental,39.0,599.82,599.82,1,,15.38,
CLM-38196,2025-05-04,Franchise_FL_04,Antimicrobial Treatment,48.0,3794.4,3794.4,1,79.05,,
CLM-56287,2025-09-01,Franchise_FL_04,Dehumidifier Rental,19.0,1250.96,769.39,0,65.84,,
CLM-68647,2025-12-25,Franchise_FL_04,Antimicrobial Treatment,50.0,6173.5,6173.5,1,123.47,,
CLM-47753,2025-03-08,Franchise_FL_04,Antimicrobial Treatment,50.0,820.5,465.98,0,16.41,,
CLM-45917,2025-08-10,Franchise_FL_04,Water Extraction,4.0,337.64,255.83,0,84.41,,
CLM-38278,2025-04-14,Franchise_FL_04,Baseboard Replacement,11.0,,844.22,0,104.11,,
CLM-75580,2025-06-05,Franchise_FL_04,Antimicrobial Treatment,35.0,1852.55,1852.55,1,52.93,,
CLM-11905,2025-09-08,Franchise_FL_04,Dehumidifier Rental,40.0,,4590.8,1,114.77,,
CLM-28585,2025-02-27,Franchise_FL_04,Water Extraction,39.0,3093.09,2112.85,0,79.31,,
CLM-94226,2025-11-24,Franchise_FL_04,Water Extraction,31.0,2409.63,1761.67,0,77.73,,
CLM-81093,2025-05-25,Franchise_FL_04,Dehumidifier Rental,50.0,3646.5,2762.96,0,72.93,,
CLM-21851,01/08/2025,Franchise_NY_12,Dehumidifier Rental,,36.06,36.06,1,,$18.03,2.0
CLM-68664,2025-08-02,Franchise_FL_04,Antimicrobial Treatment,41.0,4470.23,4470.23,1,109.03,,
CLM-26653,2025-10-06,Franchise_FL_04,Dehumidifier Rental,1.0,149.02,149.02,1,149.02,,
CLM-79422,2025-08-21,Franchise_FL_04,Drywall Repair,17.0,,1532.89,1,90.17,,
CLM-42353,2025-01-15,Franchise_FL_04,Antimicrobial Treatment,41.0,2512.07,1078.95,0,61.27,,
CLM-27525,2025-08-27,Franchise_FL_04,Drywall Repair,36.0,5220.36,5220.36,1,145.01,,
CLM-62878,01/03/2025,Franchise_NY_12,Drywall Repair,,4683.69,4683.69,1,,$141.93,33.0
CLM-16859,2025-03-29,Franchise_FL_04,Antimicrobial Treatment,42.0,5857.32,4697.9,0,139.46,,
CLM-49705,2025-06-02,Franchise_FL_04,Water Extraction,21.0,439.11,327.25,0,20.91,,
CLM-39626,09/09/2025,Franchise_NY_12,Antimicrobial Treatment,,3544.58,2885.18,0,,$136.33,26.0
CLM-32213,"November 05, 2025",Franchise_TX_01,Water Extraction,4.0,186.96,159.77,0,,46.74,
CLM-77548,2025-03-03,Franchise_FL_04,Baseboard Replacement,35.0,4642.05,4642.05,1,132.63,,
CLM-10513,07/20/2025,Franchise_NY_12,Drywall Repair,,1938.65,1181.83,0,,$55.39,35.0
CLM-10067,07/13/2025,Franchise_NY_12,Drywall Repair,,4833.0,4833.0,1,,$96.66,50.0
CLM-48240,05/25/2025,Franchise_NY_12,Dehumidifier Rental,,4925.22,4925.22,1,,$107.07,46.0
CLM-56302,09/15/2025,Franchise_NY_12,Baseboard Replacement,,3098.1,3098.1,1,,$67.35,46.0
CLM-74462,"August 10, 2025",Franchise_TX_01,Dehumidifier Rental,9.0,497.34,289.54,0,,55.26,
CLM-52382,05/26/2025,Franchise_NY_12,Water Extraction,,3372.3,3372.3,1,,$74.94,45.0
CLM-66098,2025-03-22,Franchise_FL_04,Dehumidifier Rental,12.0,992.76,992.76,1,82.73,,
CLM-73417,05/26/2025,Franchise_NY_12,Drywall Repair,,1389.75,920.35,0,,$81.75,17.0
CLM-13179,"June 17, 2025",Franchise_TX_01,Drywall Repair,49.0,1111.81,1111.81,1,,22.69,
CLM-35849,"October 18, 2025",Franchise_TX_01,Baseboard Replacement,30.0,840.9,380.66,0,,28.03,
CLM-96677,"October 23, 2025",Franchise_TX_01,Antimicrobial Treatment,49.0,4190.97,4190.97,1,,85.53,
CLM-65630,2025-02-07,Franchise_FL_04,Dehumidifier Rental,41.0,2141.02,2141.02,1,52.22,,
CLM-16543,"January 17, 2025",Franchise_TX_01,Antimicrobial Treatment,24.0,798.96,330.63,0,,33.29,
CLM-24343,"March 26, 2025",Franchise_TX_01,Drywall Repair - MISC,25.0,552.25,552.25,1,,22.09,
CLM-41902,06/01/2025,Franchise_NY_12,Baseboard Replacement,,2678.94,2678.94,1,,$121.77,22.0
CLM-47962,12/08/2025,Franchise_NY_12,Antimicrobial Treatment,,2263.68,2263.68,1,,$94.32,24.0
CLM-49637,"March 31, 2025",Franchise_TX_01,Antimicrobial Treatment,28.0,3601.64,3601.64,1,,128.63,
CLM-12365,10/07/2025,Franchise_NY_12,Water Extraction,,1732.25,1487.15,0,,$69.29,25.0
CLM-48864,2025-01-25,Franchise_FL_04,Dehumidifier Rental,41.0,1481.33,1103.35,0,36.13,,
CLM-90094,"August 04, 2025",Franchise_TX_01,Baseboard Replacement,27.0,670.95,670.95,1,,24.85,
CLM-68329,03/04/2025,Franchise_NY_12,Dehumidifier Rental,,3466.5,1466.15,0,,$138.66,25.0
CLM-77189,06/15/2025,Franchise_NY_12,Drywall Repair,,5510.04,5510.04,1,,$148.92,37.0
CLM-74608,2025-06-26,Franchise_FL_04,Water Extraction,21.0,1573.53,1354.32,0,74.93,,
CLM-91330,"December 20, 2025",Franchise_TX_01,Dehumidifier Rental,49.0,1821.33,1414.57,0,,37.17,
CLM-58543,2025-07-13,Franchise_FL_04,Baseboard Replacement,11.0,,1461.79,1,132.89,,
CLM-91867,2025-02-17,Franchise_FL_04,Drywall Repair,11.0,908.27,637.87,0,82.57,,
CLM-34696,2025-05-10,Franchise_FL_04,Drywall Repair,37.0,751.1,751.1,1,20.3,,
CLM-52977,2025-10-07,Franchise_FL_04,Antimicrobial Treatment,39.0,,2265.4,0,85.52,,
CLM-53793,2025-11-13,Franchise_FL_04,Water Extraction,35.0,1743.7,1743.7,1,49.82,,
CLM-95751,07/05/2025,Franchise_NY_12,Drywall Repair,,5294.33,5294.33,1,,$129.13,41.0
CLM-87314,2025-06-27,Franchise_FL_04,Baseboard Replacement,12.0,1271.64,1075.65,0,105.97,,
CLM-79384,"November 23, 2025",Franchise_TX_01,Water Extraction,17.0,532.1,532.1,1,,31.3,
CLM-27133,12/14/2025,Franchise_NY_12,Antimicrobial Treatment,,1473.34,1473.34,1,,$39.82,37.0
CLM-45393,2025-12-11,Franchise_FL_04,Dehumidifier Rental,42.0,5980.38,5980.38,1,142.39,,
CLM-78530,08/02/2025,Franchise_NY_12,Dehumidifier Rental,,1390.08,979.56,0,,$115.84,12.0
CLM-37472,2025-07-26,Franchise_FL_04,Antimicrobial Treatment,5.0,,174.6,1,34.92,,
CLM-20361,"September 25, 2025",Franchise_TX_01,Drywall Repair,34.0,947.92,780.99,0,,27.88,
CLM-97183,2025-11-25,Franchise_FL_04,Dehumidifier Rental,10.0,418.0,305.59,0,41.8,,
CLM-53461,2025-10-31,Franchise_FL_04,Drywall Repair,3.0,336.57,271.63,0,112.19,,
CLM-22505,2025-10-05,Franchise_FL_04,Water Extraction,12.0,1490.16,1490.16,1,124.18,,
CLM-84299,01/21/2025,Franchise_NY_12,Dehumidifier Rental,,2351.9,1341.82,0,,$81.1,29.0
CLM-31145,"August 24, 2025",Franchise_TX_01,Water Extraction,17.0,620.33,620.33,1,,36.49,
CLM-84596,2025-08-12,Franchise_FL_04,Dehumidifier Rental,2.0,180.32,180.32,1,90.16,,
CLM-95715,03/14/2025,Franchise_NY_12,Water Extraction,,359.89,359.89,1,,$21.17,17.0
CLM-33635,06/06/2025,Franchise_NY_12,Water Extraction,,728.5,728.5,1,,$23.5,31.0
CLM-99094,2025-08-12,Franchise_FL_04,Water Extraction,1.0,72.53,30.03,0,72.53,,
CLM-44685,2025-06-03,Franchise_FL_04,Dehumidifier Rental,49.0,3904.32,3904.32,1,79.68,,
CLM-18675,"April 30, 2025",Franchise_TX_01,Baseboard Replacement - MISC,45.0,3827.7,3827.7,1,,85.06,
CLM-67831,"November 26, 2025",Franchise_TX_01,Drywall Repair - MISC,29.0,3714.32,2371.18,0,,128.08,
CLM-44220,2025-11-22,Franchise_FL_04,Antimicrobial Treatment,8.0,324.88,324.88,1,40.61,,
CLM-17758,2025-05-20,Franchise_FL_04,Drywall Repair,15.0,967.5,409.74,0,64.5,,
CLM-99361,"January 02, 2025",Franchise_TX_01,Dehumidifier Rental,40.0,3342.8,3342.8,1,,83.57,
CLM-68932,2025-11-21,Franchise_FL_04,Dehumidifier Rental,39.0,5750.94,3025.73,0,147.46,,
CLM-83076,"April 30, 2025",Franchise_TX_01,Water Extraction - MISC,19.0,2389.44,1334.55,0,,125.76,
CLM-28978,09/14/2025,Franchise_NY_12,Drywall Repair,,942.92,536.38,0,,$42.86,22.0
CLM-73990,10/11/2025,Franchise_NY_12,Antimicrobial Treatment,,670.8,670.8,1,,$27.95,24.0
CLM-96159,"March 29, 2025",Franchise_TX_01,Dehumidifier Rental,49.0,2649.43,2649.43,1,,54.07,
CLM-15337,2025-07-31,Franchise_FL_04,Dehumidifier Rental,32.0,3487.04,2347.81,0,108.97,,
CLM-57706,"October 06, 2025",Franchise_TX_01,Antimicrobial Treatment,4.0,464.6,464.6,1,,116.15,
CLM-79191,"September 05, 2025",Franchise_TX_01,Antimicrobial Treatment,43.0,5086.47,3030.37,0,,118.29,
CLM-47692,2025-03-28,Franchise_FL_04,Drywall Repair,12.0,525.72,447.75,0,43.81,,
CLM-85497,03/10/2025,Franchise_NY_12,Baseboard Replacement,,917.44,481.4,0,,$19.52,47.0
CLM-19374,04/08/2025,Franchise_NY_12,Antimicrobial Treatment,,1790.58,1478.24,0,,$81.39,22.0
CLM-40863,06/02/2025,Franchise_NY_12,Drywall Repair,,517.4,456.18,0,,$129.35,4.0
CLM-11437,01/29/2025,Franchise_NY_12,Baseboard Replacement,,671.7,467.82,0,,$67.17,10.0
CLM-59568,06/20/2025,Franchise_NY_12,Antimicrobial Treatment,,562.64,243.73,0,,$43.28,13.0
CLM-59694,"August 22, 2025",Franchise_TX_01,Water Extraction,34.0,4124.2,4124.2,1,,121.3,
CLM-50057,2025-11-20,Franchise_FL_04,Baseboard Replacement,42.0,2416.68,2416.68,1,57.54,,
CLM-44269,08/06/2025,Franchise_NY_12,Antimicrobial Treatment,,1506.72,1239.19,0,,$62.78,24.0
CLM-69683,"March 14, 2025",Franchise_TX_01,Dehumidifier Rental,50.0,7327.0,7327.0,1,,146.54,
CLM-29496,08/27/2025,Franchise_NY_12,Drywall Repair,,1307.34,699.04,0,,$72.63,18.0
CLM-54613,2025-01-01,Franchise_FL_04,Water Extraction,41.0,2896.24,2896.24,1,70.64,,
CLM-81895,2025-02-22,Franchise_FL_04,Baseboard Replacement,32.0,4372.8,4372.8,1,136.65,,
CLM-26334,"June 15, 2025",Franchise_TX_01,Drywall Repair,47.0,4164.2,2198.52,0,,88.6,
CLM-48167,12/05/2025,Franchise_NY_12,Dehumidifier Rental,,883.17,883.17,1,,$98.13,9.0
CLM-54922,2025-12-21,Franchise_FL_04,Drywall Repair,19.0,2438.27,2438.27,1,128.33,,
CLM-54367,08/02/2025,Franchise_NY_12,Baseboard Replacement,,102.45,53.74,0,,$34.15,3.0
CLM-60321,2025-05-13,Franchise_FL_04,Antimicrobial Treatment,2.0,210.8,210.8,1,105.4,,
CLM-74337,"March 28, 2025",Franchise_TX_01,Drywall Repair,32.0,687.04,687.04,1,,21.47,
CLM-99207,2025-11-16,Franchise_FL_04,Antimicrobial Treatment,22.0,3151.72,3151.72,1,143.26,,
CLM-87330,2025-04-30,Franchise_FL_04,Baseboard Replacement,1.0,99.85,99.85,1,99.85,,
CLM-78343,10/07/2025,Franchise_NY_12,Water Extraction,,4336.15,3863.58,0,,$123.89,35.0
CLM-97698,2025-01-11,Franchise_FL_04,Drywall Repair,23.0,,2458.24,1,106.88,,
CLM-78404,10/08/2025,Franchise_NY_12,Baseboard Replacement,,1846.08,1168.63,0,,$51.28,36.0
CLM-95097,09/23/2025,Franchise_NY_12,Drywall Repair,,4497.29,4497.29,1,,$109.69,41.0
CLM-33218,2025-10-29,Franchise_FL_04,Dehumidifier Rental,4.0,319.6,216.22,0,79.9,,
CLM-22185,02/21/2025,Franchise_NY_12,Drywall Repair,,3309.0,3309.0,1,,$66.18,50.0
CLM-48889,10/12/2025,Franchise_NY_12,Baseboard Replacement,,3243.0,1744.14,0,,$69.0,47.0
CLM-64326,2025-01-13,Franchise_FL_04,Water Extraction,46.0,,4267.99,0,106.28,,
CLM-20554,2025-03-29,Franchise_FL_04,Baseboard Replacement,8.0,285.44,197.84,0,35.68,,
CLM-57122,"April 13, 2025",Franchise_TX_01,Dehumidifier Rental,13.0,854.49,559.66,0,,65.73,
CLM-52719,10/26/2025,Franchise_NY_12,Dehumidifier Rental,,3063.0,1730.67,0,,$102.1,30.0
CLM-67013,10/03/2025,Franchise_NY_12,Baseboard Replacement,,3616.52,1675.35,0,,$78.62,46.0
CLM-77075,11/24/2025,Franchise_NY_12,Dehumidifier Rental,,5345.2,5345.2,1,,$133.63,40.0
CLM-36877,2025-03-12,Franchise_FL_04,Baseboard Replacement,33.0,4701.84,1978.32,0,142.48,,
CLM-53929,2025-02-02,Franchise_FL_04,Antimicrobial Treatment,27.0,,1799.28,1,66.64,,
CLM-50103,"April 25, 2025",Franchise_TX_01,Drywall Repair,22.0,1416.58,734.06,0,,64.39,
CLM-20906,2025-07-07,Franchise_FL_04,Drywall Repair,31.0,1310.06,1310.06,1,42.26,,
CLM-75116,09/13/2025,Franchise_NY_12,Dehumidifier Rental,,727.86,727.86,1,,$121.31,6.0
CLM-51682,2025-11-18,Franchise_FL_04,Antimicrobial Treatment,19.0,,1347.65,0,103.92,,
CLM-44180,2025-07-18,Franchise_FL_04,Water Extraction,3.0,221.04,221.04,1,73.68,,
CLM-89475,2025-06-15,Franchise_FL_04,Drywall Repair,8.0,161.12,66.49,0,20.14,,
CLM-31405,2025-11-30,Franchise_FL_04,Water Extraction,12.0,470.28,470.28,1,39.19,,
CLM-73737,05/31/2025,Franchise_NY_12,Antimicrobial Treatment,,2491.2,2491.2,1,,$55.36,45.0
CLM-82127,01/26/2025,Franchise_NY_12,Antimicrobial Treatment,,5958.0,5958.0,1,,$132.4,45.0
CLM-14332,"January 04, 2025",Franchise_TX_01,Dehumidifier Rental,24.0,892.32,892.32,1,,37.18,
CLM-62406,11/20/2025,Franchise_NY_12,Dehumidifier Rental,,1039.2,874.69,0,,$34.64,30.0
CLM-30632,09/20/2025,Franchise_NY_12,Water Extraction,,781.31,535.08,0,,$33.97,23.0
CLM-33376,"November 28, 2025",Franchise_TX_01,Water Extraction,11.0,1548.69,1548.69,1,,140.79,
CLM-41684,2025-05-04,Franchise_FL_04,Water Extraction,5.0,489.75,489.75,1,97.95,,
CLM-32967,"June 25, 2025",Franchise_TX_01,Dehumidifier Rental,5.0,702.55,702.55,1,,140.51,
CLM-50574,"October 23, 2025",Franchise_TX_01,Dehumidifier Rental,18.0,600.48,600.48,1,,33.36,
CLM-29219,01/09/2025,Franchise_NY_12,Antimicrobial Treatment,,4359.6,2041.99,0,,$121.1,36.0
CLM-63371,04/26/2025,Franchise_NY_12,Drywall Repair,,5110.16,4190.49,0,,$116.14,44.0
CLM-23905,"August 09, 2025",Franchise_TX_01,Dehumidifier Rental - MISC,6.0,234.3,234.3,1,,39.05,
CLM-57492,06/21/2025,Franchise_NY_12,Drywall Repair,,400.5,217.51,0,,$26.7,15.0
CLM-80323,09/04/2025,Franchise_NY_12,Baseboard Replacement,,205.4,205.4,1,,$102.7,2.0
CLM-64416,2025-06-16,Franchise_FL_04,Baseboard Replacement,28.0,1109.64,1109.64,1,39.63,,
CLM-79517,2025-02-08,Franchise_FL_04,Dehumidifier Rental,2.0,70.98,46.65,0,35.49,,
CLM-54718,2025-02-01,Franchise_FL_04,Dehumidifier Rental,19.0,2409.01,2409.01,1,126.79,,
CLM-89732,01/03/2025,Franchise_NY_12,Water Extraction,,1589.7,1589.7,1,,$52.99,30.0
CLM-32516,2025-12-26,Franchise_FL_04,Antimicrobial Treatment,17.0,2483.87,2483.87,1,146.11,,
CLM-45686,05/13/2025,Franchise_NY_12,Water Extraction,,1691.13,1691.13,1,,$80.53,21.0
CLM-30113,08/07/2025,Franchise_NY_12,Baseboard Replacement,,1799.0,1799.0,1,,$64.25,28.0
CLM-48093,2025-10-16,Franchise_FL_04,Dehumidifier Rental,43.0,5447.24,5447.24,1,126.68,,
CLM-50577,"December 09, 2025",Franchise_TX_01,Baseboard Replacement,35.0,3991.05,3991.05,1,,114.03,
CLM-97908,"September 12, 2025",Franchise_TX_01,Drywall Repair,14.0,922.46,922.46,1,,65.89,
CLM-33055,"May 14, 2025",Franchise_TX_01,Water Extraction - MISC,48.0,2158.08,2158.08,1,,44.96,
CLM-59848,2025-10-23,Franchise_FL_04,Antimicrobial Treatment,18.0,2125.8,2125.8,1,118.1,,
CLM-51242,"February 03, 2025",Franchise_TX_01,Drywall Repair - MISC,38.0,1584.6,917.17,0,,41.7,
CLM-48338,2025-05-13,Franchise_FL_04,Dehumidifier Rental,12.0,1146.36,1146.36,1,95.53,,
CLM-31305,2025-12-20,Franchise_FL_04,Water Extraction,8.0,373.92,373.92,1,46.74,,
CLM-66141,2025-05-12,Franchise_FL_04,Drywall Repair,37.0,3143.52,2030.28,0,84.96,,
CLM-34344,02/06/2025,Franchise_NY_12,Drywall Repair,,1641.86,772.0,0,,$48.29,34.0
CLM-21563,05/23/2025,Franchise_NY_12,Water Extraction,,2707.76,2339.75,0,,$79.64,34.0
CLM-95199,2025-02-02,Franchise_FL_04,Baseboard Replacement,16.0,1831.52,992.07,0,114.47,,
CLM-20032,"April 30, 2025",Franchise_TX_01,Baseboard Replacement,18.0,307.98,166.94,0,,17.11,
CLM-47657,"June 02, 2025",Franchise_TX_01,Baseboard Replacement,29.0,4015.63,2214.75,0,,138.47,
CLM-53227,09/19/2025,Franchise_NY_12,Antimicrobial Treatment,,1892.88,1892.88,1,,$43.02,44.0
CLM-90412,"January 10, 2025",Franchise_TX_01,Antimicrobial Treatment - MISC,38.0,3158.18,3158.18,1,,83.11,
CLM-36691,2025-01-09,Franchise_FL_04,Water Extraction,31.0,520.49,398.74,0,16.79,,
CLM-57638,06/06/2025,Franchise_NY_12,Drywall Repair,,1610.7,1324.18,0,,$38.35,42.0
CLM-69913,07/10/2025,Franchise_NY_12,Water Extraction,,2732.0,2732.0,1,,$109.28,25.0
CLM-53495,2025-07-31,Franchise_FL_04,Antimicrobial Treatment,6.0,363.78,326.54,0,60.63,,
CLM-74777,08/11/2025,Franchise_NY_12,Antimicrobial Treatment,,2021.92,2021.92,1,,$126.37,16.0
CLM-35862,"September 13, 2025",Franchise_TX_01,Drywall Repair - MISC,46.0,6532.92,4399.87,0,,142.02,
CLM-95645,2025-08-07,Franchise_FL_04,Water Extraction,37.0,4538.42,2561.15,0,122.66,,
CLM-34669,05/06/2025,Franchise_NY_12,Water Extraction,,390.4,332.39,0,,$24.4,16.0
CLM-26538,2025-03-28,Franchise_FL_04,Drywall Repair,10.0,1466.0,823.79,0,146.6,,
CLM-71063,"September 03, 2025",Franchise_TX_01,Dehumidifier Rental - MISC,31.0,1214.27,723.52,0,,39.17,
CLM-64888,2025-08-01,Franchise_FL_04,Dehumidifier Rental,31.0,,3896.7,1,125.7,,
CLM-17614,"February 16, 2025",Franchise_TX_01,Dehumidifier Rental,25.0,3318.25,2044.06,0,,132.73,
CLM-94024,06/14/2025,Franchise_NY_12,Drywall Repair,,4669.82,2183.32,0,,$122.89,38.0
CLM-91654,11/02/2025,Franchise_NY_12,Dehumidifier Rental,,1068.93,707.46,0,,$28.89,37.0
CLM-27716,2025-07-27,Franchise_FL_04,Antimicrobial Treatment,3.0,177.57,81.99,0,59.19,,
CLM-84034,07/14/2025,Franchise_NY_12,Baseboard Replacement,,1974.86,1974.86,1,,$51.97,38.0
CLM-50644,06/11/2025,Franchise_NY_12,Water Extraction,,2228.36,2228.36,1,,$131.08,17.0
CLM-56899,01/26/2025,Franchise_NY_12,Dehumidifier Rental,,741.2,564.35,0,,$43.6,17.0
CLM-50359,2025-12-21,Franchise_FL_04,Baseboard Replacement,35.0,4046.35,4046.35,1,115.61,,
CLM-29648,2025-06-05,Franchise_FL_04,Dehumidifier Rental,37.0,3797.68,1951.68,0,102.64,,
CLM-38499,05/02/2025,Franchise_NY_12,Baseboard Replacement,,1298.16,552.78,0,,$36.06,36.0
CLM-24829,10/14/2025,Franchise_NY_12,Drywall Repair,,1637.82,1251.4,0,,$60.66,27.0
CLM-47563,2025-06-16,Franchise_FL_04,Drywall Repair,29.0,1075.32,735.29,0,37.08,,
CLM-63326,03/28/2025,Franchise_NY_12,Drywall Repair,,2675.7,2675.7,1,,$89.19,30.0
CLM-23228,"October 31, 2025",Franchise_TX_01,Water Extraction,45.0,1546.65,1546.65,1,,34.37,
CLM-56254,"March 07, 2025",Franchise_TX_01,Antimicrobial Treatment,18.0,1729.98,1729.98,1,,96.11,
CLM-99494,"December 11, 2025",Franchise_TX_01,Antimicrobial Treatment,23.0,1509.26,630.65,0,,65.62,
CLM-84976,07/11/2025,Franchise_NY_12,Water Extraction,,524.8,397.13,0,,$104.96,5.0
CLM-42078,"August 02, 2025",Franchise_TX_01,Water Extraction,49.0,3508.89,3508.89,1,,71.61,
CLM-23691,2025-02-07,Franchise_FL_04,Dehumidifier Rental,32.0,1176.96,1176.96,1,36.78,,
CLM-44586,"October 04, 2025",Franchise_TX_01,Baseboard Replacement,39.0,1618.5,1618.5,1,,41.5,
CLM-76956,2025-05-26,Franchise_FL_04,Drywall Repair,16.0,2012.48,2012.48,1,125.78,,
CLM-56027,2025-04-13,Franchise_FL_04,Baseboard Replacement,49.0,6161.75,6161.75,1,125.75,,
CLM-21582,2025-06-26,Franchise_FL_04,Water Extraction,41.0,1877.39,1877.39,1,45.79,,
CLM-24358,11/27/2025,Franchise_NY_12,Water Extraction,,2422.53,2422.53,1,,$73.41,33.0
CLM-24217,2025-12-25,Franchise_FL_04,Antimicrobial Treatment,4.0,484.08,356.52,0,121.02,,
CLM-99335,12/12/2025,Franchise_NY_12,Dehumidifier Rental,,831.93,655.18,0,,$75.63,11.0
CLM-70776,"July 06, 2025",Franchise_TX_01,Dehumidifier Rental,25.0,3651.5,2915.38,0,,146.06,
CLM-53697,2025-02-20,Franchise_FL_04,Dehumidifier Rental,49.0,6888.91,6888.91,1,140.59,,
CLM-35594,2025-11-25,Franchise_FL_04,Baseboard Replacement,42.0,2710.26,2710.26,1,64.53,,
CLM-98893,"June 25, 2025",Franchise_TX_01,Antimicrobial Treatment,22.0,2507.56,2507.56,1,,113.98,
CLM-54056,03/28/2025,Franchise_NY_12,Baseboard Replacement,,1417.6,1417.6,1,,$141.76,10.0
CLM-80400,2025-09-07,Franchise_FL_04,Water Extraction,12.0,959.52,463.25,0,79.96,,
CLM-17410,12/15/2025,Franchise_NY_12,Drywall Repair,,734.15,440.4,0,,$146.83,5.0
CLM-43079,"January 25, 2025",Franchise_TX_01,Dehumidifier Rental,35.0,1941.1,1142.77,0,,55.46,
CLM-48282,2025-04-27,Franchise_FL_04,Drywall Repair,50.0,5845.5,5845.5,1,116.91,,
CLM-28352,12/10/2025,Franchise_NY_12,Antimicrobial Treatment,,1515.15,1144.0,0,,$101.01,15.0
CLM-38230,05/26/2025,Franchise_NY_12,Water Extraction,,2079.79,1569.55,0,,$67.09,31.0
CLM-22142,10/24/2025,Franchise_NY_12,Dehumidifier Rental,,2063.5,2063.5,1,,$82.54,25.0
CLM-61726,"December 18, 2025",Franchise_TX_01,Drywall Repair,18.0,704.52,400.09,0,,39.14,
CLM-27079,"October 05, 2025",Franchise_TX_01,Drywall Repair,27.0,1851.66,1504.73,0,,68.58,
CLM-60172,09/10/2025,Franchise_NY_12,Water Extraction,,604.23,604.23,1,,$54.93,11.0
CLM-84267,07/11/2025,Franchise_NY_12,Antimicrobial Treatment,,6162.24,6162.24,1,,$128.38,48.0
CLM-47405,"March 19, 2025",Franchise_TX_01,Dehumidifier Rental,18.0,2265.3,1962.25,0,,125.85,
CLM-34999,11/20/2025,Franchise_NY_12,Baseboard Replacement,,3779.37,1683.88,0,,$77.13,49.0
CLM-25981,"January 20, 2025",Franchise_TX_01,Antimicrobial Treatment,3.0,254.34,157.91,0,,84.78,
CLM-63980,"April 28, 2025",Franchise_TX_01,Antimicrobial Treatment,38.0,1738.5,1462.1,0,,45.75,
CLM-97469,"April 02, 2025",Franchise_TX_01,Dehumidifier Rental - MISC,9.0,879.3,879.3,1,,97.7,
CLM-60216,06/30/2025,Franchise_NY_12,Water Extraction,,223.23,223.23,1,,$31.89,7.0
CLM-42956,"May 17, 2025",Franchise_TX_01,Antimicrobial Treatment,43.0,2369.73,1174.43,0,,55.11,
CLM-43396,2025-08-24,Franchise_FL_04,Dehumidifier Rental,47.0,6348.29,4403.54,0,135.07,,
CLM-41599,07/24/2025,Franchise_NY_12,Baseboard Replacement,,982.0,690.41,0,,$24.55,40.0
CLM-81509,01/22/2025,Franchise_NY_12,Baseboard Replacement,,3152.5,1551.07,0,,$63.05,50.0
CLM-14127,2025-09-02,Franchise_FL_04,Water Extraction,17.0,1645.26,1645.26,1,96.78,,
CLM-21977,07/12/2025,Franchise_NY_12,Drywall Repair,,696.3,595.23,0,,$63.3,11.0
CLM-61730,2025-06-07,Franchise_FL_04,Antimicrobial Treatment,30.0,753.6,753.6,1,25.12,,
CLM-62862,"September 28, 2025",Franchise_TX_01,Drywall Repair,20.0,1300.0,1300.0,1,,65.0,
CLM-59223,"December 16, 2025",Franchise_TX_01,Baseboard Replacement - MISC,21.0,442.68,442.68,1,,21.08,
CLM-80953,"November 29, 2025",Franchise_TX_01,Dehumidifier Rental,1.0,55.85,55.85,1,,55.85,
CLM-81330,08/03/2025,Franchise_NY_12,Drywall Repair,,413.7,413.7,1,,$82.74,5.0
CLM-71973,"February 04, 2025",Franchise_TX_01,Dehumidifier Rental - MISC,31.0,3067.76,1386.81,0,,98.96,
CLM-12842,08/28/2025,Franchise_NY_12,Antimicrobial Treatment,,733.92,520.77,0,,$61.16,12.0
CLM-61631,11/25/2025,Franchise_NY_12,Antimicrobial Treatment,,131.34,66.02,0,,$21.89,6.0
CLM-96353,"June 20, 2025",Franchise_TX_01,Water Extraction,13.0,1847.43,856.66,0,,142.11,
CLM-67961,"June 09, 2025",Franchise_TX_01,Dehumidifier Rental,5.0,229.9,229.9,1,,45.98,
CLM-95661,04/05/2025,Franchise_NY_12,Baseboard Replacement,,1144.36,629.32,0,,$40.87,28.0
CLM-76614,01/05/2025,Franchise_NY_12,Baseboard Replacement,,2007.6,2007.6,1,,$57.36,35.0
CLM-99482,"April 29, 2025",Franchise_TX_01,Water Extraction,14.0,1272.46,1272.46,1,,90.89,
CLM-68895,"April 05, 2025",Franchise_TX_01,Water Extraction,36.0,1650.6,1650.6,1,,45.85,
CLM-72020,2025-04-12,Franchise_FL_04,Drywall Repair,38.0,730.36,634.86,0,19.22,,
CLM-26505,"May 06, 2025",Franchise_TX_01,Baseboard Replacement,17.0,2279.53,1318.37,0,,134.09,
CLM-43070,07/14/2025,Franchise_NY_12,Dehumidifier Rental,,4424.28,4424.28,1,,$96.18,46.0
CLM-32305,2025-02-22,Franchise_FL_04,Drywall Repair,23.0,2415.46,2415.46,1,105.02,,
CLM-86206,2026-01-01,Franchise_FL_04,Water Extraction,18.0,1402.2,1402.2,1,77.9,,
CLM-40165,04/02/2025,Franchise_NY_12,Water Extraction,,469.11,469.11,1,,$24.69,19.0
CLM-38196,2025-08-15,Franchise_FL_04,Water Extraction,14.0,896.0,580.83,0,64.0,,
CLM-17746,"September 15, 2025",Franchise_TX_01,Antimicrobial Treatment,29.0,2321.74,2080.25,0,,80.06,
CLM-67981,2025-05-19,Franchise_FL_04,Drywall Repair,20.0,2350.0,2350.0,1,117.5,,
CLM-80423,"July 09, 2025",Franchise_TX_01,Dehumidifier Rental,49.0,4723.6,2737.25,0,,96.4,
CLM-55900,"November 05, 2025",Franchise_TX_01,Baseboard Replacement - MISC,48.0,1320.96,540.07,0,,27.52,
CLM-89865,"September 20, 2025",Franchise_TX_01,Drywall Repair,24.0,1541.28,1541.28,1,,64.22,
CLM-84039,2025-06-09,Franchise_FL_04,Baseboard Replacement,44.0,6499.68,6499.68,1,147.72,,
CLM-71506,10/15/2025,Franchise_NY_12,Water Extraction,,1623.02,1343.77,0,,$115.93,14.0
CLM-34248,"November 23, 2025",Franchise_TX_01,Antimicrobial Treatment - MISC,27.0,3204.09,2403.2,0,,118.67,
CLM-78817,08/18/2025,Franchise_NY_12,Antimicrobial Treatment,,293.1,293.1,1,,$29.31,10.0
CLM-94484,01/09/2025,Franchise_NY_12,Water Extraction,,3019.95,3019.95,1,,$67.11,45.0
CLM-27805,10/17/2025,Franchise_NY_12,Water Extraction,,2572.92,2572.92,1,,$142.94,18.0
CLM-77199,2025-11-25,Franchise_FL_04,Dehumidifier Rental,50.0,4847.0,4847.0,1,96.94,,
CLM-56947,02/10/2025,Franchise_NY_12,Drywall Repair,,436.0,436.0,1,,$27.25,16.0
CLM-39395,03/01/2025,Franchise_NY_12,Dehumidifier Rental,,2663.55,1146.79,0,,$98.65,27.0
CLM-51468,2025-01-23,Franchise_FL_04,Dehumidifier Rental,18.0,658.26,557.34,0,36.57,,
CLM-47366,09/24/2025,Franchise_NY_12,Baseboard Replacement,,1428.96,1428.96,1,,$36.64,39.0
CLM-86557,2025-02-05,Franchise_FL_04,Dehumidifier Rental,49.0,4002.32,3001.47,0,81.68,,
CLM-91649,2025-07-05,Franchise_FL_04,Baseboard Replacement,42.0,6249.6,3270.79,0,148.8,,
CLM-24656,2025-06-14,Franchise_FL_04,Baseboard Replacement,34.0,660.62,339.71,0,19.43,,
CLM-66520,01/21/2025,Franchise_NY_12,Baseboard Replacement,,1076.04,1076.04,1,,$21.96,49.0
CLM-45588,09/01/2025,Franchise_NY_12,Dehumidifier Rental,,1350.44,750.02,0,,$48.23,28.0
CLM-92946,"May 28, 2025",Franchise_TX_01,Antimicrobial Treatment,40.0,3397.6,3397.6,1,,84.94,
CLM-69296,06/01/2025,Franchise_NY_12,Baseboard Replacement,,3929.67,3929.67,1,,$83.61,47.0
CLM-14601,05/18/2025,Franchise_NY_12,Baseboard Replacement,,499.66,499.66,1,,$71.38,7.0
CLM-34232,01/28/2025,Franchise_NY_12,Dehumidifier Rental,,301.6,301.6,1,,$15.08,20.0
CLM-48464,"February 06, 2025",Franchise_TX_01,Drywall Repair,15.0,1851.0,1851.0,1,,123.4,
CLM-95170,2025-10-15,Franchise_FL_04,Water Extraction,31.0,1370.51,1370.51,1,44.21,,
CLM-95290,11/07/2025,Franchise_NY_12,Antimicrobial Treatment,,538.78,471.01,0,,$48.98,11.0
CLM-17369,2025-07-02,Franchise_FL_04,Baseboard Replacement,22.0,892.1,762.83,0,40.55,,
CLM-56560,12/28/2025,Franchise_NY_12,Antimicrobial Treatment,,3081.98,1852.63,0,,$140.09,22.0
CLM-34962,2025-01-25,Franchise_FL_04,Dehumidifier Rental,6.0,,212.16,0,48.61,,
CLM-61931,2025-08-25,Franchise_FL_04,Baseboard Replacement,47.0,2997.66,2049.12,0,63.78,,
CLM-17553,05/04/2025,Franchise_NY_12,Drywall Repair,,1620.58,1620.58,1,,$70.46,23.0
CLM-34802,08/14/2025,Franchise_NY_12,Dehumidifier Rental,,533.97,385.54,0,,$31.41,17.0
CLM-48606,2025-08-09,Franchise_FL_04,Water Extraction,37.0,800.68,800.68,1,21.64,,
CLM-13735,2025-12-05,Franchise_FL_04,Water Extraction,5.0,574.05,574.05,1,114.81,,
CLM-57075,2025-02-08,Franchise_FL_04,Dehumidifier Rental,43.0,,5715.13,1,132.91,,
CLM-57897,2025-08-15,Franchise_FL_04,Baseboard Replacement,42.0,2671.2,1743.59,0,63.6,,
CLM-12657,2025-07-31,Franchise_FL_04,Drywall Repair,32.0,786.24,786.24,1,24.57,,
CLM-48589,"August 23, 2025",Franchise_TX_01,Baseboard Replacement - MISC,21.0,2895.9,2895.9,1,,137.9,
CLM-47200,01/08/2025,Franchise_NY_12,Antimicrobial Treatment,,980.0,632.48,0,,$122.5,8.0
CLM-75847,10/12/2025,Franchise_NY_12,Water Extraction,,5171.78,4428.79,0,,$112.43,46.0
CLM-42432,"November 20, 2025",Franchise_TX_01,Antimicrobial Treatment,40.0,3123.6,1446.85,0,,78.09,
CLM-29127,2025-02-06,Franchise_FL_04,Drywall Repair,25.0,3568.5,3568.5,1,142.74,,
CLM-36607,"March 04, 2025",Franchise_TX_01,Baseboard Replacement,26.0,2490.28,2490.28,1,,95.78,
CLM-22672,2025-03-24,Franchise_FL_04,Drywall Repair,45.0,,1810.35,1,40.23,,
CLM-45146,2025-08-27,Franchise_FL_04,Antimicrobial Treatment,12.0,448.56,448.56,1,37.38,,
CLM-19649,"November 08, 2025",Franchise_TX_01,Antimicrobial Treatment,41.0,4986.01,4986.01,1,,121.61,
CLM-38090,09/13/2025,Franchise_NY_12,Antimicrobial Treatment,,2562.84,2562.84,1,,$142.38,18.0
CLM-22929,2025-11-05,Franchise_FL_04,Baseboard Replacement,43.0,3324.33,2376.45,0,77.31,,
CLM-50126,04/07/2025,Franchise_NY_12,Antimicrobial Treatment,,877.44,877.44,1,,$109.68,8.0
CLM-17897,2025-12-27,Franchise_FL_04,Drywall Repair,34.0,3819.22,3113.33,0,112.33,,
CLM-99273,"January 22, 2025",Franchise_TX_01,Baseboard Replacement,16.0,573.76,573.76,1,,35.86,
CLM-46126,07/27/2025,Franchise_NY_12,Water Extraction,,4655.52,4070.83,0,,$96.99,48.0
CLM-53136,04/01/2025,Franchise_NY_12,Baseboard Replacement,,3122.24,2508.94,0,,$141.92,22.0
CLM-69343,"March 25, 2025",Franchise_TX_01,Baseboard Replacement,50.0,1734.0,1341.03,0,,34.68,
CLM-41328,"January 28, 2025",Franchise_TX_01,Water Extraction - MISC,1.0,102.27,45.16,0,,102.27,
CLM-29000,02/05/2025,Franchise_NY_12,Antimicrobial Treatment,,2332.6,959.39,0,,$116.63,20.0
CLM-15895,"August 10, 2025",Franchise_TX_01,Antimicrobial Treatment - MISC,21.0,1347.99,1347.99,1,,64.19,
CLM-13586,07/06/2025,Franchise_NY_12,Antimicrobial Treatment,,1511.7,1511.7,1,,$50.39,30.0
CLM-40269,06/24/2025,Franchise_NY_12,Water Extraction,,358.35,358.35,1,,$119.45,3.0
CLM-48974,02/17/2025,Franchise_NY_12,Antimicrobial Treatment,,2499.9,1056.67,0,,$64.1,39.0
CLM-45840,12/08/2025,Franchise_NY_12,Dehumidifier Rental,,1287.42,1287.42,1,,$29.94,43.0
CLM-42749,2025-07-28,Franchise_FL_04,Water Extraction,25.0,2214.0,2214.0,1,88.56,,
CLM-46451,"April 28, 2025",Franchise_TX_01,Drywall Repair - MISC,32.0,1375.04,1375.04,1,,42.97,
CLM-27198,"March 21, 2025",Franchise_TX_01,Dehumidifier Rental,7.0,928.2,928.2,1,,132.6,
CLM-39389,01/24/2025,Franchise_NY_12,Antimicrobial Treatment,,6966.82,6966.82,1,,$142.18,49.0
CLM-96375,"March 17, 2025",Franchise_TX_01,Drywall Repair,2.0,94.72,73.69,0,,47.36,
CLM-53723,"March 05, 2025",Franchise_TX_01,Water Extraction,22.0,2842.84,2842.84,1,,129.22,
CLM-68432,2025-04-28,Franchise_FL_04,Water Extraction,28.0,3754.8,3754.8,1,134.1,,
CLM-60634,"October 15, 2025",Franchise_TX_01,Antimicrobial Treatment,23.0,1255.11,725.01,0,,54.57,
CLM-57055,2025-10-11,Franchise_FL_04,Water Extraction,17.0,797.3,797.3,1,46.9,,
CLM-15748,09/20/2025,Franchise_NY_12,Baseboard Replacement,,1144.72,1144.72,1,,$27.92,41.0
CLM-61114,06/02/2025,Franchise_NY_12,Drywall Repair,,560.68,404.84,0,,$140.17,4.0
CLM-40047,01/13/2025,Franchise_NY_12,Baseboard Replacement,,2467.26,1939.74,0,,$137.07,18.0
CLM-96992,06/04/2025,Franchise_NY_12,Antimicrobial Treatment,,3152.16,2454.84,0,,$95.52,33.0
CLM-65977,"December 11, 2025",Franchise_TX_01,Antimicrobial Treatment,34.0,3659.08,2223.21,0,,107.62,
CLM-15079,"September 28, 2025",Franchise_TX_01,Water Extraction,1.0,75.96,75.96,1,,75.96,
CLM-79862,01/12/2025,Franchise_NY_12,Antimicrobial Treatment,,1040.85,782.63,0,,$115.65,9.0
CLM-86657,"June 21, 2025",Franchise_TX_01,Drywall Repair,50.0,1065.0,1065.0,1,,21.3,
CLM-46735,"April 15, 2025",Franchise_TX_01,Dehumidifier Rental,32.0,2289.6,2289.6,1,,71.55,
CLM-85406,11/12/2025,Franchise_NY_12,Antimicrobial Treatment,,914.83,914.83,1,,$130.69,7.0
CLM-22375,06/15/2025,Franchise_NY_12,Baseboard Replacement,,868.28,425.53,0,,$62.02,14.0
CLM-70210,01/11/2025,Franchise_NY_12,Drywall Repair,,1009.32,1009.32,1,,$38.82,26.0
CLM-65194,"July 01, 2025",Franchise_TX_01,Drywall Repair,17.0,677.45,281.62,0,,39.85,
CLM-41408,2025-10-07,Franchise_FL_04,Antimicrobial Treatment,30.0,3989.4,3989.4,1,132.98,,
CLM-96003,10/02/2025,Franchise_NY_12,Dehumidifier Rental,,3196.32,3196.32,1,,$66.59,48.0
CLM-64038,"December 29, 2025",Franchise_TX_01,Dehumidifier Rental,25.0,1934.75,1735.25,0,,77.39,
CLM-92796,2025-10-13,Franchise_FL_04,Drywall Repair,28.0,,1225.29,0,105.67,,
CLM-95935,"November 30, 2025",Franchise_TX_01,Drywall Repair,15.0,1590.45,1590.45,1,,106.03,
CLM-83495,11/13/2025,Franchise_NY_12,Water Extraction,,5020.44,5020.44,1,,$109.14,46.0
CLM-77568,"May 14, 2025",Franchise_TX_01,Antimicrobial Treatment,30.0,1938.0,1938.0,1,,64.6,
CLM-24363,"November 30, 2025",Franchise_TX_01,Drywall Repair - MISC,44.0,6306.52,2678.36,0,,143.33,
CLM-26248,"May 04, 2025",Franchise_TX_01,Drywall Repair,37.0,4554.33,4554.33,1,,123.09,
CLM-95511,2025-08-24,Franchise_FL_04,Baseboard Replacement,42.0,1092.84,836.19,0,26.02,,
CLM-51866,03/20/2025,Franchise_NY_12,Drywall Repair,,1297.3,1297.3,1,,$129.73,10.0
CLM-34312,08/23/2025,Franchise_NY_12,Dehumidifier Rental,,7296.5,5776.6,0,,$145.93,50.0
CLM-19745,2025-09-20,Franchise_FL_04,Drywall Repair,37.0,2492.69,1408.18,0,67.37,,
CLM-22596,01/01/2026,Franchise_NY_12,Antimicrobial Treatment,,319.27,319.27,1,,$45.61,7.0
CLM-44140,2025-11-23,Franchise_FL_04,Antimicrobial Treatment,12.0,,897.21,0,86.78,,
CLM-27127,2025-12-13,Franchise_FL_04,Water Extraction,30.0,2826.0,2826.0,1,94.2,,
CLM-19727,"September 22, 2025",Franchise_TX_01,Baseboard Replacement,48.0,7152.48,4570.93,0,,149.01,
CLM-96211,"September 03, 2025",Franchise_TX_01,Baseboard Replacement,42.0,1418.76,839.96,0,,33.78,
CLM-49063,"December 20, 2025",Franchise_TX_01,Water Extraction - MISC,29.0,4138.88,4138.88,1,,142.72,
CLM-70770,2025-05-27,Franchise_FL_04,Baseboard Replacement,1.0,147.71,147.71,1,147.71,,
CLM-36537,"June 12, 2025",Franchise_TX_01,Water Extraction,43.0,1802.99,764.52,0,,41.93,
CLM-19579,2025-05-07,Franchise_FL_04,Dehumidifier Rental,9.0,229.86,229.86,1,25.54,,
CLM-48395,"March 03, 2025",Franchise_TX_01,Drywall Repair,40.0,5814.0,4486.81,0,,145.35,
CLM-64716,12/11/2025,Franchise_NY_12,Baseboard Replacement,,1943.61,1943.61,1,,$52.53,37.0
CLM-89200,2025-09-16,Franchise_FL_04,Baseboard Replacement,34.0,5084.7,5084.7,1,149.55,,
CLM-26798,"December 20, 2025",Franchise_TX_01,Baseboard Replacement - MISC,40.0,2756.4,2059.0,0,,68.91,
CLM-38152,2025-07-09,Franchise_FL_04,Drywall Repair,44.0,4660.92,1933.54,0,105.93,,
CLM-98844,11/04/2025,Franchise_NY_12,Drywall Repair,,2900.8,2900.8,1,,$78.4,37.0
CLM-54831,"May 13, 2025",Franchise_TX_01,Water Extraction - MISC,27.0,1656.45,833.81,0,,61.35,
CLM-18115,09/10/2025,Franchise_NY_12,Drywall Repair,,935.76,704.16,0,,$66.84,14.0
CLM-50186,"January 06, 2025",Franchise_TX_01,Water Extraction,35.0,1656.2,949.26,0,,47.32,
CLM-94622,2025-02-05,Franchise_FL_04,Drywall Repair,48.0,2263.2,2263.2,1,47.15,,
CLM-82579,2025-01-16,Franchise_FL_04,Dehumidifier Rental,36.0,5196.96,5196.96,1,144.36,,
CLM-91524,2025-10-29,Franchise_FL_04,Dehumidifier Rental,26.0,3376.36,3376.36,1,129.86,,
CLM-68720,08/19/2025,Franchise_NY_12,Antimicrobial Treatment,,607.6,607.6,1,,$43.4,14.0
CLM-45760,02/10/2025,Franchise_NY_12,Baseboard Replacement,,1822.88,1417.94,0,,$113.93,16.0
CLM-20137,"May 28, 2025",Franchise_TX_01,Drywall Repair,22.0,1955.58,1289.05,0,,88.89,
CLM-10414,"August 30, 2025",Franchise_TX_01,Water Extraction,31.0,2492.09,2492.09,1,,80.39,
CLM-31195,"June 28, 2025",Franchise_TX_01,Baseboard Replacement,31.0,1217.99,1217.99,1,,39.29,
CLM-78776,12/17/2025,Franchise_NY_12,Water Extraction,,1213.11,835.05,0,,$44.93,27.0
CLM-11453,"June 04, 2025",Franchise_TX_01,Baseboard Replacement,30.0,4265.1,4265.1,1,,142.17,
CLM-97674,"January 06, 2025",Franchise_TX_01,Drywall Repair - MISC,19.0,1707.15,1707.15,1,,89.85,
CLM-49097,01/10/2025,Franchise_NY_12,Antimicrobial Treatment,,806.25,806.25,1,,$18.75,43.0
CLM-91886,2025-04-24,Franchise_FL_04,Drywall Repair,45.0,4811.4,2489.93,0,106.92,,
CLM-34246,"February 14, 2025",Franchise_TX_01,Antimicrobial Treatment,27.0,916.92,916.92,1,,33.96,
CLM-77284,"May 01, 2025",Franchise_TX_01,Dehumidifier Rental,15.0,1274.55,1274.55,1,,84.97,
CLM-61391,2025-10-25,Franchise_FL_04,Drywall Repair,17.0,,2311.15,1,135.95,,
CLM-95913,10/17/2025,Franchise_NY_12,Drywall Repair,,2788.82,1820.14,0,,$68.02,41.0
CLM-98906,12/25/2025,Franchise_NY_12,Dehumidifier Rental,,570.09,395.54,0,,$18.39,31.0
CLM-84523,2025-08-30,Franchise_FL_04,Water Extraction,4.0,474.84,474.84,1,118.71,,
CLM-22118,2025-03-21,Franchise_FL_04,Drywall Repair,31.0,4499.03,4499.03,1,145.13,,
CLM-36121,2025-12-03,Franchise_FL_04,Drywall Repair,43.0,3692.41,3692.41,1,85.87,,
CLM-16387,04/01/2025,Franchise_NY_12,Antimicrobial Treatment,,3817.52,2838.69,0,,$112.28,34.0
CLM-93057,"May 02, 2025",Franchise_TX_01,Dehumidifier Rental,27.0,2294.73,1713.04,0,,84.99,
CLM-27209,05/17/2025,Franchise_NY_12,Antimicrobial Treatment,,4470.72,4470.72,1,,$93.14,48.0
CLM-19367,06/05/2025,Franchise_NY_12,Antimicrobial Treatment,,929.22,929.22,1,,$54.66,17.0
CLM-71905,04/30/2025,Franchise_NY_12,Baseboard Replacement,,88.96,69.49,0,,$88.96,1.0
CLM-88019,02/24/2025,Franchise_NY_12,Water Extraction,,4105.5,4105.5,1,,$82.11,50.0
CLM-73585,2025-10-04,Franchise_FL_04,Dehumidifier Rental,42.0,,5628.42,1,134.01,,
CLM-10040,"August 06, 2025",Franchise_TX_01,Antimicrobial Treatment,49.0,3733.8,3733.8,1,,76.2,
CLM-65192,2025-01-31,Franchise_FL_04,Baseboard Replacement,25.0,2241.0,1639.72,0,89.64,,
CLM-48836,"May 29, 2025",Franchise_TX_01,Drywall Repair,25.0,2232.0,2232.0,1,,89.28,
CLM-29714,2025-06-18,Franchise_FL_04,Drywall Repair,44.0,3168.0,2514.72,0,72.0,,
CLM-86258,"January 24, 2025",Franchise_TX_01,Dehumidifier Rental - MISC,25.0,2445.25,2445.25,1,,97.81,
CLM-57547,"June 29, 2025",Franchise_TX_01,Drywall Repair,28.0,2226.84,2226.84,1,,79.53,
CLM-56653,02/02/2025,Franchise_NY_12,Baseboard Replacement,,371.58,314.63,0,,$16.89,22.0
CLM-98576,"October 23, 2025",Franchise_TX_01,Dehumidifier Rental,1.0,102.02,41.96,0,,102.02,
CLM-72249,"August 02, 2025",Franchise_TX_01,Drywall Repair,34.0,1075.76,1075.76,1,,31.64,
CLM-86405,"August 24, 2025",Franchise_TX_01,Baseboard Replacement - MISC,41.0,4195.53,4195.53,1,,102.33,
CLM-85554,11/29/2025,Franchise_NY_12,Water Extraction,,515.04,515.04,1,,$128.76,4.0
CLM-51662,2025-04-24,Franchise_FL_04,Baseboard Replacement,44.0,1672.88,1672.88,1,38.02,,
CLM-97029,"August 04, 2025",Franchise_TX_01,Antimicrobial Treatment,7.0,480.27,480.27,1,,68.61,
CLM-82351,08/24/2025,Franchise_NY_12,Dehumidifier Rental,,520.59,520.59,1,,$24.79,21.0
CLM-98536,03/23/2025,Franchise_NY_12,Baseboard Replacement,,2618.5,1318.16,0,,$104.74,25.0
CLM-59781,"May 11, 2025",Franchise_TX_01,Baseboard Replacement,7.0,266.42,266.42,1,,38.06,
CLM-54565,2025-05-18,Franchise_FL_04,Water Extraction,21.0,391.23,391.23,1,18.63,,
CLM-90752,"August 05, 2025",Franchise_TX_01,Baseboard Replacement,10.0,1222.7,1222.7,1,,122.27,
CLM-54721,12/21/2025,Franchise_NY_12,Drywall Repair,,2469.12,1328.73,0,,$77.16,32.0
CLM-90540,02/23/2025,Franchise_NY_12,Dehumidifier Rental,,2716.48,1664.5,0,,$84.89,32.0
CLM-91349,2025-08-10,Franchise_FL_04,Water Extraction,48.0,4406.88,3511.81,0,91.81,,
CLM-30171,03/13/2025,Franchise_NY_12,Water Extraction,,2775.08,2775.08,1,,$81.62,34.0
CLM-41853,"July 11, 2025",Franchise_TX_01,Water Extraction,44.0,3102.44,2124.71,0,,70.51,
CLM-47878,2025-07-25,Franchise_FL_04,Baseboard Replacement,47.0,3005.18,1583.55,0,63.94,,
CLM-70354,"February 08, 2025",Franchise_TX_01,Dehumidifier Rental - MISC,17.0,1242.53,1242.53,1,,73.09,
CLM-12904,2025-05-28,Franchise_FL_04,Antimicrobial Treatment,1.0,,88.27,0,116.15,,
CLM-80161,08/25/2025,Franchise_NY_12,Dehumidifier Rental,,1198.68,1198.68,1,,$42.81,28.0
CLM-87826,"March 13, 2025",Franchise_TX_01,Drywall Repair,12.0,750.72,750.72,1,,62.56,
CLM-37343,"July 18, 2025",Franchise_TX_01,Water Extraction - MISC,25.0,2019.75,1596.06,0,,80.79,
CLM-79197,"March 02, 2025",Franchise_TX_01,Antimicrobial Treatment,2.0,38.14,25.43,0,,19.07,
CLM-68270,2025-01-16,Franchise_FL_04,Dehumidifier Rental,24.0,763.68,763.68,1,31.82,,
CLM-63705,"November 29, 2025",Franchise_TX_01,Antimicrobial Treatment,8.0,412.24,412.24,1,,51.53,
CLM-81119,"March 05, 2025",Franchise_TX_01,Antimicrobial Treatment,43.0,6386.36,6386.36,1,,148.52,
CLM-81385,"August 12, 2025",Franchise_TX_01,Baseboard Replacement,8.0,324.88,148.08,0,,40.61,
CLM-63023,"November 14, 2025",Franchise_TX_01,Baseboard Replacement,50.0,2572.5,2572.5,1,,51.45,
CLM-33702,2025-01-26,Franchise_FL_04,Drywall Repair,23.0,1428.3,1428.3,1,62.1,,
CLM-22953,2025-12-31,Franchise_FL_04,Antimicrobial Treatment,25.0,1354.75,1354.75,1,54.19,,
CLM-84610,2025-03-12,Franchise_FL_04,Baseboard Replacement,46.0,1872.2,1048.04,0,40.7,,
CLM-22533,10/15/2025,Franchise_NY_12,Water Extraction,,412.49,168.65,0,,$31.73,13.0
CLM-44061,"January 26, 2025",Franchise_TX_01,Baseboard Replacement,12.0,1350.24,1350.24,1,,112.52,
CLM-86634,2025-02-15,Franchise_FL_04,Baseboard Replacement,13.0,,360.62,0,52.3,,
CLM-69091,"May 21, 2025",Franchise_TX_01,Drywall Repair - MISC,8.0,767.04,767.04,1,,95.88,
CLM-65543,2025-08-01,Franchise_FL_04,Antimicrobial Treatment,30.0,3867.6,3245.54,0,128.92,,
CLM-64111,"July 10, 2025",Franchise_TX_01,Baseboard Replacement - MISC,27.0,591.57,591.57,1,,21.91,
CLM-31676,10/31/2025,Franchise_NY_12,Water Extraction,,205.8,205.8,1,,$102.9,2.0
CLM-10455,02/07/2025,Franchise_NY_12,Baseboard Replacement,,2801.25,1712.55,0,,$103.75,27.0
CLM-41655,2025-12-30,Franchise_FL_04,Baseboard Replacement,29.0,488.94,488.94,1,16.86,,
CLM-28980,"August 13, 2025",Franchise_TX_01,Antimicrobial Treatment - MISC,33.0,1280.4,1280.4,1,,38.8,
CLM-43328,2025-04-19,Franchise_FL_04,Baseboard Replacement,13.0,1042.21,1042.21,1,80.17,,
CLM-16009,"January 08, 2025",Franchise_TX_01,Water Extraction,20.0,1688.6,1688.6,1,,84.43,
CLM-72012,2025-04-30,Franchise_FL_04,Water Extraction,41.0,892.16,412.98,0,21.76,,
CLM-82261,"August 29, 2025",Franchise_TX_01,Dehumidifier Rental,13.0,562.51,562.51,1,,43.27,
CLM-12628,"September 30, 2025",Franchise_TX_01,Baseboard Replacement,28.0,2856.28,2506.85,0,,102.01,
CLM-15889,2025-12-08,Franchise_FL_04,Drywall Repair,46.0,938.86,938.86,1,20.41,,
CLM-60327,"December 29, 2025",Franchise_TX_01,Baseboard Replacement,19.0,1280.41,1280.41,1,,67.39,
CLM-74045,2025-08-04,Franchise_FL_04,Drywall Repair,32.0,,1684.41,0,102.72,,
CLM-50737,03/30/2025,Franchise_NY_12,Baseboard Replacement,,276.6,227.44,0,,$18.44,15.0
CLM-32228,"January 23, 2025",Franchise_TX_01,Water Extraction,35.0,1793.05,1055.4,0,,51.23,
CLM-44482,12/22/2025,Franchise_NY_12,Dehumidifier Rental,,823.34,418.97,0,,$58.81,14.0
CLM-41131,"October 05, 2025",Franchise_TX_01,Drywall Repair - MISC,3.0,317.67,210.11,0,,105.89,
CLM-74234,"February 13, 2025",Franchise_TX_01,Antimicrobial Treatment,17.0,2254.2,2254.2,1,,132.6,
CLM-64193,"October 05, 2025",Franchise_TX_01,Water Extraction - MISC,18.0,2463.66,1248.2,0,,136.87,
CLM-25304,2025-02-16,Franchise_FL_04,Antimicrobial Treatment,17.0,1086.81,768.93,0,63.93,,
CLM-66834,02/08/2025,Franchise_NY_12,Antimicrobial Treatment,,1079.21,1079.21,1,,$98.11,11.0
CLM-67845,"November 02, 2025",Franchise_TX_01,Dehumidifier Rental,34.0,2552.38,2552.38,1,,75.07,
CLM-52327,2025-08-04,Franchise_FL_04,Drywall Repair,25.0,3398.25,3398.25,1,135.93,,
CLM-38095,"March 06, 2025",Franchise_TX_01,Dehumidifier Rental - MISC,47.0,1238.92,1238.92,1,,26.36,
CLM-72910,2025-02-22,Franchise_FL_04,Water Extraction,14.0,641.9,641.9,1,45.85,,
CLM-83141,"October 15, 2025",Franchise_TX_01,Baseboard Replacement,32.0,515.52,250.08,0,,16.11,
CLM-53886,01/09/2025,Franchise_NY_12,Drywall Repair,,956.4,488.03,0,,$119.55,8.0
CLM-83997,"May 31, 2025",Franchise_TX_01,Antimicrobial Treatment,32.0,2538.56,1596.16,0,,79.33,
CLM-89849,07/05/2025,Franchise_NY_12,Antimicrobial Treatment,,2010.15,1280.62,0,,$44.67,45.0
CLM-25666,"December 06, 2025",Franchise_TX_01,Water Extraction,33.0,1379.4,1379.4,1,,41.8,
CLM-25477,"March 27, 2025",Franchise_TX_01,Drywall Repair,20.0,640.8,456.44,0,,32.04,
CLM-12382,08/02/2025,Franchise_NY_12,Water Extraction,,3768.1,3768.1,1,,$76.9,49.0
CLM-35902,2025-01-20,Franchise_FL_04,Water Extraction,8.0,522.32,522.32,1,65.29,,
CLM-65957,"November 12, 2025",Franchise_TX_01,Baseboard Replacement,14.0,708.68,708.68,1,,50.62,
CLM-57021,2025-05-12,Franchise_FL_04,Baseboard Replacement,30.0,2738.1,2738.1,1,91.27,,
CLM-60464,"April 07, 2025",Franchise_TX_01,Dehumidifier Rental,5.0,352.45,306.87,0,,70.49,
CLM-66829,10/02/2025,Franchise_NY_12,Antimicrobial Treatment,,387.78,167.92,0,,$129.26,3.0
CLM-71841,"May 14, 2025",Franchise_TX_01,Water Extraction,2.0,184.1,103.76,0,,92.05,
CLM-77275,"September 05, 2025",Franchise_TX_01,Baseboard Replacement,1.0,49.02,36.9,0,,49.02,
CLM-81052,2025-11-11,Franchise_FL_04,Drywall Repair,38.0,2075.94,1459.18,0,54.63,,
CLM-18921,2025-10-17,Franchise_FL_04,Dehumidifier Rental,31.0,3307.08,3307.08,1,106.68,,
CLM-67497,03/09/2025,Franchise_NY_12,Drywall Repair,,3158.43,1324.56,0,,$95.71,33.0
CLM-26831,"November 02, 2025",Franchise_TX_01,Drywall Repair - MISC,14.0,461.02,364.68,0,,32.93,
CLM-75176,"February 23, 2025",Franchise_TX_01,Baseboard Replacement,12.0,1419.12,1419.12,1,,118.26,
CLM-26606,10/14/2025,Franchise_NY_12,Baseboard Replacement,,3024.63,3024.63,1,,$144.03,21.0
CLM-88753,2025-10-23,Franchise_FL_04,Water Extraction,33.0,,1483.0,0,70.64,,
CLM-92091,2025-11-04,Franchise_FL_04,Antimicrobial Treatment,9.0,869.13,869.13,1,96.57,,
CLM-65941,"December 24, 2025",Franchise_TX_01,Antimicrobial Treatment,15.0,2134.05,1878.41,0,,142.27,
CLM-52467,11/01/2025,Franchise_NY_12,Dehumidifier Rental,,1035.58,812.97,0,,$39.83,26.0
CLM-29330,"September 03, 2025",Franchise_TX_01,Drywall Repair,8.0,1005.2,1005.2,1,,125.65,
CLM-56514,"December 19, 2025",Franchise_TX_01,Antimicrobial Treatment,37.0,2116.4,2116.4,1,,57.2,
CLM-74036,2025-08-20,Franchise_FL_04,Drywall Repair,3.0,276.99,276.99,1,92.33,,
CLM-26169,"March 15, 2025",Franchise_TX_01,Drywall Repair,1.0,28.71,28.71,1,,28.71,
CLM-48800,"January 25, 2025",Franchise_TX_01,Drywall Repair,16.0,1788.8,1788.8,1,,111.8,
CLM-79043,2025-10-05,Franchise_FL_04,Drywall Repair,30.0,1233.3,1233.3,1,41.11,,
CLM-89343,2025-05-05,Franchise_FL_04,Antimicrobial Treatment,5.0,154.75,154.75,1,30.95,,
CLM-30886,"March 23, 2025",Franchise_TX_01,Water Extraction,38.0,2439.6,2439.6,1,,64.2,
CLM-63282,"June 15, 2025",Franchise_TX_01,Drywall Repair,9.0,713.34,713.34,1,,79.26,
CLM-10674,2025-12-19,Franchise_FL_04,Antimicrobial Treatment,35.0,4156.25,4156.25,1,118.75,,
CLM-36297,2025-07-07,Franchise_FL_04,Baseboard Replacement,33.0,4774.11,2921.44,0,144.67,,
CLM-14675,"January 10, 2025",Franchise_TX_01,Antimicrobial Treatment - MISC,23.0,2340.25,2340.25,1,,101.75,
CLM-73387,2025-04-25,Franchise_FL_04,Dehumidifier Rental,5.0,,512.08,0,147.41,,
CLM-52514,07/14/2025,Franchise_NY_12,Antimicrobial Treatment,,2513.2,2513.2,1,,$62.83,40.0
CLM-10759,"December 26, 2025",Franchise_TX_01,Antimicrobial Treatment,21.0,1536.78,1536.78,1,,73.18,
CLM-50103,05/01/2025,Franchise_NY_12,Water Extraction,,2821.23,2014.47,0,,$104.49,27.0
CLM-36004,2025-06-19,Franchise_FL_04,Water Extraction,23.0,,2499.87,1,108.69,,
CLM-16927,"August 07, 2025",Franchise_TX_01,Drywall Repair,37.0,4004.14,4004.14,1,,108.22,
CLM-47070,"June 18, 2025",Franchise_TX_01,Drywall Repair,42.0,4723.32,4723.32,1,,112.46,
CLM-39284,08/03/2025,Franchise_NY_12,Baseboard Replacement,,480.96,261.54,0,,$20.04,24.0
CLM-36022,04/07/2025,Franchise_NY_12,Dehumidifier Rental,,1107.72,1107.72,1,,$32.58,34.0
CLM-14014,"March 13, 2025",Franchise_TX_01,Drywall Repair,45.0,4476.6,4476.6,1,,99.48,
CLM-96969,2025-07-05,Franchise_FL_04,Water Extraction,2.0,171.72,171.72,1,85.86,,
CLM-11180,"March 17, 2025",Franchise_TX_01,Water Extraction,1.0,91.15,49.09,0,,91.15,
CLM-28447,2025-11-15,Franchise_FL_04,Baseboard Replacement,17.0,,448.97,1,26.41,,
CLM-84031,06/23/2025,Franchise_NY_12,Dehumidifier Rental,,5351.35,2891.61,0,,$124.45,43.0
CLM-13118,05/18/2025,Franchise_NY_12,Dehumidifier Rental,,2025.54,1259.22,0,,$75.02,27.0
CLM-93240,2025-11-13,Franchise_FL_04,Drywall Repair,45.0,1859.85,1003.82,0,41.33,,
CLM-47644,2025-08-10,Franchise_FL_04,Water Extraction,26.0,2603.38,1339.97,0,100.13,,
CLM-71704,2025-06-09,Franchise_FL_04,Drywall Repair,40.0,5868.8,5868.8,1,146.72,,
CLM-32128,04/06/2025,Franchise_NY_12,Antimicrobial Treatment,,6584.9,6584.9,1,,$143.15,46.0
CLM-10536,2025-11-05,Franchise_FL_04,Drywall Repair,50.0,4868.0,4868.0,1,97.36,,
CLM-57170,"December 04, 2025",Franchise_TX_01,Baseboard Replacement,8.0,1163.2,896.21,0,,145.4,
CLM-46939,"August 11, 2025",Franchise_TX_01,Antimicrobial Treatment,33.0,1654.29,1654.29,1,,50.13,
CLM-93301,2025-09-01,Franchise_FL_04,Baseboard Replacement,27.0,3953.61,2351.72,0,146.43,,
CLM-88182,"July 09, 2025",Franchise_TX_01,Baseboard Replacement - MISC,32.0,4539.84,4539.84,1,,141.87,
CLM-59123,2025-09-01,Franchise_FL_04,Drywall Repair,43.0,3433.12,1685.28,0,79.84,,
CLM-23711,2025-11-26,Franchise_FL_04,Baseboard Replacement,41.0,6013.06,6013.06,1,146.66,,
CLM-86754,"March 06, 2025",Franchise_TX_01,Water Extraction,8.0,300.56,217.55,0,,37.57,
CLM-57042,2025-09-11,Franchise_FL_04,Baseboard Replacement,31.0,4455.01,3156.36,0,143.71,,
CLM-93092,"August 06, 2025",Franchise_TX_01,Antimicrobial Treatment,46.0,4906.82,2607.57,0,,106.67,
CLM-79893,2025-01-17,Franchise_FL_04,Antimicrobial Treatment,45.0,1821.6,1010.27,0,40.48,,
CLM-86156,"September 04, 2025",Franchise_TX_01,Water Extraction,21.0,624.33,624.33,1,,29.73,
CLM-30989,10/13/2025,Franchise_NY_12,Water Extraction,,1560.72,1560.72,1,,$65.03,24.0
CLM-36921,"October 01, 2025",Franchise_TX_01,Drywall Repair,19.0,1391.94,726.9,0,,73.26,
CLM-26265,"October 27, 2025",Franchise_TX_01,Drywall Repair,35.0,4914.0,4914.0,1,,140.4,
CLM-70279,"February 13, 2025",Franchise_TX_01,Drywall Repair,48.0,6523.68,6523.68,1,,135.91,
CLM-65289,"January 23, 2025",Franchise_TX_01,Baseboard Replacement,13.0,1193.4,1193.4,1,,91.8,
CLM-19773,2025-01-22,Franchise_FL_04,Water Extraction,21.0,2786.7,1953.21,0,132.7,,
CLM-82986,11/06/2025,Franchise_NY_12,Drywall Repair,,924.88,620.17,0,,$42.04,22.0
CLM-75371,2025-12-21,Franchise_FL_04,Dehumidifier Rental,29.0,3802.48,1917.61,0,131.12,,
CLM-55294,05/25/2025,Franchise_NY_12,Baseboard Replacement,,3123.22,3123.22,1,,$82.19,38.0
CLM-42947,"April 04, 2025",Franchise_TX_01,Water Extraction,21.0,346.08,176.85,0,,16.48,
CLM-62519,2025-03-11,Franchise_FL_04,Dehumidifier Rental,3.0,97.98,97.98,1,32.66,,
CLM-42196,01/28/2025,Franchise_NY_12,Baseboard Replacement,,1695.9,1695.9,1,,$113.06,15.0
CLM-73314,"June 08, 2025",Franchise_TX_01,Antimicrobial Treatment,13.0,725.66,725.66,1,,55.82,
CLM-57633,2025-01-22,Franchise_FL_04,Antimicrobial Treatment,37.0,2260.33,2260.33,1,61.09,,
CLM-15683,08/18/2025,Franchise_NY_12,Drywall Repair,,338.2,338.2,1,,$67.64,5.0
CLM-40901,08/03/2025,Franchise_NY_12,Water Extraction,,1722.4,968.99,0,,$43.06,40.0
CLM-30942,05/06/2025,Franchise_NY_12,Baseboard Replacement,,788.4,347.28,0,,$87.6,9.0
CLM-39477,2025-03-29,Franchise_FL_04,Water Extraction,21.0,1076.46,730.01,0,51.26,,
CLM-83882,12/07/2025,Franchise_NY_12,Dehumidifier Rental,,2873.52,2873.52,1,,$119.73,24.0
CLM-59905,2025-03-24,Franchise_FL_04,Drywall Repair,39.0,5022.42,5022.42,1,128.78,,
CLM-16791,"November 13, 2025",Franchise_TX_01,Baseboard Replacement,21.0,1489.95,1489.95,1,,70.95,
CLM-42285,"January 25, 2025",Franchise_TX_01,Drywall Repair,12.0,821.04,395.86,0,,68.42,
CLM-22909,2025-04-09,Franchise_FL_04,Drywall Repair,33.0,859.98,763.46,0,26.06,,
CLM-84587,2025-02-23,Franchise_FL_04,Water Extraction,4.0,281.84,184.91,0,70.46,,
CLM-82188,01/11/2025,Franchise_NY_12,Baseboard Replacement,,116.92,61.48,0,,$29.23,4.0
CLM-40292,2025-11-19,Franchise_FL_04,Antimicrobial Treatment,44.0,5187.6,5187.6,1,117.9,,
CLM-94502,2025-04-07,Franchise_FL_04,Water Extraction,20.0,2919.2,2919.2,1,145.96,,
CLM-77706,"December 10, 2025",Franchise_TX_01,Antimicrobial Treatment,34.0,1245.08,833.34,0,,36.62,
CLM-34150,2025-01-22,Franchise_FL_04,Baseboard Replacement,14.0,2023.84,2023.84,1,144.56,,
CLM-95729,2025-05-03,Franchise_FL_04,Drywall Repair,37.0,4665.7,3275.66,0,126.1,,
CLM-96168,2025-08-27,Franchise_FL_04,Drywall Repair,42.0,3866.1,2071.12,0,92.05,,
CLM-84301,"March 09, 2025",Franchise_TX_01,Dehumidifier Rental,20.0,1784.4,1085.84,0,,89.22,
CLM-41400,09/23/2025,Franchise_NY_12,Antimicrobial Treatment,,1558.68,1558.68,1,,$50.28,31.0
CLM-66050,"October 05, 2025",Franchise_TX_01,Baseboard Replacement,22.0,989.34,835.9,0,,44.97,
CLM-11300,09/18/2025,Franchise_NY_12,Drywall Repair,,1576.52,1576.52,1,,$71.66,22.0
CLM-88980,"December 07, 2025",Franchise_TX_01,Drywall Repair,22.0,1932.04,858.57,0,,87.82,
CLM-81490,"June 15, 2025",Franchise_TX_01,Drywall Repair,16.0,1120.48,1120.48,1,,70.03,
CLM-14344,2025-04-25,Franchise_FL_04,Water Extraction,1.0,136.5,136.5,1,136.5,,
CLM-88801,11/12/2025,Franchise_NY_12,Drywall Repair,,2029.29,1570.79,0,,$88.23,23.0
CLM-98368,05/31/2025,Franchise_NY_12,Antimicrobial Treatment,,4201.96,4201.96,1,,$97.72,43.0
CLM-46754,2025-06-02,Franchise_FL_04,Drywall Repair,2.0,220.3,91.88,0,110.15,,
CLM-26621,"January 12, 2025",Franchise_TX_01,Antimicrobial Treatment,35.0,1905.05,1905.05,1,,54.43,
CLM-90242,2025-03-15,Franchise_FL_04,Antimicrobial Treatment,1.0,91.98,91.98,1,91.98,,
CLM-16773,"February 18, 2025",Franchise_TX_01,Antimicrobial Treatment,36.0,4151.88,3375.22,0,,115.33,
CLM-96974,"June 16, 2025",Franchise_TX_01,Baseboard Replacement,26.0,726.44,368.0,0,,27.94,
CLM-52797,03/01/2025,Franchise_NY_12,Dehumidifier Rental,,264.01,264.01,1,,$15.53,17.0
CLM-91764,"March 07, 2025",Franchise_TX_01,Antimicrobial Treatment,37.0,3191.62,3191.62,1,,86.26,
CLM-80707,2025-03-02,Franchise_FL_04,Dehumidifier Rental,19.0,670.51,670.51,1,35.29,,
CLM-24386,01/10/2025,Franchise_NY_12,Baseboard Replacement,,593.32,593.32,1,,$42.38,14.0
CLM-51849,01/25/2025,Franchise_NY_12,Antimicrobial Treatment,,661.68,419.72,0,,$36.76,18.0
CLM-77109,"August 13, 2025",Franchise_TX_01,Drywall Repair,49.0,2395.61,1166.91,0,,48.89,
CLM-15311,04/26/2025,Franchise_NY_12,Baseboard Replacement,,1158.84,1158.84,1,,$31.32,37.0
CLM-83537,"August 29, 2025",Franchise_TX_01,Water Extraction,40.0,5402.4,3597.29,0,,135.06,
CLM-23191,2025-04-11,Franchise_FL_04,Baseboard Replacement,29.0,2194.43,2194.43,1,75.67,,
CLM-41841,"July 14, 2025",Franchise_TX_01,Antimicrobial Treatment - MISC,26.0,1119.04,1119.04,1,,43.04,
CLM-40537,05/14/2025,Franchise_NY_12,Baseboard Replacement,,2215.92,1435.3,0,,$92.33,24.0
CLM-17917,04/29/2025,Franchise_NY_12,Antimicrobial Treatment,,556.32,556.32,1,,$29.28,19.0
CLM-92871,"April 05, 2025",Franchise_TX_01,Antimicrobial Treatment,9.0,194.58,194.58,1,,21.62,
CLM-26631,"October 20, 2025",Franchise_TX_01,Dehumidifier Rental,21.0,2722.44,1426.15,0,,129.64,
CLM-72668,04/12/2025,Franchise_NY_12,Drywall Repair,,5235.0,2310.5,0,,$104.7,50.0
CLM-78749,2025-05-17,Franchise_FL_04,Dehumidifier Rental,9.0,256.32,256.32,1,28.48,,
CLM-99881,"February 22, 2025",Franchise_TX_01,Dehumidifier Rental,43.0,4756.66,4756.66,1,,110.62,
CLM-57681,"June 20, 2025",Franchise_TX_01,Water Extraction,48.0,1790.88,1790.88,1,,37.31,
CLM-39444,11/03/2025,Franchise_NY_12,Drywall Repair,,430.38,380.37,0,,$143.46,3.0
CLM-49220,09/02/2025,Franchise_NY_12,Water Extraction,,3354.0,2488.53,0,,$78.0,43.0
CLM-93429,"June 08, 2025",Franchise_TX_01,Antimicrobial Treatment,45.0,6737.85,5966.72,0,,149.73,
CLM-37041,08/11/2025,Franchise_NY_12,Dehumidifier Rental,,890.88,645.82,0,,$74.24,12.0
CLM-25832,"June 21, 2025",Franchise_TX_01,Dehumidifier Rental,48.0,2149.44,2149.44,1,,44.78,
CLM-73314,2025-05-13,Franchise_FL_04,Water Extraction,26.0,1498.12,1232.5,0,57.62,,
CLM-20008,06/15/2025,Franchise_NY_12,Dehumidifier Rental,,345.48,345.48,1,,$86.37,4.0
CLM-70580,03/24/2025,Franchise_NY_12,Dehumidifier Rental,,1727.32,1219.5,0,,$123.38,14.0
CLM-58641,"September 01, 2025",Franchise_TX_01,Dehumidifier Rental,7.0,480.55,480.55,1,,68.65,
CLM-42297,2025-02-01,Franchise_FL_04,Dehumidifier Rental,22.0,654.72,654.72,1,29.76,,
CLM-95490,"August 09, 2025",Franchise_TX_01,Dehumidifier Rental,33.0,1020.03,1020.03,1,,30.91,
CLM-93312,2025-01-08,Franchise_FL_04,Baseboard Replacement,40.0,2571.2,2571.2,1,64.28,,
CLM-61455,2025-11-25,Franchise_FL_04,Dehumidifier Rental,35.0,1431.15,1431.15,1,40.89,,
CLM-87095,06/15/2025,Franchise_NY_12,Baseboard Replacement,,913.14,913.14,1,,$24.03,38.0
CLM-44273,"December 03, 2025",Franchise_TX_01,Drywall Repair,44.0,3524.4,3524.4,1,,80.1,
CLM-53250,09/08/2025,Franchise_NY_12,Drywall Repair,,3244.33,1825.25,0,,$79.13,41.0
CLM-51264,06/28/2025,Franchise_NY_12,Dehumidifier Rental,,274.92,174.03,0,,$91.64,3.0
CLM-35196,"October 14, 2025",Franchise_TX_01,Dehumidifier Rental,13.0,1439.88,845.35,0,,110.76,
CLM-94336,2025-07-18,Franchise_FL_04,Drywall Repair,36.0,3062.88,2561.74,0,85.08,,
CLM-96908,04/26/2025,Franchise_NY_12,Antimicrobial Treatment,,5351.68,4323.45,0,,$144.64,37.0
CLM-15659,"August 08, 2025",Franchise_TX_01,Water Extraction - MISC,47.0,1522.33,1522.33,1,,32.39,
CLM-80601,01/11/2025,Franchise_NY_12,Water Extraction,,1053.36,1053.36,1,,$55.44,19.0
CLM-42999,"November 25, 2025",Franchise_TX_01,Drywall Repair,18.0,1170.9,940.58,0,,65.05,
CLM-51794,01/24/2025,Franchise_NY_12,Baseboard Replacement,,2206.28,2206.28,1,,$116.12,19.0
CLM-46677,"November 13, 2025",Franchise_TX_01,Water Extraction,25.0,2768.5,1945.4,0,,110.74,
CLM-49046,2025-11-22,Franchise_FL_04,Dehumidifier Rental,29.0,2499.51,1847.69,0,86.19,,
CLM-32799,2025-11-15,Franchise_FL_04,Dehumidifier Rental,16.0,434.4,434.4,1,27.15,,
CLM-37488,01/06/2025,Franchise_NY_12,Dehumidifier Rental,,2101.76,2101.76,1,,$131.36,16.0
CLM-95294,10/29/2025,Franchise_NY_12,Dehumidifier Rental,,1029.6,1029.6,1,,$128.7,8.0
CLM-66263,01/09/2025,Franchise_NY_12,Antimicrobial Treatment,,3198.41,3198.41,1,,$78.01,41.0
CLM-90159,"December 18, 2025",Franchise_TX_01,Water Extraction,7.0,968.66,477.91,0,,138.38,
CLM-49683,2025-10-09,Franchise_FL_04,Dehumidifier Rental,39.0,2209.35,2209.35,1,56.65,,
CLM-35725,2025-06-30,Franchise_FL_04,Baseboard Replacement,50.0,5557.0,4712.35,0,111.14,,
CLM-30909,2025-09-06,Franchise_FL_04,Dehumidifier Rental,6.0,812.22,812.22,1,135.37,,
CLM-58134,01/15/2025,Franchise_NY_12,Drywall Repair,,3296.4,3296.4,1,,$82.41,40.0
CLM-75551,"December 22, 2025",Franchise_TX_01,Antimicrobial Treatment - MISC,24.0,2372.16,2372.16,1,,98.84,
CLM-23899,02/18/2025,Franchise_NY_12,Dehumidifier Rental,,4473.0,2118.03,0,,$99.4,45.0
CLM-19342,2025-11-12,Franchise_FL_04,Water Extraction,3.0,94.44,56.98,0,31.48,,
CLM-96688,2025-05-15,Franchise_FL_04,Antimicrobial Treatment,32.0,3848.32,2635.58,0,120.26,,
CLM-68827,"September 08, 2025",Franchise_TX_01,Antimicrobial Treatment,12.0,984.96,518.87,0,,82.08,
CLM-27511,2025-12-14,Franchise_FL_04,Baseboard Replacement,4.0,245.84,185.67,0,61.46,,
CLM-47492,01/21/2025,Franchise_NY_12,Dehumidifier Rental,,1957.95,1957.95,1,,$43.51,45.0
CLM-87246,2025-09-20,Franchise_FL_04,Antimicrobial Treatment,21.0,,209.14,0,21.4,,
CLM-14384,2025-02-20,Franchise_FL_04,Antimicrobial Treatment,15.0,612.3,247.7,0,40.82,,
CLM-29410,2025-10-08,Franchise_FL_04,Baseboard Replacement,1.0,85.12,85.12,1,85.12,,
CLM-87838,2025-05-14,Franchise_FL_04,Dehumidifier Rental,49.0,6874.7,4474.58,0,140.3,,
CLM-64178,2025-08-21,Franchise_FL_04,Baseboard Replacement,5.0,186.65,186.65,1,37.33,,
CLM-34584,2025-01-23,Franchise_FL_04,Baseboard Replacement,40.0,2440.0,2440.0,1,61.0,,
CLM-82470,05/18/2025,Franchise_NY_12,Drywall Repair,,1670.49,1670.49,1,,$72.63,23.0
CLM-11581,2025-08-26,Franchise_FL_04,Dehumidifier Rental,15.0,1856.7,1270.33,0,123.78,,
CLM-10702,01/08/2025,Franchise_NY_12,Baseboard Replacement,,279.84,279.84,1,,$34.98,8.0
CLM-41375,08/26/2025,Franchise_NY_12,Antimicrobial Treatment,,176.34,106.53,0,,$58.78,3.0
CLM-63138,"August 05, 2025",Franchise_TX_01,Dehumidifier Rental,30.0,3154.8,2286.9,0,,105.16,
CLM-34586,11/21/2025,Franchise_NY_12,Baseboard Replacement,,1946.49,1946.49,1,,$149.73,13.0
CLM-91184,2025-11-25,Franchise_FL_04,Drywall Repair,42.0,4900.56,2504.51,0,116.68,,
CLM-81208,"November 17, 2025",Franchise_TX_01,Baseboard Replacement - MISC,50.0,4903.0,4903.0,1,,98.06,
CLM-73192,"September 14, 2025",Franchise_TX_01,Baseboard Replacement,10.0,1329.9,1329.9,1,,132.99,
CLM-80492,2025-06-01,Franchise_FL_04,Water Extraction,6.0,94.8,94.8,1,15.8,,
CLM-67571,09/05/2025,Franchise_NY_12,Drywall Repair,,4884.44,4884.44,1,,$143.66,34.0
CLM-93598,"July 15, 2025",Franchise_TX_01,Antimicrobial Treatment,28.0,939.96,939.96,1,,33.57,
CLM-10364,2025-01-18,Franchise_FL_04,Water Extraction,28.0,2971.64,2445.96,0,106.13,,
CLM-85226,09/05/2025,Franchise_NY_12,Dehumidifier Rental,,3071.88,2112.29,0,,$109.71,28.0
CLM-16211,"November 25, 2025",Franchise_TX_01,Baseboard Replacement,38.0,4092.6,2169.06,0,,107.7,
CLM-26682,10/05/2025,Franchise_NY_12,Antimicrobial Treatment,,420.4,356.32,0,,$21.02,20.0
CLM-78683,2025-10-15,Franchise_FL_04,Dehumidifier Rental,3.0,121.44,53.56,0,40.48,,
CLM-90188,2025-01-12,Franchise_FL_04,Antimicrobial Treatment,29.0,2758.48,2758.48,1,95.12,,
CLM-69864,2025-08-19,Franchise_FL_04,Dehumidifier Rental,31.0,2061.19,1200.86,0,66.49,,
CLM-29528,2025-05-10,Franchise_FL_04,Water Extraction,1.0,121.99,121.99,1,121.99,,
CLM-69345,"November 25, 2025",Franchise_TX_01,Dehumidifier Rental,30.0,3797.4,3797.4,1,,126.58,
CLM-88972,"January 24, 2025",Franchise_TX_01,Water Extraction,43.0,5261.05,5261.05,1,,122.35,
CLM-37437,2025-01-15,Franchise_FL_04,Antimicrobial Treatment,1.0,47.87,34.18,0,47.87,,
CLM-80953,05/03/2025,Franchise_NY_12,Baseboard Replacement,,4030.2,2861.68,0,,$134.34,30.0
CLM-36738,"November 26, 2025",Franchise_TX_01,Dehumidifier Rental,9.0,253.98,184.79,0,,28.22,
CLM-46736,"May 30, 2025",Franchise_TX_01,Dehumidifier Rental,40.0,953.2,953.2,1,,23.83,
CLM-58973,"February 11, 2025",Franchise_TX_01,Drywall Repair,50.0,5106.5,3005.48,0,,102.13,
CLM-16473,2025-12-16,Franchise_FL_04,Baseboard Replacement,10.0,1477.4,1477.4,1,147.74,,
CLM-78736,2025-06-18,Franchise_FL_04,Water Extraction,7.0,,183.12,1,26.16,,
CLM-86824,"August 24, 2025",Franchise_TX_01,Baseboard Replacement,37.0,5453.06,5453.06,1,,147.38,
CLM-60863,"October 18, 2025",Franchise_TX_01,Antimicrobial Treatment - MISC,21.0,2829.33,2829.33,1,,134.73,
CLM-29330,"July 12, 2025",Franchise_TX_01,Dehumidifier Rental,22.0,594.44,594.44,1,,27.02,
CLM-46565,2025-11-18,Franchise_FL_04,Dehumidifier Rental,41.0,891.34,590.82,0,21.74,,
CLM-49376,"September 06, 2025",Franchise_TX_01,Dehumidifier Rental,25.0,1227.25,840.96,0,,49.09,
CLM-93650,2025-12-30,Franchise_FL_04,Dehumidifier Rental,14.0,1636.04,1636.04,1,116.86,,
CLM-98134,2025-04-27,Franchise_FL_04,Antimicrobial Treatment,2.0,71.3,51.04,0,35.65,,
CLM-14054,"October 09, 2025",Franchise_TX_01,Baseboard Replacement,5.0,740.25,322.46,0,,148.05,
CLM-37103,01/02/2025,Franchise_NY_12,Water Extraction,,5674.4,4905.17,0,,$141.86,40.0
CLM-21851,"October 04, 2025",Franchise_TX_01,Dehumidifier Rental,21.0,1081.71,1081.71,1,,51.51,
CLM-51771,2025-12-31,Franchise_FL_04,Baseboard Replacement,40.0,,3376.36,0,131.11,,
CLM-81522,"July 03, 2025",Franchise_TX_01,Drywall Repair - MISC,10.0,1340.9,1340.9,1,,134.09,
CLM-79273,12/02/2025,Franchise_NY_12,Drywall Repair,,256.08,131.73,0,,$64.02,4.0
CLM-49870,10/20/2025,Franchise_NY_12,Antimicrobial Treatment,,6268.8,2819.72,0,,$130.6,48.0
CLM-48994,"September 09, 2025",Franchise_TX_01,Baseboard Replacement - MISC,37.0,3241.2,2065.69,0,,87.6,
CLM-41027,"February 15, 2025",Franchise_TX_01,Antimicrobial Treatment - MISC,13.0,1883.57,1883.57,1,,144.89,
CLM-39731,"July 01, 2025",Franchise_TX_01,Water Extraction,33.0,3892.02,3892.02,1,,117.94,
CLM-72697,2025-01-26,Franchise_FL_04,Dehumidifier Rental,19.0,677.16,677.16,1,35.64,,
CLM-13799,2025-10-12,Franchise_FL_04,Antimicrobial Treatment,42.0,5228.58,5228.58,1,124.49,,
CLM-37818,"March 22, 2025",Franchise_TX_01,Antimicrobial Treatment - MISC,17.0,1502.46,1502.46,1,,88.38,
CLM-49184,"June 16, 2025",Franchise_TX_01,Dehumidifier Rental,49.0,1972.74,1682.59,0,,40.26,
CLM-39711,05/08/2025,Franchise_NY_12,Drywall Repair,,2736.69,1579.92,0,,$82.93,33.0
CLM-88826,2025-06-07,Franchise_FL_04,Antimicrobial Treatment,8.0,806.48,445.89,0,100.81,,
CLM-40468,02/01/2025,Franchise_NY_12,Water Extraction,,928.44,534.37,0,,$77.37,12.0
CLM-23030,"November 17, 2025",Franchise_TX_01,Water Extraction - MISC,31.0,1641.45,1641.45,1,,52.95,
CLM-75092,"December 11, 2025",Franchise_TX_01,Water Extraction - MISC,6.0,327.54,214.6,0,,54.59,
CLM-15543,"July 03, 2025",Franchise_TX_01,Baseboard Replacement - MISC,13.0,1711.71,1711.71,1,,131.67,
CLM-92179,2025-11-14,Franchise_FL_04,Baseboard Replacement,1.0,133.67,133.67,1,133.67,,
CLM-77857,"February 18, 2025",Franchise_TX_01,Dehumidifier Rental,17.0,2160.87,2160.87,1,,127.11,
CLM-37088,03/19/2025,Franchise_NY_12,Drywall Repair,,148.2,74.69,0,,$24.7,6.0
CLM-93245,05/25/2025,Franchise_NY_12,Dehumidifier Rental,,1398.17,1398.17,1,,$60.79,23.0
CLM-65313,02/20/2025,Franchise_NY_12,Antimicrobial Treatment,,1940.65,1138.92,0,,$52.45,37.0
CLM-74143,"September 28, 2025",Franchise_TX_01,Water Extraction,31.0,1324.32,794.58,0,,42.72,
CLM-45369,"January 01, 2026",Franchise_TX_01,Antimicrobial Treatment,10.0,345.4,268.72,0,,34.54,
CLM-35471,05/18/2025,Franchise_NY_12,Baseboard Replacement,,3111.84,3111.84,1,,$64.83,48.0
CLM-49225,"June 23, 2025",Franchise_TX_01,Antimicrobial Treatment - MISC,47.0,5224.05,5224.05,1,,111.15,
CLM-39243,"December 26, 2025",Franchise_TX_01,Baseboard Replacement - MISC,10.0,1180.3,661.47,0,,118.03,
CLM-77598,08/11/2025,Franchise_NY_12,Dehumidifier Rental,,2659.23,1420.54,0,,$126.63,21.0
CLM-86108,"July 30, 2025",Franchise_TX_01,Drywall Repair,37.0,3462.46,3462.46,1,,93.58,
CLM-22286,08/18/2025,Franchise_NY_12,Dehumidifier Rental,,2601.6,2601.6,1,,$54.2,48.0
CLM-65467,2025-07-03,Franchise_FL_04,Drywall Repair,10.0,951.1,951.1,1,95.11,,
CLM-89455,02/24/2025,Franchise_NY_12,Dehumidifier Rental,,3171.15,3171.15,1,,$117.45,27.0
CLM-27964,"December 29, 2025",Franchise_TX_01,Water Extraction,11.0,413.71,413.71,1,,37.61,
CLM-19709,04/27/2025,Franchise_NY_12,Water Extraction,,817.02,817.02,1,,$136.17,6.0
CLM-95259,04/28/2025,Franchise_NY_12,Baseboard Replacement,,1735.8,1354.26,0,,$52.6,33.0
CLM-61851,"February 09, 2025",Franchise_TX_01,Antimicrobial Treatment - MISC,38.0,3738.06,2481.18,0,,98.37,
CLM-56860,2025-09-07,Franchise_FL_04,Water Extraction,47.0,4205.09,4205.09,1,89.47,,
CLM-57299,2026-01-01,Franchise_FL_04,Water Extraction,19.0,2197.35,2197.35,1,115.65,,
CLM-32813,2025-09-21,Franchise_FL_04,Water Extraction,43.0,4224.32,4224.32,1,98.24,,
CLM-34320,11/10/2025,Franchise_NY_12,Dehumidifier Rental,,2561.28,2561.28,1,,$106.72,24.0
CLM-95704,"December 13, 2025",Franchise_TX_01,Antimicrobial Treatment,6.0,410.82,410.82,1,,68.47,
CLM-67712,08/03/2025,Franchise_NY_12,Dehumidifier Rental,,1968.48,1968.48,1,,$109.36,18.0
CLM-19246,04/16/2025,Franchise_NY_12,Baseboard Replacement,,653.98,653.98,1,,$34.42,19.0
CLM-61620,01/30/2025,Franchise_NY_12,Dehumidifier Rental,,2651.52,2335.01,0,,$82.86,32.0
CLM-88490,"March 29, 2025",Franchise_TX_01,Baseboard Replacement,15.0,1692.6,1692.6,1,,112.84,
CLM-77329,01/10/2025,Franchise_NY_12,Water Extraction,,3870.0,3870.0,1,,$129.0,30.0
CLM-96388,2025-10-05,Franchise_FL_04,Dehumidifier Rental,11.0,870.43,759.7,0,79.13,,
CLM-49058,"April 03, 2025",Franchise_TX_01,Antimicrobial Treatment,38.0,3296.5,1918.25,0,,86.75,
CLM-83748,2025-09-03,Franchise_FL_04,Water Extraction,35.0,4439.4,3177.09,0,126.84,,
CLM-94926,07/19/2025,Franchise_NY_12,Antimicrobial Treatment,,667.1,667.1,1,,$47.65,14.0
CLM-20196,"April 09, 2025",Franchise_TX_01,Dehumidifier Rental,37.0,3265.25,1328.26,0,,88.25,
CLM-35277,03/25/2025,Franchise_NY_12,Antimicrobial Treatment,,1424.48,1424.48,1,,$89.03,16.0
CLM-17240,03/09/2025,Franchise_NY_12,Water Extraction,,859.32,629.77,0,,$78.12,11.0
CLM-46559,2025-04-21,Franchise_FL_04,Antimicrobial Treatment,1.0,137.36,137.36,1,137.36,,
CLM-27322,2025-02-16,Franchise_FL_04,Baseboard Replacement,17.0,825.01,576.48,0,48.53,,
CLM-85791,"March 02, 2025",Franchise_TX_01,Water Extraction - MISC,12.0,646.2,646.2,1,,53.85,
CLM-35396,2025-01-13,Franchise_FL_04,Water Extraction,46.0,3579.26,2855.59,0,77.81,,
CLM-67044,2025-05-24,Franchise_FL_04,Water Extraction,25.0,1254.5,943.22,0,50.18,,
CLM-94149,08/16/2025,Franchise_NY_12,Antimicrobial Treatment,,1112.72,636.93,0,,$39.74,28.0
CLM-30035,2025-05-09,Franchise_FL_04,Dehumidifier Rental,39.0,2989.74,2989.74,1,76.66,,
CLM-69202,"January 15, 2025",Franchise_TX_01,Baseboard Replacement,22.0,1927.64,1696.92,0,,87.62,
CLM-67391,02/21/2025,Franchise_NY_12,Baseboard Replacement,,665.06,665.06,1,,$30.23,22.0
CLM-32480,"April 16, 2025",Franchise_TX_01,Antimicrobial Treatment,12.0,1424.76,986.95,0,,118.73,
CLM-99926,2025-12-30,Franchise_FL_04,Antimicrobial Treatment,25.0,,582.5,1,23.3,,
CLM-23125,2025-05-14,Franchise_FL_04,Baseboard Replacement,47.0,1294.38,1294.38,1,27.54,,
CLM-24656,11/25/2025,Franchise_NY_12,Baseboard Replacement,,742.28,742.28,1,,$67.48,11.0
CLM-56414,03/19/2025,Franchise_NY_12,Baseboard Replacement,,443.24,443.24,1,,$110.81,4.0
CLM-76606,2025-10-26,Franchise_FL_04,Drywall Repair,23.0,1011.31,889.13,0,43.97,,
CLM-79357,"January 12, 2025",Franchise_TX_01,Water Extraction - MISC,5.0,96.25,96.25,1,,19.25,
CLM-68727,"September 30, 2025",Franchise_TX_01,Antimicrobial Treatment,21.0,2265.06,2265.06,1,,107.86,
CLM-37719,09/14/2025,Franchise_NY_12,Baseboard Replacement,,721.62,721.62,1,,$37.98,19.0
CLM-70568,2025-09-20,Franchise_FL_04,Dehumidifier Rental,33.0,1248.72,1248.72,1,37.84,,
CLM-79669,2025-10-27,Franchise_FL_04,Water Extraction,11.0,352.99,352.99,1,32.09,,
CLM-83364,03/17/2025,Franchise_NY_12,Dehumidifier Rental,,3284.45,3284.45,1,,$105.95,31.0
CLM-39270,09/10/2025,Franchise_NY_12,Water Extraction,,1101.26,652.25,0,,$32.39,34.0
CLM-29341,"June 14, 2025",Franchise_TX_01,Dehumidifier Rental,24.0,2297.04,2297.04,1,,95.71,
CLM-35621,2025-12-22,Franchise_FL_04,Dehumidifier Rental,2.0,36.28,36.28,1,18.14,,
CLM-53005,2025-03-31,Franchise_FL_04,Antimicrobial Treatment,7.0,430.64,197.56,0,61.52,,
CLM-92153,2025-03-13,Franchise_FL_04,Baseboard Replacement,4.0,297.04,297.04,1,74.26,,
CLM-42801,2025-01-03,Franchise_FL_04,Water Extraction,38.0,688.56,688.56,1,18.12,,
CLM-84802,10/02/2025,Franchise_NY_12,Dehumidifier Rental,,1817.64,751.38,0,,$53.46,34.0
CLM-21980,08/10/2025,Franchise_NY_12,Baseboard Replacement,,3537.1,3537.1,1,,$114.1,31.0
CLM-87867,2025-12-13,Franchise_FL_04,Antimicrobial Treatment,46.0,1652.78,1652.78,1,35.93,,
CLM-24451,"July 19, 2025",Franchise_TX_01,Water Extraction,1.0,96.06,60.11,0,,96.06,
CLM-71803,2025-03-04,Franchise_FL_04,Antimicrobial Treatment,48.0,6866.4,6866.4,1,143.05,,
CLM-56586,"June 23, 2025",Franchise_TX_01,Dehumidifier Rental,21.0,2257.92,1324.46,0,,107.52,
CLM-53612,2025-07-02,Franchise_FL_04,Baseboard Replacement,22.0,854.92,486.79,0,38.86,,
CLM-87003,07/10/2025,Franchise_NY_12,Dehumidifier Rental,,2196.15,1965.0,0,,$66.55,33.0
CLM-49210,2025-04-09,Franchise_FL_04,Water Extraction,30.0,4041.0,4041.0,1,134.7,,
CLM-10539,07/04/2025,Franchise_NY_12,Water Extraction,,4840.11,2109.22,0,,$146.67,33.0
CLM-54819,2025-08-13,Franchise_FL_04,Drywall Repair,13.0,789.23,523.84,0,60.71,,
CLM-91548,2025-04-01,Franchise_FL_04,Antimicrobial Treatment,50.0,2343.0,2343.0,1,46.86,,
CLM-99958,2025-12-21,Franchise_FL_04,Water Extraction,12.0,1602.72,1602.72,1,133.56,,
CLM-62689,"November 23, 2025",Franchise_TX_01,Dehumidifier Rental,24.0,2755.68,2755.68,1,,114.82,
CLM-82274,2025-12-13,Franchise_FL_04,Dehumidifier Rental,37.0,5428.64,5428.64,1,146.72,,
CLM-31867,2025-08-20,Franchise_FL_04,Dehumidifier Rental,24.0,515.52,445.66,0,21.48,,
CLM-53974,2025-04-16,Franchise_FL_04,Dehumidifier Rental,36.0,1090.44,1090.44,1,30.29,,
CLM-45527,2025-06-23,Franchise_FL_04,Water Extraction,15.0,,1261.65,1,84.11,,
CLM-40979,07/11/2025,Franchise_NY_12,Baseboard Replacement,,605.52,605.52,1,,$75.69,8.0
CLM-13917,2025-02-22,Franchise_FL_04,Dehumidifier Rental,11.0,1128.82,634.49,0,102.62,,
CLM-51587,2025-06-10,Franchise_FL_04,Drywall Repair,29.0,3915.58,3915.58,1,135.02,,
CLM-42761,09/15/2025,Franchise_NY_12,Dehumidifier Rental,,4553.5,4553.5,1,,$130.1,35.0
CLM-10514,2025-07-03,Franchise_FL_04,Dehumidifier Rental,36.0,1472.4,1472.4,1,40.9,,
CLM-61680,06/23/2025,Franchise_NY_12,Drywall Repair,,499.12,499.12,1,,$124.78,4.0
CLM-84048,03/29/2025,Franchise_NY_12,Water Extraction,,263.2,193.07,0,,$37.6,7.0
CLM-99570,07/23/2025,Franchise_NY_12,Baseboard Replacement,,2044.35,2044.35,1,,$97.35,21.0
CLM-47938,06/01/2025,Franchise_NY_12,Water Extraction,,1749.47,1749.47,1,,$42.67,41.0
CLM-35978,2025-10-08,Franchise_FL_04,Antimicrobial Treatment,44.0,4117.08,4117.08,1,93.57,,
CLM-25109,"June 10, 2025",Franchise_TX_01,Drywall Repair,23.0,1767.55,905.05,0,,76.85,
CLM-62933,2025-01-11,Franchise_FL_04,Baseboard Replacement,14.0,1895.32,1575.46,0,135.38,,
CLM-19840,"September 11, 2025",Franchise_TX_01,Water Extraction,7.0,891.03,745.4,0,,127.29,
CLM-27304,2025-08-21,Franchise_FL_04,Baseboard Replacement,19.0,1049.37,545.82,0,55.23,,
CLM-71207,"November 14, 2025",Franchise_TX_01,Antimicrobial Treatment,25.0,2457.5,2161.83,0,,98.3,
CLM-54816,"March 17, 2025",Franchise_TX_01,Antimicrobial Treatment,21.0,540.96,540.96,1,,25.76,
CLM-20827,"December 29, 2025",Franchise_TX_01,Drywall Repair,46.0,5295.06,3777.96,0,,115.11,
CLM-68627,"August 09, 2025",Franchise_TX_01,Drywall Repair,37.0,3893.88,2087.09,0,,105.24,
CLM-34496,"April 10, 2025",Franchise_TX_01,Drywall Repair,21.0,1197.84,816.4,0,,57.04,
CLM-50577,"November 11, 2025",Franchise_TX_01,Dehumidifier Rental,7.0,515.97,386.85,0,,73.71,
CLM-90408,2025-04-26,Franchise_FL_04,Water Extraction,6.0,,295.56,1,49.26,,
CLM-61158,"June 03, 2025",Franchise_TX_01,Baseboard Replacement,4.0,477.12,477.12,1,,119.28,
CLM-38047,2025-04-03,Franchise_FL_04,Antimicrobial Treatment,47.0,1908.67,1908.67,1,40.61,,
CLM-56488,2025-12-29,Franchise_FL_04,Antimicrobial Treatment,34.0,3313.98,2902.87,0,97.47,,
CLM-45270,"March 24, 2025",Franchise_TX_01,Drywall Repair,21.0,1423.17,1423.17,1,,67.77,
CLM-30808,2025-04-23,Franchise_FL_04,Baseboard Replacement,44.0,3556.08,3556.08,1,80.82,,
CLM-54007,"April 14, 2025",Franchise_TX_01,Water Extraction,22.0,882.42,786.81,0,,40.11,
CLM-26293,"February 11, 2025",Franchise_TX_01,Drywall Repair - MISC,26.0,826.02,826.02,1,,31.77,
CLM-90705,"December 23, 2025",Franchise_TX_01,Baseboard Replacement,10.0,615.5,615.5,1,,61.55,
CLM-89880,"June 10, 2025",Franchise_TX_01,Antimicrobial Treatment,2.0,200.1,177.35,0,,100.05,
CLM-64931,"April 07, 2025",Franchise_TX_01,Drywall Repair - MISC,42.0,796.32,796.32,1,,18.96,
CLM-10152,2025-04-20,Franchise_FL_04,Baseboard Replacement,4.0,200.32,171.34,0,50.08,,
CLM-24551,09/03/2025,Franchise_NY_12,Drywall Repair,,797.64,402.89,0,,$66.47,12.0
CLM-22671,"June 05, 2025",Franchise_TX_01,Baseboard Replacement,28.0,2810.08,2810.08,1,,100.36,
CLM-69477,"April 29, 2025",Franchise_TX_01,Dehumidifier Rental,45.0,2934.9,2934.9,1,,65.22,
CLM-17637,2025-05-22,Franchise_FL_04,Antimicrobial Treatment,10.0,1316.7,1316.7,1,131.67,,
CLM-59809,05/07/2025,Franchise_NY_12,Water Extraction,,3647.6,3647.6,1,,$91.19,40.0
CLM-59649,2025-05-08,Franchise_FL_04,Baseboard Replacement,48.0,4361.28,3657.88,0,90.86,,
CLM-76991,2025-11-19,Franchise_FL_04,Water Extraction,37.0,1410.81,785.11,0,38.13,,
CLM-62961,"August 29, 2025",Franchise_TX_01,Drywall Repair,15.0,1942.35,1302.92,0,,129.49,
CLM-43937,11/19/2025,Franchise_NY_12,Antimicrobial Treatment,,2455.82,2455.82,1,,$79.22,31.0
CLM-29513,"February 22, 2025",Franchise_TX_01,Antimicrobial Treatment,21.0,1056.3,512.15,0,,50.3,
CLM-60428,2025-02-10,Franchise_FL_04,Baseboard Replacement,31.0,1502.26,1502.26,1,48.46,,
CLM-82971,"November 29, 2025",Franchise_TX_01,Antimicrobial Treatment,1.0,48.78,48.78,1,,48.78,
CLM-24060,01/10/2025,Franchise_NY_12,Baseboard Replacement,,910.42,910.42,1,,$65.03,14.0
CLM-38393,12/01/2025,Franchise_NY_12,Water Extraction,,117.72,117.72,1,,$19.62,6.0
CLM-82668,09/12/2025,Franchise_NY_12,Baseboard Replacement,,2963.8,1478.17,0,,$84.68,35.0
CLM-90644,05/28/2025,Franchise_NY_12,Drywall Repair,,2398.5,2398.5,1,,$58.5,41.0
CLM-43937,05/26/2025,Franchise_NY_12,Water Extraction,,296.22,190.03,0,,$49.37,6.0
CLM-20425,07/19/2025,Franchise_NY_12,Dehumidifier Rental,,1736.04,1736.04,1,,$46.92,37.0
CLM-65666,"February 12, 2025",Franchise_TX_01,Water Extraction,40.0,1630.8,1630.8,1,,40.77,
CLM-42358,"March 21, 2025",Franchise_TX_01,Antimicrobial Treatment - MISC,12.0,1026.72,1026.72,1,,85.56,
CLM-92132,07/15/2025,Franchise_NY_12,Water Extraction,,1293.76,1293.76,1,,$40.43,32.0
CLM-68741,"May 08, 2025",Franchise_TX_01,Antimicrobial Treatment,44.0,1187.56,1187.56,1,,26.99,
CLM-27629,2025-04-01,Franchise_FL_04,Antimicrobial Treatment,39.0,1146.99,1146.99,1,29.41,,
CLM-11412,2025-08-14,Franchise_FL_04,Baseboard Replacement,12.0,1431.36,601.44,0,119.28,,
CLM-34143,"March 28, 2025",Franchise_TX_01,Dehumidifier Rental,41.0,2633.02,2633.02,1,,64.22,
CLM-27694,"March 20, 2025",Franchise_TX_01,Baseboard Replacement,18.0,1464.12,599.77,0,,81.34,
CLM-55838,2025-08-05,Franchise_FL_04,Antimicrobial Treatment,47.0,4197.57,4197.57,1,89.31,,
CLM-23015,2025-01-04,Franchise_FL_04,Baseboard Replacement,34.0,615.74,615.74,1,18.11,,
CLM-83446,2025-01-20,Franchise_FL_04,Antimicrobial Treatment,30.0,2943.0,1909.24,0,98.1,,
CLM-67084,"September 16, 2025",Franchise_TX_01,Dehumidifier Rental,44.0,5283.52,5283.52,1,,120.08,
CLM-85314,01/26/2025,Franchise_NY_12,Baseboard Replacement,,4411.88,4411.88,1,,$100.27,44.0
CLM-56143,2025-04-18,Franchise_FL_04,Baseboard Replacement,48.0,3889.44,3889.44,1,81.03,,
CLM-53310,2025-06-12,Franchise_FL_04,Water Extraction,9.0,527.85,527.85,1,58.65,,
CLM-60442,01/11/2025,Franchise_NY_12,Dehumidifier Rental,,2033.85,2033.85,1,,$58.11,35.0
CLM-45497,"March 10, 2025",Franchise_TX_01,Baseboard Replacement,22.0,924.44,924.44,1,,42.02,
CLM-68798,2025-09-29,Franchise_FL_04,Antimicrobial Treatment,8.0,497.04,497.04,1,62.13,,
CLM-62619,"September 01, 2025",Franchise_TX_01,Dehumidifier Rental,12.0,367.68,367.68,1,,30.64,
CLM-87940,06/06/2025,Franchise_NY_12,Antimicrobial Treatment,,2250.85,2250.85,1,,$64.31,35.0
CLM-89826,2025-11-01,Franchise_FL_04,Drywall Repair,33.0,4283.73,3339.09,0,129.81,,
CLM-15012,04/08/2025,Franchise_NY_12,Water Extraction,,4213.08,3563.98,0,,$117.03,36.0
CLM-89775,"May 14, 2025",Franchise_TX_01,Antimicrobial Treatment - MISC,34.0,750.38,629.63,0,,22.07,
CLM-90594,2025-10-20,Franchise_FL_04,Drywall Repair,41.0,4161.09,1737.52,0,101.49,,
CLM-39713,2025-06-27,Franchise_FL_04,Dehumidifier Rental,19.0,2668.17,1987.47,0,140.43,,
CLM-31561,"August 28, 2025",Franchise_TX_01,Dehumidifier Rental,5.0,707.25,707.25,1,,141.45,
CLM-95122,"January 04, 2025",Franchise_TX_01,Water Extraction,14.0,358.96,358.96,1,,25.64,
CLM-67482,"October 07, 2025",Franchise_TX_01,Dehumidifier Rental,11.0,1130.03,1130.03,1,,102.73,
CLM-45378,2025-08-16,Franchise_FL_04,Water Extraction,18.0,2206.44,2206.44,1,122.58,,
CLM-46919,"July 08, 2025",Franchise_TX_01,Drywall Repair,27.0,2353.05,1827.72,0,,87.15,
CLM-94952,2025-04-01,Franchise_FL_04,Drywall Repair,10.0,1152.3,765.32,0,115.23,,
CLM-83906,06/10/2025,Franchise_NY_12,Drywall Repair,,1244.5,524.01,0,,$49.78,25.0
CLM-63543,05/08/2025,Franchise_NY_12,Dehumidifier Rental,,1000.48,847.93,0,,$76.96,13.0
CLM-54616,"January 15, 2025",Franchise_TX_01,Dehumidifier Rental,14.0,651.28,651.28,1,,46.52,
CLM-22386,11/10/2025,Franchise_NY_12,Antimicrobial Treatment,,534.0,534.0,1,,$106.8,5.0
CLM-25521,04/01/2025,Franchise_NY_12,Water Extraction,,1678.95,1346.03,0,,$40.95,41.0
CLM-33888,"January 08, 2025",Franchise_TX_01,Antimicrobial Treatment,3.0,106.32,83.42,0,,35.44,
CLM-32660,2025-06-04,Franchise_FL_04,Dehumidifier Rental,16.0,,568.16,1,35.51,,
CLM-72996,2025-10-18,Franchise_FL_04,Dehumidifier Rental,48.0,1634.88,772.98,0,34.06,,
CLM-60807,"June 17, 2025",Franchise_TX_01,Antimicrobial Treatment - MISC,17.0,802.4,629.12,0,,47.2,
CLM-79853,2025-05-09,Franchise_FL_04,Baseboard Replacement,32.0,3764.48,2213.69,0,117.64,,
CLM-31775,"July 28, 2025",Franchise_TX_01,Water Extraction,6.0,677.76,484.6,0,,112.96,
CLM-31117,"March 29, 2025",Franchise_TX_01,Antimicrobial Treatment - MISC,10.0,562.9,562.9,1,,56.29,
CLM-72401,"October 14, 2025",Franchise_TX_01,Baseboard Replacement,35.0,2646.0,1684.13,0,,75.6,
CLM-43345,"August 18, 2025",Franchise_TX_01,Antimicrobial Treatment,34.0,1692.52,764.05,0,,49.78,
CLM-36578,2025-06-04,Franchise_FL_04,Dehumidifier Rental,23.0,2228.47,1569.53,0,96.89,,
CLM-58435,2025-10-06,Franchise_FL_04,Baseboard Replacement,11.0,1509.09,1509.09,1,137.19,,
CLM-28924,03/06/2025,Franchise_NY_12,Drywall Repair,,497.76,497.76,1,,$62.22,8.0
CLM-54572,"October 19, 2025",Franchise_TX_01,Antimicrobial Treatment,49.0,2644.04,1435.2,0,,53.96,
CLM-13309,"December 30, 2025",Franchise_TX_01,Drywall Repair,6.0,644.46,468.62,0,,107.41,
CLM-13958,"September 05, 2025",Franchise_TX_01,Antimicrobial Treatment,47.0,2244.25,2244.25,1,,47.75,
CLM-21587,"May 08, 2025",Franchise_TX_01,Baseboard Replacement,38.0,4068.28,2402.87,0,,107.06,
CLM-41272,"December 29, 2025",Franchise_TX_01,Drywall Repair - MISC,23.0,3205.74,3205.74,1,,139.38,
CLM-86926,02/14/2025,Franchise_NY_12,Antimicrobial Treatment,,1874.08,1344.07,0,,$144.16,13.0
CLM-36080,2025-01-10,Franchise_FL_04,Drywall Repair,50.0,1189.5,504.25,0,23.79,,
CLM-14564,2025-05-13,Franchise_FL_04,Antimicrobial Treatment,27.0,1990.71,1990.71,1,73.73,,
CLM-49768,"April 04, 2025",Franchise_TX_01,Water Extraction,26.0,3808.74,3808.74,1,,146.49,
CLM-56609,2025-10-15,Franchise_FL_04,Antimicrobial Treatment,48.0,2140.8,2140.8,1,44.6,,
CLM-91113,"May 04, 2025",Franchise_TX_01,Baseboard Replacement,41.0,1778.99,1778.99,1,,43.39,
CLM-12763,"April 13, 2025",Franchise_TX_01,Drywall Repair,20.0,2129.0,2129.0,1,,106.45,
CLM-40703,05/25/2025,Franchise_NY_12,Dehumidifier Rental,,3086.1,1803.98,0,,$114.3,27.0
CLM-44355,12/16/2025,Franchise_NY_12,Water Extraction,,2061.61,1517.15,0,,$71.09,29.0
CLM-15422,"April 14, 2025",Franchise_TX_01,Drywall Repair - MISC,29.0,1295.14,1163.64,0,,44.66,
CLM-64544,2025-06-25,Franchise_FL_04,Baseboard Replacement,32.0,3668.8,2577.5,0,114.65,,
CLM-50875,"September 30, 2025",Franchise_TX_01,Drywall Repair,43.0,1890.28,1890.28,1,,43.96,
CLM-54159,"December 21, 2025",Franchise_TX_01,Dehumidifier Rental,28.0,1942.08,1942.08,1,,69.36,
CLM-71956,"December 25, 2025",Franchise_TX_01,Water Extraction,34.0,3313.98,2001.13,0,,97.47,
CLM-99484,06/13/2025,Franchise_NY_12,Drywall Repair,,3601.0,2139.07,0,,$138.5,26.0
CLM-50637,"October 13, 2025",Franchise_TX_01,Baseboard Replacement,50.0,1011.0,573.61,0,,20.22,
CLM-73162,2025-11-26,Franchise_FL_04,Baseboard Replacement,45.0,4221.45,4221.45,1,93.81,,
CLM-96554,2025-09-14,Franchise_FL_04,Dehumidifier Rental,7.0,776.58,776.58,1,110.94,,
CLM-24442,03/24/2025,Franchise_NY_12,Drywall Repair,,102.58,102.58,1,,$102.58,1.0
CLM-86841,2025-11-16,Franchise_FL_04,Baseboard Replacement,47.0,,6385.42,1,135.86,,
CLM-55237,11/24/2025,Franchise_NY_12,Dehumidifier Rental,,2676.28,2676.28,1,,$58.18,46.0
CLM-46292,"June 19, 2025",Franchise_TX_01,Drywall Repair - MISC,40.0,3844.0,3844.0,1,,96.1,
CLM-56780,2025-03-31,Franchise_FL_04,Baseboard Replacement,42.0,1230.18,1230.18,1,29.29,,
CLM-28016,04/16/2025,Franchise_NY_12,Antimicrobial Treatment,,560.95,278.26,0,,$112.19,5.0
CLM-62275,2025-06-17,Franchise_FL_04,Drywall Repair,2.0,266.92,122.51,0,133.46,,
CLM-54749,2025-04-03,Franchise_FL_04,Baseboard Replacement,31.0,3618.94,2349.14,0,116.74,,
CLM-69866,08/19/2025,Franchise_NY_12,Antimicrobial Treatment,,1851.08,783.95,0,,$66.11,28.0
CLM-55716,08/10/2025,Franchise_NY_12,Baseboard Replacement,,1781.12,1424.13,0,,$111.32,16.0
CLM-85523,"March 26, 2025",Franchise_TX_01,Water Extraction,29.0,772.85,772.85,1,,26.65,
CLM-57445,"February 19, 2025",Franchise_TX_01,Baseboard Replacement,9.0,1019.07,829.79,0,,113.23,
CLM-46215,11/04/2025,Franchise_NY_12,Antimicrobial Treatment,,1092.61,978.9,0,,$29.53,37.0
CLM-60697,"January 28, 2025",Franchise_TX_01,Dehumidifier Rental - MISC,34.0,652.8,414.58,0,,19.2,
CLM-42844,"January 14, 2025",Franchise_TX_01,Water Extraction - MISC,1.0,26.51,20.33,0,,26.51,
CLM-68142,2025-03-16,Franchise_FL_04,Antimicrobial Treatment,25.0,1417.75,1417.75,1,56.71,,
CLM-26301,"April 19, 2025",Franchise_TX_01,Antimicrobial Treatment,47.0,2612.26,2612.26,1,,55.58,
CLM-43309,08/23/2025,Franchise_NY_12,Drywall Repair,,708.33,708.33,1,,$33.73,21.0
CLM-53118,2025-12-31,Franchise_FL_04,Dehumidifier Rental,19.0,2009.25,2009.25,1,105.75,,
CLM-29086,01/17/2025,Franchise_NY_12,Water Extraction,,1774.68,1774.68,1,,$77.16,23.0
CLM-62473,"October 05, 2025",Franchise_TX_01,Dehumidifier Rental,48.0,3804.48,3804.48,1,,79.26,
CLM-66080,2025-02-04,Franchise_FL_04,Dehumidifier Rental,9.0,237.06,237.06,1,26.34,,
CLM-65576,01/26/2025,Franchise_NY_12,Water Extraction,,1695.96,1695.96,1,,$80.76,21.0
CLM-64217,2025-12-18,Franchise_FL_04,Dehumidifier Rental,12.0,1026.36,1026.36,1,85.53,,
CLM-66251,2025-01-08,Franchise_FL_04,Dehumidifier Rental,42.0,,2663.1,0,111.55,,
CLM-19264,"July 14, 2025",Franchise_TX_01,Water Extraction - MISC,8.0,652.8,652.8,1,,81.6,
CLM-29407,2025-03-19,Franchise_FL_04,Baseboard Replacement,22.0,2283.16,2283.16,1,103.78,,
CLM-53648,2025-04-24,Franchise_FL_04,Water Extraction,37.0,4928.77,4928.77,1,133.21,,
CLM-37453,"February 12, 2025",Franchise_TX_01,Baseboard Replacement,25.0,3510.75,1590.33,0,,140.43,
CLM-63488,"July 03, 2025",Franchise_TX_01,Baseboard Replacement - MISC,46.0,3007.94,3007.94,1,,65.39,
CLM-46342,"June 12, 2025",Franchise_TX_01,Drywall Repair,35.0,768.95,518.33,0,,21.97,
CLM-43387,"January 23, 2025",Franchise_TX_01,Dehumidifier Rental,45.0,5400.45,5400.45,1,,120.01,
CLM-98977,"November 05, 2025",Franchise_TX_01,Water Extraction,13.0,400.01,400.01,1,,30.77,
CLM-14549,2025-09-27,Franchise_FL_04,Antimicrobial Treatment,30.0,3638.1,3638.1,1,121.27,,
CLM-42039,"February 05, 2025",Franchise_TX_01,Water Extraction,49.0,5947.13,4834.12,0,,121.37,
CLM-51141,"August 04, 2025",Franchise_TX_01,Antimicrobial Treatment,50.0,6598.0,6598.0,1,,131.96,
CLM-12503,11/27/2025,Franchise_NY_12,Dehumidifier Rental,,335.7,335.7,1,,$18.65,18.0
CLM-67963,2025-06-15,Franchise_FL_04,Water Extraction,9.0,1006.47,652.56,0,111.83,,
CLM-39197,"January 28, 2025",Franchise_TX_01,Antimicrobial Treatment - MISC,23.0,3383.76,3383.76,1,,147.12,
CLM-27141,"March 14, 2025",Franchise_TX_01,Dehumidifier Rental,39.0,4692.09,4692.09,1,,120.31,
CLM-93782,"December 27, 2025",Franchise_TX_01,Dehumidifier Rental,35.0,1144.85,608.63,0,,32.71,
CLM-30448,07/12/2025,Franchise_NY_12,Antimicrobial Treatment,,2851.64,2336.84,0,,$64.81,44.0
CLM-96008,2025-03-01,Franchise_FL_04,Baseboard Replacement,10.0,902.9,902.9,1,90.29,,
CLM-59657,2025-02-01,Franchise_FL_04,Water Extraction,8.0,559.6,314.71,0,69.95,,
CLM-19261,"April 30, 2025",Franchise_TX_01,Drywall Repair,25.0,1440.25,797.55,0,,57.61,
CLM-95599,2025-06-02,Franchise_FL_04,Baseboard Replacement,9.0,766.8,766.8,1,85.2,,
CLM-99047,"June 10, 2025",Franchise_TX_01,Water Extraction,32.0,2023.04,1511.89,0,,63.22,
CLM-73414,"November 02, 2025",Franchise_TX_01,Drywall Repair - MISC,30.0,3378.3,2399.12,0,,112.61,
CLM-69187,07/26/2025,Franchise_NY_12,Antimicrobial Treatment,,64.79,64.79,1,,$64.79,1.0
CLM-75259,2025-11-28,Franchise_FL_04,Drywall Repair,38.0,1995.0,1995.0,1,52.5,,
CLM-62409,2025-09-09,Franchise_FL_04,Baseboard Replacement,1.0,117.98,117.98,1,117.98,,
CLM-78430,"June 27, 2025",Franchise_TX_01,Drywall Repair,38.0,2587.8,2587.8,1,,68.1,
CLM-14025,"September 06, 2025",Franchise_TX_01,Water Extraction,7.0,998.27,998.27,1,,142.61,
CLM-93134,06/16/2025,Franchise_NY_12,Baseboard Replacement,,979.54,694.23,0,,$22.78,43.0
CLM-68468,"October 06, 2025",Franchise_TX_01,Dehumidifier Rental,26.0,1414.92,1414.92,1,,54.42,
CLM-39229,05/01/2025,Franchise_NY_12,Antimicrobial Treatment,,576.25,576.25,1,,$115.25,5.0
CLM-17536,"August 19, 2025",Franchise_TX_01,Drywall Repair,28.0,872.2,872.2,1,,31.15,
CLM-55942,12/22/2025,Franchise_NY_12,Baseboard Replacement,,1479.94,1479.94,1,,$47.74,31.0
CLM-26407,"October 11, 2025",Franchise_TX_01,Drywall Repair - MISC,5.0,609.15,609.15,1,,121.83,
CLM-12048,"October 23, 2025",Franchise_TX_01,Baseboard Replacement,24.0,734.16,492.63,0,,30.59,
CLM-30030,11/05/2025,Franchise_NY_12,Dehumidifier Rental,,969.68,859.18,0,,$42.16,23.0
CLM-91889,"February 12, 2025",Franchise_TX_01,Drywall Repair,13.0,1911.52,1911.52,1,,147.04,
CLM-94730,2025-01-17,Franchise_FL_04,Baseboard Replacement,19.0,,2743.03,1,144.37,,
CLM-78640,"April 06, 2025",Franchise_TX_01,Baseboard Replacement,33.0,2842.29,2842.29,1,,86.13,
CLM-68768,2025-04-28,Franchise_FL_04,Antimicrobial Treatment,41.0,2696.57,2696.57,1,65.77,,
CLM-68608,"June 27, 2025",Franchise_TX_01,Baseboard Replacement,5.0,190.65,86.67,0,,38.13,
CLM-85940,2025-12-10,Franchise_FL_04,Drywall Repair,24.0,1681.2,1681.2,1,70.05,,
CLM-33575,11/28/2025,Franchise_NY_12,Water Extraction,,2103.84,2103.84,1,,$131.49,16.0
CLM-95966,2025-07-17,Franchise_FL_04,Water Extraction,40.0,,5648.0,1,141.2,,
CLM-37420,2025-03-29,Franchise_FL_04,Baseboard Replacement,6.0,141.72,63.07,0,23.62,,
CLM-84001,2025-01-28,Franchise_FL_04,Water Extraction,35.0,1929.55,1929.55,1,55.13,,
CLM-69903,06/07/2025,Franchise_NY_12,Antimicrobial Treatment,,319.05,146.41,0,,$21.27,15.0
CLM-61485,"October 30, 2025",Franchise_TX_01,Dehumidifier Rental,39.0,2845.44,2845.44,1,,72.96,
CLM-54232,"July 09, 2025",Franchise_TX_01,Dehumidifier Rental,37.0,1028.6,836.3,0,,27.8,
CLM-14679,"September 24, 2025",Franchise_TX_01,Drywall Repair,49.0,788.41,663.82,0,,16.09,
CLM-69706,"November 18, 2025",Franchise_TX_01,Baseboard Replacement,24.0,3167.04,2164.0,0,,131.96,
CLM-27144,07/10/2025,Franchise_NY_12,Baseboard Replacement,,1790.74,731.01,0,,$127.91,14.0
CLM-15777,2025-12-13,Franchise_FL_04,Antimicrobial Treatment,23.0,1227.51,1227.51,1,53.37,,
CLM-15825,2025-09-11,Franchise_FL_04,Baseboard Replacement,26.0,,885.77,0,38.02,,
CLM-45218,2025-10-28,Franchise_FL_04,Antimicrobial Treatment,35.0,,2322.96,0,77.7,,
CLM-15161,"June 27, 2025",Franchise_TX_01,Baseboard Replacement - MISC,28.0,1606.36,1606.36,1,,57.37,
CLM-68827,2025-02-27,Franchise_FL_04,Dehumidifier Rental,34.0,1071.34,1071.34,1,31.51,,
CLM-56299,2025-04-24,Franchise_FL_04,Water Extraction,12.0,1441.92,942.24,0,120.16,,
CLM-18778,"December 28, 2025",Franchise_TX_01,Water Extraction - MISC,25.0,473.25,473.25,1,,18.93,
CLM-26187,2025-03-18,Franchise_FL_04,Water Extraction,47.0,3053.59,3053.59,1,64.97,,
CLM-29901,2025-12-22,Franchise_FL_04,Antimicrobial Treatment,36.0,2571.48,2571.48,1,71.43,,
CLM-95077,"August 08, 2025",Franchise_TX_01,Drywall Repair,35.0,1378.65,676.47,0,,39.39,
CLM-66818,01/31/2025,Franchise_NY_12,Dehumidifier Rental,,4249.48,4249.48,1,,$92.38,46.0
CLM-35196,2025-08-16,Franchise_FL_04,Drywall Repair,27.0,1964.25,1720.0,0,72.75,,
CLM-17336,2025-08-10,Franchise_FL_04,Antimicrobial Treatment,23.0,1083.3,691.24,0,47.1,,
CLM-10230,08/11/2025,Franchise_NY_12,Water Extraction,,4934.16,2690.98,0,,$112.14,44.0
CLM-91799,03/01/2025,Franchise_NY_12,Water Extraction,,448.17,448.17,1,,$149.39,3.0
CLM-89121,"June 06, 2025",Franchise_TX_01,Antimicrobial Treatment,44.0,3676.64,3676.64,1,,83.56,
CLM-13454,"September 08, 2025",Franchise_TX_01,Antimicrobial Treatment - MISC,42.0,5943.0,3364.5,0,,141.5,
CLM-29811,05/02/2025,Franchise_NY_12,Drywall Repair,,4289.6,4289.6,1,,$134.05,32.0
CLM-16955,09/05/2025,Franchise_NY_12,Antimicrobial Treatment,,576.87,576.87,1,,$27.47,21.0
CLM-85299,"October 11, 2025",Franchise_TX_01,Antimicrobial Treatment,6.0,288.0,169.26,0,,48.0,
CLM-63546,2025-08-16,Franchise_FL_04,Dehumidifier Rental,9.0,650.43,326.14,0,72.27,,
CLM-51503,05/16/2025,Franchise_NY_12,Water Extraction,,2224.8,2224.8,1,,$82.4,27.0
CLM-56316,"August 01, 2025",Franchise_TX_01,Baseboard Replacement,23.0,2878.91,2878.91,1,,125.17,
CLM-28961,"February 12, 2025",Franchise_TX_01,Antimicrobial Treatment - MISC,17.0,916.64,575.05,0,,53.92,
CLM-80356,2025-09-26,Franchise_FL_04,Water Extraction,23.0,2027.68,2027.68,1,88.16,,
CLM-70406,06/10/2025,Franchise_NY_12,Drywall Repair,,1766.4,1766.4,1,,$38.4,46.0
CLM-92945,"May 17, 2025",Franchise_TX_01,Drywall Repair,49.0,2033.99,2033.99,1,,41.51,
CLM-27990,2025-10-31,Franchise_FL_04,Dehumidifier Rental,44.0,2680.48,1917.12,0,60.92,,
CLM-67399,2025-12-26,Franchise_FL_04,Dehumidifier Rental,31.0,3198.89,2310.81,0,103.19,,
CLM-95911,10/13/2025,Franchise_NY_12,Water Extraction,,112.11,112.11,1,,$112.11,1.0
CLM-64029,"July 16, 2025",Franchise_TX_01,Drywall Repair,40.0,4432.8,4432.8,1,,110.82,
CLM-87216,05/30/2025,Franchise_NY_12,Antimicrobial Treatment,,3265.36,3265.36,1,,$116.62,28.0
CLM-41396,09/04/2025,Franchise_NY_12,Baseboard Replacement,,6205.33,6205.33,1,,$144.31,43.0
CLM-81638,08/09/2025,Franchise_NY_12,Antimicrobial Treatment,,492.6,492.6,1,,$82.1,6.0
CLM-77505,"March 02, 2025",Franchise_TX_01,Baseboard Replacement,26.0,2977.0,2977.0,1,,114.5,
CLM-24949,01/17/2025,Franchise_NY_12,Dehumidifier Rental,,138.48,88.93,0,,$46.16,3.0
CLM-33994,2025-08-13,Franchise_FL_04,Baseboard Replacement,31.0,1567.67,1567.67,1,50.57,,
CLM-15051,"March 02, 2025",Franchise_TX_01,Water Extraction - MISC,46.0,6049.46,4231.85,0,,131.51,
CLM-16054,"May 13, 2025",Franchise_TX_01,Antimicrobial Treatment,32.0,2001.28,2001.28,1,,62.54,
CLM-46119,2025-11-21,Franchise_FL_04,Baseboard Replacement,39.0,1763.97,1763.97,1,45.23,,
CLM-17382,"January 04, 2025",Franchise_TX_01,Baseboard Replacement,13.0,958.1,958.1,1,,73.7,
CLM-97845,07/10/2025,Franchise_NY_12,Antimicrobial Treatment,,240.76,138.24,0,,$60.19,4.0
CLM-87346,2025-12-16,Franchise_FL_04,Baseboard Replacement,41.0,3018.01,2496.59,0,73.61,,
CLM-74274,2025-06-18,Franchise_FL_04,Antimicrobial Treatment,23.0,1342.05,1111.5,0,58.35,,
CLM-96595,03/06/2025,Franchise_NY_12,Dehumidifier Rental,,456.84,392.33,0,,$38.07,12.0
CLM-15662,"May 18, 2025",Franchise_TX_01,Water Extraction,49.0,2668.54,2668.54,1,,54.46,
CLM-70614,"January 11, 2025",Franchise_TX_01,Baseboard Replacement,16.0,1325.6,1325.6,1,,82.85,
CLM-97632,"May 07, 2025",Franchise_TX_01,Water Extraction,25.0,877.5,877.5,1,,35.1,
CLM-88123,2025-07-06,Franchise_FL_04,Baseboard Replacement,10.0,815.3,707.03,0,81.53,,
CLM-99705,"November 19, 2025",Franchise_TX_01,Antimicrobial Treatment,38.0,3646.86,3646.86,1,,95.97,
CLM-57878,"July 07, 2025",Franchise_TX_01,Dehumidifier Rental,15.0,743.7,743.7,1,,49.58,
CLM-59551,07/03/2025,Franchise_NY_12,Water Extraction,,152.44,87.14,0,,$76.22,2.0
CLM-94992,"July 28, 2025",Franchise_TX_01,Water Extraction,45.0,5540.85,5540.85,1,,123.13,
CLM-44488,"February 24, 2025",Franchise_TX_01,Drywall Repair,45.0,2699.1,2225.22,0,,59.98,
CLM-58211,01/23/2025,Franchise_NY_12,Baseboard Replacement,,2648.0,2648.0,1,,$132.4,20.0
CLM-97240,12/29/2025,Franchise_NY_12,Dehumidifier Rental,,2519.44,2519.44,1,,$89.98,28.0
CLM-84987,11/04/2025,Franchise_NY_12,Dehumidifier Rental,,2396.82,1035.75,0,,$55.74,43.0
CLM-25726,"August 23, 2025",Franchise_TX_01,Antimicrobial Treatment,48.0,7027.2,4751.07,0,,146.4,
CLM-37383,"January 12, 2025",Franchise_TX_01,Water Extraction,48.0,2699.52,2699.52,1,,56.24,
CLM-10351,02/20/2025,Franchise_NY_12,Water Extraction,,5681.78,3925.34,0,,$138.58,41.0
CLM-73480,"February 21, 2025",Franchise_TX_01,Dehumidifier Rental,14.0,2016.14,2016.14,1,,144.01,
CLM-64592,"January 12, 2025",Franchise_TX_01,Dehumidifier Rental,50.0,2074.0,2074.0,1,,41.48,
CLM-38415,"October 31, 2025",Franchise_TX_01,Water Extraction,50.0,3963.5,3963.5,1,,79.27,
CLM-64069,05/31/2025,Franchise_NY_12,Antimicrobial Treatment,,2395.5,2395.5,1,,$95.82,25.0
CLM-72546,2025-11-02,Franchise_FL_04,Drywall Repair,17.0,1579.47,677.48,0,92.91,,
CLM-62033,"May 11, 2025",Franchise_TX_01,Dehumidifier Rental,41.0,3559.21,3559.21,1,,86.81,
CLM-14046,2025-09-01,Franchise_FL_04,Dehumidifier Rental,35.0,1261.75,1261.75,1,36.05,,
CLM-70944,2025-06-09,Franchise_FL_04,Antimicrobial Treatment,45.0,6356.7,2732.98,0,141.26,,
CLM-54821,02/24/2025,Franchise_NY_12,Antimicrobial Treatment,,3002.72,1351.86,0,,$107.24,28.0
CLM-64547,"November 29, 2025",Franchise_TX_01,Dehumidifier Rental,41.0,4686.71,4066.66,0,,114.31,
CLM-90532,"November 28, 2025",Franchise_TX_01,Antimicrobial Treatment,33.0,1419.33,1093.32,0,,43.01,
CLM-76030,05/03/2025,Franchise_NY_12,Baseboard Replacement,,2129.95,2129.95,1,,$51.95,41.0
CLM-52666,02/05/2025,Franchise_NY_12,Dehumidifier Rental,,990.49,555.82,0,,$26.77,37.0
CLM-85045,"May 11, 2025",Franchise_TX_01,Antimicrobial Treatment,33.0,2972.31,2972.31,1,,90.07,
CLM-52542,"September 22, 2025",Franchise_TX_01,Dehumidifier Rental,33.0,3088.8,1431.41,0,,93.6,
CLM-39122,12/26/2025,Franchise_NY_12,Antimicrobial Treatment,,3205.02,2513.14,0,,$76.31,42.0
CLM-67098,03/17/2025,Franchise_NY_12,Baseboard Replacement,,2574.72,1377.33,0,,$71.52,36.0
CLM-51376,2025-12-07,Franchise_FL_04,Water Extraction,8.0,968.56,968.56,1,121.07,,
CLM-65212,2025-10-08,Franchise_FL_04,Dehumidifier Rental,31.0,4583.97,4583.97,1,147.87,,
CLM-13189,"February 27, 2025",Franchise_TX_01,Drywall Repair,12.0,1304.76,1304.76,1,,108.73,
CLM-49571,02/25/2025,Franchise_NY_12,Antimicrobial Treatment,,4815.3,4101.9,0,,$137.58,35.0
CLM-93695,07/16/2025,Franchise_NY_12,Baseboard Replacement,,4868.28,4868.28,1,,$135.23,36.0
CLM-33768,2025-07-17,Franchise_FL_04,Dehumidifier Rental,14.0,323.96,323.96,1,23.14,,
CLM-59396,"November 16, 2025",Franchise_TX_01,Baseboard Replacement,40.0,5451.2,4383.27,0,,136.28,
CLM-94667,2025-07-08,Franchise_FL_04,Water Extraction,33.0,848.1,848.1,1,25.7,,
CLM-68593,2025-09-12,Franchise_FL_04,Baseboard Replacement,38.0,4626.88,4626.88,1,121.76,,
CLM-49543,2025-09-12,Franchise_FL_04,Water Extraction,18.0,1777.5,1139.69,0,98.75,,
CLM-35490,06/23/2025,Franchise_NY_12,Dehumidifier Rental,,1206.45,1206.45,1,,$134.05,9.0
CLM-30153,"October 02, 2025",Franchise_TX_01,Baseboard Replacement,23.0,405.72,405.72,1,,17.64,
CLM-33489,2025-10-03,Franchise_FL_04,Baseboard Replacement,36.0,3985.2,3985.2,1,110.7,,
CLM-49847,"March 24, 2025",Franchise_TX_01,Dehumidifier Rental - MISC,24.0,974.88,791.76,0,,40.62,
CLM-89971,2025-09-14,Franchise_FL_04,Water Extraction,14.0,524.72,524.72,1,37.48,,
CLM-29509,2025-01-01,Franchise_FL_04,Baseboard Replacement,43.0,,3613.72,1,84.04,,
CLM-34863,"July 10, 2025",Franchise_TX_01,Dehumidifier Rental,20.0,1258.4,1258.4,1,,62.92,
CLM-27381,01/25/2025,Franchise_NY_12,Drywall Repair,,4340.1,4340.1,1,,$144.67,30.0
CLM-41312,10/07/2025,Franchise_NY_12,Drywall Repair,,174.04,174.04,1,,$87.02,2.0
CLM-81272,2025-07-05,Franchise_FL_04,Drywall Repair,18.0,1600.2,1600.2,1,88.9,,
CLM-74673,2025-04-26,Franchise_FL_04,Dehumidifier Rental,34.0,3093.66,3093.66,1,90.99,,
CLM-63540,2025-09-03,Franchise_FL_04,Antimicrobial Treatment,11.0,431.64,431.64,1,39.24,,
CLM-97642,"February 28, 2025",Franchise_TX_01,Water Extraction,7.0,931.0,931.0,1,,133.0,
CLM-34500,"October 31, 2025",Franchise_TX_01,Water Extraction,2.0,114.52,94.23,0,,57.26,
CLM-99561,2025-05-14,Franchise_FL_04,Antimicrobial Treatment,6.0,,370.58,0,80.88,,
CLM-72278,2025-07-05,Franchise_FL_04,Antimicrobial Treatment,48.0,2671.68,2671.68,1,55.66,,
CLM-30783,2025-08-17,Franchise_FL_04,Water Extraction,38.0,692.36,282.49,0,18.22,,
CLM-73562,"February 19, 2025",Franchise_TX_01,Drywall Repair - MISC,23.0,2973.67,2973.67,1,,129.29,
CLM-80763,"August 11, 2025",Franchise_TX_01,Drywall Repair,27.0,3894.75,2498.84,0,,144.25,
CLM-48230,"June 29, 2025",Franchise_TX_01,Dehumidifier Rental,17.0,1972.85,1972.85,1,,116.05,
CLM-98226,03/05/2025,Franchise_NY_12,Antimicrobial Treatment,,36.66,36.66,1,,$36.66,1.0
CLM-94153,01/06/2025,Franchise_NY_12,Drywall Repair,,2394.44,2394.44,1,,$77.24,31.0
CLM-23449,"December 06, 2025",Franchise_TX_01,Drywall Repair,40.0,1334.8,1334.8,1,,33.37,
CLM-84666,2025-01-11,Franchise_FL_04,Baseboard Replacement,19.0,,266.24,0,30.44,,
CLM-48713,"August 22, 2025",Franchise_TX_01,Antimicrobial Treatment - MISC,9.0,891.18,891.18,1,,99.02,
CLM-86887,01/25/2025,Franchise_NY_12,Baseboard Replacement,,244.16,187.29,0,,$122.08,2.0
CLM-46265,"May 22, 2025",Franchise_TX_01,Antimicrobial Treatment,2.0,119.44,119.44,1,,59.72,
CLM-20338,"October 23, 2025",Franchise_TX_01,Baseboard Replacement,44.0,1688.28,1688.28,1,,38.37,
CLM-42810,"September 20, 2025",Franchise_TX_01,Water Extraction - MISC,18.0,661.14,541.29,0,,36.73,
CLM-47070,"July 14, 2025",Franchise_TX_01,Dehumidifier Rental - MISC,27.0,1306.8,1306.8,1,,48.4,
CLM-96868,2025-09-28,Franchise_FL_04,Water Extraction,39.0,1992.51,1992.51,1,51.09,,
CLM-26864,"September 26, 2025",Franchise_TX_01,Dehumidifier Rental,33.0,4709.76,4709.76,1,,142.72,
CLM-34082,2025-02-07,Franchise_FL_04,Water Extraction,28.0,563.36,563.36,1,20.12,,
CLM-65332,02/13/2025,Franchise_NY_12,Drywall Repair,,4608.12,3417.09,0,,$104.73,44.0
CLM-35024,02/03/2025,Franchise_NY_12,Dehumidifier Rental,,73.96,73.96,1,,$18.49,4.0
CLM-14941,"December 27, 2025",Franchise_TX_01,Drywall Repair,20.0,1689.0,1689.0,1,,84.45,
CLM-77186,08/20/2025,Franchise_NY_12,Baseboard Replacement,,3726.81,2135.28,0,,$138.03,27.0
CLM-82642,06/15/2025,Franchise_NY_12,Water Extraction,,560.0,275.89,0,,$22.4,25.0
CLM-38215,2025-12-20,Franchise_FL_04,Baseboard Replacement,23.0,3014.15,1971.56,0,131.05,,
CLM-14847,"December 09, 2025",Franchise_TX_01,Baseboard Replacement,40.0,4425.2,4425.2,1,,110.63,
CLM-88832,2025-01-04,Franchise_FL_04,Antimicrobial Treatment,5.0,678.05,678.05,1,135.61,,
CLM-33570,"May 11, 2025",Franchise_TX_01,Dehumidifier Rental,5.0,104.75,65.22,0,,20.95,
CLM-49310,2025-06-20,Franchise_FL_04,Baseboard Replacement,9.0,793.71,793.71,1,88.19,,
CLM-97201,03/31/2025,Franchise_NY_12,Water Extraction,,3694.08,3694.08,1,,$76.96,48.0
CLM-61166,"June 30, 2025",Franchise_TX_01,Water Extraction,46.0,5593.6,3022.22,0,,121.6,
CLM-18698,"November 03, 2025",Franchise_TX_01,Water Extraction,17.0,763.47,482.66,0,,44.91,
CLM-79619,"December 21, 2025",Franchise_TX_01,Drywall Repair - MISC,5.0,608.25,608.25,1,,121.65,
CLM-38923,2025-12-24,Franchise_FL_04,Baseboard Replacement,23.0,666.54,666.54,1,28.98,,
CLM-35653,2025-02-12,Franchise_FL_04,Dehumidifier Rental,9.0,,772.11,0,96.4,,
CLM-35217,"October 11, 2025",Franchise_TX_01,Drywall Repair,1.0,59.01,59.01,1,,59.01,
CLM-81986,"January 04, 2025",Franchise_TX_01,Antimicrobial Treatment,13.0,904.15,904.15,1,,69.55,
CLM-30499,12/20/2025,Franchise_NY_12,Antimicrobial Treatment,,2234.16,2234.16,1,,$62.06,36.0
CLM-98006,04/22/2025,Franchise_NY_12,Baseboard Replacement,,2582.29,2582.29,1,,$135.91,19.0
CLM-94455,2025-12-01,Franchise_FL_04,Baseboard Replacement,10.0,1490.4,1258.07,0,149.04,,
CLM-81038,01/26/2025,Franchise_NY_12,Baseboard Replacement,,1273.1,1273.1,1,,$127.31,10.0
CLM-11001,06/21/2025,Franchise_NY_12,Drywall Repair,,3676.2,3676.2,1,,$83.55,44.0
CLM-87982,"July 11, 2025",Franchise_TX_01,Baseboard Replacement,38.0,4234.34,4234.34,1,,111.43,
CLM-63593,"June 16, 2025",Franchise_TX_01,Baseboard Replacement,31.0,2789.07,1211.45,0,,89.97,
CLM-29506,12/27/2025,Franchise_NY_12,Drywall Repair,,1198.17,641.45,0,,$133.13,9.0
CLM-55236,02/15/2025,Franchise_NY_12,Antimicrobial Treatment,,854.14,715.64,0,,$122.02,7.0
CLM-71181,2025-04-12,Franchise_FL_04,Antimicrobial Treatment,48.0,3922.08,2735.83,0,81.71,,
CLM-11034,"June 10, 2025",Franchise_TX_01,Antimicrobial Treatment,20.0,558.8,288.82,0,,27.94,
CLM-13323,01/09/2025,Franchise_NY_12,Water Extraction,,740.55,323.39,0,,$148.11,5.0
CLM-60124,03/22/2025,Franchise_NY_12,Water Extraction,,4689.7,3104.73,0,,$101.95,46.0
CLM-22562,"September 12, 2025",Franchise_TX_01,Water Extraction,31.0,2637.17,1384.24,0,,85.07,
CLM-32736,2025-10-15,Franchise_FL_04,Drywall Repair,14.0,,606.91,0,67.39,,
CLM-95756,2025-07-18,Franchise_FL_04,Water Extraction,46.0,6107.42,4328.08,0,132.77,,
CLM-16925,2025-09-17,Franchise_FL_04,Baseboard Replacement,10.0,1342.4,1181.71,0,134.24,,
CLM-55500,2025-04-04,Franchise_FL_04,Drywall Repair,41.0,1128.32,1128.32,1,27.52,,
CLM-17856,02/02/2025,Franchise_NY_12,Drywall Repair,,5459.52,5459.52,1,,$116.16,47.0
CLM-80191,2025-01-12,Franchise_FL_04,Dehumidifier Rental,38.0,2061.5,2061.5,1,54.25,,
CLM-11604,2025-08-03,Franchise_FL_04,Water Extraction,6.0,395.88,395.88,1,65.98,,
CLM-33897,"March 25, 2025",Franchise_TX_01,Water Extraction,41.0,5966.73,5162.35,0,,145.53,
CLM-11414,"July 16, 2025",Franchise_TX_01,Antimicrobial Treatment,19.0,1670.29,1206.75,0,,87.91,
CLM-28579,11/02/2025,Franchise_NY_12,Dehumidifier Rental,,3657.5,3657.5,1,,$104.5,35.0
CLM-26181,2025-01-02,Franchise_FL_04,Drywall Repair,34.0,2706.74,2706.74,1,79.61,,
CLM-21406,05/21/2025,Franchise_NY_12,Antimicrobial Treatment,,2833.14,1229.46,0,,$61.59,46.0
CLM-12092,2025-11-13,Franchise_FL_04,Water Extraction,33.0,4930.53,4930.53,1,149.41,,
CLM-23459,2025-01-08,Franchise_FL_04,Water Extraction,11.0,828.74,828.74,1,75.34,,
CLM-81164,2025-07-17,Franchise_FL_04,Water Extraction,7.0,899.71,899.71,1,128.53,,
CLM-88537,"May 11, 2025",Franchise_TX_01,Antimicrobial Treatment,15.0,1699.35,1699.35,1,,113.29,
CLM-29338,2025-06-14,Franchise_FL_04,Dehumidifier Rental,9.0,1162.62,1162.62,1,129.18,,
CLM-94766,"April 08, 2025",Franchise_TX_01,Antimicrobial Treatment,10.0,624.2,624.2,1,,62.42,
CLM-26913,10/10/2025,Franchise_NY_12,Drywall Repair,,3242.4,3242.4,1,,$115.8,28.0
CLM-57010,"March 07, 2025",Franchise_TX_01,Antimicrobial Treatment - MISC,3.0,276.12,151.58,0,,92.04,
CLM-27911,"June 26, 2025",Franchise_TX_01,Drywall Repair - MISC,29.0,892.04,619.41,0,,30.76,
CLM-81368,"June 22, 2025",Franchise_TX_01,Water Extraction - MISC,14.0,1646.68,1252.67,0,,117.62,
CLM-99601,2025-01-02,Franchise_FL_04,Baseboard Replacement,33.0,3897.96,3250.89,0,118.12,,
CLM-24310,2025-02-19,Franchise_FL_04,Baseboard Replacement,4.0,381.72,253.19,0,95.43,,
CLM-43868,2025-02-21,Franchise_FL_04,Baseboard Replacement,33.0,3865.29,3865.29,1,117.13,,
CLM-51434,2025-09-05,Franchise_FL_04,Water Extraction,8.0,435.2,435.2,1,54.4,,
CLM-78717,02/14/2025,Franchise_NY_12,Dehumidifier Rental,,885.64,885.64,1,,$31.63,28.0
CLM-58992,"December 20, 2025",Franchise_TX_01,Dehumidifier Rental,40.0,1522.8,1522.8,1,,38.07,
CLM-12727,01/11/2025,Franchise_NY_12,Dehumidifier Rental,,4775.4,4775.4,1,,$132.65,36.0
CLM-50963,10/03/2025,Franchise_NY_12,Baseboard Replacement,,1075.32,605.66,0,,$89.61,12.0
CLM-84240,2025-01-02,Franchise_FL_04,Drywall Repair,45.0,5077.35,5077.35,1,112.83,,
CLM-44320,2025-12-23,Franchise_FL_04,Dehumidifier Rental,26.0,2785.38,2785.38,1,107.13,,
CLM-21996,04/06/2025,Franchise_NY_12,Baseboard Replacement,,66.78,47.7,0,,$22.26,3.0
CLM-48869,2025-02-26,Franchise_FL_04,Baseboard Replacement,20.0,2539.6,2539.6,1,126.98,,
CLM-80872,2025-05-21,Franchise_FL_04,Water Extraction,31.0,,2034.85,0,73.66,,
CLM-12947,2025-02-16,Franchise_FL_04,Baseboard Replacement,48.0,6309.12,3470.48,0,131.44,,
CLM-63701,"November 07, 2025",Franchise_TX_01,Antimicrobial Treatment,50.0,2204.0,1863.43,0,,44.08,
CLM-61823,10/27/2025,Franchise_NY_12,Drywall Repair,,235.12,235.12,1,,$58.78,4.0
CLM-20511,2025-05-04,Franchise_FL_04,Water Extraction,6.0,766.14,766.14,1,127.69,,
CLM-12893,"August 26, 2025",Franchise_TX_01,Baseboard Replacement - MISC,40.0,4988.8,4204.98,0,,124.72,
CLM-26473,06/16/2025,Franchise_NY_12,Baseboard Replacement,,1083.3,1083.3,1,,$47.1,23.0
CLM-59112,2025-03-27,Franchise_FL_04,Dehumidifier Rental,11.0,,673.87,0,149.22,,
CLM-42492,2025-02-28,Franchise_FL_04,Dehumidifier Rental,44.0,1729.2,1729.2,1,39.3,,
CLM-28343,2025-03-26,Franchise_FL_04,Antimicrobial Treatment,45.0,5921.1,5921.1,1,131.58,,
CLM-39456,"November 30, 2025",Franchise_TX_01,Antimicrobial Treatment,17.0,805.29,805.29,1,,47.37,
CLM-17894,"December 06, 2025",Franchise_TX_01,Antimicrobial Treatment - MISC,38.0,1201.18,1201.18,1,,31.61,
CLM-54021,2025-01-14,Franchise_FL_04,Drywall Repair,15.0,1057.35,739.98,0,70.49,,
CLM-71746,06/01/2025,Franchise_NY_12,Drywall Repair,,560.97,434.05,0,,$62.33,9.0
CLM-43145,2025-11-06,Franchise_FL_04,Baseboard Replacement,38.0,4647.4,4647.4,1,122.3,,
CLM-68918,2025-04-27,Franchise_FL_04,Dehumidifier Rental,38.0,,2773.77,0,137.74,,
CLM-90814,2025-08-20,Franchise_FL_04,Dehumidifier Rental,7.0,404.18,263.39,0,57.74,,
CLM-82602,2025-08-31,Franchise_FL_04,Drywall Repair,37.0,2441.63,2140.51,0,65.99,,
CLM-78315,2025-06-02,Franchise_FL_04,Drywall Repair,31.0,,797.32,1,25.72,,
CLM-66745,03/10/2025,Franchise_NY_12,Dehumidifier Rental,,552.08,552.08,1,,$69.01,8.0
CLM-42167,11/16/2025,Franchise_NY_12,Drywall Repair,,347.46,308.68,0,,$57.91,6.0
CLM-30421,01/05/2025,Franchise_NY_12,Drywall Repair,,696.9,696.9,1,,$15.15,46.0
CLM-43190,06/09/2025,Franchise_NY_12,Baseboard Replacement,,545.95,545.95,1,,$109.19,5.0
CLM-92489,03/22/2025,Franchise_NY_12,Drywall Repair,,1618.89,1618.89,1,,$77.09,21.0
CLM-36516,"April 21, 2025",Franchise_TX_01,Dehumidifier Rental,5.0,571.15,503.64,0,,114.23,
CLM-55777,"March 14, 2025",Franchise_TX_01,Dehumidifier Rental - MISC,45.0,3247.65,3247.65,1,,72.17,
CLM-55230,"September 17, 2025",Franchise_TX_01,Baseboard Replacement,37.0,826.21,826.21,1,,22.33,
CLM-76410,2025-12-05,Franchise_FL_04,Water Extraction,21.0,3126.69,2501.24,0,148.89,,
CLM-90805,12/17/2025,Franchise_NY_12,Dehumidifier Rental,,3639.68,3639.68,1,,$77.44,47.0
CLM-94959,07/28/2025,Franchise_NY_12,Water Extraction,,975.0,975.0,1,,$48.75,20.0
CLM-85968,02/26/2025,Franchise_NY_12,Antimicrobial Treatment,,956.48,956.48,1,,$119.56,8.0
CLM-64823,12/15/2025,Franchise_NY_12,Antimicrobial Treatment,,2111.76,2111.76,1,,$87.99,24.0
CLM-83812,"May 04, 2025",Franchise_TX_01,Dehumidifier Rental - MISC,45.0,955.35,955.35,1,,21.23,
CLM-12969,08/31/2025,Franchise_NY_12,Baseboard Replacement,,241.9,119.95,0,,$120.95,2.0
CLM-23026,"July 27, 2025",Franchise_TX_01,Baseboard Replacement,21.0,2277.03,1515.69,0,,108.43,
CLM-72819,"September 08, 2025",Franchise_TX_01,Water Extraction,27.0,2255.58,2255.58,1,,83.54,
CLM-29526,2025-02-18,Franchise_FL_04,Drywall Repair,28.0,4092.76,2641.97,0,146.17,,
CLM-33148,2025-05-26,Franchise_FL_04,Water Extraction,26.0,1726.4,780.83,0,66.4,,
CLM-20335,03/19/2025,Franchise_NY_12,Baseboard Replacement,,150.03,88.33,0,,$16.67,9.0
CLM-14751,02/12/2025,Franchise_NY_12,Drywall Repair,,3662.98,3051.37,0,,$79.63,46.0
CLM-23911,"November 05, 2025",Franchise_TX_01,Baseboard Replacement,26.0,3656.38,3656.38,1,,140.63,
CLM-36434,2025-05-30,Franchise_FL_04,Water Extraction,42.0,5740.56,5740.56,1,136.68,,
CLM-75266,09/11/2025,Franchise_NY_12,Water Extraction,,1494.18,1494.18,1,,$83.01,18.0
CLM-20103,2025-11-11,Franchise_FL_04,Dehumidifier Rental,29.0,2634.07,2634.07,1,90.83,,
CLM-65627,2025-07-26,Franchise_FL_04,Drywall Repair,11.0,1355.64,588.67,0,123.24,,
CLM-53509,"September 25, 2025",Franchise_TX_01,Drywall Repair,30.0,1262.4,1102.46,0,,42.08,
CLM-77414,2025-05-26,Franchise_FL_04,Baseboard Replacement,10.0,478.5,478.5,1,47.85,,
CLM-47089,12/15/2025,Franchise_NY_12,Antimicrobial Treatment,,2785.96,2785.96,1,,$81.94,34.0
CLM-47625,"June 03, 2025",Franchise_TX_01,Water Extraction,17.0,1332.29,1332.29,1,,78.37,
CLM-72105,2025-10-06,Franchise_FL_04,Dehumidifier Rental,38.0,2140.54,2140.54,1,56.33,,
CLM-48853,01/23/2025,Franchise_NY_12,Baseboard Replacement,,5628.48,4849.14,0,,$117.26,48.0
CLM-97887,"August 02, 2025",Franchise_TX_01,Baseboard Replacement,26.0,3896.1,2558.41,0,,149.85,
CLM-96700,01/01/2026,Franchise_NY_12,Antimicrobial Treatment,,3590.64,3590.64,1,,$149.61,24.0
CLM-74269,2025-02-08,Franchise_FL_04,Drywall Repair,27.0,1943.46,1943.46,1,71.98,,
CLM-24219,2025-07-05,Franchise_FL_04,Baseboard Replacement,8.0,502.48,275.27,0,62.81,,
CLM-92020,"July 05, 2025",Franchise_TX_01,Baseboard Replacement,9.0,1097.46,805.72,0,,121.94,
CLM-64559,"August 06, 2025",Franchise_TX_01,Baseboard Replacement,42.0,4869.48,4869.48,1,,115.94,
CLM-18023,09/25/2025,Franchise_NY_12,Drywall Repair,,2267.76,2267.76,1,,$94.49,24.0
CLM-76740,05/21/2025,Franchise_NY_12,Drywall Repair,,2480.32,2187.54,0,,$107.84,23.0
CLM-35602,07/17/2025,Franchise_NY_12,Water Extraction,,1146.73,787.02,0,,$88.21,13.0
CLM-50581,"April 25, 2025",Franchise_TX_01,Dehumidifier Rental,21.0,754.32,754.32,1,,35.92,
CLM-38925,10/08/2025,Franchise_NY_12,Dehumidifier Rental,,1502.16,1502.16,1,,$34.14,44.0
CLM-25366,2025-04-30,Franchise_FL_04,Baseboard Replacement,12.0,1403.88,952.98,0,116.99,,
CLM-53400,05/13/2025,Franchise_NY_12,Baseboard Replacement,,1446.66,1446.66,1,,$76.14,19.0
CLM-61203,2025-12-24,Franchise_FL_04,Drywall Repair,4.0,537.4,317.68,0,134.35,,
CLM-36859,10/06/2025,Franchise_NY_12,Antimicrobial Treatment,,194.5,194.5,1,,$97.25,2.0
CLM-74398,05/24/2025,Franchise_NY_12,Antimicrobial Treatment,,6162.72,4365.48,0,,$128.39,48.0
CLM-41132,"August 19, 2025",Franchise_TX_01,Dehumidifier Rental - MISC,18.0,704.88,704.88,1,,39.16,
CLM-30267,2025-03-30,Franchise_FL_04,Drywall Repair,21.0,2289.63,2289.63,1,109.03,,
CLM-48582,2025-10-03,Franchise_FL_04,Water Extraction,47.0,4074.43,4074.43,1,86.69,,
CLM-53427,"June 18, 2025",Franchise_TX_01,Water Extraction,27.0,447.39,447.39,1,,16.57,
CLM-16697,"February 20, 2025",Franchise_TX_01,Baseboard Replacement,3.0,244.74,244.74,1,,81.58,
CLM-28956,2025-05-27,Franchise_FL_04,Antimicrobial Treatment,24.0,,935.59,0,87.92,,
CLM-71057,"August 02, 2025",Franchise_TX_01,Drywall Repair,39.0,625.56,456.52,0,,16.04,
CLM-17023,"June 19, 2025",Franchise_TX_01,Water Extraction,5.0,352.15,352.15,1,,70.43,
CLM-31108,"October 25, 2025",Franchise_TX_01,Antimicrobial Treatment,1.0,133.12,98.61,0,,133.12,
CLM-59953,02/06/2025,Franchise_NY_12,Water Extraction,,4826.36,3744.05,0,,$109.69,44.0
CLM-54313,2025-09-17,Franchise_FL_04,Antimicrobial Treatment,9.0,401.58,401.58,1,44.62,,
CLM-41856,"November 05, 2025",Franchise_TX_01,Baseboard Replacement,7.0,646.66,646.66,1,,92.38,
CLM-49146,2025-10-23,Franchise_FL_04,Dehumidifier Rental,10.0,615.4,537.86,0,61.54,,
CLM-91596,2025-03-19,Franchise_FL_04,Drywall Repair,44.0,1563.76,1563.76,1,35.54,,
CLM-42307,2025-04-26,Franchise_FL_04,Dehumidifier Rental,39.0,5837.91,5837.91,1,149.69,,
CLM-84038,03/01/2025,Franchise_NY_12,Baseboard Replacement,,4167.68,2895.07,0,,$94.72,44.0
CLM-24933,"April 09, 2025",Franchise_TX_01,Baseboard Replacement,36.0,3520.8,3520.8,1,,97.8,
CLM-64915,"December 14, 2025",Franchise_TX_01,Baseboard Replacement,12.0,1441.68,1033.79,0,,120.14,
CLM-20361,"February 09, 2025",Franchise_TX_01,Dehumidifier Rental,19.0,573.99,573.99,1,,30.21,
CLM-85311,2025-08-16,Franchise_FL_04,Water Extraction,21.0,1878.66,1221.2,0,89.46,,
CLM-78457,10/12/2025,Franchise_NY_12,Drywall Repair,,2809.1,1865.1,0,,$80.26,35.0
CLM-60051,2025-03-27,Franchise_FL_04,Water Extraction,43.0,4183.9,4183.9,1,97.3,,
CLM-43084,05/26/2025,Franchise_NY_12,Drywall Repair,,1807.4,1161.01,0,,$51.64,35.0
CLM-50623,2025-03-15,Franchise_FL_04,Dehumidifier Rental,9.0,802.53,514.46,0,89.17,,
CLM-32377,03/07/2025,Franchise_NY_12,Baseboard Replacement,,156.6,156.6,1,,$39.15,4.0
CLM-44639,06/14/2025,Franchise_NY_12,Dehumidifier Rental,,4426.1,3286.3,0,,$126.46,35.0
CLM-86499,2025-04-01,Franchise_FL_04,Dehumidifier Rental,40.0,2408.4,1380.82,0,60.21,,
CLM-39142,12/23/2025,Franchise_NY_12,Drywall Repair,,978.28,624.72,0,,$26.44,37.0
CLM-65546,"October 26, 2025",Franchise_TX_01,Drywall Repair,29.0,3999.39,2746.27,0,,137.91,
CLM-33292,10/29/2025,Franchise_NY_12,Water Extraction,,1241.28,1241.28,1,,$38.79,32.0
CLM-91144,2025-06-28,Franchise_FL_04,Drywall Repair,12.0,623.4,397.84,0,51.95,,
CLM-87970,"July 06, 2025",Franchise_TX_01,Baseboard Replacement - MISC,24.0,3246.72,3246.72,1,,135.28,
CLM-51509,2025-04-12,Franchise_FL_04,Antimicrobial Treatment,2.0,98.76,40.68,0,49.38,,
CLM-36410,2025-11-29,Franchise_FL_04,Water Extraction,10.0,348.6,348.6,1,34.86,,
CLM-18988,"December 13, 2025",Franchise_TX_01,Drywall Repair,14.0,1638.98,1638.98,1,,117.07,
